,data_hora,natureza_acidente,bairro,endereco,numero,num_semaforo,sentido_via,tipo,auto,moto,ciclom,ciclista,pedestre,onibus,caminhao,viatura,outros,vitimas,vitimasfatais,acidente_verificado,tempo_clima,situacao_semaforo,sinalizacao,condicao_via,conservacao_via,situacao_placa,velocidade_max_via,mao_direcao,end,latitude,longitude
8961,2019-10-11 08:08:00,SEM VÍTIMA,AFOGADOS,AV SUL, ,394.0,CIDADE,ABALROAMENTO LONGITUDINAL,1.0,1.0,1.0,1.0,1.0,1.0,1.0,1.0,1.0,0.0,,Longo da via,Bom,Não existe,Incompleta,Seca,Perfeito estado,R-6a,40 km/h,Única," , AV SUL, Recife, Pernambuco, Brasil",-8.081145,-34.905034
7969,2019-09-13 13:19:00,SEM VÍTIMA,AFOGADOS,RUA JOAO IVO DA SILVA, ,394.0,CIDADE,COLISÃO,2.0,1.0,1.0,1.0,1.0,1.0,1.0,1.0,1.0,0.0,,Longo da via,Bom,Não existe,Incompleta,Seca,Perfeito estado,R-6a,40 km/h,Única," , RUA JOAO IVO DA SILVA, Recife, Pernambuco, Brasil",-8.060665,-34.9098381
1437,2019-02-19 15:11:00,SEM VÍTIMA,AFOGADOS,AV SUL,2282,394.0,CIDADE,ABALROAMENTO TRANSVERSAL,2.0,1.0,1.0,1.0,1.0,1.0,1.0,1.0,1.0,0.0,,Longo da via,Bom,Não existe,Não existente,Seca,Perfeito estado,Não há placas,40 km/h,Única,"2282, AV SUL, Recife, Pernambuco, Brasil",-8.0811989,-34.9052442
3017,2019-04-05 19:35:00,SEM VÍTIMA,AFOGADOS,RUA SAO MIGUEL,516,394.0,SUBURBIO,ABALROAMENTO LONGITUDINAL,1.0,1.0,1.0,1.0,1.0,1.0,1.0,1.0,1.0,0.0,,Longo da via,Bom,Sem defeito,Perfeito estado,Seca,Perfeito estado,Não há placas,40 km/h,Única,"516, RUA SAO MIGUEL, Recife, Pernambuco, Brasil",-8.0801692,-34.9113762
3011,2019-04-05 15:19:00,SEM VÍTIMA,AFOGADOS,RUA SAO MIGUEL, ,53.0,SUBURBIO,ABALROAMENTO LONGITUDINAL,1.0,1.0,1.0,1.0,1.0,1.0,1.0,1.0,1.0,0.0,,Longo da via,Bom,Sem defeito,Perfeito estado,Seca,Perfeito estado,R-6a,40 km/h,Dupla," , RUA SAO MIGUEL, Recife, Pernambuco, Brasil",-8.08116,-34.9216693
10842,2019-11-30 13:43:00,SEM VÍTIMA,AFOGADOS,RUA COSME VIANA, ,100.0,CIDADE,COLISÃO TRASEIRA,2.0,1.0,1.0,1.0,1.0,1.0,1.0,1.0,1.0,0.0,,Longo da via,Bom,Sem defeito,Perfeito estado,Seca,Perfeito estado,Não há placas,40 km/h,Única," , RUA COSME VIANA, Recife, Pernambuco, Brasil",-8.0759805,-34.9090988
2970,2019-04-04 14:50:00,SEM VÍTIMA,AFOGADOS,RUA VISCONDE DE PELOTAS,17,100.0,CIDADE,COLISÃO TRASEIRA,2.0,1.0,1.0,1.0,1.0,1.0,1.0,1.0,1.0,0.0,,Longo da via,Bom,Sem defeito,Perfeito estado,Seca,Perfeito estado,Não há placas,40 km/h,Única,"17, RUA VISCONDE DE PELOTAS, Recife, Pernambuco, Brasil",-8.077561,-34.9093317
2052,2019-03-09 16:26:00,SEM VÍTIMA,AFOGADOS,RUA JOAQUIM DE VASCONCELOS PEREIRA,132,100.0,CIDADE,CHOQUE VEÍCULO PARADO,2.0,1.0,1.0,1.0,1.0,1.0,1.0,1.0,1.0,0.0,,Longo da via,Bom,Não existe,Perfeito estado,Seca,Perfeito estado,Não há placas,40 km/h,Única,"132, RUA JOAQUIM DE VASCONCELOS PEREIRA, Recife, Pernambuco, Brasil",-8.0790768,-34.9076539
2914,2019-04-03 06:35:00,SEM VÍTIMA,AFOGADOS,RUA PROFESSOR AUGUSTO WANDERLEY FILHO,4631,100.0,CIDADE,COLISÃO,2.0,1.0,1.0,1.0,1.0,1.0,1.0,1.0,1.0,0.0,,Longo da via,Bom,Não existe,Perfeito estado,Seca,Perfeito estado,Não há placas,40 km/h,Única,"4631, RUA PROFESSOR AUGUSTO WANDERLEY FILHO, Recife, Pernambuco, Brasil",-8.0825463,-34.9073538
7387,2019-08-26 17:26:00,SEM VÍTIMA,AFOGADOS,RUA DA PAZ,75,100.0,CIDADE,COLISÃO,2.0,1.0,1.0,1.0,1.0,1.0,1.0,1.0,1.0,0.0,,Longo da via,Bom,Não existe,Perfeito estado,Seca,Perfeito estado,Não há placas,40 km/h,Única,"75, RUA DA PAZ, Recife, Pernambuco, Brasil",-8.0792343,-34.9033228
7718,2019-09-06 11:11:00,SEM VÍTIMA,AFOGADOS,RUA NICOLAU PEREIRA, ,100.0,SUBURBIO,ABALROAMENTO LONGITUDINAL,1.0,1.0,1.0,1.0,1.0,1.0,1.0,1.0,1.0,0.0,,Longo da via,Bom,Não existe,Perfeito estado,Seca,Perfeito estado,Outras,40 km/h,Única," , RUA NICOLAU PEREIRA, Recife, Pernambuco, Brasil",-8.0769513,-34.9065032
7396,2019-08-26 20:32:00,SEM VÍTIMA,AFOGADOS,RUA VISCONDE DE PELOTAS, ,334.0,SUBURBIO,ABALROAMENTO LONGITUDINAL,1.0,1.0,1.0,1.0,1.0,1.0,1.0,1.0,1.0,0.0,,Longo da via,Bom,Sem defeito,Perfeito estado,Seca,Perfeito estado,Não há placas,40 km/h,Única," , RUA VISCONDE DE PELOTAS, Recife, Pernambuco, Brasil",-8.077561,-34.9093317
2061,2019-03-09 22:06:00,SEM VÍTIMA,AFOGADOS,RUA IMPERIAL, ,334.0,SUBURBIO,ABALROAMENTO TRANSVERSAL,2.0,1.0,1.0,1.0,1.0,1.0,1.0,1.0,1.0,0.0,,Cruzamento,Bom,Não existe,Perfeito estado,Seca,Perfeito estado,Não há placas,40 km/h,Única," , RUA IMPERIAL, Recife, Pernambuco, Brasil",-8.0719111,-34.884563
82,2019-01-04 12:30:00,COM VÍTIMA,AFOGADOS,RUA MANOEL FERNANDES DE ALBUQUERQUE,53,334.0,SUBURBIO,COLISÃO FRONTAL,1.0,1.0,1.0,1.0,1.0,1.0,1.0,1.0,1.0,1.0,,Longo da via,Bom,Não existe,Perfeito estado,Seca,Perfeito estado,Não há placas,40 km/h,Dupla,"53, RUA MANOEL FERNANDES DE ALBUQUERQUE, Recife, Pernambuco, Brasil",-8.0719111,-34.884563
2066,2019-03-10 16:11:00,COM VÍTIMA,AFOGADOS,RUA DA PAZ,388,334.0,SUBURBIO,ATROPELAMENTO,1.0,1.0,1.0,1.0,1.0,1.0,1.0,1.0,1.0,1.0,,Longo da via,Bom,Sem defeito,Perfeito estado,Seca,Perfeito estado,R-6c,40 km/h,Única,"388, RUA DA PAZ, Recife, Pernambuco, Brasil",-8.0800914,-34.9062339
80,2019-01-04 12:07:00,SEM VÍTIMA,AFOGADOS,RUA QUITERIO INACIO DE MELLO,232,334.0,SUBURBIO,ABALROAMENTO TRANSVERSAL,2.0,1.0,1.0,1.0,1.0,1.0,1.0,1.0,1.0,0.0,,Longo da via,Bom,Não existe,Perfeito estado,Seca,Perfeito estado,Não há placas,40 km/h,Única,"232, RUA QUITERIO INACIO DE MELLO, Recife, Pernambuco, Brasil",-8.0800914,-34.9062339
79,2019-01-04 11:27:00,COM VÍTIMA,AFOGADOS,RUA VINTE E UM DE ABRIL,1578,334.0,SUBURBIO,COLISÃO,1.0,1.0,1.0,1.0,1.0,1.0,1.0,1.0,1.0,1.0,,Longo da via,Bom,Não existe,Perfeito estado,Seca,Perfeito estado,Não há placas,40 km/h,Única,"1578, RUA VINTE E UM DE ABRIL, Recife, Pernambuco, Brasil",-8.0764818,-34.9130567
7706,2019-09-05 18:53:00,SEM VÍTIMA,AFOGADOS,RUA NICOLAU PEREIRA, ,334.0,SUBURBIO,COLISÃO,2.0,1.0,1.0,1.0,1.0,1.0,1.0,1.0,1.0,0.0,,Longo da via,Bom,Não existe,Perfeito estado,Seca,Perfeito estado,Não há placas,40 km/h,Única," , RUA NICOLAU PEREIRA, Recife, Pernambuco, Brasil",-8.0769513,-34.9065032
2073,2019-03-11 07:21:00,SEM VÍTIMA,AFOGADOS,RUA PADRE TEOFILO TWORZ,295,334.0,CIDADE,ABALROAMENTO TRANSVERSAL,2.0,1.0,1.0,1.0,1.0,1.0,1.0,1.0,1.0,0.0,,Cruzamento,Bom,Não existe,Não existente,Seca,Perfeito estado,Não há placas,40 km/h,Única,"295, RUA PADRE TEOFILO TWORZ, Recife, Pernambuco, Brasil",-8.0651917,-34.9085467
10371,2019-11-18 12:51:00,SEM VÍTIMA,AFOGADOS,AV SUL,1950,320.0,CIDADE,ABALROAMENTO LONGITUDINAL,1.0,1.0,1.0,1.0,1.0,1.0,1.0,1.0,1.0,0.0,,Longo da via,Bom,Sem defeito,Perfeito estado,Seca,Perfeito estado,Não há placas,40 km/h,Única,"1950, AV SUL, Recife, Pernambuco, Brasil",-8.081145,-34.905034
7416,2019-08-27 18:26:00,SEM VÍTIMA,AFOGADOS,RUA VINTE E UM DE ABRIL, ,320.0,CIDADE,COLISÃO,2.0,1.0,1.0,1.0,1.0,1.0,1.0,1.0,1.0,0.0,,Longo da via,Bom,Sem defeito,Perfeito estado,Seca,Perfeito estado,Não há placas,40 km/h,Única," , RUA VINTE E UM DE ABRIL, Recife, Pernambuco, Brasil",-8.0750418,-34.9190636
2872,2019-04-01 16:49:00,SEM VÍTIMA,AFOGADOS,RUA SAO MIGUEL,268,320.0,SUBURBIO,ABALROAMENTO LONGITUDINAL,1.0,1.0,1.0,1.0,1.0,1.0,1.0,1.0,1.0,0.0,,Longo da via,Bom,Não existe,Perfeito estado,Seca,Perfeito estado,R-6a,40 km/h,Dupla,"268, RUA SAO MIGUEL, Recife, Pernambuco, Brasil",-8.0844654,-34.9279753
7422,2019-08-27 21:31:00,SEM VÍTIMA,AFOGADOS,EST DOS REMEDIOS, ,320.0,CIDADE,COLISÃO TRASEIRA,2.0,1.0,1.0,1.0,1.0,1.0,1.0,1.0,1.0,0.0,,Longo da via,Bom,Não existe,Ilegível,Seca,Mal iluminada,Não há placas,30 km/h,Dupla," , EST DOS REMEDIOS, Recife, Pernambuco, Brasil",-8.0844654,-34.9279753
10378,2019-11-18 15:48:00,COM VÍTIMA,AFOGADOS,EST DOS REMEDIOS, ,320.0,CIDADE,COLISÃO FRONTAL,1.0,1.0,1.0,1.0,1.0,1.0,1.0,1.0,1.0,1.0,,Longo da via,Bom,Não existe,Ilegível,Seca,Perfeito estado,Não há placas,40 km/h,Dupla," , EST DOS REMEDIOS, Recife, Pernambuco, Brasil",-8.0844654,-34.9279753
10397,2019-11-18 22:16:00,SEM VÍTIMA,AFOGADOS,AV SUL, ,320.0,CIDADE,ABALROAMENTO LONGITUDINAL,2.0,1.0,1.0,1.0,1.0,1.0,1.0,1.0,1.0,0.0,,Outros,Bom,Não existe,Ilegível,Seca,Perfeito estado,Não há placas,40 km/h,Única," , AV SUL, Recife, Pernambuco, Brasil",-8.081145,-34.905034
10401,2019-11-19 07:11:00,SEM VÍTIMA,AFOGADOS,RUA ANTONIO MACARIO, ,320.0,SUBURBIO,ABALROAMENTO LONGITUDINAL,2.0,1.0,1.0,1.0,1.0,1.0,1.0,1.0,1.0,0.0,,Cruzamento,Bom,Sem defeito,Perfeito estado,Seca,Perfeito estado,R-6a,40 km/h,Única," , RUA ANTONIO MACARIO, Recife, Pernambuco, Brasil",-8.0804278,-34.9044004
7688,2019-09-05 09:29:00,SEM VÍTIMA,AFOGADOS,RUA CRISTOVAO COLOMBO, ,320.0,SUBURBIO,ABALROAMENTO LONGITUDINAL,2.0,1.0,1.0,1.0,1.0,1.0,1.0,1.0,1.0,0.0,,Longo da via,Bom,Não existe,Perfeito estado,Molhada,Perfeito estado,Não há placas,40 km/h,Dupla," , RUA CRISTOVAO COLOMBO, Recife, Pernambuco, Brasil",-8.0696339,-34.8803949
10417,2019-11-19 15:32:00,SEM VÍTIMA,AFOGADOS,RUA NICOLAU PEREIRA, ,73.0,SUBURBIO,ABALROAMENTO LONGITUDINAL,1.0,1.0,1.0,1.0,1.0,1.0,1.0,1.0,1.0,0.0,,Cruzamento,Bom,Sem defeito,Perfeito estado,Seca,Perfeito estado,R-6a,40 km/h,Única," , RUA NICOLAU PEREIRA, Recife, Pernambuco, Brasil",-8.0769513,-34.9065032
2017,2019-03-08 17:11:00,SEM VÍTIMA,AFOGADOS,AV SUL, ,73.0,SUB/CID,ABALROAMENTO LONGITUDINAL,1.0,1.0,1.0,1.0,1.0,1.0,1.0,1.0,1.0,0.0,,Longo da via,Bom,Não existe,Perfeito estado,Seca,Perfeito estado,Outras,40 km/h,Única," , AV SUL, Recife, Pernambuco, Brasil",-8.081145,-34.905034
96,2019-01-04 22:12:00,VÍTIMA FATAL,AFOGADOS,RUA COSME VIANA,142,73.0,SUBURBIO,ATROPELAMENTO,1.0,1.0,1.0,1.0,1.0,1.0,1.0,1.0,1.0,0.0,1.0,Longo da via,Bom,Não existe,Perfeito estado,Seca,Perfeito estado,R-32,40 km/h,Única,"142, RUA COSME VIANA, Recife, Pernambuco, Brasil",-8.074546,-34.9089351
10291,2019-11-15 08:58:00,SEM VÍTIMA,AFOGADOS,RUA ALFREDO MAIA,44,73.0,SUBURBIO,CHOQUE VEÍCULO PARADO,1.0,1.0,1.0,1.0,1.0,1.0,1.0,1.0,1.0,0.0,1.0,Longo da via,Bom,Não existe,Perfeito estado,Seca,Perfeito estado,R-32,40 km/h,Dupla,"44, RUA ALFREDO MAIA, Recife, Pernambuco, Brasil",-8.0764847,-34.9097238
3026,2019-04-06 03:44:00,SEM VÍTIMA,AFOGADOS,RUA SAO MIGUEL, ,333.0,SUBURBIO,ABALROAMENTO TRANSVERSAL,2.0,1.0,1.0,1.0,1.0,1.0,1.0,1.0,1.0,0.0,1.0,Cruzamento,Bom,Sem defeito,Perfeito estado,Seca,Perfeito estado,R-32,40 km/h,Única," , RUA SAO MIGUEL, Recife, Pernambuco, Brasil",-8.08116,-34.9216693
128,2019-01-06 18:02:00,SEM VÍTIMA,AFOGADOS,AV SUL, ,320.0,CIDADE,COLISÃO TRASEIRA,2.0,1.0,1.0,1.0,1.0,1.0,1.0,1.0,1.0,0.0,1.0,Longo da via,Chuvoso,Sem defeito,Perfeito estado,Molhada,Perfeito estado,Não há placas,40 km/h,Única," , AV SUL, Recife, Pernambuco, Brasil",-8.081145,-34.905034
3282,2019-04-13 14:34:00,COM VÍTIMA,AFOGADOS,EST DOS REMEDIOS, ,390.0,MADALENA,COLISÃO TRASEIRA,1.0,1.0,1.0,1.0,1.0,1.0,1.0,1.0,1.0,1.0,1.0,Longo da via,Chuvoso,Sem defeito,Perfeito estado,Seca,Perfeito estado,R-6c,40 km/h,Única," , EST DOS REMEDIOS, Recife, Pernambuco, Brasil",-8.081145,-34.905034
11970,2019-12-27 14:46:00,SEM VÍTIMA,AFOGADOS,RUA DA PAZ,201,73.0,SUBURBIO,COLISÃO TRASEIRA,1.0,1.0,1.0,1.0,1.0,1.0,1.0,1.0,1.0,0.0,1.0,Longo da via,Bom,Sem defeito,Perfeito estado,Seca,Perfeito estado,R-6a,40 km/h,Única,"201, RUA DA PAZ, Recife, Pernambuco, Brasil",-8.07995755,-34.904406885652
10152,2019-11-12 12:09:00,SEM VÍTIMA,AFOGADOS,RUA NICOLAU PEREIRA, ,73.0,SUBURBIO,ABALROAMENTO LONGITUDINAL,1.0,1.0,1.0,1.0,1.0,1.0,1.0,1.0,1.0,0.0,1.0,Cruzamento,Bom,Sem defeito,Perfeito estado,Seca,Perfeito estado,R-6a,40 km/h,Única," , RUA NICOLAU PEREIRA, Recife, Pernambuco, Brasil",-8.0769513,-34.9065032
4358,2019-05-18 12:26:00,SEM VÍTIMA,AFOGADOS,RUA SAO MIGUEL, ,73.0,SUBURBIO,COLISÃO,1.0,1.0,1.0,1.0,1.0,1.0,1.0,1.0,1.0,0.0,1.0,Cruzamento,Bom,Sem defeito,Perfeito estado,Seca,Perfeito estado,R-6a,40 km/h,Única," , RUA SAO MIGUEL, Recife, Pernambuco, Brasil",-8.08116,-34.9216693
1925,2019-03-06 09:44:00,SEM VÍTIMA,AFOGADOS,RUA DR ADELINO,174,426.0,SUBURBIO,ABALROAMENTO LONGITUDINAL,1.0,1.0,1.0,1.0,1.0,1.0,1.0,1.0,1.0,0.0,1.0,Cruzamento,Bom,Sem defeito,Perfeito estado,Seca,Perfeito estado,Outras,40 km/h,Única,"174, RUA DR ADELINO, Recife, Pernambuco, Brasil",-8.08116,-34.9216693
3258,2019-04-12 17:05:00,SEM VÍTIMA,AFOGADOS,RUA COSME VIANA, ,100.0,SUBURBIO,COLISÃO,2.0,1.0,1.0,1.0,1.0,1.0,1.0,1.0,1.0,0.0,1.0,Cruzamento,Bom,Sem defeito,Perfeito estado,Seca,Perfeito estado,Outras,40 km/h,Única," , RUA COSME VIANA, Recife, Pernambuco, Brasil",-8.0759805,-34.9090988
10165,2019-11-12 18:06:00,SEM VÍTIMA,AFOGADOS,RUA SAO MIGUEL, ,100.0,SUBURBIO,COLISÃO,2.0,1.0,1.0,1.0,1.0,1.0,1.0,1.0,1.0,0.0,1.0,Cruzamento,Bom,Sem defeito,Perfeito estado,Seca,Perfeito estado,Outras,40 km/h,Única," , RUA SAO MIGUEL, Recife, Pernambuco, Brasil",-8.08116,-34.9216693
11975,2019-12-27 15:52:00,SEM VÍTIMA,AFOGADOS,EST DOS REMEDIOS,1988,100.0,CIDADE,ABALROAMENTO LONGITUDINAL,1.0,1.0,1.0,1.0,1.0,1.0,1.0,1.0,1.0,0.0,1.0,Longo da via,Bom,Não existe,Perfeito estado,Seca,Perfeito estado,Outras,40 km/h,Única,"1988, EST DOS REMEDIOS, Recife, Pernambuco, Brasil",-8.08116,-34.9216693
10187,2019-11-13 09:04:00,COM VÍTIMA,AFOGADOS,RUA DA PAZ, ,73.0,SUBURBIO,ABALROAMENTO TRANSVERSAL,1.0,1.0,1.0,1.0,1.0,1.0,1.0,1.0,1.0,1.0,1.0,Cruzamento,Bom,Sem defeito,Perfeito estado,Seca,Perfeito estado,R-6a,40 km/h,Única," , RUA DA PAZ, Recife, Pernambuco, Brasil",-8.0800469,-34.9052452
10189,2019-11-13 09:33:00,SEM VÍTIMA,AFOGADOS,RUA SAO MIGUEL,1080,73.0,CIDADE,COLISÃO TRASEIRA,2.0,1.0,1.0,1.0,1.0,1.0,1.0,1.0,1.0,0.0,1.0,Longo da via,Bom,Sem defeito,Perfeito estado,Seca,Perfeito estado,R-6a,40 km/h,Dupla,"1080, RUA SAO MIGUEL, Recife, Pernambuco, Brasil",-8.0805711,-34.9162919
10200,2019-11-13 12:03:00,COM VÍTIMA,AFOGADOS,RUA GENERAL SOUZA DOCA, ,73.0,CIDADE,ATROPELAMENTO,1.0,1.0,1.0,1.0,1.0,1.0,1.0,1.0,1.0,1.0,1.0,Longo da via,Bom,Não existe,Não existente,Seca,Perfeito estado,Não há placas,30 km/h,Dupla," , RUA GENERAL SOUZA DOCA, Recife, Pernambuco, Brasil",-8.0785898,-34.9149126
10802,2019-11-29 14:30:00,COM VÍTIMA,AFOGADOS,RUA COSME VIANA,135,430.0,SUBURBIO,TOMBAMENTO,1.0,1.0,1.0,1.0,1.0,1.0,1.0,1.0,1.0,1.0,1.0,Longo da via,Bom,Sem defeito,Perfeito estado,Seca,Perfeito estado,Outras,30 km/h,Dupla,"135, RUA COSME VIANA, Recife, Pernambuco, Brasil",-8.0716506,-34.9092463
7754,2019-09-07 14:36:00,SEM VÍTIMA,AFOGADOS,RUA VINTE E UM DE ABRIL,1535,430.0,SUBURBIO,COLISÃO,2.0,1.0,1.0,1.0,1.0,1.0,1.0,1.0,1.0,0.0,1.0,Longo da via,Bom,Sem defeito,Perfeito estado,Seca,Perfeito estado,Outras,30 km/h,Dupla,"1535, RUA VINTE E UM DE ABRIL, Recife, Pernambuco, Brasil",-8.0764818,-34.9130567
10204,2019-11-13 13:03:00,COM VÍTIMA,AFOGADOS,RUA GENERAL SOUZA DOCA, ,430.0,SUBURBIO,ATROPELAMENTO,1.0,1.0,1.0,1.0,1.0,1.0,1.0,1.0,1.0,1.0,1.0,Longo da via,Bom,Sem defeito,Perfeito estado,Seca,Perfeito estado,Outras,30 km/h,Dupla," , RUA GENERAL SOUZA DOCA, Recife, Pernambuco, Brasil",-8.0785898,-34.9149126
111,2019-01-05 11:29:00,SEM VÍTIMA,AFOGADOS,RUA COSME VIANA,766,430.0,SUBURBIO,COLISÃO TRASEIRA,3.0,1.0,1.0,1.0,1.0,1.0,1.0,1.0,1.0,0.0,1.0,Longo da via,Bom,Não existe,Perfeito estado,Seca,Perfeito estado,Não há placas,30 km/h,Única,"766, RUA COSME VIANA, Recife, Pernambuco, Brasil",-8.074546,-34.9089351
3162,2019-04-10 10:24:00,SEM VÍTIMA,AFOGADOS,AV SUL, ,320.0,CIDADE,COLISÃO TRASEIRA,2.0,1.0,1.0,1.0,1.0,1.0,1.0,1.0,1.0,0.0,1.0,Longo da via,Bom,Sem defeito,Perfeito estado,Seca,Perfeito estado,R-6a,30 km/h,Única," , AV SUL, Recife, Pernambuco, Brasil",-8.081145,-34.905034
3151,2019-04-10 07:48:00,SEM VÍTIMA,AFOGADOS,RUA VINTE E UM DE ABRIL,398,320.0,CIDADE,ABALROAMENTO TRANSVERSAL,2.0,1.0,1.0,1.0,1.0,1.0,1.0,1.0,1.0,0.0,1.0,Longo da via,Bom,Não existe,Perfeito estado,Seca,Perfeito estado,R-6a,30 km/h,Dupla,"398, RUA VINTE E UM DE ABRIL, Recife, Pernambuco, Brasil",-8.0766761,-34.9105827
10234,2019-11-14 09:23:00,SEM VÍTIMA,AFOGADOS,AV SUL, ,320.0,CIDADE,ABALROAMENTO LONGITUDINAL,1.0,1.0,1.0,1.0,1.0,1.0,1.0,1.0,1.0,0.0,1.0,Longo da via,Bom,Não existe,Perfeito estado,Seca,Perfeito estado,R-6a,40 km/h,Única," , AV SUL, Recife, Pernambuco, Brasil",-8.081145,-34.905034
3109,2019-04-08 22:19:00,SEM VÍTIMA,AFOGADOS,RUA IMPERIAL,87,320.0,SUBURBIO,ABALROAMENTO TRANSVERSAL,2.0,1.0,1.0,1.0,1.0,1.0,1.0,1.0,1.0,0.0,1.0,Longo da via,Bom,Sem defeito,Perfeito estado,Seca,Perfeito estado,R-6a,40 km/h,Única,"87, RUA IMPERIAL, Recife, Pernambuco, Brasil",-8.077139,-34.8980446
10244,2019-11-14 11:56:00,SEM VÍTIMA,AFOGADOS,RUA DA PAZ,125,320.0,SUBURBIO,ABALROAMENTO LONGITUDINAL,1.0,1.0,1.0,1.0,1.0,1.0,1.0,1.0,1.0,0.0,1.0,Longo da via,Bom,Sem defeito,Perfeito estado,Seca,Perfeito estado,Não há placas,40 km/h,Única,"125, RUA DA PAZ, Recife, Pernambuco, Brasil",-8.0789737,-34.9033474
1986,2019-03-08 09:30:00,COM VÍTIMA,AFOGADOS,RUA AUGUSTO CALHEIROS, ,553.0,SUBURBIO,COLISÃO TRASEIRA,1.0,1.0,1.0,1.0,1.0,1.0,1.0,1.0,1.0,1.0,1.0,Longo da via,Bom,Sem defeito,Perfeito estado,Seca,Perfeito estado,Não há placas,40 km/h,Única," , RUA AUGUSTO CALHEIROS, Recife, Pernambuco, Brasil",-8.0812286,-34.9091939
3088,2019-04-08 10:06:00,SEM VÍTIMA,AFOGADOS,EST DOS REMEDIOS, ,553.0,SUBURBIO,ABALROAMENTO LONGITUDINAL,2.0,1.0,1.0,1.0,1.0,1.0,1.0,1.0,1.0,0.0,1.0,Longo da via,Bom,Não existe,Perfeito estado,Seca,Perfeito estado,Não há placas,40 km/h,Única," , EST DOS REMEDIOS, Recife, Pernambuco, Brasil",-8.0812286,-34.9091939
3051,2019-04-07 07:08:00,COM VÍTIMA,AFOGADOS,RUA COSME VIANA,180,426.0,AFOGADOS,COLISÃO,1.0,1.0,1.0,1.0,1.0,1.0,1.0,1.0,1.0,1.0,1.0,Longo da via,Bom,Não existe,Perfeito estado,Seca,Perfeito estado,Não há placas,40 km/h,Única,"180, RUA COSME VIANA, Recife, Pernambuco, Brasil",-8.074546,-34.9089351
7360,2019-08-25 16:24:00,SEM VÍTIMA,AFOGADOS,RUA GENERAL CARLOS LIRA,154,426.0,AFOGADOS,CHOQUE VEÍCULO PARADO,1.0,1.0,1.0,1.0,1.0,1.0,1.0,1.0,1.0,0.0,1.0,Longo da via,Bom,Não existe,Não existente,Seca,Mal conservada,Não há placas,40 km/h,Dupla,"154, RUA GENERAL CARLOS LIRA, Recife, Pernambuco, Brasil",-8.078911,-34.9104095
3033,2019-04-06 10:44:00,SEM VÍTIMA,AFOGADOS,RUA FRANCISCO PORFIRIO,112,426.0,AFOGADOS,CHOQUE VEÍCULO PARADO,2.0,1.0,1.0,1.0,1.0,1.0,1.0,1.0,1.0,0.0,1.0,Longo da via,Bom,Não existe,Perfeito estado,Seca,Perfeito estado,Não há placas,40 km/h,Dupla,"112, RUA FRANCISCO PORFIRIO, Recife, Pernambuco, Brasil",-8.0793925,-34.9116003
3183,2019-04-10 19:58:00,SEM VÍTIMA,AFOGADOS,RUA DA PAZ, ,53.0,SUBURBIO,ABALROAMENTO LONGITUDINAL,1.0,1.0,1.0,1.0,1.0,1.0,1.0,1.0,1.0,0.0,1.0,Longo da via,Bom,Sem defeito,Perfeito estado,Seca,Perfeito estado,R-6a,40 km/h,Única," , RUA DA PAZ, Recife, Pernambuco, Brasil",-8.0800469,-34.9052452
3303,2019-04-14 16:41:00,SEM VÍTIMA,AFOGADOS,EST DOS REMEDIOS, ,53.0,SUBURBIO,COLISÃO,2.0,1.0,1.0,1.0,1.0,1.0,1.0,1.0,1.0,0.0,1.0,Longo da via,Bom,Sem defeito,Perfeito estado,Seca,Perfeito estado,R-6a,40 km/h,Única," , EST DOS REMEDIOS, Recife, Pernambuco, Brasil",-8.0800469,-34.9052452
10424,2019-11-19 18:07:00,COM VÍTIMA,AFOGADOS,RUA DA PAZ, ,73.0,SUBURBIO,ABALROAMENTO LONGITUDINAL,1.0,1.0,1.0,1.0,1.0,1.0,1.0,1.0,1.0,0.0,1.0,Longo da via,Bom,Sem defeito,Perfeito estado,Seca,Perfeito estado,R-6a,40 km/h,Única," , RUA DA PAZ, Recife, Pernambuco, Brasil",-8.0800469,-34.9052452
2120,2019-03-12 09:18:00,SEM VÍTIMA,AFOGADOS,AV SUL, ,39.0,CIDADE,ABALROAMENTO LONGITUDINAL,1.0,1.0,1.0,1.0,1.0,1.0,2.0,1.0,1.0,0.0,1.0,Cruzamento,Bom,Sem defeito,Perfeito estado,Seca,Perfeito estado,R-6a,40 km/h,Única," , AV SUL, Recife, Pernambuco, Brasil",-8.081145,-34.905034
7530,2019-08-31 12:20:00,SEM VÍTIMA,AFOGADOS,EST DOS REMEDIOS,29,53.0,CIDADE,COLISÃO TRASEIRA,1.0,1.0,1.0,1.0,1.0,1.0,1.0,1.0,1.0,0.0,1.0,Longo da via,Bom,Sem defeito,Perfeito estado,Seca,Perfeito estado,Outras,40 km/h,Única,"29, EST DOS REMEDIOS, Recife, Pernambuco, Brasil",-8.081145,-34.905034
2233,2019-03-15 07:54:00,SEM VÍTIMA,AFOGADOS,AV SUL, ,320.0,CIDADE,ABALROAMENTO LONGITUDINAL,2.0,1.0,1.0,1.0,1.0,1.0,1.0,1.0,1.0,0.0,1.0,Longo da via,Bom,Sem defeito,Perfeito estado,Seca,Perfeito estado,Não há placas,40 km/h,Dupla," , AV SUL, Recife, Pernambuco, Brasil",-8.081145,-34.905034