,data_hora,natureza_acidente,bairro,endereco,numero,num_semaforo,sentido_via,tipo,auto,moto,ciclom,ciclista,pedestre,onibus,caminhao,viatura,outros,vitimas,vitimasfatais,acidente_verificado,tempo_clima,situacao_semaforo,sinalizacao,condicao_via,conservacao_via,situacao_placa,velocidade_max_via,mao_direcao,end,latitude,longitude
3895,2019-05-03 00:31:00,SEM VÍTIMA,AFOGADOS,RUA COSME VIANA, ,100.0,SUBURBIO,ABALROAMENTO TRANSVERSAL,2.0,2.0,1.0,1.0,1.0,1.0,1.0,1.0,1.0,0.0,1.0,Cruzamento,Bom,Sem defeito,Perfeito estado,Seca,Perfeito estado,Outras,40 km/h,Única," , RUA COSME VIANA, Recife, Pernambuco, Brasil",-8.0759805,-34.9090988
9790,2019-11-03 13:39:00,SEM VÍTIMA,AFOGADOS,RUA PROFESSOR AUGUSTO WANDERLEY FILHO, ,519.0,CIDADE,COLISÃO TRASEIRA,2.0,2.0,1.0,1.0,1.0,1.0,1.0,1.0,1.0,0.0,1.0,Longo da via,Bom,Sem defeito,Perfeito estado,Seca,Perfeito estado,Outras,40 km/h,Única," , RUA PROFESSOR AUGUSTO WANDERLEY FILHO, Recife, Pernambuco, Brasil",-8.0825463,-34.9073538
3886,2019-05-02 17:02:00,SEM VÍTIMA,AFOGADOS,AV SUL,2730,519.0,CIDADE,COLISÃO,1.0,2.0,1.0,1.0,1.0,1.0,1.0,1.0,1.0,0.0,1.0,Longo da via,Bom,Sem defeito,Perfeito estado,Seca,Perfeito estado,Outras,40 km/h,Única,"2730, AV SUL, Recife, Pernambuco, Brasil",-8.081145,-34.905034
3875,2019-05-02 12:20:00,SEM VÍTIMA,AFOGADOS,RUA SAO MIGUEL,92,300.0,SUBURBIO,CHOQUE VEÍCULO PARADO,1.0,2.0,1.0,1.0,1.0,1.0,1.0,1.0,1.0,0.0,1.0,Longo da via,Bom,Sem defeito,Perfeito estado,Seca,Perfeito estado,Outras,40 km/h,Única,"92, RUA SAO MIGUEL, Recife, Pernambuco, Brasil",-8.0801654,-34.9074865
3868,2019-05-02 11:09:00,SEM VÍTIMA,AFOGADOS,RUA SAO MIGUEL,176A,300.0,SUBURBIO,ABALROAMENTO LONGITUDINAL,2.0,2.0,1.0,1.0,1.0,1.0,1.0,1.0,1.0,0.0,1.0,Longo da via,Bom,Sem defeito,Perfeito estado,Seca,Perfeito estado,Outras,40 km/h,Dupla,"176A, RUA SAO MIGUEL, Recife, Pernambuco, Brasil",-8.0863832,-34.9306608
3849,2019-05-01 15:40:00,SEM VÍTIMA,AFOGADOS,RUA COSME VIANA, ,525.0,SUBURBIO,COLISÃO TRASEIRA,3.0,2.0,1.0,1.0,1.0,1.0,1.0,1.0,1.0,0.0,1.0,Longo da via,Bom,Sem defeito,Perfeito estado,Seca,Perfeito estado,R-6a,40 km/h,Única," , RUA COSME VIANA, Recife, Pernambuco, Brasil",-8.0759805,-34.9090988
3848,2019-05-01 15:37:00,SEM VÍTIMA,AFOGADOS,RUA VINTE E UM DE ABRIL,121,525.0,SUBURBIO,COLISÃO,1.0,1.0,1.0,1.0,1.0,1.0,1.0,1.0,1.0,0.0,1.0,Longo da via,Bom,Sem defeito,Perfeito estado,Seca,Perfeito estado,R-6a,40 km/h,Única,"121, RUA VINTE E UM DE ABRIL, Recife, Pernambuco, Brasil",-8.0764818,-34.9130567
7142,2019-08-19 06:52:00,COM VÍTIMA,AFOGADOS,RUA SAO MIGUEL,861,423.0,SUBURBIO,ABALROAMENTO LONGITUDINAL,1.0,1.0,1.0,1.0,1.0,1.0,1.0,1.0,1.0,1.0,1.0,Longo da via,Bom,Sem defeito,Perfeito estado,Seca,Perfeito estado,Não há placas,60 km/h,Dupla,"861, RUA SAO MIGUEL, Recife, Pernambuco, Brasil",-8.0863832,-34.9306608
1658,2019-02-25 12:01:00,SEM VÍTIMA,AFOGADOS,RUA SAO MIGUEL,27,53.0,SUBURBIO,ABALROAMENTO LONGITUDINAL,1.0,1.0,1.0,1.0,1.0,1.0,1.0,1.0,1.0,0.0,1.0,Longo da via,Bom,Sem defeito,Perfeito estado,Seca,Perfeito estado,Não há placas,60 km/h,Única,"27, RUA SAO MIGUEL, Recife, Pernambuco, Brasil",-8.0803459,-34.9069066
1659,2019-02-25 12:01:00,SEM VÍTIMA,AFOGADOS,AV SUL,1148,53.0,CIDADE,COLISÃO,2.0,1.0,1.0,1.0,1.0,1.0,1.0,1.0,1.0,0.0,1.0,Longo da via,Bom,Sem defeito,Perfeito estado,Seca,Perfeito estado,Não há placas,60 km/h,Única,"1148, AV SUL, Recife, Pernambuco, Brasil",-8.081145,-34.905034
7892,2019-09-11 15:25:00,SEM VÍTIMA,AFOGADOS,RUA COSME VIANA,1056,53.0,CIDADE,ABALROAMENTO TRANSVERSAL,2.0,1.0,1.0,1.0,1.0,1.0,1.0,1.0,1.0,0.0,1.0,Longo da via,Nublado,Não existe,Perfeito estado,Seca,Perfeito estado,Não há placas,60 km/h,Única,"1056, RUA COSME VIANA, Recife, Pernambuco, Brasil",-8.074546,-34.9089351
9825,2019-11-04 12:21:00,SEM VÍTIMA,AFOGADOS,RUA SAO MIGUEL,558,53.0,CIDADE,ABALROAMENTO LONGITUDINAL,1.0,1.0,1.0,1.0,1.0,1.0,1.0,1.0,1.0,0.0,1.0,Longo da via,Bom,Não existe,Perfeito estado,Seca,Perfeito estado,Não há placas,40 km/h,Dupla,"558, RUA SAO MIGUEL, Recife, Pernambuco, Brasil",-8.0801585,-34.9117354
3818,2019-04-30 11:54:00,SEM VÍTIMA,AFOGADOS,AV CAXANGA,4302,53.0,CIDADE,ABALROAMENTO LONGITUDINAL,1.0,1.0,1.0,1.0,1.0,1.0,1.0,1.0,1.0,0.0,1.0,Longo da via,Bom,Sem defeito,Perfeito estado,Seca,Perfeito estado,Não há placas,40 km/h,Dupla,"4302, AV CAXANGA, Recife, Pernambuco, Brasil",-8.0377806,-34.9435201
3812,2019-04-30 10:47:00,COM VÍTIMA,AFOGADOS,RUA VINTE E UM DE ABRIL,1056,53.0,SUBURBIO,ABALROAMENTO TRANSVERSAL,1.0,1.0,1.0,1.0,1.0,1.0,1.0,1.0,1.0,1.0,1.0,Longo da via,Bom,Não existe,Perfeito estado,Seca,Perfeito estado,Não há placas,40 km/h,Dupla,"1056, RUA VINTE E UM DE ABRIL, Recife, Pernambuco, Brasil",-8.0753624,-34.9164908
7165,2019-08-19 15:30:00,SEM VÍTIMA,AFOGADOS,RUA LONDRINA,37,53.0,SUBURBIO,COLISÃO,2.0,1.0,1.0,1.0,1.0,1.0,1.0,1.0,1.0,0.0,1.0,Longo da via,Bom,Não existe,Perfeito estado,Seca,Perfeito estado,Não há placas,40 km/h,Dupla,"37, RUA LONDRINA, Recife, Pernambuco, Brasil",-8.0791108,-34.9104707
3808,2019-04-30 08:24:00,SEM VÍTIMA,AFOGADOS,RUA DA PAZ,194,53.0,SUBURBIO,ABALROAMENTO LONGITUDINAL,1.0,1.0,1.0,1.0,1.0,1.0,1.0,1.0,1.0,0.0,1.0,Longo da via,Bom,Sem defeito,Perfeito estado,Molhada,Perfeito estado,Outras,40 km/h,Única,"194, RUA DA PAZ, Recife, Pernambuco, Brasil",-8.0795252,-34.9045787
7881,2019-09-11 12:32:00,SEM VÍTIMA,AFOGADOS,AV SUL, ,53.0,CIDADE,ABALROAMENTO LONGITUDINAL,3.0,1.0,1.0,1.0,1.0,1.0,1.0,1.0,1.0,0.0,1.0,Longo da via,Bom,Não existe,Perfeito estado,Seca,Perfeito estado,Outras,40 km/h,Única," , AV SUL, Recife, Pernambuco, Brasil",-8.081145,-34.905034
1673,2019-02-25 17:20:00,COM VÍTIMA,AFOGADOS,RUA SAO MIGUEL, ,53.0,SUBURBIO,ABALROAMENTO TRANSVERSAL,1.0,1.0,1.0,1.0,1.0,1.0,1.0,1.0,1.0,1.0,1.0,Longo da via,Bom,Não existe,Perfeito estado,Seca,Perfeito estado,Outras,40 km/h,Dupla," , RUA SAO MIGUEL, Recife, Pernambuco, Brasil",-8.08116,-34.9216693
9859,2019-11-05 09:23:00,SEM VÍTIMA,AFOGADOS,AV SUL, ,53.0,CIDADE,COLISÃO,1.0,1.0,1.0,1.0,1.0,1.0,1.0,1.0,1.0,0.0,1.0,Longo da via,Bom,Não existe,Perfeito estado,Seca,Perfeito estado,Outras,40 km/h,Dupla," , AV SUL, Recife, Pernambuco, Brasil",-8.081145,-34.905034
3768,2019-04-29 08:05:00,SEM VÍTIMA,AFOGADOS,RUA QUITERIO INACIO DE MELLO,234,53.0,CIDADE,COLISÃO TRASEIRA,1.0,1.0,1.0,1.0,1.0,1.0,1.0,1.0,1.0,0.0,1.0,Longo da via,Bom,Não existe,Perfeito estado,Seca,Perfeito estado,R-6a,40 km/h,Única,"234, RUA QUITERIO INACIO DE MELLO, Recife, Pernambuco, Brasil",-8.081145,-34.905034
11134,2019-12-06 12:16:00,SEM VÍTIMA,AFOGADOS,RUA A B C, ,53.0,CIDADE,COLISÃO,2.0,1.0,1.0,1.0,1.0,1.0,1.0,1.0,1.0,0.0,1.0,Longo da via,Bom,Não existe,Perfeito estado,Seca,Perfeito estado,R-6a,40 km/h,Única," , RUA A B C, Recife, Pernambuco, Brasil",-8.07409,-34.9025383
11051,2019-12-04 19:48:00,SEM VÍTIMA,AFOGADOS,RUA DA PAZ, ,73.0,CIDADE,COLISÃO,2.0,1.0,1.0,1.0,1.0,1.0,1.0,1.0,1.0,0.0,1.0,Longo da via,Bom,Não existe,Perfeito estado,Seca,Perfeito estado,R-6a,40 km/h,Única," , RUA DA PAZ, Recife, Pernambuco, Brasil",-8.0800469,-34.9052452
4027,2019-05-07 22:31:00,COM VÍTIMA,AFOGADOS,RUA SAO MIGUEL,1401,73.0,SUBURBIO,ABALROAMENTO TRANSVERSAL,1.0,1.0,1.0,1.0,1.0,1.0,1.0,1.0,1.0,1.0,1.0,Cruzamento,Chuvoso,Não existe,Não existente,Molhada,Perfeito estado,Não há placas,60 km/h,Dupla,"1401, RUA SAO MIGUEL, Recife, Pernambuco, Brasil",-8.0809866,-34.9193112
7073,2019-08-16 11:01:00,SEM VÍTIMA,AFOGADOS,RUA SANTOS ARAUJO, ,333.0,SUBURBIO,COLISÃO TRASEIRA,1.0,1.0,1.0,1.0,1.0,1.0,1.0,1.0,1.0,0.0,1.0,Longo da via,Chuvoso,Sem defeito,Perfeito estado,Molhada,Perfeito estado,Outras,60 km/h,Única," , RUA SANTOS ARAUJO, Recife, Pernambuco, Brasil",-8.0801419,-34.9094964
7968,2019-09-13 12:59:00,SEM VÍTIMA,AFOGADOS,RUA PADRE TEOFILO TWORZ, ,503.0,CIDADE,ABALROAMENTO TRANSVERSAL,2.0,1.0,1.0,1.0,1.0,1.0,1.0,1.0,1.0,0.0,1.0,Cruzamento,Bom,Sem defeito,Perfeito estado,Seca,Perfeito estado,Outras,60 km/h,Dupla," , RUA PADRE TEOFILO TWORZ, Recife, Pernambuco, Brasil",-8.0640229,-34.9110214
11208,2019-12-08 09:10:00,SEM VÍTIMA,AFOGADOS,RUA DA PAZ, ,73.0,CIDADE,ABALROAMENTO LONGITUDINAL,1.0,1.0,1.0,1.0,1.0,1.0,1.0,1.0,1.0,0.0,1.0,Longo da via,Bom,Sem defeito,Perfeito estado,Seca,Perfeito estado,R-6a,60 km/h,Única," , RUA DA PAZ, Recife, Pernambuco, Brasil",-8.0800469,-34.9052452
9564,2019-10-28 17:27:00,COM VÍTIMA,AFOGADOS,RUA SAO MIGUEL, ,73.0,SUBURBIO,COLISÃO TRASEIRA,2.0,1.0,1.0,1.0,1.0,1.0,1.0,1.0,1.0,1.0,1.0,Longo da via,Bom,Não existe,Perfeito estado,Seca,Perfeito estado,Outras,60 km/h,Dupla," , RUA SAO MIGUEL, Recife, Pernambuco, Brasil",-8.08116,-34.9216693
7009,2019-08-14 16:15:00,SEM VÍTIMA,AFOGADOS,RUA JOAO CARLOS GUIMARAES, ,73.0,SUBURBIO,ABALROAMENTO LONGITUDINAL,1.0,1.0,1.0,1.0,1.0,1.0,1.0,1.0,1.0,0.0,1.0,Longo da via,Chuvoso,Não existe,Ilegível,Molhada,Mal conservada,Outras,60 km/h,Única," , RUA JOAO CARLOS GUIMARAES, Recife, Pernambuco, Brasil",-8.0800562,-34.905272
4289,2019-05-16 10:29:00,SEM VÍTIMA,AFOGADOS,RUA FRANCISCO SILVEIRA,38,73.0,CIDADE,ABALROAMENTO LONGITUDINAL,2.0,1.0,1.0,1.0,1.0,1.0,1.0,1.0,1.0,0.0,1.0,Longo da via,Bom,Não existe,Não existente,Seca,Perfeito estado,Não há placas,60 km/h,Dupla,"38, RUA FRANCISCO SILVEIRA, Recife, Pernambuco, Brasil",-8.0832906,-34.9031577
1470,2019-02-20 13:51:00,SEM VÍTIMA,AFOGADOS,AV SUL, ,73.0,CIDADE,ABALROAMENTO LONGITUDINAL,1.0,1.0,1.0,1.0,1.0,1.0,1.0,1.0,1.0,0.0,1.0,Longo da via,Bom,Não existe,Perfeito estado,Seca,Perfeito estado,R-6a,60 km/h,Única," , AV SUL, Recife, Pernambuco, Brasil",-8.081145,-34.905034
4269,2019-05-15 17:34:00,COM VÍTIMA,AFOGADOS,RUA MOTOCOLOMBO,143,73.0,SUBURBIO,ATROPELAMENTO,1.0,1.0,1.0,1.0,1.0,1.0,1.0,1.0,1.0,1.0,1.0,Longo da via,Bom,Não existe,Perfeito estado,Seca,Perfeito estado,Não há placas,60 km/h,Única,"143, RUA MOTOCOLOMBO, Recife, Pernambuco, Brasil",-8.0821606,-34.9064421
4231,2019-05-14 14:10:00,SEM VÍTIMA,AFOGADOS,RUA SAO MIGUEL, ,391.0,SUBURBIO,COLISÃO TRASEIRA,2.0,1.0,1.0,1.0,1.0,1.0,1.0,1.0,1.0,0.0,1.0,Longo da via,Bom,Sem defeito,Perfeito estado,Seca,Perfeito estado,Não há placas,60 km/h,Dupla," , RUA SAO MIGUEL, Recife, Pernambuco, Brasil",-8.08116,-34.9216693
7025,2019-08-15 08:21:00,SEM VÍTIMA,AFOGADOS,RUA DO ACRE, ,391.0,SUBURBIO,ABALROAMENTO LONGITUDINAL,1.0,1.0,1.0,1.0,1.0,1.0,1.0,1.0,1.0,0.0,1.0,Longo da via,Bom,Não existe,Perfeito estado,Seca,Perfeito estado,R-6a,60 km/h,Única," , RUA DO ACRE, Recife, Pernambuco, Brasil",-8.0785757,-34.9068933
4225,2019-05-14 12:35:00,SEM VÍTIMA,AFOGADOS,EST DOS REMEDIOS,259,391.0,SUBURBIO,COLISÃO,1.0,1.0,1.0,1.0,1.0,1.0,1.0,1.0,1.0,0.0,1.0,Longo da via,Bom,Não existe,Perfeito estado,Seca,Perfeito estado,R-6a,60 km/h,Única,"259, EST DOS REMEDIOS, Recife, Pernambuco, Brasil",-8.0785757,-34.9068933
1497,2019-02-21 07:00:00,SEM VÍTIMA,AFOGADOS,AV SUL, ,391.0,SUBURBIO,ABALROAMENTO LONGITUDINAL,1.0,1.0,1.0,1.0,1.0,1.0,1.0,1.0,1.0,0.0,1.0,Longo da via,Bom,Sem defeito,Perfeito estado,Seca,Perfeito estado,Outras,60 km/h,Única," , AV SUL, Recife, Pernambuco, Brasil",-8.081145,-34.905034
4217,2019-05-14 10:16:00,COM VÍTIMA,AFOGADOS,RUA SAO MIGUEL,893,391.0,CIDADE,ABALROAMENTO TRANSVERSAL,1.0,1.0,1.0,1.0,1.0,1.0,1.0,1.0,1.0,1.0,1.0,Esquina,Bom,Não existe,Não existente,Seca,Perfeito estado,Não há placas,50 km/h,Dupla,"893, RUA SAO MIGUEL, Recife, Pernambuco, Brasil",-8.0807904,-34.9147386
4210,2019-05-14 07:13:00,COM VÍTIMA,AFOGADOS,AV SUL,21,391.0,CIDADE,ABALROAMENTO LONGITUDINAL,1.0,1.0,1.0,1.0,1.0,1.0,1.0,1.0,1.0,1.0,1.0,Outros,Bom,Não existe,Perfeito estado,Seca,Perfeito estado,Outras,50 km/h,Única,"21, AV SUL, Recife, Pernambuco, Brasil",-8.0771195,-34.8957109
1506,2019-02-21 09:20:00,SEM VÍTIMA,AFOGADOS,AV SUL, ,391.0,CIDADE,ABALROAMENTO LONGITUDINAL,1.0,1.0,1.0,1.0,1.0,1.0,1.0,1.0,1.0,0.0,1.0,Longo da via,Bom,Não existe,Incompleta,Seca,Perfeito estado,R-6a,50 km/h,Única," , AV SUL, Recife, Pernambuco, Brasil",-8.081145,-34.905034
1508,2019-02-21 10:00:00,SEM VÍTIMA,AFOGADOS,AV SUL, ,391.0,CIDADE,ABALROAMENTO LONGITUDINAL,2.0,1.0,1.0,1.0,1.0,1.0,1.0,1.0,1.0,0.0,1.0,Longo da via,Bom,Não existe,Incompleta,Seca,Perfeito estado,R-6a,50 km/h,Única," , AV SUL, Recife, Pernambuco, Brasil",-8.081145,-34.905034
4173,2019-05-12 23:09:00,COM VÍTIMA,AFOGADOS,RUA MOTOCOLOMBO, ,39.0,CIDADE,ABALROAMENTO TRANSVERSAL,2.0,1.0,1.0,1.0,1.0,1.0,1.0,1.0,1.0,4.0,1.0,Cruzamento,Bom,Sem defeito,Perfeito estado,Seca,Perfeito estado,R-6c,50 km/h,Única," , RUA MOTOCOLOMBO, Recife, Pernambuco, Brasil",-8.0821606,-34.9064421
9635,2019-10-30 08:13:00,SEM VÍTIMA,AFOGADOS,RUA VISCONDE DE PELOTAS, ,334.0,SUBURBIO,ABALROAMENTO LONGITUDINAL,1.0,1.0,1.0,1.0,1.0,1.0,1.0,1.0,1.0,0.0,1.0,Cruzamento,Bom,Sem defeito,Perfeito estado,Seca,Perfeito estado,Outras,50 km/h,Única," , RUA VISCONDE DE PELOTAS, Recife, Pernambuco, Brasil",-8.077561,-34.9093317
11165,2019-12-06 22:14:00,COM VÍTIMA,AFOGADOS,RUA SAO MIGUEL,113C,334.0,CIDADE,ABALROAMENTO TRANSVERSAL,1.0,1.0,1.0,1.0,1.0,1.0,1.0,1.0,1.0,1.0,1.0,Cruzamento,Bom,Não existe,Perfeito estado,Seca,Perfeito estado,Não há placas,50 km/h,Dupla,"113C, RUA SAO MIGUEL, Recife, Pernambuco, Brasil",-8.0863832,-34.9306608
1540,2019-02-22 05:10:00,SEM VÍTIMA,AFOGADOS,RUA NICOLAU PEREIRA, ,73.0,SUBURBIO,ABALROAMENTO LONGITUDINAL,1.0,1.0,1.0,1.0,1.0,1.0,1.0,1.0,1.0,0.0,1.0,Cruzamento,Chuvoso,Sem defeito,Perfeito estado,Molhada,Perfeito estado,Outras,40 km/h,Única," , RUA NICOLAU PEREIRA, Recife, Pernambuco, Brasil",-8.0769513,-34.9065032
9665,2019-10-30 19:34:00,COM VÍTIMA,AFOGADOS,AV SUL,S/N,73.0,CIDADE,ABALROAMENTO LONGITUDINAL,1.0,1.0,1.0,1.0,1.0,1.0,1.0,1.0,1.0,1.0,1.0,Longo da via,Bom,Não existe,Perfeito estado,Seca,Perfeito estado,Outras,40 km/h,Única,"S/N, AV SUL, Recife, Pernambuco, Brasil",-8.081145,-34.905034
1549,2019-02-22 09:29:00,COM VÍTIMA,AFOGADOS,RUA DA PAZ, ,73.0,SUBURBIO,COLISÃO TRASEIRA,1.0,1.0,1.0,1.0,1.0,1.0,1.0,1.0,1.0,1.0,1.0,Longo da via,Bom,Sem defeito,Perfeito estado,Seca,Perfeito estado,Não há placas,40 km/h,Única," , RUA DA PAZ, Recife, Pernambuco, Brasil",-8.0800469,-34.9052452
11150,2019-12-06 16:39:00,SEM VÍTIMA,AFOGADOS,RUA DA PAZ,243,528.0,SUBURBIO,ABALROAMENTO LONGITUDINAL,2.0,1.0,1.0,1.0,1.0,1.0,1.0,1.0,1.0,0.0,1.0,Longo da via,Bom,Sem defeito,Perfeito estado,Seca,Perfeito estado,Outras,40 km/h,Única,"243, RUA DA PAZ, Recife, Pernambuco, Brasil",-8.0799855,-34.9048945
4063,2019-05-08 23:15:00,SEM VÍTIMA,AFOGADOS,RUA COSME VIANA, ,100.0,SUBURBIO,CHOQUE VEÍCULO PARADO,1.0,1.0,1.0,1.0,1.0,1.0,1.0,1.0,1.0,0.0,1.0,Longo da via,Chuvoso,Sem defeito,Perfeito estado,Molhada,Perfeito estado,Não há placas,40 km/h,Única," , RUA COSME VIANA, Recife, Pernambuco, Brasil",-8.0759805,-34.9090988
11148,2019-12-06 15:18:00,SEM VÍTIMA,AFOGADOS,RUA DA PAZ,396,100.0,SUBURBIO,ABALROAMENTO LONGITUDINAL,2.0,1.0,1.0,1.0,1.0,1.0,1.0,1.0,1.0,0.0,1.0,Longo da via,Bom,Não existe,Perfeito estado,Seca,Perfeito estado,R-6a,40 km/h,Única,"396, RUA DA PAZ, Recife, Pernambuco, Brasil",-8.0800983,-34.906316
4047,2019-05-08 15:53:00,COM VÍTIMA,AFOGADOS,RUA COSME VIANA,157,525.0,CIDADE,ABALROAMENTO TRANSVERSAL,1.0,1.0,1.0,1.0,1.0,1.0,1.0,1.0,1.0,1.0,1.0,Longo da via,Bom,Sem defeito,Perfeito estado,Seca,Perfeito estado,Outras,60 km/h,Única,"157, RUA COSME VIANA, Recife, Pernambuco, Brasil",-8.0755056,-34.9092019
4044,2019-05-08 12:35:00,SEM VÍTIMA,AFOGADOS,RUA SAO MIGUEL, ,333.0,SUBURBIO,ABALROAMENTO LONGITUDINAL,1.0,1.0,1.0,1.0,1.0,1.0,1.0,1.0,1.0,0.0,1.0,Cruzamento,Chuvoso,Sem defeito,Perfeito estado,Molhada,Perfeito estado,R-6a,60 km/h,Única," , RUA SAO MIGUEL, Recife, Pernambuco, Brasil",-8.08116,-34.9216693
1575,2019-02-22 18:31:00,COM VÍTIMA,AFOGADOS,EST DOS REMEDIOS,1603,390.0,CIDADE,COLISÃO COM CICLISTA,1.0,1.0,1.0,1.0,1.0,1.0,1.0,1.0,1.0,1.0,1.0,Cruzamento,Bom,Sem defeito,Perfeito estado,Seca,Perfeito estado,R-6a,60 km/h,Única,"1603, EST DOS REMEDIOS, Recife, Pernambuco, Brasil",-8.08116,-34.9216693
9702,2019-10-31 18:26:00,SEM VÍTIMA,AFOGADOS,RUA DA PAZ, ,390.0,SUBURBIO,COLISÃO TRASEIRA,2.0,1.0,1.0,1.0,1.0,1.0,1.0,1.0,1.0,0.0,1.0,Ponte,Bom,Não existe,Perfeito estado,Seca,Perfeito estado,Não há placas,60 km/h,Única," , RUA DA PAZ, Recife, Pernambuco, Brasil",-8.0800469,-34.9052452
9890,2019-11-05 18:55:00,SEM VÍTIMA,AFOGADOS,RUA MANOEL RODRIGUES DO PASSO, ,390.0,SUBURBIO,CHOQUE OBJETO FIXO,2.0,1.0,1.0,1.0,1.0,1.0,1.0,1.0,1.0,0.0,1.0,Longo da via,Bom,Não existe,Não existente,Seca,Mal conservada,Não há placas,60 km/h,Dupla," , RUA MANOEL RODRIGUES DO PASSO, Recife, Pernambuco, Brasil",-8.0818754,-34.919065
7876,2019-09-11 11:11:00,SEM VÍTIMA,AFOGADOS,RUA QUITERIO INACIO DE MELLO,234,390.0,SUBURBIO,COLISÃO TRASEIRA,2.0,1.0,1.0,1.0,1.0,1.0,1.0,1.0,1.0,0.0,1.0,Longo da via,Bom,Não existe,Perfeito estado,Seca,Perfeito estado,Outras,60 km/h,Única,"234, RUA QUITERIO INACIO DE MELLO, Recife, Pernambuco, Brasil",-8.0818754,-34.919065
10017,2019-11-08 19:44:00,COM VÍTIMA,AFOGADOS,RUA COSME VIANA,180A,426.0,SUBURBIO,COLISÃO TRASEIRA,1.0,1.0,1.0,1.0,1.0,1.0,1.0,1.0,1.0,1.0,1.0,Longo da via,Bom,Sem defeito,Perfeito estado,Seca,Perfeito estado,Outras,60 km/h,Única,"180A, RUA COSME VIANA, Recife, Pernambuco, Brasil",-8.074546,-34.9089351
9967,2019-11-07 18:58:00,SEM VÍTIMA,AFOGADOS,AV SUL,709,426.0,CIDADE,ABALROAMENTO LONGITUDINAL,2.0,1.0,1.0,1.0,1.0,1.0,1.0,1.0,1.0,0.0,1.0,Longo da via,Bom,Não existe,Perfeito estado,Seca,Perfeito estado,Outras,60 km/h,Única,"709, AV SUL, Recife, Pernambuco, Brasil",-8.081145,-34.905034
164,2019-01-07 16:40:00,SEM VÍTIMA,AFOGADOS,RUA MOTOCOLOMBO,184,426.0,SUBURBIO,COLISÃO TRASEIRA,3.0,1.0,1.0,1.0,1.0,1.0,1.0,1.0,1.0,0.0,1.0,Longo da via,Bom,Não existe,Perfeito estado,Seca,Perfeito estado,R-6a,60 km/h,Única,"184, RUA MOTOCOLOMBO, Recife, Pernambuco, Brasil",-8.0821606,-34.9064421
1781,2019-02-28 13:28:00,SEM VÍTIMA,AFOGADOS,RUA DA PAZ, ,426.0,SUBURBIO,ABALROAMENTO LONGITUDINAL,2.0,1.0,1.0,1.0,1.0,1.0,1.0,1.0,1.0,0.0,1.0,Longo da via,Bom,Não existe,Perfeito estado,Seca,Perfeito estado,Não há placas,40 km/h,Única," , RUA DA PAZ, Recife, Pernambuco, Brasil",-8.0800469,-34.9052452
9985,2019-11-08 09:17:00,SEM VÍTIMA,AFOGADOS,EST DOS REMEDIOS, ,426.0,CIDADE,ABALROAMENTO LONGITUDINAL,1.0,1.0,1.0,1.0,1.0,1.0,1.0,1.0,1.0,0.0,1.0,Longo da via,Bom,Não existe,Perfeito estado,Seca,Perfeito estado,Não há placas,40 km/h,Única," , EST DOS REMEDIOS, Recife, Pernambuco, Brasil",-8.0800469,-34.9052452
11948,2019-12-26 22:16:00,SEM VÍTIMA,AFOGADOS,RUA JOAO IVO DA SILVA, ,499.0,SUBURBIO,COLISÃO TRASEIRA,2.0,1.0,1.0,1.0,1.0,1.0,1.0,1.0,1.0,0.0,1.0,Longo da via,Bom,Sem defeito,Perfeito estado,Seca,Perfeito estado,Não há placas,40 km/h,Única," , RUA JOAO IVO DA SILVA, Recife, Pernambuco, Brasil",-8.060665,-34.9098381
3550,2019-04-23 08:29:00,SEM VÍTIMA,AFOGADOS,AV SUL, ,499.0,CIDADE,ABALROAMENTO LONGITUDINAL,1.0,1.0,1.0,1.0,1.0,1.0,1.0,1.0,1.0,0.0,1.0,Longo da via,Bom,Não existe,Não existente,Seca,Perfeito estado,Não há placas,40 km/h,Única," , AV SUL, Recife, Pernambuco, Brasil",-8.081145,-34.905034
10007,2019-11-08 16:02:00,SEM VÍTIMA,AFOGADOS,RUA QUITERIO INACIO DE MELLO,234,333.0,CIDADE,COLISÃO TRASEIRA,2.0,1.0,1.0,1.0,1.0,1.0,1.0,1.0,1.0,0.0,1.0,Longo da via,Bom,Sem defeito,Ilegível,Seca,Perfeito estado,Não há placas,40 km/h,Única,"234, RUA QUITERIO INACIO DE MELLO, Recife, Pernambuco, Brasil",-8.081145,-34.905034
10954,2019-12-03 08:23:00,SEM VÍTIMA,AFOGADOS,AV SUL,S/N,333.0,CIDADE,COLISÃO,1.0,1.0,1.0,1.0,1.0,1.0,1.0,1.0,1.0,0.0,1.0,Longo da via,Bom,Sem defeito,Ilegível,Seca,Perfeito estado,Não há placas,40 km/h,Única,"S/N, AV SUL, Recife, Pernambuco, Brasil",-8.081145,-34.905034
3540,2019-04-22 18:26:00,SEM VÍTIMA,AFOGADOS,RUA VINTE E UM DE ABRIL,359,333.0,SUBURBIO,ABALROAMENTO LONGITUDINAL,2.0,1.0,1.0,1.0,1.0,1.0,1.0,1.0,1.0,0.0,1.0,Longo da via,Chuvoso,Não existe,Perfeito estado,Molhada,Perfeito estado,Não há placas,40 km/h,Dupla,"359, RUA VINTE E UM DE ABRIL, Recife, Pernambuco, Brasil",-8.0769573,-34.9103302