,data_hora,natureza_acidente,bairro,endereco,numero,num_semaforo,sentido_via,tipo,auto,moto,ciclom,ciclista,pedestre,onibus,caminhao,viatura,outros,vitimas,vitimasfatais,acidente_verificado,tempo_clima,situacao_semaforo,sinalizacao,condicao_via,conservacao_via,situacao_placa,velocidade_max_via,mao_direcao,end,latitude,longitude
3620,2019-04-25 09:18:00,SEM VÍTIMA,AFOGADOS,EST DOS REMEDIOS,1161,333.0,CIDADE,ABALROAMENTO LONGITUDINAL,2.0,1.0,1.0,1.0,1.0,1.0,1.0,1.0,1.0,0.0,1.0,Longo da via,Bom,Não existe,Perfeito estado,Seca,Perfeito estado,R-6a,40 km/h,Única,"1161, EST DOS REMEDIOS, Recife, Pernambuco, Brasil",-8.0769573,-34.9103302
1804,2019-02-28 23:33:00,SEM VÍTIMA,AFOGADOS,RUA SAO MIGUEL, ,333.0,CIDADE,ABALROAMENTO TRANSVERSAL,2.0,1.0,1.0,1.0,1.0,1.0,1.0,1.0,1.0,0.0,1.0,Cruzamento,Bom,Não existe,Perfeito estado,Seca,Perfeito estado,R-6a,40 km/h,Dupla," , RUA SAO MIGUEL, Recife, Pernambuco, Brasil",-8.08116,-34.9216693
3518,2019-04-22 07:29:00,SEM VÍTIMA,AFOGADOS,EST DOS REMEDIOS,957,333.0,CIDADE,ABALROAMENTO TRANSVERSAL,2.0,1.0,1.0,1.0,1.0,1.0,1.0,1.0,1.0,0.0,1.0,Longo da via,Bom,Não existe,Perfeito estado,Seca,Perfeito estado,Outras,60 km/h,Única,"957, EST DOS REMEDIOS, Recife, Pernambuco, Brasil",-8.08116,-34.9216693
1816,2019-03-01 10:23:00,SEM VÍTIMA,AFOGADOS,RUA NICOLAU PEREIRA, ,333.0,SUBURBIO,COLISÃO TRASEIRA,3.0,1.0,1.0,1.0,1.0,1.0,1.0,1.0,1.0,0.0,1.0,Longo da via,Bom,Não existe,Perfeito estado,Seca,Perfeito estado,Não há placas,60 km/h,Única," , RUA NICOLAU PEREIRA, Recife, Pernambuco, Brasil",-8.0769513,-34.9065032
3459,2019-04-18 17:09:00,SEM VÍTIMA,AFOGADOS,RUA COSME VIANA,1229,333.0,SUBURBIO,COLISÃO TRASEIRA,2.0,1.0,1.0,1.0,1.0,1.0,1.0,1.0,1.0,0.0,1.0,Longo da via,Bom,Não existe,Incompleta,Seca,Perfeito estado,Não há placas,60 km/h,Única,"1229, RUA COSME VIANA, Recife, Pernambuco, Brasil",-8.074546,-34.9089351
10041,2019-11-09 12:47:00,SEM VÍTIMA,AFOGADOS,RUA SAO MIGUEL,46,333.0,SUBURBIO,COLISÃO,1.0,1.0,1.0,1.0,1.0,1.0,1.0,1.0,1.0,0.0,1.0,Longo da via,Bom,Não existe,Incompleta,Seca,Perfeito estado,Não há placas,60 km/h,Única,"46, RUA SAO MIGUEL, Recife, Pernambuco, Brasil",-8.0801468,-34.9071291
7247,2019-08-21 20:05:00,COM VÍTIMA,AFOGADOS,AV SUL, ,333.0,CIDADE,ABALROAMENTO TRANSVERSAL,1.0,1.0,1.0,1.0,1.0,1.0,1.0,1.0,1.0,2.0,1.0,Longo da via,Bom,Não existe,Perfeito estado,Seca,Perfeito estado,Não há placas,60 km/h,Única," , AV SUL, Recife, Pernambuco, Brasil",-8.081145,-34.905034
1826,2019-03-01 13:42:00,SEM VÍTIMA,AFOGADOS,EST DOS REMEDIOS,1161,333.0,CIDADE,ABALROAMENTO TRANSVERSAL,1.0,1.0,1.0,1.0,1.0,1.0,1.0,1.0,1.0,0.0,1.0,Longo da via,Bom,Não existe,Perfeito estado,Seca,Perfeito estado,Outras,60 km/h,Única,"1161, EST DOS REMEDIOS, Recife, Pernambuco, Brasil",-8.081145,-34.905034
142,2019-01-07 11:18:00,COM VÍTIMA,AFOGADOS,EST DOS REMEDIOS,S/N,333.0,SUBURBIO,ABALROAMENTO LONGITUDINAL,1.0,1.0,1.0,1.0,1.0,1.0,1.0,1.0,1.0,1.0,1.0,Longo da via,Bom,Sem defeito,Perfeito estado,Seca,Perfeito estado,R-6a,60 km/h,Dupla,"S/N, EST DOS REMEDIOS, Recife, Pernambuco, Brasil",-8.081145,-34.905034
10934,2019-12-02 16:19:00,COM VÍTIMA,AFOGADOS,RUA DA PAZ,82,73.0,SUBURBIO,COLISÃO COM CICLISTA,1.0,1.0,1.0,1.0,1.0,1.0,1.0,1.0,1.0,1.0,1.0,Cruzamento,Bom,Sem defeito,Perfeito estado,Seca,Perfeito estado,R-6a,40 km/h,Única,"82, RUA DA PAZ, Recife, Pernambuco, Brasil",-8.0789971,-34.903764
10938,2019-12-02 17:03:00,SEM VÍTIMA,AFOGADOS,RUA COSME VIANA, ,73.0,SUBURBIO,ABALROAMENTO TRANSVERSAL,1.0,1.0,1.0,1.0,1.0,1.0,1.0,1.0,1.0,0.0,1.0,Cruzamento,Bom,Sem defeito,Perfeito estado,Seca,Perfeito estado,Não há placas,40 km/h,Única," , RUA COSME VIANA, Recife, Pernambuco, Brasil",-8.0759805,-34.9090988
10924,2019-12-02 15:21:00,SEM VÍTIMA,AFOGADOS,RUA COSME VIANA, ,73.0,CIDADE,COLISÃO TRASEIRA,3.0,1.0,1.0,1.0,1.0,1.0,1.0,1.0,1.0,0.0,1.0,Longo da via,Bom,Sem defeito,Perfeito estado,Seca,Perfeito estado,Não há placas,40 km/h,Única," , RUA COSME VIANA, Recife, Pernambuco, Brasil",-8.0759805,-34.9090988
1832,2019-03-01 16:37:00,SEM VÍTIMA,AFOGADOS,EST DOS REMEDIOS,24,73.0,CIDADE,COLISÃO,1.0,1.0,1.0,1.0,1.0,1.0,1.0,1.0,1.0,0.0,1.0,Longo da via,Bom,Sem defeito,Perfeito estado,Seca,Perfeito estado,Não há placas,40 km/h,Única,"24, EST DOS REMEDIOS, Recife, Pernambuco, Brasil",-8.0759805,-34.9090988
3624,2019-04-25 11:27:00,SEM VÍTIMA,AFOGADOS,RUA CINCO DE NOVEMBRO, ,73.0,CIDADE,COLISÃO TRASEIRA,1.0,1.0,1.0,1.0,1.0,1.0,1.0,1.0,1.0,0.0,1.0,Cruzamento,Chuvoso,Não existe,Não existente,Molhada,Perfeito estado,Não há placas,40 km/h,Única," , RUA CINCO DE NOVEMBRO, Recife, Pernambuco, Brasil",-8.0811363,-34.9084104
3437,2019-04-17 21:36:00,VÍTIMA FATAL,AFOGADOS,PTE DO MOTOCOLOMBO, ,73.0,SUBURBIO,TOMBAMENTO,1.0,1.0,1.0,1.0,1.0,1.0,1.0,1.0,1.0,0.0,1.0,Ponte,Bom,Não existe,Incompleta,Seca,Perfeito estado,Não há placas,40 km/h,Dupla," , PTE DO MOTOCOLOMBO, Recife, Pernambuco, Brasil",-8.0811363,-34.9084104
9899,2019-11-06 09:25:00,SEM VÍTIMA,AFOGADOS,AV SUL,82,73.0,CIDADE,ABALROAMENTO LONGITUDINAL,2.0,1.0,1.0,1.0,1.0,1.0,1.0,1.0,2.0,0.0,1.0,Longo da via,Bom,Não existe,Perfeito estado,Seca,Perfeito estado,Não há placas,40 km/h,Única,"82, AV SUL, Recife, Pernambuco, Brasil",-8.0795001,-34.903001
11034,2019-12-04 15:02:00,SEM VÍTIMA,AFOGADOS,RUA COSME VIANA, ,430.0,CIDADE,ABALROAMENTO LONGITUDINAL,1.0,1.0,1.0,1.0,1.0,1.0,1.0,1.0,1.0,0.0,1.0,Cruzamento,Bom,Sem defeito,Perfeito estado,Seca,Perfeito estado,Não há placas,40 km/h,Única," , RUA COSME VIANA, Recife, Pernambuco, Brasil",-8.0759805,-34.9090988
9927,2019-11-07 07:28:00,SEM VÍTIMA,AFOGADOS,RUA VINTE E UM DE ABRIL, ,611.0,CIDADE,COLISÃO TRASEIRA,2.0,1.0,1.0,1.0,1.0,1.0,1.0,1.0,1.0,0.0,1.0,Longo da via,Bom,Sem defeito,Perfeito estado,Seca,Perfeito estado,Não há placas,40 km/h,Dupla," , RUA VINTE E UM DE ABRIL, Recife, Pernambuco, Brasil",-8.0750418,-34.9190636
1881,2019-03-03 13:22:00,SEM VÍTIMA,AFOGADOS,RUA MOTOCOLOMBO, ,611.0,SUBURBIO,COLISÃO TRASEIRA,1.0,1.0,1.0,1.0,1.0,1.0,1.0,1.0,1.0,0.0,1.0,Longo da via,Chuvoso,Não existe,Perfeito estado,Molhada,Perfeito estado,R-6a,40 km/h,Única," , RUA MOTOCOLOMBO, Recife, Pernambuco, Brasil",-8.0821606,-34.9064421
11936,2019-12-26 15:30:00,SEM VÍTIMA,AFOGADOS,RUA VINTE E UM DE ABRIL,678,611.0,SUBURBIO,ABALROAMENTO TRANSVERSAL,1.0,1.0,1.0,1.0,1.0,1.0,1.0,1.0,1.0,0.0,1.0,Longo da via,Bom,Não existe,Incompleta,Seca,Perfeito estado,Não há placas,40 km/h,Dupla,"678, RUA VINTE E UM DE ABRIL, Recife, Pernambuco, Brasil",-8.0764818,-34.9130567
1736,2019-02-27 13:31:00,SEM VÍTIMA,AFOGADOS,RUA SAO MIGUEL, ,423.0,SUBURBIO,COLISÃO TRASEIRA,1.0,1.0,1.0,1.0,1.0,1.0,1.0,1.0,1.0,0.0,1.0,Longo da via,Bom,Sem defeito,Perfeito estado,Seca,Perfeito estado,Não há placas,40 km/h,Dupla," , RUA SAO MIGUEL, Recife, Pernambuco, Brasil",-8.08116,-34.9216693
11006,2019-12-04 08:32:00,SEM VÍTIMA,AFOGADOS,RUA TURIACU,180,423.0,CIDADE,ABALROAMENTO LONGITUDINAL,1.0,1.0,1.0,1.0,1.0,1.0,1.0,1.0,1.0,0.0,1.0,Longo da via,Bom,Não existe,Não existente,Seca,Mal conservada,Não há placas,40 km/h,Dupla,"180, RUA TURIACU, Recife, Pernambuco, Brasil",-8.0828777,-34.9165223
11940,2019-12-26 16:34:00,SEM VÍTIMA,AFOGADOS,RUA NICOLAU PEREIRA, ,423.0,CIDADE,ABALROAMENTO LONGITUDINAL,1.0,1.0,1.0,1.0,1.0,1.0,1.0,1.0,1.0,0.0,1.0,Longo da via,Bom,Não existe,Perfeito estado,Seca,Perfeito estado,R-6a,40 km/h,Única," , RUA NICOLAU PEREIRA, Recife, Pernambuco, Brasil",-8.0769513,-34.9065032
9953,2019-11-07 15:23:00,SEM VÍTIMA,AFOGADOS,RUA VISCONDE DE PELOTAS,28,423.0,CIDADE,COLISÃO,2.0,1.0,1.0,1.0,1.0,1.0,1.0,1.0,1.0,0.0,1.0,Longo da via,Bom,Não existe,Perfeito estado,Seca,Perfeito estado,R-6a,40 km/h,Única,"28, RUA VISCONDE DE PELOTAS, Recife, Pernambuco, Brasil",-8.0779907,-34.9093061
3397,2019-04-16 20:34:00,SEM VÍTIMA,AFOGADOS,RUA DA PAZ, ,423.0,SUBURBIO,CHOQUE VEÍCULO PARADO,1.0,1.0,1.0,1.0,1.0,2.0,1.0,1.0,1.0,0.0,1.0,Longo da via,Bom,Sem defeito,Perfeito estado,Seca,Perfeito estado,R-6a,40 km/h,Única," , RUA DA PAZ, Recife, Pernambuco, Brasil",-8.0800469,-34.9052452
11966,2019-12-27 13:50:00,SEM VÍTIMA,AFOGADOS,RUA SAO MIGUEL, ,423.0,SUBURBIO,ABALROAMENTO LONGITUDINAL,1.0,1.0,1.0,1.0,1.0,2.0,1.0,1.0,1.0,0.0,1.0,Longo da via,Bom,Sem defeito,Perfeito estado,Seca,Perfeito estado,Não há placas,40 km/h,Dupla," , RUA SAO MIGUEL, Recife, Pernambuco, Brasil",-8.08116,-34.9216693
7855,2019-09-10 15:13:00,SEM VÍTIMA,AFOGADOS,AV SUL, ,423.0,CIDADE,ABALROAMENTO LONGITUDINAL,1.0,1.0,1.0,1.0,1.0,2.0,1.0,1.0,1.0,0.0,1.0,Cruzamento,Bom,Não existe,Perfeito estado,Seca,Perfeito estado,Não há placas,40 km/h,Única," , AV SUL, Recife, Pernambuco, Brasil",-8.081145,-34.905034
9945,2019-11-07 12:53:00,SEM VÍTIMA,AFOGADOS,AV SUL, ,423.0,CIDADE,ABALROAMENTO LONGITUDINAL,1.0,1.0,1.0,1.0,1.0,2.0,1.0,1.0,1.0,0.0,1.0,Longo da via,Bom,Não existe,Perfeito estado,Seca,Perfeito estado,Não há placas,40 km/h,Única," , AV SUL, Recife, Pernambuco, Brasil",-8.081145,-34.905034
1869,2019-03-02 16:38:00,SEM VÍTIMA,AFOGADOS,RUA QUITERIO INACIO DE MELLO, ,423.0,CIDADE,COLISÃO,2.0,1.0,1.0,1.0,1.0,2.0,1.0,1.0,1.0,0.0,1.0,Longo da via,Bom,Não existe,Perfeito estado,Seca,Perfeito estado,Não há placas,40 km/h,Única," , RUA QUITERIO INACIO DE MELLO, Recife, Pernambuco, Brasil",-8.081145,-34.905034
9947,2019-11-07 13:39:00,SEM VÍTIMA,AFOGADOS,PTE DO MOTOCOLOMBO,265,265.0,SUBURBIO,ABALROAMENTO LONGITUDINAL,2.0,1.0,1.0,1.0,1.0,2.0,1.0,1.0,1.0,0.0,1.0,Longo da via,Bom,Sem defeito,Perfeito estado,Seca,Perfeito estado,Outras,40 km/h,Única,"265, PTE DO MOTOCOLOMBO, Recife, Pernambuco, Brasil",-8.081145,-34.905034
3428,2019-04-17 16:18:00,SEM VÍTIMA,AFOGADOS,RUA SAO MIGUEL, ,423.0,CIDADE,COLISÃO TRASEIRA,2.0,1.0,1.0,1.0,1.0,2.0,1.0,1.0,1.0,0.0,1.0,Longo da via,Bom,Sem defeito,Perfeito estado,Seca,Perfeito estado,Não há placas,40 km/h,Dupla," , RUA SAO MIGUEL, Recife, Pernambuco, Brasil",-8.08116,-34.9216693
1749,2019-02-27 17:26:00,SEM VÍTIMA,AFOGADOS,RUA COSME VIANA,721,423.0,CIDADE,COLISÃO,1.0,1.0,1.0,1.0,1.0,2.0,1.0,1.0,1.0,0.0,1.0,Longo da via,Bom,Sem defeito,Perfeito estado,Seca,Perfeito estado,Não há placas,40 km/h,Dupla,"721, RUA COSME VIANA, Recife, Pernambuco, Brasil",-8.0709647,-34.9096802
9948,2019-11-07 13:46:00,SEM VÍTIMA,AFOGADOS,RUA SERTAOZINHO, ,423.0,CIDADE,COLISÃO,2.0,1.0,1.0,1.0,1.0,2.0,1.0,1.0,1.0,0.0,1.0,Longo da via,Bom,Sem defeito,Perfeito estado,Seca,Perfeito estado,Não há placas,40 km/h,Dupla," , RUA SERTAOZINHO, Recife, Pernambuco, Brasil",-8.2188805,-34.9326821
11001,2019-12-04 07:41:00,SEM VÍTIMA,AFOGADOS,AV SUL, ,423.0,CIDADE,ABALROAMENTO LONGITUDINAL,1.0,1.0,1.0,1.0,1.0,2.0,1.0,1.0,1.0,0.0,1.0,Longo da via,Bom,Não existe,Perfeito estado,Seca,Perfeito estado,Não há placas,40 km/h,Única," , AV SUL, Recife, Pernambuco, Brasil",-8.081145,-34.905034
6246,2019-07-20 09:07:00,SEM VÍTIMA,ALTO DO MANDU,RUA QUATRO DE MARCO, ,423.0,SUBURBIO,ABALROAMENTO LONGITUDINAL,1.0,1.0,1.0,1.0,1.0,2.0,1.0,1.0,1.0,0.0,1.0,Longo da via,Chuvoso,Não existe,Não existente,Molhada,Perfeito estado,Não há placas,40 km/h,Dupla," , RUA QUATRO DE MARCO, Recife, Pernambuco, Brasil",-8.0251035,-34.9280678
8898,2019-10-09 13:01:00,SEM VÍTIMA,ALTO DO MANDU,RUA MANDACARU, ,423.0,SUBURBIO,CHOQUE OBJETO FIXO,1.0,1.0,1.0,1.0,1.0,2.0,1.0,1.0,1.0,0.0,1.0,Longo da via,Chuvoso,Não existe,Não existente,Molhada,Perfeito estado,Não há placas,40 km/h,Dupla," , RUA MANDACARU, Recife, Pernambuco, Brasil",-8.0216096,-34.9274565
3289,2019-04-13 16:34:00,SEM VÍTIMA,ALTO DO MANDU,AV NORTE,6736,423.0,SUBURBIO,COLISÃO TRASEIRA,2.0,1.0,1.0,1.0,1.0,2.0,1.0,1.0,1.0,0.0,1.0,Longo da via,Bom,Não existe,Perfeito estado,Seca,Perfeito estado,Outras,40 km/h,Dupla,"6736, AV NORTE, Recife, Pernambuco, Brasil",-8.027844,-34.903102
10891,2019-12-02 07:31:00,SEM VÍTIMA,ALTO DO MANDU,RUA QUATRO DE MARCO,365,423.0,SUBURBIO,COLISÃO,1.0,1.0,1.0,1.0,1.0,1.0,1.0,1.0,1.0,0.0,1.0,Longo da via,Bom,Não existe,Perfeito estado,Seca,Perfeito estado,Outras,40 km/h,Dupla,"365, RUA QUATRO DE MARCO, Recife, Pernambuco, Brasil",-8.0229082,-34.9278961
8902,2019-10-09 14:04:00,SEM VÍTIMA,ALTO DO MANDU,RUA MANDACARU,485,423.0,SUBURBIO,CHOQUE OBJETO FIXO,1.0,1.0,1.0,1.0,1.0,1.0,1.0,1.0,1.0,0.0,1.0,Longo da via,Bom,Não existe,Não existente,Seca,Perfeito estado,Outras,30 km/h,Dupla,"485, RUA MANDACARU, Recife, Pernambuco, Brasil",-8.0215177,-34.9275245
10887,2019-12-02 07:03:00,SEM VÍTIMA,ALTO DO MANDU,RUA QUATRO DE MARCO,365,423.0,SUBURBIO,ABALROAMENTO LONGITUDINAL,1.0,1.0,1.0,1.0,1.0,1.0,1.0,1.0,1.0,0.0,1.0,Longo da via,Bom,Não existe,Não existente,Seca,Perfeito estado,Não há placas,30 km/h,Dupla,"365, RUA QUATRO DE MARCO, Recife, Pernambuco, Brasil",-8.0229082,-34.9278961
1725,2019-02-27 10:02:00,SEM VÍTIMA,ALTO DO MANDU,AV NORTE, ,423.0,SUBURBIO,COLISÃO,2.0,1.0,1.0,1.0,1.0,1.0,1.0,1.0,1.0,0.0,1.0,Longo da via,Bom,Não existe,Não existente,Seca,Perfeito estado,Não há placas,30 km/h,Dupla," , AV NORTE, Recife, Pernambuco, Brasil",-8.027844,-34.903102
3648,2019-04-25 18:38:00,COM VÍTIMA,ALTO DO MANDU,RUA SANTA IZABEL,206,423.0,SUBURBIO,ATROPELAMENTO,1.0,1.0,1.0,1.0,2.0,1.0,1.0,1.0,1.0,2.0,1.0,Longo da via,Bom,Não existe,Não existente,Seca,Perfeito estado,Não há placas,30 km/h,Dupla,"206, RUA SANTA IZABEL, Recife, Pernambuco, Brasil",-8.025878,-34.9278467
6843,2019-08-09 12:44:00,SEM VÍTIMA,ALTO DO MANDU,RUA MANDACARU,246,423.0,SUBURBIO,ABALROAMENTO TRANSVERSAL,1.0,1.0,1.0,1.0,2.0,1.0,1.0,1.0,1.0,0.0,1.0,Cruzamento,Bom,Não existe,Não existente,Seca,Perfeito estado,Não há placas,30 km/h,Dupla,"246, RUA MANDACARU, Recife, Pernambuco, Brasil",-8.0219053,-34.9293394
2170,2019-03-13 12:29:00,SEM VÍTIMA,ALTO DO MANDU,AV NORTE, ,423.0,SUBURBIO,ABALROAMENTO LONGITUDINAL,1.0,1.0,1.0,1.0,2.0,1.0,1.0,1.0,1.0,0.0,1.0,Longo da via,Bom,Sem defeito,Perfeito estado,Seca,Perfeito estado,Outras,30 km/h,Única," , AV NORTE, Recife, Pernambuco, Brasil",-8.027844,-34.903102
3476,2019-04-20 02:08:00,SEM VÍTIMA,ALTO DO MANDU,AV DR EURICO CHAVES,677,423.0,SUBURBIO,CHOQUE VEÍCULO PARADO,2.0,1.0,1.0,1.0,2.0,1.0,1.0,1.0,1.0,0.0,1.0,Longo da via,Chuvoso,Não existe,Perfeito estado,Seca,Perfeito estado,Não há placas,40 km/h,Dupla,"677, AV DR EURICO CHAVES, Recife, Pernambuco, Brasil",-8.027844,-34.903102
5770,2019-07-03 21:11:00,COM VÍTIMA,ALTO DO MANDU,AV DR EURICO CHAVES,270,423.0,CIDADE,ABALROAMENTO LONGITUDINAL,2.0,1.0,1.0,1.0,2.0,1.0,1.0,1.0,1.0,1.0,1.0,Longo da via,Chuvoso,Não existe,Perfeito estado,Molhada,Perfeito estado,R-6a,40 km/h,Única,"270, AV DR EURICO CHAVES, Recife, Pernambuco, Brasil",-8.027844,-34.903102
86,2019-01-04 15:56:00,SEM VÍTIMA,ALTO DO MANDU,RUA MANDACARU,472,423.0,CIDADE,COLISÃO,1.0,1.0,1.0,1.0,2.0,1.0,1.0,1.0,1.0,0.0,1.0,Longo da via,Chuvoso,Não existe,Perfeito estado,Molhada,Perfeito estado,R-6a,40 km/h,Única,"472, RUA MANDACARU, Recife, Pernambuco, Brasil",-8.021796,-34.9275707
6069,2019-07-14 01:55:00,SEM VÍTIMA,ALTO DO MANDU,RUA TRAMANDAI, ,423.0,CIDADE,CHOQUE VEÍCULO PARADO,2.0,1.0,1.0,1.0,2.0,1.0,1.0,1.0,1.0,0.0,1.0,Longo da via,Chuvoso,Não existe,Não existente,Molhada,Mal conservada,Não há placas,40 km/h,Única," , RUA TRAMANDAI, Recife, Pernambuco, Brasil",-8.0255066,-34.9282059
3490,2019-04-20 18:58:00,COM VÍTIMA,ALTO DO MANDU,RUA MASSARANDUBA,195,423.0,CIDADE,ATROPELAMENTO,2.0,1.0,1.0,1.0,2.0,1.0,1.0,1.0,1.0,2.0,1.0,Longo da via,Chuvoso,Não existe,Não existente,Molhada,Mal conservada,Não há placas,40 km/h,Única,"195, RUA MASSARANDUBA, Recife, Pernambuco, Brasil",-8.0207185,-34.9314058
5702,2019-07-01 15:42:00,COM VÍTIMA,ALTO JOSÉ BONIFÁCIO,RUA ALTO JOSE BONIFACIO,450,423.0,CIDADE,ABALROAMENTO LONGITUDINAL,2.0,1.0,1.0,1.0,2.0,1.0,1.0,1.0,1.0,1.0,1.0,Longo da via,Bom,Não existe,Perfeito estado,Seca,Perfeito estado,R-6a,40 km/h,Dupla,"450, RUA ALTO JOSE BONIFACIO, Recife, Pernambuco, Brasil",-8.1152657,-34.9629249
602,2019-01-23 18:09:00,SEM VÍTIMA,ALTO JOSÉ BONIFÁCIO,RUA CORREGO DO EUCLIDES,622,423.0,SUBURBIO,ABALROAMENTO LONGITUDINAL,1.0,1.0,1.0,1.0,2.0,1.0,1.0,1.0,1.0,0.0,1.0,Longo da via,Bom,Não existe,Perfeito estado,Seca,Perfeito estado,Não há placas,40 km/h,Dupla,"622, RUA CORREGO DO EUCLIDES, Recife, Pernambuco, Brasil",-8.0182872,-34.9115994
11445,2019-12-13 11:18:00,SEM VÍTIMA,ALTO JOSÉ BONIFÁCIO,RUA ARAXA,140,423.0,SUBURBIO,COLISÃO,1.0,1.0,1.0,1.0,2.0,1.0,1.0,1.0,1.0,0.0,1.0,Longo da via,Bom,Não existe,Perfeito estado,Seca,Perfeito estado,Não há placas,40 km/h,Dupla,"140, RUA ARAXA, Recife, Pernambuco, Brasil",-8.0182872,-34.9115994
9050,2019-10-14 05:00:00,SEM VÍTIMA,ALTO JOSÉ BONIFÁCIO,RUA ALTO JOSE BONIFACIO,247,423.0,SUBURBIO,CHOQUE,1.0,1.0,1.0,1.0,2.0,1.0,1.0,1.0,1.0,0.0,1.0,Longo da via,Bom,Não existe,Perfeito estado,Seca,Perfeito estado,Não há placas,40 km/h,Dupla,"247, RUA ALTO JOSE BONIFACIO, Recife, Pernambuco, Brasil",-8.1152657,-34.9629249
5361,2019-06-19 11:45:00,SEM VÍTIMA,ALTO JOSÉ BONIFÁCIO,RUA CORREGO DO EUCLIDES,1505,423.0,SUBURBIO,COLISÃO,1.0,1.0,1.0,1.0,2.0,1.0,1.0,1.0,1.0,0.0,1.0,Longo da via,Bom,Não existe,Perfeito estado,Seca,Perfeito estado,Não há placas,40 km/h,Dupla,"1505, RUA CORREGO DO EUCLIDES, Recife, Pernambuco, Brasil",-8.0182872,-34.9115994
5512,2019-06-25 15:47:00,COM VÍTIMA,ALTO JOSÉ BONIFÁCIO,RUA ALTO DA SERRINHA,7,423.0,SUBURBIO,ABALROAMENTO LONGITUDINAL,1.0,1.0,1.0,1.0,2.0,1.0,1.0,1.0,1.0,1.0,1.0,Esquina,Bom,Não existe,Ilegível,Seca,Perfeito estado,Placas Pare,40 km/h,Dupla,"7, RUA ALTO DA SERRINHA, Recife, Pernambuco, Brasil",-8.0125792,-34.9096142
6253,2019-07-20 16:16:00,SEM VÍTIMA,ALTO JOSÉ BONIFÁCIO,RUA CORREGO DO EUCLIDES, ,423.0,CIDADE,COLISÃO TRASEIRA,1.0,1.0,1.0,1.0,2.0,1.0,1.0,1.0,1.0,0.0,1.0,Esquina,Chuvoso,Não existe,Perfeito estado,Molhada,Perfeito estado,Não há placas,40 km/h,Dupla," , RUA CORREGO DO EUCLIDES, Recife, Pernambuco, Brasil",-8.0147678,-34.9145588
9213,2019-10-17 18:56:00,VÍTIMA FATAL,ALTO JOSÉ BONIFÁCIO,RUA ALTO DA SERRINHA,109,423.0,SUBURBIO,COLISÃO COM CICLISTA,1.0,1.0,1.0,1.0,2.0,1.0,1.0,1.0,1.0,0.0,1.0,Longo da via,Bom,Não existe,Não existente,Seca,Perfeito estado,Não há placas,40 km/h,Dupla,"109, RUA ALTO DA SERRINHA, Recife, Pernambuco, Brasil",-8.0125792,-34.9096142
10124,2019-11-11 17:55:00,SEM VÍTIMA,ALTO JOSÉ BONIFÁCIO,RUA ARLINDO CISNEIRO,175,423.0,SUBURBIO,COLISÃO,2.0,1.0,1.0,1.0,2.0,1.0,1.0,1.0,1.0,0.0,1.0,Longo da via,Bom,Não existe,Não existente,Seca,Perfeito estado,Não há placas,40 km/h,Dupla,"175, RUA ARLINDO CISNEIRO, Recife, Pernambuco, Brasil",-8.0125792,-34.9096142
2327,2019-03-17 19:47:00,COM VÍTIMA,ALTO JOSÉ BONIFÁCIO,RUA CORREGO DO EUCLIDES,127,423.0,SUBURBIO,COLISÃO FRONTAL,1.0,1.0,1.0,1.0,2.0,1.0,1.0,1.0,1.0,1.0,1.0,Outros,Bom,Não existe,Incompleta,Seca,Mal iluminada,Não há placas,30 km/h,Dupla,"127, RUA CORREGO DO EUCLIDES, Recife, Pernambuco, Brasil",-8.0182872,-34.9115994
1068,2019-02-08 12:09:00,SEM VÍTIMA,ALTO JOSÉ BONIFÁCIO,RUA ALTO JOSE BONIFACIO,818,423.0,CIDADE,ABALROAMENTO LONGITUDINAL,1.0,1.0,1.0,1.0,2.0,1.0,1.0,1.0,1.0,0.0,1.0,Longo da via,Bom,Não existe,Perfeito estado,Seca,Perfeito estado,Não há placas,30 km/h,Dupla,"818, RUA ALTO JOSE BONIFACIO, Recife, Pernambuco, Brasil",-8.1152657,-34.9629249
3731,2019-04-27 19:05:00,SEM VÍTIMA,ALTO JOSÉ BONIFÁCIO,RUA CORREGO DO EUCLIDES,322,423.0,CIDADE,ENGAVETAMENTO,2.0,1.0,1.0,1.0,2.0,1.0,1.0,1.0,1.0,0.0,1.0,Longo da via,Bom,Não existe,Não existente,Seca,Perfeito estado,Não há placas,30 km/h,Dupla,"322, RUA CORREGO DO EUCLIDES, Recife, Pernambuco, Brasil",-8.0182872,-34.9115994
6008,2019-07-11 22:57:00,SEM VÍTIMA,ALTO JOSÉ BONIFÁCIO,RUA SAO DOMINGOS SAVIO,322,423.0,CIDADE,CHOQUE VEÍCULO PARADO,1.0,1.0,1.0,1.0,2.0,1.0,1.0,1.0,1.0,0.0,1.0,Longo da via,Bom,Não existe,Ilegível,Seca,Mal iluminada,Não há placas,10 km/h,Dupla,"322, RUA SAO DOMINGOS SAVIO, Recife, Pernambuco, Brasil",-8.0178424,-34.9115075
2304,2019-03-16 17:44:00,SEM VÍTIMA,ALTO JOSÉ BONIFÁCIO,RUA ALTO DA SERRINHA, ,423.0,SUBURBIO,ABALROAMENTO LONGITUDINAL,1.0,1.0,1.0,1.0,2.0,1.0,1.0,1.0,1.0,0.0,1.0,Longo da via,Bom,Não existe,Perfeito estado,Seca,Perfeito estado,Não há placas,40 km/h,Dupla," , RUA ALTO DA SERRINHA, Recife, Pernambuco, Brasil",-8.0130268,-34.911142