,data_hora,natureza_acidente,bairro,endereco,numero,num_semaforo,sentido_via,tipo,auto,moto,ciclom,ciclista,pedestre,onibus,caminhao,viatura,outros,vitimas,vitimasfatais,acidente_verificado,tempo_clima,situacao_semaforo,sinalizacao,condicao_via,conservacao_via,situacao_placa,velocidade_max_via,mao_direcao,end,latitude,longitude
7538,2019-08-31 17:02:00,SEM VÍTIMA,ALTO JOSÉ BONIFÁCIO,RUA ALTO JOSE BONIFACIO, ,423.0,SUBURBIO,COLISÃO,2.0,1.0,1.0,1.0,2.0,1.0,1.0,1.0,1.0,0.0,1.0,Longo da via,Bom,Não existe,Perfeito estado,Seca,Perfeito estado,Não há placas,40 km/h,Dupla," , RUA ALTO JOSE BONIFACIO, Recife, Pernambuco, Brasil",-8.0181195,-34.9116089
7841,2019-09-10 10:47:00,SEM VÍTIMA,ALTO JOSÉ BONIFÁCIO,RUA ALTO JOSE BONIFACIO,1026,423.0,SUBURBIO,ABALROAMENTO LONGITUDINAL,2.0,1.0,1.0,1.0,2.0,1.0,1.0,1.0,1.0,0.0,1.0,Longo da via,Bom,Não existe,Perfeito estado,Seca,Perfeito estado,Outras,40 km/h,Dupla,"1026, RUA ALTO JOSE BONIFACIO, Recife, Pernambuco, Brasil",-8.1152657,-34.9629249
168,2019-01-07 21:35:00,COM VÍTIMA,ALTO JOSÉ BONIFÁCIO,RUA CORREGO DO EUCLIDES,765,423.0,SUBURBIO,ABALROAMENTO TRANSVERSAL,1.0,1.0,1.0,1.0,2.0,1.0,1.0,1.0,1.0,1.0,1.0,Longo da via,Bom,Não existe,Incompleta,Seca,Perfeito estado,Outras,40 km/h,Dupla,"765, RUA CORREGO DO EUCLIDES, Recife, Pernambuco, Brasil",-8.0182872,-34.9115994
11773,2019-12-21 12:12:00,SEM VÍTIMA,ALTO JOSÉ BONIFÁCIO,RUA ALTO JOSE BONIFACIO,682,423.0,SUBURBIO,COLISÃO FRONTAL,1.0,1.0,1.0,1.0,2.0,1.0,1.0,1.0,1.0,0.0,1.0,Longo da via,Chuvoso,Não existe,Não existente,Molhada,Perfeito estado,Não há placas,40 km/h,Dupla,"682, RUA ALTO JOSE BONIFACIO, Recife, Pernambuco, Brasil",-8.1152657,-34.9629249
8301,2019-09-23 11:46:00,SEM VÍTIMA,ALTO JOSÉ BONIFÁCIO,1TR ALTO DA SERRINHA,S/N,423.0,SUBURBIO,COLISÃO,1.0,1.0,1.0,1.0,2.0,1.0,1.0,1.0,1.0,0.0,1.0,Longo da via,Chuvoso,Não existe,Não existente,Molhada,Perfeito estado,Não há placas,40 km/h,Dupla,"S/N, 1TR ALTO DA SERRINHA, Recife, Pernambuco, Brasil",-8.1152657,-34.9629249
7051,2019-08-15 18:52:00,SEM VÍTIMA,ALTO JOSÉ BONIFÁCIO,RUA ARLINDO CISNEIRO,108,423.0,SUBURBIO,ENGAVETAMENTO,3.0,1.0,1.0,1.0,2.0,1.0,1.0,1.0,1.0,0.0,1.0,Longo da via,Chuvoso,Não existe,Não existente,Molhada,Perfeito estado,Não há placas,40 km/h,Dupla,"108, RUA ARLINDO CISNEIRO, Recife, Pernambuco, Brasil",-8.1152657,-34.9629249
11925,2019-12-26 11:50:00,SEM VÍTIMA,ALTO JOSÉ BONIFÁCIO,RUA CORREGO DO EUCLIDES,140,423.0,SUBURBIO,ABALROAMENTO TRANSVERSAL,2.0,1.0,1.0,1.0,2.0,1.0,1.0,1.0,1.0,0.0,1.0,Cruzamento,Bom,Sem defeito,Perfeito estado,Seca,Perfeito estado,R-4a,40 km/h,Dupla,"140, RUA CORREGO DO EUCLIDES, Recife, Pernambuco, Brasil",-8.0182872,-34.9115994
4274,2019-05-15 18:58:00,SEM VÍTIMA,ALTO JOSÉ DO PINHO,RUA MONTE HOREB,190,423.0,SUBURBIO,ABALROAMENTO LONGITUDINAL,2.0,1.0,1.0,1.0,2.0,1.0,1.0,1.0,1.0,0.0,1.0,Longo da via,Bom,Não existe,Perfeito estado,Seca,Perfeito estado,R-6c,30 km/h,Dupla,"190, RUA MONTE HOREB, Recife, Pernambuco, Brasil",-8.0242709,-34.9071385
9720,2019-11-01 07:45:00,COM VÍTIMA,ALTO JOSÉ DO PINHO,AV NORTE,S/N,96.0,SUBURBIO,COLISÃO TRASEIRA,1.0,1.0,1.0,1.0,2.0,1.0,1.0,1.0,1.0,1.0,1.0,Cruzamento,Bom,Sem defeito,Perfeito estado,Seca,Perfeito estado,Outras,60 km/h,Dupla,"S/N, AV NORTE, Recife, Pernambuco, Brasil",-8.027844,-34.903102
1831,2019-03-01 16:26:00,SEM VÍTIMA,ALTO JOSÉ DO PINHO,RUA ACAIACA,70,96.0,SUBURBIO,CHOQUE VEÍCULO PARADO,1.0,1.0,1.0,1.0,2.0,1.0,1.0,1.0,1.0,0.0,1.0,Longo da via,Bom,Não existe,Não existente,Seca,Mal conservada,Não há placas,60 km/h,Dupla,"70, RUA ACAIACA, Recife, Pernambuco, Brasil",-8.0219147,-34.908742836437945
6085,2019-07-14 21:51:00,SEM VÍTIMA,ALTO JOSÉ DO PINHO,RUA HORACIO SILVA,200,96.0,SUBURBIO,COLISÃO FRONTAL,2.0,1.0,1.0,1.0,2.0,1.0,1.0,1.0,1.0,0.0,1.0,Cruzamento,Chuvoso,Não existe,Perfeito estado,Molhada,Perfeito estado,R-6c,30 km/h,Dupla,"200, RUA HORACIO SILVA, Recife, Pernambuco, Brasil",-8.0227304,-34.9072767
290,2019-01-11 16:17:00,COM VÍTIMA,ALTO JOSÉ DO PINHO,COR DO BARTOLOMEU,133,96.0,SUBURBIO,ABALROAMENTO LONGITUDINAL,1.0,1.0,1.0,1.0,2.0,1.0,1.0,1.0,1.0,2.0,1.0,Esquina,Bom,Não existe,Perfeito estado,Seca,Perfeito estado,Placas Pare,30 km/h,Dupla,"133, COR DO BARTOLOMEU, Recife, Pernambuco, Brasil",-8.0227304,-34.9072767
4272,2019-05-15 18:18:00,SEM VÍTIMA,ALTO JOSÉ DO PINHO,RUA SEVERINO BERNARDINO PEREIRA,398,96.0,SUBURBIO,ABALROAMENTO LONGITUDINAL,1.0,1.0,1.0,1.0,2.0,1.0,1.0,1.0,1.0,0.0,1.0,Longo da via,Bom,Não existe,Incompleta,Seca,Perfeito estado,Outras,30 km/h,Dupla,"398, RUA SEVERINO BERNARDINO PEREIRA, Recife, Pernambuco, Brasil",-8.0225594,-34.9056397
8138,2019-09-18 10:56:00,SEM VÍTIMA,ALTO JOSÉ DO PINHO,COR DO BARTOLOMEU,559,96.0,SUBURBIO,ABALROAMENTO LONGITUDINAL,2.0,1.0,1.0,1.0,2.0,1.0,1.0,1.0,1.0,0.0,1.0,Longo da via,Bom,Não existe,Perfeito estado,Seca,Perfeito estado,R-6a,30 km/h,Dupla,"559, COR DO BARTOLOMEU, Recife, Pernambuco, Brasil",-8.0225594,-34.9056397
6127,2019-07-16 14:55:00,SEM VÍTIMA,ALTO JOSÉ DO PINHO,AV NORTE, ,96.0,SUBURBIO,COLISÃO TRASEIRA,1.0,1.0,1.0,1.0,2.0,1.0,1.0,1.0,1.0,0.0,1.0,Longo da via,Bom,Não existe,Perfeito estado,Seca,Perfeito estado,Não há placas,60 km/h,Dupla," , AV NORTE, Recife, Pernambuco, Brasil",-8.027844,-34.903102
11210,2019-12-08 09:32:00,COM VÍTIMA,ALTO JOSÉ DO PINHO,COR DO BARTOLOMEU,170,96.0,SUBURBIO,ABALROAMENTO LONGITUDINAL,1.0,1.0,1.0,1.0,2.0,1.0,1.0,1.0,1.0,1.0,1.0,Longo da via,Bom,Não existe,Perfeito estado,Seca,Perfeito estado,Não há placas,60 km/h,Dupla,"170, COR DO BARTOLOMEU, Recife, Pernambuco, Brasil",-8.027844,-34.903102
8256,2019-09-21 13:30:00,SEM VÍTIMA,ALTO JOSÉ DO PINHO,RUA HORACIO SILVA,390,96.0,SUBURBIO,CHOQUE VEÍCULO PARADO,2.0,1.0,1.0,1.0,2.0,1.0,1.0,1.0,1.0,0.0,1.0,Longo da via,Bom,Não existe,Perfeito estado,Seca,Perfeito estado,Não há placas,60 km/h,Dupla,"390, RUA HORACIO SILVA, Recife, Pernambuco, Brasil",-8.0227304,-34.9072767
3283,2019-04-13 14:42:00,SEM VÍTIMA,ALTO JOSÉ DO PINHO,RUA SEVERINO BERNARDINO PEREIRA, ,96.0,CIDADE,ABALROAMENTO LONGITUDINAL,1.0,1.0,1.0,1.0,2.0,1.0,1.0,1.0,1.0,0.0,1.0,Longo da via,Bom,Não existe,Não existente,Seca,Perfeito estado,Não há placas,60 km/h,Dupla," , RUA SEVERINO BERNARDINO PEREIRA, Recife, Pernambuco, Brasil",-8.0228658,-34.9047608
2209,2019-03-14 13:23:00,COM VÍTIMA,ALTO SANTA TERESINHA,AV ANIBAL BENEVOLO,533,96.0,CIDADE,COLISÃO FRONTAL,1.0,1.0,1.0,1.0,2.0,1.0,1.0,1.0,1.0,1.0,1.0,Longo da via,Bom,Não existe,Não existente,Seca,Perfeito estado,Não há placas,30 km/h,Dupla,"533, AV ANIBAL BENEVOLO, Recife, Pernambuco, Brasil",-8.0095337,-34.8973642
7341,2019-08-24 17:18:00,SEM VÍTIMA,ALTO SANTA TERESINHA,AV ANIBAL BENEVOLO,47,96.0,SUBURBIO,ABALROAMENTO LONGITUDINAL,1.0,1.0,1.0,1.0,2.0,1.0,1.0,1.0,1.0,0.0,1.0,Longo da via,Chuvoso,Não existe,Perfeito estado,Molhada,Perfeito estado,Outras,30 km/h,Dupla,"47, AV ANIBAL BENEVOLO, Recife, Pernambuco, Brasil",-8.0095337,-34.8973642
6807,2019-08-08 13:32:00,SEM VÍTIMA,ALTO SANTA TERESINHA,RUA TAMBOARA,785,96.0,SUBURBIO,COLISÃO,1.0,1.0,1.0,1.0,2.0,1.0,1.0,1.0,1.0,0.0,1.0,Longo da via,Chuvoso,Não existe,Perfeito estado,Molhada,Perfeito estado,Outras,30 km/h,Dupla,"785, RUA TAMBOARA, Recife, Pernambuco, Brasil",-8.0177145,-34.9056869
5335,2019-06-18 16:23:00,SEM VÍTIMA,ALTO SANTA TERESINHA,RUA ALTO BRASIL,581,96.0,SUBURBIO,ABALROAMENTO LONGITUDINAL,1.0,1.0,1.0,1.0,2.0,1.0,1.0,1.0,1.0,0.0,1.0,Longo da via,Bom,Não existe,Não existente,Seca,Perfeito estado,Não há placas,30 km/h,Dupla,"581, RUA ALTO BRASIL, Recife, Pernambuco, Brasil",-8.0157068,-34.9084922
5659,2019-06-29 20:46:00,SEM VÍTIMA,ALTO SANTA TERESINHA,AV ANIBAL BENEVOLO,1409,96.0,SUBURBIO,ABALROAMENTO LONGITUDINAL,1.0,1.0,1.0,1.0,2.0,1.0,1.0,1.0,1.0,0.0,1.0,Longo da via,Bom,Não existe,Perfeito estado,Seca,Perfeito estado,R-6a,30 km/h,Dupla,"1409, AV ANIBAL BENEVOLO, Recife, Pernambuco, Brasil",-8.0095337,-34.8973642
10657,2019-11-25 20:42:00,SEM VÍTIMA,ALTO SANTA TERESINHA,TRV TAMBOARA,540,96.0,SUBURBIO,COLISÃO,1.0,2.0,1.0,1.0,2.0,1.0,1.0,1.0,1.0,0.0,1.0,Longo da via,Bom,Não existe,Perfeito estado,Seca,Perfeito estado,R-6a,30 km/h,Dupla,"540, TRV TAMBOARA, Recife, Pernambuco, Brasil",-8.0095337,-34.8973642
7060,2019-08-15 21:47:00,SEM VÍTIMA,ALTO SANTA TERESINHA,RUA TAMBOARA,977,96.0,CIDADE,ABALROAMENTO LONGITUDINAL,1.0,2.0,1.0,1.0,2.0,1.0,1.0,1.0,1.0,0.0,1.0,Longo da via,Chuvoso,Não existe,Não existente,Molhada,Perfeito estado,Não há placas,40 km/h,Dupla,"977, RUA TAMBOARA, Recife, Pernambuco, Brasil",-8.0177145,-34.9056869
2830,2019-03-31 12:26:00,SEM VÍTIMA,ALTO SANTA TERESINHA,RUA TAMBOARA,567,96.0,SUBURBIO,CHOQUE VEÍCULO PARADO,2.0,1.0,1.0,1.0,2.0,1.0,1.0,1.0,1.0,0.0,1.0,Longo da via,Bom,Não existe,Incompleta,Seca,Perfeito estado,Não há placas,40 km/h,Dupla,"567, RUA TAMBOARA, Recife, Pernambuco, Brasil",-8.0177145,-34.9056869
10083,2019-11-10 19:47:00,SEM VÍTIMA,ALTO SANTA TERESINHA,RUA TAMBOARA,899,96.0,SUBURBIO,COLISÃO,2.0,1.0,1.0,1.0,2.0,1.0,1.0,1.0,1.0,0.0,1.0,Longo da via,Bom,Não existe,Incompleta,Seca,Perfeito estado,Não há placas,40 km/h,Dupla,"899, RUA TAMBOARA, Recife, Pernambuco, Brasil",-8.0177145,-34.9056869
10069,2019-11-10 09:28:00,COM VÍTIMA,ALTO SANTA TERESINHA,AV ANIBAL BENEVOLO,1890,96.0,SUBURBIO,ATROPELAMENTO,2.0,1.0,1.0,1.0,1.0,1.0,1.0,1.0,1.0,1.0,1.0,Longo da via,Bom,Não existe,Incompleta,Seca,Perfeito estado,Outras,40 km/h,Dupla,"1890, AV ANIBAL BENEVOLO, Recife, Pernambuco, Brasil",-8.0095337,-34.8973642
1877,2019-03-02 21:18:00,SEM VÍTIMA,ALTO SANTA TERESINHA,RUA TAMBOARA,290,96.0,CIDADE,CHOQUE VEÍCULO PARADO,1.0,1.0,1.0,1.0,1.0,1.0,1.0,1.0,1.0,0.0,1.0,Longo da via,Bom,Não existe,Incompleta,Seca,Perfeito estado,Outras,40 km/h,Dupla,"290, RUA TAMBOARA, Recife, Pernambuco, Brasil",-8.0177145,-34.9056869
7414,2019-08-27 16:26:00,SEM VÍTIMA,ALTO SANTA TERESINHA,RUA CORREGO JOSE GRANDE, ,96.0,CIDADE,COLISÃO,1.0,1.0,1.0,1.0,1.0,1.0,1.0,1.0,1.0,0.0,1.0,Longo da via,Bom,Não existe,Incompleta,Seca,Perfeito estado,Outras,40 km/h,Dupla," , RUA CORREGO JOSE GRANDE, Recife, Pernambuco, Brasil",-8.0143043,-34.9094211
4302,2019-05-16 17:41:00,SEM VÍTIMA,ALTO SANTA TERESINHA,AV ANIBAL BENEVOLO,732,96.0,SUBURBIO,ABALROAMENTO LONGITUDINAL,1.0,1.0,1.0,1.0,1.0,1.0,1.0,1.0,1.0,0.0,1.0,Longo da via,Bom,Não existe,Incompleta,Seca,Perfeito estado,Não há placas,40 km/h,Dupla,"732, AV ANIBAL BENEVOLO, Recife, Pernambuco, Brasil",-8.0095337,-34.8973642
6428,2019-07-27 12:26:00,SEM VÍTIMA,ALTO SANTA TERESINHA,RUA TAMBOARA,654,96.0,SUBURBIO,COLISÃO,1.0,1.0,1.0,1.0,1.0,1.0,1.0,1.0,1.0,0.0,1.0,Longo da via,Bom,Não existe,Incompleta,Seca,Perfeito estado,Não há placas,40 km/h,Dupla,"654, RUA TAMBOARA, Recife, Pernambuco, Brasil",-8.0177145,-34.9056869
10779,2019-11-29 07:44:00,COM VÍTIMA,APIPUCOS,RUA DE APIPUCOS, ,96.0,CIDADE,ABALROAMENTO TRANSVERSAL,1.0,1.0,1.0,1.0,1.0,1.0,1.0,1.0,1.0,1.0,1.0,Longo da via,Bom,Não existe,Perfeito estado,Seca,Perfeito estado,Placas Pare,40 km/h,Dupla," , RUA DE APIPUCOS, Recife, Pernambuco, Brasil",-8.0223756,-34.9312428
10509,2019-11-21 19:44:00,SEM VÍTIMA,APIPUCOS,RUA CAETES,600,96.0,SUBURBIO,ABALROAMENTO LONGITUDINAL,2.0,1.0,1.0,1.0,1.0,1.0,1.0,1.0,1.0,0.0,1.0,Longo da via,Bom,Não existe,Não existente,Seca,Mal iluminada,Não há placas,40 km/h,Dupla,"600, RUA CAETES, Recife, Pernambuco, Brasil",-8.1831643,-34.9237536
11334,2019-12-11 09:34:00,COM VÍTIMA,APIPUCOS,RUA DE APIPUCOS, ,500.0,CIDADE,COLISÃO TRASEIRA,1.0,1.0,1.0,1.0,1.0,1.0,1.0,1.0,1.0,1.0,1.0,Longo da via,Bom,Sem defeito,Perfeito estado,Seca,Perfeito estado,R-6a,40 km/h,Dupla," , RUA DE APIPUCOS, Recife, Pernambuco, Brasil",-8.0223756,-34.9312428
3674,2019-04-26 14:31:00,SEM VÍTIMA,APIPUCOS,RUA DE APIPUCOS, ,248.0,SUBURBIO,COLISÃO TRASEIRA,2.0,1.0,1.0,1.0,1.0,1.0,1.0,1.0,1.0,0.0,1.0,Longo da via,Bom,Sem defeito,Perfeito estado,Seca,Perfeito estado,R-6a,40 km/h,Dupla," , RUA DE APIPUCOS, Recife, Pernambuco, Brasil",-8.0223756,-34.9312428
873,2019-02-02 10:18:00,SEM VÍTIMA,APIPUCOS,RUA DE APIPUCOS,1222,248.0,CIDADE,CHOQUE OBJETO FIXO,2.0,1.0,1.0,1.0,1.0,1.0,1.0,1.0,1.0,0.0,1.0,Longo da via,Bom,Sem defeito,Perfeito estado,Seca,Perfeito estado,Outras,40 km/h,Dupla,"1222, RUA DE APIPUCOS, Recife, Pernambuco, Brasil",-8.02114,-34.9342003
10518,2019-11-22 06:39:00,SEM VÍTIMA,APIPUCOS,RUA CORONEL JOAO BATISTA DO REGO BARROS,195,248.0,SUBURBIO,COLISÃO FRONTAL,1.0,1.0,1.0,1.0,1.0,1.0,1.0,1.0,1.0,0.0,1.0,Longo da via,Bom,Não existe,Perfeito estado,Seca,Perfeito estado,Não há placas,40 km/h,Dupla,"195, RUA CORONEL JOAO BATISTA DO REGO BARROS, Recife, Pernambuco, Brasil",-8.0173833,-34.9317852
6223,2019-07-19 12:23:00,SEM VÍTIMA,APIPUCOS,RUA CORONEL JOAO BATISTA DO REGO BARROS,581,248.0,SUBURBIO,COLISÃO TRASEIRA,2.0,1.0,1.0,1.0,1.0,1.0,1.0,1.0,1.0,0.0,1.0,Longo da via,Chuvoso,Não existe,Perfeito estado,Molhada,Perfeito estado,R-28,30 km/h,Dupla,"581, nan, Recife, Pernambuco, Brasil",-8.0584933,-34.8848193
3748,2019-04-28 10:19:00,SEM VÍTIMA,APIPUCOS,RUA DE APIPUCOS, ,248.0,SUBURBIO,ABALROAMENTO LONGITUDINAL,1.0,1.0,1.0,1.0,1.0,1.0,1.0,1.0,1.0,0.0,1.0,Longo da via,Bom,Sem defeito,Perfeito estado,Seca,Perfeito estado,R-28,60 km/h,Dupla," , RUA DE APIPUCOS, Recife, Pernambuco, Brasil",-8.0223756,-34.9312428
9875,2019-11-05 15:33:00,SEM VÍTIMA,APIPUCOS,RUA DE APIPUCOS, ,248.0,CIDADE,ABALROAMENTO LONGITUDINAL,2.0,1.0,1.0,1.0,1.0,1.0,1.0,1.0,1.0,0.0,1.0,Longo da via,Bom,Não existe,Perfeito estado,Seca,Perfeito estado,Não há placas,60 km/h,Dupla," , RUA DE APIPUCOS, Recife, Pernambuco, Brasil",-8.0223756,-34.9312428
506,2019-01-21 08:42:00,COM VÍTIMA,APIPUCOS,AV DEZESSETE DE AGOSTO,685,248.0,SUBURBIO,ABALROAMENTO LONGITUDINAL,1.0,1.0,1.0,1.0,1.0,1.0,1.0,1.0,1.0,1.0,1.0,Longo da via,Bom,Não existe,Perfeito estado,Seca,Perfeito estado,R-6a,60 km/h,Dupla,"685, AV DEZESSETE DE AGOSTO, Recife, Pernambuco, Brasil",-8.0373612,-34.9148676
6582,2019-08-01 16:25:00,SEM VÍTIMA,APIPUCOS,RUA DE APIPUCOS, ,248.0,SUBURBIO,ABALROAMENTO TRANSVERSAL,3.0,1.0,1.0,1.0,1.0,1.0,1.0,1.0,1.0,0.0,1.0,Longo da via,Bom,Sem defeito,Perfeito estado,Seca,Perfeito estado,Não há placas,60 km/h,Dupla," , RUA DE APIPUCOS, Recife, Pernambuco, Brasil",-8.0223756,-34.9312428
2777,2019-03-29 15:24:00,SEM VÍTIMA,APIPUCOS,RUA DE APIPUCOS,685,248.0,CIDADE,COLISÃO TRASEIRA,3.0,1.0,1.0,1.0,1.0,1.0,1.0,1.0,1.0,0.0,1.0,Longo da via,Bom,Não existe,Perfeito estado,Seca,Perfeito estado,R-6a,60 km/h,Dupla,"685, RUA DE APIPUCOS, Recife, Pernambuco, Brasil",-8.02114,-34.9342003
10241,2019-11-14 11:31:00,SEM VÍTIMA,APIPUCOS,RUA CAETES,404,248.0,SUBURBIO,CHOQUE VEÍCULO PARADO,2.0,1.0,1.0,1.0,1.0,1.0,1.0,1.0,1.0,0.0,1.0,Longo da via,Bom,Não existe,Perfeito estado,Seca,Perfeito estado,R-6a,60 km/h,Dupla,"404, RUA CAETES, Recife, Pernambuco, Brasil",-8.1831643,-34.9237536
10232,2019-11-14 09:19:00,SEM VÍTIMA,APIPUCOS,RUA DE APIPUCOS, ,248.0,SUBURBIO,COLISÃO,1.0,1.0,1.0,1.0,1.0,1.0,1.0,1.0,1.0,0.0,1.0,Longo da via,Bom,Não existe,Perfeito estado,Seca,Perfeito estado,R-6a,60 km/h,Dupla," , RUA DE APIPUCOS, Recife, Pernambuco, Brasil",-8.0223756,-34.9312428
4787,2019-06-01 14:35:00,COM VÍTIMA,APIPUCOS,RUA DOIS IRMAOS,371,535.0,CIDADE,COLISÃO TRASEIRA,1.0,1.0,1.0,1.0,1.0,1.0,1.0,1.0,1.0,1.0,1.0,Longo da via,Bom,Sem defeito,Perfeito estado,Seca,Perfeito estado,R-6a,60 km/h,Dupla,"371, RUA DOIS IRMAOS, Recife, Pernambuco, Brasil",-8.0205545,-34.9395043
119,2019-01-05 15:59:00,SEM VÍTIMA,APIPUCOS,RUA DOIS IRMAOS, ,416.0,CIDADE,ABALROAMENTO LONGITUDINAL,1.0,1.0,1.0,1.0,1.0,1.0,1.0,1.0,1.0,0.0,1.0,Cruzamento,Bom,Sem defeito,Perfeito estado,Seca,Perfeito estado,Outras,60 km/h,Dupla," , RUA DOIS IRMAOS, Recife, Pernambuco, Brasil",-8.016803,-34.9409974
10905,2019-12-02 11:23:00,SEM VÍTIMA,APIPUCOS,RUA DE APIPUCOS, ,540.0,CIDADE,COLISÃO TRASEIRA,3.0,1.0,1.0,1.0,1.0,1.0,1.0,1.0,1.0,0.0,1.0,Longo da via,Bom,Sem defeito,Perfeito estado,Seca,Perfeito estado,Outras,60 km/h,Dupla," , RUA DE APIPUCOS, Recife, Pernambuco, Brasil",-8.0223756,-34.9312428
8608,2019-10-02 06:52:00,COM VÍTIMA,APIPUCOS,RUA DE APIPUCOS,193,540.0,CIDADE,ABALROAMENTO TRANSVERSAL,1.0,1.0,1.0,1.0,1.0,1.0,1.0,1.0,1.0,1.0,1.0,Longo da via,Bom,Não existe,Incompleta,Seca,Perfeito estado,R-6a,60 km/h,Dupla,"193, RUA DE APIPUCOS, Recife, Pernambuco, Brasil",-8.0263516,-34.9302329
8609,2019-10-02 07:03:00,COM VÍTIMA,APIPUCOS,RUA DE APIPUCOS,1230,248.0,SUBURBIO,ATROPELAMENTO,1.0,1.0,1.0,1.0,1.0,1.0,1.0,1.0,1.0,1.0,1.0,Longo da via,Bom,Sem defeito,Perfeito estado,Seca,Perfeito estado,Outras,60 km/h,Dupla,"1230, RUA DE APIPUCOS, Recife, Pernambuco, Brasil",-8.02114,-34.9342003
7288,2019-08-22 21:34:00,SEM VÍTIMA,APIPUCOS,RUA DE APIPUCOS, ,248.0,SUBURBIO,CHOQUE OBJETO FIXO,1.0,1.0,1.0,1.0,1.0,1.0,1.0,1.0,1.0,0.0,1.0,Longo da via,Bom,Sem defeito,Perfeito estado,Seca,Perfeito estado,Outras,60 km/h,Dupla," , RUA DE APIPUCOS, Recife, Pernambuco, Brasil",-8.0223756,-34.9312428
8642,2019-10-03 07:40:00,SEM VÍTIMA,APIPUCOS,RUA DE APIPUCOS, ,500.0,CIDADE,ABALROAMENTO LONGITUDINAL,1.0,1.0,1.0,1.0,1.0,1.0,1.0,1.0,1.0,0.0,1.0,Longo da via,Bom,Sem defeito,Perfeito estado,Seca,Perfeito estado,R-6a,60 km/h,Dupla," , RUA DE APIPUCOS, Recife, Pernambuco, Brasil",-8.0223756,-34.9312428
7981,2019-09-13 17:45:00,SEM VÍTIMA,APIPUCOS,RUA CORONEL JOAO BATISTA DO REGO BARROS, ,540.0,CIDADE,COLISÃO TRASEIRA,2.0,1.0,1.0,1.0,1.0,1.0,1.0,1.0,1.0,0.0,1.0,Longo da via,Bom,Sem defeito,Perfeito estado,Seca,Perfeito estado,Não há placas,60 km/h,Dupla," , RUA CORONEL JOAO BATISTA DO REGO BARROS, Recife, Pernambuco, Brasil",-8.0175502,-34.9321869
11820,2019-12-23 06:38:00,SEM VÍTIMA,APIPUCOS,RUA DE APIPUCOS,316,540.0,CIDADE,ABALROAMENTO LONGITUDINAL,1.0,1.0,1.0,1.0,1.0,1.0,1.0,1.0,1.0,0.0,1.0,Longo da via,Bom,Não existe,Perfeito estado,Seca,Perfeito estado,Outras,60 km/h,Dupla,"316, RUA DE APIPUCOS, Recife, Pernambuco, Brasil",-8.02114,-34.9342003
8654,2019-10-03 12:38:00,COM VÍTIMA,APIPUCOS,RUA DOIS IRMAOS,484,416.0,SUBURBIO,COLISÃO FRONTAL,4.0,1.0,1.0,1.0,1.0,1.0,1.0,1.0,1.0,1.0,1.0,Longo da via,Bom,Não existe,Perfeito estado,Seca,Perfeito estado,Não há placas,40 km/h,Dupla,"484, RUA DOIS IRMAOS, Recife, Pernambuco, Brasil",-7.9709745,-34.852805
5812,2019-07-04 21:13:00,SEM VÍTIMA,APIPUCOS,RUA DOIS IRMAOS, ,416.0,SUBURBIO,ABALROAMENTO LONGITUDINAL,1.0,1.0,1.0,1.0,1.0,1.0,1.0,1.0,1.0,0.0,1.0,Longo da via,Bom,Não existe,Perfeito estado,Seca,Perfeito estado,Não há placas,60 km/h,Dupla," , RUA DOIS IRMAOS, Recife, Pernambuco, Brasil",-8.016803,-34.9409974
10061,2019-11-09 21:07:00,COM VÍTIMA,APIPUCOS,RUA MANDACARU,371,371.0,SUBURBIO,ABALROAMENTO LONGITUDINAL,1.0,1.0,1.0,1.0,1.0,1.0,1.0,1.0,1.0,1.0,1.0,Longo da via,Bom,Não existe,Incompleta,Seca,Mal conservada,Não há placas,60 km/h,Dupla,"371, RUA MANDACARU, Recife, Pernambuco, Brasil",-8.0216096,-34.9274565
655,2019-01-25 18:39:00,COM VÍTIMA,APIPUCOS,RUA DE APIPUCOS,452,371.0,SUBURBIO,ABALROAMENTO TRANSVERSAL,1.0,1.0,1.0,1.0,1.0,1.0,1.0,1.0,1.0,1.0,1.0,Longo da via,Bom,Não existe,Perfeito estado,Seca,Perfeito estado,Não há placas,60 km/h,Dupla,"452, RUA DE APIPUCOS, Recife, Pernambuco, Brasil",-8.0240705,-34.9302351
7816,2019-09-09 17:21:00,SEM VÍTIMA,APIPUCOS,AV DEZESSETE DE AGOSTO, ,371.0,SUBURBIO,COLISÃO,1.0,1.0,1.0,1.0,1.0,1.0,1.0,1.0,1.0,0.0,1.0,Longo da via,Bom,Não existe,Perfeito estado,Seca,Perfeito estado,Não há placas,60 km/h,Dupla," , AV DEZESSETE DE AGOSTO, Recife, Pernambuco, Brasil",-8.0332267,-34.9105754
5627,2019-06-28 18:28:00,SEM VÍTIMA,APIPUCOS,RUA DOIS IRMAOS,447,371.0,SUBURBIO,ABALROAMENTO TRANSVERSAL,2.0,1.0,1.0,1.0,1.0,1.0,1.0,1.0,1.0,0.0,1.0,Longo da via,Bom,Não existe,Perfeito estado,Seca,Mal iluminada,Não há placas,60 km/h,Dupla,"447, RUA DOIS IRMAOS, Recife, Pernambuco, Brasil",-8.0203351,-34.9399961