,data_hora,natureza_acidente,bairro,endereco,numero,num_semaforo,sentido_via,tipo,auto,moto,ciclom,ciclista,pedestre,onibus,caminhao,viatura,outros,vitimas,vitimasfatais,acidente_verificado,tempo_clima,situacao_semaforo,sinalizacao,condicao_via,conservacao_via,situacao_placa,velocidade_max_via,mao_direcao,end,latitude,longitude
11393,2019-12-12 11:17:00,SEM VÍTIMA,AREIAS,AV DR JOSE RUFINO,1807,617.0,CIDADE,COLISÃO TRASEIRA,1.0,1.0,1.0,1.0,1.0,1.0,1.0,1.0,1.0,0.0,1.0,Longo da via,Bom,Não existe,Perfeito estado,Seca,Perfeito estado,R-6a,60 km/h,Dupla,"1807, AV DR JOSE RUFINO, Recife, Pernambuco, Brasil",-8.0846575,-34.9321359
1111,2019-02-09 19:30:00,SEM VÍTIMA,AREIAS,AV RECIFE, ,236.0,SUBURBIO,ABALROAMENTO LONGITUDINAL,1.0,1.0,1.0,1.0,1.0,1.0,1.0,1.0,1.0,0.0,1.0,Longo da via,Bom,Sem defeito,Perfeito estado,Seca,Perfeito estado,Outras,60 km/h,Única," , AV RECIFE, Recife, Pernambuco, Brasil",-8.1160254,-34.923929
8349,2019-09-24 17:32:00,SEM VÍTIMA,AREIAS,AV DR JOSE RUFINO,1301,236.0,CIDADE,ABALROAMENTO LONGITUDINAL,1.0,1.0,1.0,1.0,1.0,1.0,1.0,1.0,1.0,0.0,1.0,Longo da via,Bom,Não existe,Perfeito estado,Seca,Perfeito estado,Outras,60 km/h,Dupla,"1301, AV DR JOSE RUFINO, Recife, Pernambuco, Brasil",-8.1160254,-34.923929
2831,2019-03-31 12:31:00,SEM VÍTIMA,AREIAS,AV RECIFE, ,236.0,CIDADE,COLISÃO,1.0,1.0,1.0,1.0,1.0,1.0,1.0,1.0,1.0,0.0,1.0,Longo da via,Bom,Não existe,Perfeito estado,Seca,Perfeito estado,Outras,60 km/h,Dupla," , AV RECIFE, Recife, Pernambuco, Brasil",-8.1160254,-34.923929
2832,2019-03-31 12:48:00,SEM VÍTIMA,AREIAS,RUA DONA ANA AURORA,39,236.0,CIDADE,COLISÃO,1.0,1.0,1.0,1.0,1.0,1.0,1.0,1.0,1.0,0.0,1.0,Longo da via,Bom,Não existe,Perfeito estado,Seca,Perfeito estado,Outras,60 km/h,Dupla,"39, RUA DONA ANA AURORA, Recife, Pernambuco, Brasil",-8.0988165,-34.9347357
8119,2019-09-17 18:19:00,SEM VÍTIMA,AREIAS,RUA CARUARU,220,236.0,SUBURBIO,COLISÃO TRASEIRA,2.0,1.0,1.0,1.0,1.0,1.0,1.0,1.0,1.0,0.0,1.0,Longo da via,Chuvoso,Não existe,Incompleta,Molhada,Mal conservada,Não há placas,60 km/h,Dupla,"220, RUA CARUARU, Recife, Pernambuco, Brasil",-8.0941947,-34.9362394
6077,2019-07-14 12:26:00,SEM VÍTIMA,AREIAS,AV RECIFE,620,620.0,SUBURBIO,COLISÃO TRASEIRA,2.0,1.0,1.0,1.0,1.0,1.0,1.0,1.0,1.0,0.0,1.0,Longo da via,Chuvoso,Sem defeito,Perfeito estado,Molhada,Perfeito estado,Outras,60 km/h,Dupla,"620, AV RECIFE, Recife, Pernambuco, Brasil",-8.0846575,-34.9321359
6144,2019-07-17 10:25:00,SEM VÍTIMA,AREIAS,AV DR JOSE RUFINO,1418B,620.0,SUBURBIO,ABALROAMENTO LONGITUDINAL,2.0,1.0,1.0,1.0,1.0,1.0,1.0,1.0,1.0,0.0,1.0,Longo da via,Bom,Sem defeito,Perfeito estado,Seca,Perfeito estado,Outras,60 km/h,Dupla,"1418B, AV DR JOSE RUFINO, Recife, Pernambuco, Brasil",-8.0846575,-34.9321359
6326,2019-07-23 14:19:00,SEM VÍTIMA,AREIAS,AV DR JOSE RUFINO, ,620.0,AFOGADOS,COLISÃO,2.0,1.0,1.0,1.0,1.0,1.0,1.0,1.0,1.0,0.0,1.0,Longo da via,Bom,Sem defeito,Perfeito estado,Seca,Perfeito estado,Outras,60 km/h,Dupla," , AV DR JOSE RUFINO, Recife, Pernambuco, Brasil",-8.0846575,-34.9321359
2610,2019-03-25 16:53:00,SEM VÍTIMA,AREIAS,RUA GENERAL MANUEL RABELO,246,620.0,AFOGADOS,COLISÃO,1.0,1.0,1.0,1.0,1.0,1.0,1.0,1.0,1.0,0.0,1.0,Longo da via,Bom,Sem defeito,Perfeito estado,Seca,Perfeito estado,Outras,60 km/h,Dupla,"246, RUA GENERAL MANUEL RABELO, Recife, Pernambuco, Brasil",-8.0942371,-34.9235147
4868,2019-06-04 13:10:00,SEM VÍTIMA,AREIAS,AV RECIFE,9456,620.0,CIDADE,COLISÃO,2.0,1.0,1.0,1.0,1.0,1.0,1.0,1.0,1.0,0.0,1.0,Longo da via,Bom,Sem defeito,Perfeito estado,Seca,Perfeito estado,Outras,60 km/h,Dupla,"9456, AV RECIFE, Recife, Pernambuco, Brasil",-8.0846575,-34.9321359
6071,2019-07-14 02:48:00,SEM VÍTIMA,AREIAS,AV RECIFE, ,620.0,SUBURBIO,ABALROAMENTO TRANSVERSAL,2.0,1.0,1.0,1.0,1.0,1.0,1.0,1.0,1.0,0.0,1.0,Cruzamento,Chuvoso,Sem defeito,Perfeito estado,Molhada,Perfeito estado,Não há placas,60 km/h,Dupla," , AV RECIFE, Recife, Pernambuco, Brasil",-8.1160254,-34.923929
6466,2019-07-29 09:59:00,SEM VÍTIMA,AREIAS,AV RECIFE, ,461.0,CIDADE,ABALROAMENTO LONGITUDINAL,1.0,1.0,1.0,1.0,1.0,1.0,1.0,1.0,1.0,0.0,1.0,Longo da via,Bom,Sem defeito,Perfeito estado,Seca,Perfeito estado,Outras,60 km/h,Dupla," , AV RECIFE, Recife, Pernambuco, Brasil",-8.1160254,-34.923929
7704,2019-09-05 18:35:00,SEM VÍTIMA,AREIAS,RUA JOSE NATARIO, ,44.0,SUBURBIO,ABALROAMENTO TRANSVERSAL,1.0,1.0,1.0,1.0,1.0,1.0,1.0,1.0,1.0,0.0,1.0,Longo da via,Bom,Sem defeito,Ilegível,Seca,Perfeito estado,Não há placas,60 km/h,Dupla," , RUA JOSE NATARIO, Recife, Pernambuco, Brasil",-8.0862585,-34.9377873
6066,2019-07-13 22:24:00,SEM VÍTIMA,AREIAS,RUA IPOJUCA,273,44.0,SUBURBIO,COLISÃO FRONTAL,2.0,1.0,1.0,1.0,1.0,1.0,1.0,1.0,1.0,0.0,1.0,Longo da via,Chuvoso,Não existe,Não existente,Molhada,Perfeito estado,Não há placas,60 km/h,Dupla,"273, RUA IPOJUCA, Recife, Pernambuco, Brasil",-8.0941955,-34.9358939
7618,2019-09-03 12:03:00,SEM VÍTIMA,AREIAS,AV RECIFE, ,44.0,SUBURBIO,COLISÃO,2.0,1.0,1.0,1.0,1.0,1.0,1.0,1.0,1.0,0.0,1.0,Longo da via,Chuvoso,Não existe,Não existente,Molhada,Perfeito estado,Não há placas,60 km/h,Dupla," , AV RECIFE, Recife, Pernambuco, Brasil",-8.1160254,-34.923929
2880,2019-04-02 06:54:00,SEM VÍTIMA,AREIAS,AV RECIFE, ,44.0,SUBURBIO,COLISÃO TRASEIRA,3.0,1.0,1.0,1.0,1.0,1.0,1.0,1.0,1.0,0.0,1.0,Viaduto,Bom,Não existe,Perfeito estado,Seca,Perfeito estado,Não há placas,60 km/h,Única," , AV RECIFE, Recife, Pernambuco, Brasil",-8.1160254,-34.923929
10730,2019-11-27 18:15:00,SEM VÍTIMA,AREIAS,AV RECIFE, ,494.0,SUBURBIO,ABALROAMENTO LONGITUDINAL,2.0,1.0,1.0,1.0,1.0,1.0,1.0,1.0,1.0,0.0,1.0,Longo da via,Bom,Sem defeito,Perfeito estado,Seca,Perfeito estado,Não há placas,60 km/h,Dupla," , AV RECIFE, Recife, Pernambuco, Brasil",-8.1160254,-34.923929
2891,2019-04-02 12:45:00,SEM VÍTIMA,AREIAS,AV RECIFE,832,494.0,SUBURBIO,COLISÃO,2.0,1.0,1.0,1.0,1.0,1.0,1.0,1.0,1.0,0.0,1.0,Longo da via,Bom,Sem defeito,Perfeito estado,Seca,Perfeito estado,Não há placas,60 km/h,Dupla,"832, AV RECIFE, Recife, Pernambuco, Brasil",-8.0935916,-34.9293768
7516,2019-08-30 17:38:00,SEM VÍTIMA,AREIAS,AV DR JOSE RUFINO, ,494.0,SUBURBIO,COLISÃO,1.0,1.0,1.0,1.0,1.0,1.0,1.0,1.0,1.0,0.0,1.0,Longo da via,Bom,Sem defeito,Perfeito estado,Seca,Perfeito estado,Não há placas,60 km/h,Dupla," , AV DR JOSE RUFINO, Recife, Pernambuco, Brasil",-8.0935916,-34.9293768
6828,2019-08-09 07:30:00,SEM VÍTIMA,AREIAS,AV IZABEL DE GOES, ,494.0,SUBURBIO,ABALROAMENTO LONGITUDINAL,1.0,1.0,1.0,1.0,1.0,1.0,1.0,1.0,1.0,0.0,1.0,Longo da via,Bom,Não existe,Não existente,Seca,Mal conservada,Não há placas,60 km/h,Dupla," , AV IZABEL DE GOES, Recife, Pernambuco, Brasil",-8.0938507,-34.9338654
2135,2019-03-12 15:15:00,SEM VÍTIMA,AREIAS,AV RECIFE,1509,494.0,SUBURBIO,ABALROAMENTO LONGITUDINAL,1.0,1.0,1.0,1.0,1.0,1.0,1.0,1.0,1.0,0.0,1.0,Longo da via,Bom,Não existe,Perfeito estado,Seca,Perfeito estado,Outras,60 km/h,Dupla,"1509, AV RECIFE, Recife, Pernambuco, Brasil",-8.0846575,-34.9321359
7544,2019-08-31 22:33:00,SEM VÍTIMA,AREIAS,AV TENENTE FELIPE BANDEIRA DE MELO,104,494.0,SUBURBIO,ABALROAMENTO LONGITUDINAL,2.0,1.0,1.0,1.0,1.0,1.0,1.0,1.0,1.0,0.0,1.0,Longo da via,Chuvoso,Não existe,Ilegível,Molhada,Mal iluminada,Não há placas,60 km/h,Dupla,"104, AV TENENTE FELIPE BANDEIRA DE MELO, Recife, Pernambuco, Brasil",-8.095347,-34.9294062
2737,2019-03-28 17:18:00,SEM VÍTIMA,AREIAS,AV RECIFE, ,494.0,SUBURBIO,COLISÃO TRASEIRA,1.0,1.0,1.0,1.0,1.0,1.0,1.0,1.0,1.0,0.0,1.0,Longo da via,Bom,Sem defeito,Perfeito estado,Seca,Perfeito estado,R-6a,60 km/h,Dupla," , AV RECIFE, Recife, Pernambuco, Brasil",-8.1160254,-34.923929
364,2019-01-14 16:18:00,SEM VÍTIMA,AREIAS,AV DR JOSE RUFINO,423,494.0,CIDADE,ABALROAMENTO TRANSVERSAL,2.0,1.0,1.0,1.0,1.0,1.0,1.0,1.0,1.0,0.0,1.0,Longo da via,Bom,Não existe,Perfeito estado,Seca,Perfeito estado,Não há placas,60 km/h,Dupla,"423, AV DR JOSE RUFINO, Recife, Pernambuco, Brasil",-8.1160254,-34.923929
5127,2019-06-12 07:19:00,SEM VÍTIMA,AREIAS,AV DR JOSE RUFINO,2146,213.0,SUBURBIO,CHOQUE VEÍCULO PARADO,2.0,1.0,1.0,1.0,1.0,1.0,1.0,1.0,1.0,0.0,1.0,Longo da via,Bom,Sem defeito,Perfeito estado,Seca,Perfeito estado,Outras,40 km/h,Dupla,"2146, AV DR JOSE RUFINO, Recife, Pernambuco, Brasil",-8.1160254,-34.923929
4993,2019-06-07 12:15:00,SEM VÍTIMA,AREIAS,AV RECIFE,3968,213.0,SUBURBIO,COLISÃO TRASEIRA,2.0,1.0,1.0,1.0,1.0,1.0,1.0,1.0,1.0,0.0,1.0,Longo da via,Bom,Não existe,Perfeito estado,Seca,Perfeito estado,Não há placas,40 km/h,Dupla,"3968, AV RECIFE, Recife, Pernambuco, Brasil",-8.0846575,-34.9321359
7684,2019-09-05 09:05:00,SEM VÍTIMA,AREIAS,AV RECIFE, ,59.0,SUBURBIO,COLISÃO TRASEIRA,2.0,1.0,1.0,1.0,1.0,1.0,1.0,1.0,1.0,0.0,1.0,Cruzamento,Bom,Sem defeito,Perfeito estado,Seca,Mal conservada,R-6a,60 km/h,Única," , AV RECIFE, Recife, Pernambuco, Brasil",-8.1160254,-34.923929
8378,2019-09-25 12:46:00,SEM VÍTIMA,AREIAS,AV DR JOSE RUFINO,841,59.0,CIDADE,ABALROAMENTO LONGITUDINAL,2.0,1.0,1.0,1.0,1.0,1.0,1.0,1.0,1.0,0.0,1.0,Longo da via,Bom,Não existe,Perfeito estado,Seca,Perfeito estado,R-6a,60 km/h,Dupla,"841, AV DR JOSE RUFINO, Recife, Pernambuco, Brasil",-8.1160254,-34.923929
6445,2019-07-28 11:11:00,SEM VÍTIMA,AREIAS,AV RECIFE, ,59.0,SUBURBIO,CHOQUE OBJETO FIXO,1.0,1.0,1.0,1.0,1.0,1.0,1.0,1.0,1.0,0.0,1.0,Longo da via,Bom,Não existe,Perfeito estado,Seca,Perfeito estado,Outras,60 km/h,Dupla," , AV RECIFE, Recife, Pernambuco, Brasil",-8.1160254,-34.923929
10615,2019-11-24 20:46:00,SEM VÍTIMA,AREIAS,RUA AURORA CACOTE,177,59.0,SUBURBIO,COLISÃO,2.0,1.0,1.0,1.0,1.0,1.0,1.0,1.0,1.0,0.0,1.0,Longo da via,Bom,Não existe,Perfeito estado,Seca,Perfeito estado,Outras,60 km/h,Dupla,"177, RUA AURORA CACOTE, Recife, Pernambuco, Brasil",-8.1000659,-34.9312113
32,2019-01-02 13:09:00,SEM VÍTIMA,AREIAS,AV RECIFE,712,59.0,SUBURBIO,ABALROAMENTO LONGITUDINAL,1.0,1.0,1.0,1.0,1.0,1.0,2.0,1.0,1.0,0.0,1.0,Longo da via,Bom,Sem defeito,Perfeito estado,Seca,Perfeito estado,Não há placas,60 km/h,Única,"712, AV RECIFE, Recife, Pernambuco, Brasil",-8.09251995,-34.92955248248718
10582,2019-11-23 11:39:00,SEM VÍTIMA,AREIAS,AV RECIFE, ,599.0,SUBURBIO,COLISÃO TRASEIRA,1.0,1.0,1.0,1.0,1.0,1.0,2.0,1.0,1.0,0.0,1.0,Longo da via,Bom,Sem defeito,Perfeito estado,Seca,Perfeito estado,Não há placas,60 km/h,Dupla," , AV RECIFE, Recife, Pernambuco, Brasil",-8.1160254,-34.923929
6252,2019-07-20 14:40:00,SEM VÍTIMA,AREIAS,RUA AIRES BELO,46,599.0,SUBURBIO,COLISÃO FRONTAL,2.0,1.0,1.0,1.0,1.0,1.0,2.0,1.0,1.0,0.0,1.0,Longo da via,Chuvoso,Não existe,Perfeito estado,Molhada,Perfeito estado,Não há placas,30 km/h,Dupla,"46, RUA AIRES BELO, Recife, Pernambuco, Brasil",-8.0878142,-34.9310941
10746,2019-11-28 09:28:00,SEM VÍTIMA,AREIAS,AV DR JOSE RUFINO, ,44.0,CIDADE,ABALROAMENTO LONGITUDINAL,2.0,1.0,1.0,1.0,1.0,1.0,2.0,1.0,1.0,0.0,1.0,Longo da via,Bom,Sem defeito,Ilegível,Seca,Perfeito estado,Não há placas,30 km/h,Dupla," , AV DR JOSE RUFINO, Recife, Pernambuco, Brasil",-8.0878142,-34.9310941
6098,2019-07-15 10:50:00,SEM VÍTIMA,AREIAS,AV DR JOSE RUFINO, ,506.0,SUBURBIO,ABALROAMENTO LONGITUDINAL,1.0,1.0,1.0,1.0,1.0,1.0,1.0,1.0,1.0,0.0,1.0,Longo da via,Bom,Sem defeito,Perfeito estado,Seca,Perfeito estado,Outras,60 km/h,Dupla," , AV DR JOSE RUFINO, Recife, Pernambuco, Brasil",-8.0878142,-34.9310941
45,2019-01-02 20:47:00,SEM VÍTIMA,AREIAS,AV CAPITAO GREGORIO DE CALDAS, ,506.0,SUBURBIO,ABALROAMENTO LONGITUDINAL,2.0,1.0,1.0,1.0,1.0,1.0,1.0,1.0,1.0,0.0,1.0,Longo da via,Bom,Não existe,Perfeito estado,Seca,Perfeito estado,Não há placas,60 km/h,Única," , AV CAPITAO GREGORIO DE CALDAS, Recife, Pernambuco, Brasil",-8.0981055,-34.9311362
635,2019-01-25 09:28:00,SEM VÍTIMA,AREIAS,AV DR JOSE RUFINO,2554,615.0,SUBURBIO,ABALROAMENTO LONGITUDINAL,1.0,1.0,1.0,1.0,1.0,1.0,1.0,1.0,1.0,0.0,1.0,Longo da via,Bom,Não existe,Perfeito estado,Seca,Perfeito estado,R-6a,60 km/h,Dupla,"2554, AV DR JOSE RUFINO, Recife, Pernambuco, Brasil",-8.0981055,-34.9311362
10634,2019-11-25 11:24:00,SEM VÍTIMA,AREIAS,AV DR JOSE RUFINO,955,615.0,CIDADE,COLISÃO TRASEIRA,2.0,1.0,1.0,1.0,1.0,1.0,1.0,1.0,1.0,0.0,1.0,Longo da via,Bom,Não existe,Perfeito estado,Seca,Perfeito estado,Outras,50 km/h,Dupla,"955, AV DR JOSE RUFINO, Recife, Pernambuco, Brasil",-8.0981055,-34.9311362
7499,2019-08-30 11:21:00,SEM VÍTIMA,AREIAS,AV RECIFE, ,619.0,CIDADE,COLISÃO TRASEIRA,1.0,1.0,1.0,1.0,1.0,1.0,1.0,1.0,1.0,0.0,1.0,Longo da via,Bom,Sem defeito,Perfeito estado,Seca,Perfeito estado,Outras,50 km/h,Dupla," , AV RECIFE, Recife, Pernambuco, Brasil",-8.1160254,-34.923929
8358,2019-09-24 23:53:00,SEM VÍTIMA,AREIAS,AV DR JOSE RUFINO, ,44.0,SUBURBIO,COLISÃO TRASEIRA,2.0,1.0,1.0,1.0,1.0,1.0,1.0,1.0,1.0,0.0,1.0,Longo da via,Bom,Sem defeito,Perfeito estado,Seca,Perfeito estado,Outras,50 km/h,Dupla," , AV DR JOSE RUFINO, Recife, Pernambuco, Brasil",-8.1160254,-34.923929
8382,2019-09-25 15:31:00,SEM VÍTIMA,AREIAS,AV DR JOSE RUFINO,514,44.0,SUBURBIO,ABALROAMENTO LONGITUDINAL,1.0,1.0,1.0,1.0,1.0,1.0,1.0,1.0,1.0,0.0,1.0,Longo da via,Bom,Não existe,Ilegível,Molhada,Mal conservada,R-6a,50 km/h,Dupla,"514, AV DR JOSE RUFINO, Recife, Pernambuco, Brasil",-8.1160254,-34.923929
7654,2019-09-04 10:18:00,SEM VÍTIMA,AREIAS,AV DR JOSE RUFINO,1352,44.0,SUBURBIO,ABALROAMENTO TRANSVERSAL,2.0,1.0,1.0,1.0,1.0,1.0,1.0,1.0,1.0,0.0,1.0,Longo da via,Chuvoso,Não existe,Perfeito estado,Molhada,Perfeito estado,R-6a,50 km/h,Dupla,"1352, AV DR JOSE RUFINO, Recife, Pernambuco, Brasil",-8.1160254,-34.923929
2752,2019-03-29 07:44:00,SEM VÍTIMA,AREIAS,AV RECIFE,1644,44.0,BOA VIAGEM,COLISÃO,2.0,1.0,1.0,1.0,1.0,1.0,1.0,1.0,1.0,0.0,1.0,Longo da via,Chuvoso,Não existe,Perfeito estado,Molhada,Perfeito estado,R-6a,50 km/h,Dupla,"1644, AV RECIFE, Recife, Pernambuco, Brasil",-8.100576499999999,-34.928400280839426
20,2019-01-02 08:27:00,COM VÍTIMA,AREIAS,AV DR JOSE RUFINO,749,44.0,CIDADE,ABALROAMENTO LONGITUDINAL,1.0,1.0,1.0,1.0,1.0,1.0,1.0,1.0,1.0,1.0,1.0,Longo da via,Bom,Não existe,Perfeito estado,Seca,Perfeito estado,R-6a,50 km/h,Dupla,"749, AV DR JOSE RUFINO, Recife, Pernambuco, Brasil",-8.100576499999999,-34.928400280839426
8357,2019-09-24 21:43:00,SEM VÍTIMA,AREIAS,RUA JOSE NATARIO, ,44.0,SUBURBIO,CHOQUE VEÍCULO PARADO,2.0,1.0,1.0,1.0,1.0,1.0,1.0,1.0,1.0,0.0,1.0,Longo da via,Bom,Não existe,Perfeito estado,Seca,Mal iluminada,Não há placas,40 km/h,Dupla," , RUA JOSE NATARIO, Recife, Pernambuco, Brasil",-8.0862585,-34.9377873
2749,2019-03-29 07:08:00,COM VÍTIMA,AREIAS,AV DR JOSE RUFINO,1244,44.0,SUBURBIO,COLISÃO TRASEIRA,1.0,1.0,1.0,1.0,1.0,1.0,1.0,1.0,1.0,1.0,1.0,Longo da via,Bom,Não existe,Perfeito estado,Seca,Perfeito estado,Não há placas,40 km/h,Dupla,"1244, AV DR JOSE RUFINO, Recife, Pernambuco, Brasil",-8.0862585,-34.9377873
2748,2019-03-29 06:57:00,SEM VÍTIMA,AREIAS,AV CAPITAO GREGORIO DE CALDAS, ,44.0,SUBURBIO,ABALROAMENTO LONGITUDINAL,2.0,1.0,1.0,1.0,1.0,1.0,1.0,1.0,1.0,0.0,1.0,Longo da via,Bom,Não existe,Perfeito estado,Seca,Perfeito estado,Não há placas,40 km/h,Dupla," , AV CAPITAO GREGORIO DE CALDAS, Recife, Pernambuco, Brasil",-8.0981055,-34.9311362
11595,2019-12-17 11:26:00,SEM VÍTIMA,AREIAS,RUA IPOJUCA,618,44.0,SUBURBIO,CHOQUE VEÍCULO PARADO,1.0,1.0,1.0,1.0,1.0,1.0,1.0,1.0,1.0,0.0,1.0,Longo da via,Bom,Não existe,Perfeito estado,Seca,Perfeito estado,Outras,40 km/h,Dupla,"618, RUA IPOJUCA, Recife, Pernambuco, Brasil",-8.0974671,-34.9362589
5154,2019-06-12 15:19:00,SEM VÍTIMA,AREIAS,AV RECIFE,1644,44.0,SUBURBIO,COLISÃO TRASEIRA,1.0,1.0,1.0,1.0,1.0,1.0,1.0,1.0,1.0,0.0,1.0,Longo da via,Chuvoso,Não existe,Perfeito estado,Molhada,Perfeito estado,Outras,40 km/h,Dupla,"1644, AV RECIFE, Recife, Pernambuco, Brasil",-8.100576499999999,-34.928400280839426
334,2019-01-13 14:12:00,SEM VÍTIMA,AREIAS,AV RECIFE,3585,44.0,SUBURBIO,COLISÃO TRASEIRA,2.0,1.0,1.0,1.0,1.0,1.0,1.0,1.0,1.0,0.0,1.0,Longo da via,Bom,Não existe,Perfeito estado,Seca,Perfeito estado,Outras,60 km/h,Dupla,"3585, AV RECIFE, Recife, Pernambuco, Brasil",-8.0846575,-34.9321359
6364,2019-07-24 21:41:00,SEM VÍTIMA,AREIAS,AV RECIFE, ,620.0,SUBURBIO,CHOQUE VEÍCULO PARADO,2.0,1.0,1.0,1.0,1.0,1.0,1.0,1.0,1.0,0.0,1.0,Longo da via,Chuvoso,Sem defeito,Perfeito estado,Molhada,Perfeito estado,Não há placas,60 km/h,Dupla," , AV RECIFE, Recife, Pernambuco, Brasil",-8.1160254,-34.923929
6166,2019-07-17 18:46:00,SEM VÍTIMA,AREIAS,AV RECIFE,220,620.0,SUBURBIO,ABALROAMENTO LONGITUDINAL,1.0,1.0,1.0,1.0,1.0,1.0,1.0,1.0,1.0,0.0,1.0,Longo da via,Bom,Não existe,Perfeito estado,Seca,Perfeito estado,Não há placas,60 km/h,Dupla,"220, AV RECIFE, Recife, Pernambuco, Brasil",-8.1025089,-34.9279337
10347,2019-11-17 20:26:00,SEM VÍTIMA,AREIAS,AV DR JOSE RUFINO, ,620.0,SUBURBIO,COLISÃO,2.0,1.0,1.0,1.0,1.0,1.0,1.0,1.0,1.0,0.0,1.0,Longo da via,Bom,Não existe,Perfeito estado,Seca,Perfeito estado,Não há placas,60 km/h,Dupla," , AV DR JOSE RUFINO, Recife, Pernambuco, Brasil",-8.1025089,-34.9279337
2628,2019-03-26 07:59:00,SEM VÍTIMA,AREIAS,AV RECIFE, ,620.0,SUBURBIO,COLISÃO TRASEIRA,2.0,1.0,1.0,1.0,1.0,1.0,1.0,1.0,1.0,0.0,1.0,Longo da via,Chuvoso,Não existe,Perfeito estado,Molhada,Perfeito estado,Não há placas,60 km/h,Dupla," , AV RECIFE, Recife, Pernambuco, Brasil",-8.1160254,-34.923929
7724,2019-09-06 12:53:00,SEM VÍTIMA,AREIAS,AV RECIFE, ,621.0,SUBURBIO,COLISÃO TRASEIRA,1.0,1.0,1.0,1.0,1.0,1.0,1.0,1.0,1.0,0.0,1.0,Longo da via,Bom,Sem defeito,Perfeito estado,Seca,Perfeito estado,Outras,60 km/h,Dupla," , AV RECIFE, Recife, Pernambuco, Brasil",-8.1160254,-34.923929
10843,2019-11-30 14:12:00,SEM VÍTIMA,AREIAS,AV RECIFE, ,599.0,SUBURBIO,COLISÃO TRASEIRA,2.0,1.0,1.0,1.0,1.0,1.0,1.0,1.0,1.0,0.0,1.0,Longo da via,Bom,Sem defeito,Perfeito estado,Seca,Perfeito estado,Não há placas,60 km/h,Dupla," , AV RECIFE, Recife, Pernambuco, Brasil",-8.1160254,-34.923929
368,2019-01-14 19:10:00,COM VÍTIMA,AREIAS,AV DR JOSE RUFINO,1315,599.0,SUBURBIO,COLISÃO FRONTAL,1.0,1.0,1.0,1.0,1.0,1.0,1.0,1.0,1.0,1.0,1.0,Esquina,Bom,Não existe,Perfeito estado,Seca,Perfeito estado,Não há placas,60 km/h,Dupla,"1315, AV DR JOSE RUFINO, Recife, Pernambuco, Brasil",-8.1160254,-34.923929
8330,2019-09-24 10:47:00,SEM VÍTIMA,AREIAS,AV DR JOSE RUFINO, ,44.0,SUBURBIO,COLISÃO TRASEIRA,1.0,1.0,1.0,1.0,1.0,1.0,1.0,1.0,2.0,0.0,1.0,Longo da via,Bom,Sem defeito,Perfeito estado,Seca,Perfeito estado,Não há placas,60 km/h,Dupla," , AV DR JOSE RUFINO, Recife, Pernambuco, Brasil",-8.1160254,-34.923929
2292,2019-03-16 10:48:00,SEM VÍTIMA,AREIAS,AV DR JOSE RUFINO, ,506.0,SUBURBIO,COLISÃO,1.0,1.0,1.0,1.0,1.0,1.0,1.0,1.0,2.0,0.0,1.0,Longo da via,Bom,Sem defeito,Perfeito estado,Seca,Perfeito estado,Não há placas,60 km/h,Dupla," , AV DR JOSE RUFINO, Recife, Pernambuco, Brasil",-8.1160254,-34.923929
10773,2019-11-28 19:59:00,SEM VÍTIMA,AREIAS,RUA IPOJUCA, ,506.0,SUBURBIO,CHOQUE OBJETO FIXO,2.0,1.0,1.0,1.0,1.0,1.0,1.0,1.0,2.0,0.0,1.0,Longo da via,Bom,Não existe,Perfeito estado,Seca,Perfeito estado,Outras,60 km/h,Dupla," , RUA IPOJUCA, Recife, Pernambuco, Brasil",-8.0960641,-34.9360909
11601,2019-12-17 12:18:00,SEM VÍTIMA,AREIAS,RUA RIO SOLIMOES,105,506.0,CIDADE,CHOQUE VEÍCULO PARADO,1.0,1.0,1.0,1.0,1.0,1.0,1.0,1.0,1.0,0.0,1.0,Longo da via,Bom,Não existe,Perfeito estado,Seca,Perfeito estado,Outras,60 km/h,Dupla,"105, RUA RIO SOLIMOES, Recife, Pernambuco, Brasil",-8.0978594,-34.937083
11666,2019-12-19 06:13:00,COM VÍTIMA,AREIAS,AV DR JOSE RUFINO,1495,44.0,CIDADE,ABALROAMENTO LONGITUDINAL,1.0,1.0,1.0,1.0,1.0,1.0,1.0,1.0,1.0,1.0,1.0,Longo da via,Bom,Sem defeito,Perfeito estado,Seca,Perfeito estado,Não há placas,60 km/h,Dupla,"1495, AV DR JOSE RUFINO, Recife, Pernambuco, Brasil",-8.0978594,-34.937083
2315,2019-03-17 09:58:00,SEM VÍTIMA,AREIAS,AV RECIFE,1040,494.0,CIDADE,COLISÃO TRASEIRA,2.0,1.0,1.0,1.0,1.0,1.0,1.0,1.0,1.0,0.0,1.0,Longo da via,Bom,Sem defeito,Não existente,Seca,Perfeito estado,Não há placas,60 km/h,Dupla,"1040, AV RECIFE, Recife, Pernambuco, Brasil",-8.0954614,-34.9290703
2313,2019-03-17 08:54:00,COM VÍTIMA,AREIAS,AV RECIFE,1040,494.0,CIDADE,COLISÃO TRASEIRA,1.0,1.0,1.0,1.0,1.0,1.0,1.0,1.0,1.0,1.0,1.0,Longo da via,Bom,Sem defeito,Perfeito estado,Seca,Perfeito estado,Não há placas,60 km/h,Dupla,"1040, AV RECIFE, Recife, Pernambuco, Brasil",-8.0954614,-34.9290703