,data_hora,natureza_acidente,bairro,endereco,numero,num_semaforo,sentido_via,tipo,auto,moto,ciclom,ciclista,pedestre,onibus,caminhao,viatura,outros,vitimas,vitimasfatais,acidente_verificado,tempo_clima,situacao_semaforo,sinalizacao,condicao_via,conservacao_via,situacao_placa,velocidade_max_via,mao_direcao,end,latitude,longitude
2164,2019-03-13 09:39:00,SEM VÍTIMA,AREIAS,AV DR JOSE RUFINO, ,494.0,SUBURBIO,ABALROAMENTO TRANSVERSAL,2.0,1.0,1.0,1.0,1.0,1.0,1.0,1.0,1.0,0.0,1.0,Longo da via,Bom,Não existe,Incompleta,Seca,Perfeito estado,R-6a,60 km/h,Dupla," , AV DR JOSE RUFINO, Recife, Pernambuco, Brasil",-8.0954614,-34.9290703
9043,2019-10-13 20:38:00,SEM VÍTIMA,AREIAS,AV RECIFE,1040,494.0,SUBURBIO,COLISÃO TRASEIRA,3.0,1.0,1.0,1.0,1.0,1.0,1.0,1.0,1.0,0.0,1.0,Longo da via,Chuvoso,Sem defeito,Perfeito estado,Molhada,Perfeito estado,Outras,60 km/h,Dupla,"1040, AV RECIFE, Recife, Pernambuco, Brasil",-8.0954614,-34.9290703
11596,2019-12-17 11:30:00,SEM VÍTIMA,AREIAS,AV DR JOSE RUFINO,757,494.0,CIDADE,COLISÃO TRASEIRA,3.0,1.0,1.0,1.0,1.0,1.0,1.0,1.0,1.0,0.0,1.0,Longo da via,Bom,Não existe,Perfeito estado,Seca,Perfeito estado,Não há placas,60 km/h,Dupla,"757, AV DR JOSE RUFINO, Recife, Pernambuco, Brasil",-8.0954614,-34.9290703
10279,2019-11-14 18:33:00,SEM VÍTIMA,AREIAS,RUA CAMBUCA,114,494.0,CIDADE,COLISÃO,2.0,1.0,1.0,1.0,1.0,1.0,1.0,1.0,1.0,0.0,1.0,Longo da via,Bom,Não existe,Perfeito estado,Seca,Perfeito estado,Não há placas,60 km/h,Dupla,"114, RUA CAMBUCA, Recife, Pernambuco, Brasil",-8.0993678,-34.9351196
5080,2019-06-10 17:41:00,COM VÍTIMA,AREIAS,AV DR JOSE RUFINO, ,494.0,CIDADE,COLISÃO,1.0,1.0,1.0,1.0,1.0,1.0,1.0,1.0,1.0,2.0,1.0,Longo da via,Bom,Não existe,Perfeito estado,Seca,Perfeito estado,Não há placas,60 km/h,Dupla," , AV DR JOSE RUFINO, Recife, Pernambuco, Brasil",-8.0993678,-34.9351196
9156,2019-10-16 09:47:00,SEM VÍTIMA,AREIAS,AV RECIFE,4480,494.0,SUBURBIO,COLISÃO TRASEIRA,2.0,1.0,1.0,1.0,1.0,1.0,1.0,1.0,1.0,0.0,1.0,Longo da via,Bom,Sem defeito,Perfeito estado,Seca,Perfeito estado,Outras,60 km/h,Dupla,"4480, AV RECIFE, Recife, Pernambuco, Brasil",-8.0846575,-34.9321359
309,2019-01-12 11:26:00,SEM VÍTIMA,AREIAS,AV RECIFE, ,494.0,CAXANGA,COLISÃO,3.0,1.0,1.0,1.0,1.0,1.0,1.0,1.0,1.0,0.0,1.0,Longo da via,Bom,Sem defeito,Perfeito estado,Seca,Perfeito estado,Outras,60 km/h,Dupla," , AV RECIFE, Recife, Pernambuco, Brasil",-8.1160254,-34.923929
3054,2019-04-07 09:38:00,SEM VÍTIMA,AREIAS,AV RECIFE, ,494.0,CAXANGA,CHOQUE VEÍCULO PARADO,1.0,1.0,1.0,1.0,1.0,1.0,1.0,1.0,1.0,0.0,1.0,Longo da via,Chuvoso,Não existe,Perfeito estado,Molhada,Perfeito estado,Não há placas,60 km/h,Dupla," , AV RECIFE, Recife, Pernambuco, Brasil",-8.1160254,-34.923929
3060,2019-04-07 12:36:00,SEM VÍTIMA,AREIAS,AV RECIFE,924,494.0,CAXANGA,COLISÃO TRASEIRA,2.0,1.0,1.0,1.0,1.0,1.0,1.0,1.0,1.0,0.0,1.0,Longo da via,Bom,Sem defeito,Perfeito estado,Seca,Perfeito estado,Não há placas,60 km/h,Dupla,"924, AV RECIFE, Recife, Pernambuco, Brasil",-8.094435,-34.9292593
2314,2019-03-17 09:52:00,SEM VÍTIMA,AREIAS,AV RECIFE, ,494.0,CAXANGA,COLISÃO TRASEIRA,2.0,1.0,1.0,1.0,1.0,1.0,1.0,1.0,1.0,0.0,1.0,Longo da via,Bom,Sem defeito,Perfeito estado,Seca,Perfeito estado,Não há placas,60 km/h,Dupla," , AV RECIFE, Recife, Pernambuco, Brasil",-8.1160254,-34.923929
10552,2019-11-22 15:44:00,SEM VÍTIMA,AREIAS,AV CAPITAO GREGORIO DE CALDAS,26,494.0,CAXANGA,ABALROAMENTO LONGITUDINAL,2.0,1.0,1.0,1.0,1.0,1.0,1.0,1.0,1.0,0.0,1.0,Longo da via,Bom,Não existe,Não existente,Seca,Perfeito estado,Não há placas,30 km/h,Única,"26, AV CAPITAO GREGORIO DE CALDAS, Recife, Pernambuco, Brasil",-8.0961086,-34.9292665
9099,2019-10-14 21:23:00,COM VÍTIMA,AREIAS,AV RECIFE,5005,494.0,CIDADE,ABALROAMENTO LONGITUDINAL,1.0,1.0,1.0,1.0,1.0,1.0,1.0,1.0,1.0,1.0,1.0,Longo da via,Chuvoso,Não existe,Perfeito estado,Molhada,Perfeito estado,Não há placas,30 km/h,Dupla,"5005, AV RECIFE, Recife, Pernambuco, Brasil",-8.0846575,-34.9321359
9221,2019-10-17 22:02:00,COM VÍTIMA,AREIAS,AV DR JOSE RUFINO, ,494.0,CIDADE,COLISÃO,1.0,1.0,1.0,1.0,1.0,1.0,1.0,1.0,1.0,1.0,1.0,Longo da via,Chuvoso,Não existe,Perfeito estado,Molhada,Perfeito estado,Não há placas,30 km/h,Dupla," , AV DR JOSE RUFINO, Recife, Pernambuco, Brasil",-8.0846575,-34.9321359
5006,2019-06-07 15:39:00,SEM VÍTIMA,AREIAS,AV DR JOSE RUFINO,48 C,494.0,CIDADE,ABALROAMENTO LONGITUDINAL,1.0,1.0,1.0,1.0,1.0,1.0,1.0,1.0,1.0,0.0,1.0,Longo da via,Bom,Não existe,Perfeito estado,Seca,Perfeito estado,Não há placas,30 km/h,Única,"48 C, nan, Recife, Pernambuco, Brasil",-8.0584933,-34.8848193
2966,2019-04-04 13:57:00,SEM VÍTIMA,AREIAS,AV DR JOSE RUFINO,15,494.0,CIDADE,COLISÃO,1.0,1.0,1.0,1.0,1.0,1.0,1.0,1.0,1.0,0.0,1.0,Longo da via,Bom,Não existe,Perfeito estado,Seca,Perfeito estado,Não há placas,30 km/h,Única,"15, AV DR JOSE RUFINO, Recife, Pernambuco, Brasil",-8.0584933,-34.8848193
10840,2019-11-30 12:11:00,SEM VÍTIMA,AREIAS,RUA AURORA CACOTE,17,494.0,CIDADE,COLISÃO TRASEIRA,2.0,1.0,1.0,1.0,1.0,1.0,1.0,1.0,1.0,0.0,1.0,Longo da via,Bom,Não existe,Incompleta,Seca,Perfeito estado,Placas Pare,30 km/h,Dupla,"17, RUA AURORA CACOTE, Recife, Pernambuco, Brasil",-8.1000659,-34.9312113
5008,2019-06-07 16:17:00,SEM VÍTIMA,AREIAS,AV DR JOSE RUFINO,2642,494.0,CIDADE,COLISÃO,2.0,1.0,1.0,1.0,1.0,1.0,1.0,1.0,1.0,0.0,1.0,Longo da via,Bom,Não existe,Incompleta,Seca,Perfeito estado,Placas Pare,30 km/h,Dupla,"2642, AV DR JOSE RUFINO, Recife, Pernambuco, Brasil",-8.1000659,-34.9312113
8333,2019-09-24 11:39:00,SEM VÍTIMA,AREIAS,RUA IPOJUCA,632,494.0,CIDADE,COLISÃO TRASEIRA,2.0,1.0,1.0,1.0,1.0,1.0,1.0,1.0,1.0,0.0,1.0,Longo da via,Bom,Não existe,Perfeito estado,Seca,Perfeito estado,Outras,30 km/h,Dupla,"632, RUA IPOJUCA, Recife, Pernambuco, Brasil",-8.0960641,-34.9360909
4863,2019-06-04 11:38:00,SEM VÍTIMA,AREIAS,RUA IPOJUCA,722,494.0,CIDADE,ABALROAMENTO LONGITUDINAL,1.0,1.0,1.0,1.0,1.0,1.0,1.0,1.0,1.0,0.0,1.0,Longo da via,Bom,Não existe,Perfeito estado,Seca,Perfeito estado,Não há placas,30 km/h,Dupla,"722, RUA IPOJUCA, Recife, Pernambuco, Brasil",-8.0960641,-34.9360909
10673,2019-11-26 09:59:00,COM VÍTIMA,AREIAS,AV DR JOSE RUFINO,1099,494.0,SUBURBIO,ABALROAMENTO TRANSVERSAL,1.0,1.0,1.0,1.0,1.0,1.0,1.0,1.0,1.0,1.0,1.0,Longo da via,Bom,Sem defeito,Perfeito estado,Seca,Perfeito estado,Não há placas,30 km/h,Dupla,"1099, AV DR JOSE RUFINO, Recife, Pernambuco, Brasil",-8.0960641,-34.9360909
7563,2019-09-02 07:45:00,SEM VÍTIMA,AREIAS,RUA JOSE NATARIO,343,494.0,SUBURBIO,COLISÃO,2.0,1.0,1.0,1.0,1.0,1.0,1.0,1.0,1.0,0.0,1.0,Longo da via,Bom,Sem defeito,Perfeito estado,Seca,Perfeito estado,Não há placas,30 km/h,Dupla,"343, RUA JOSE NATARIO, Recife, Pernambuco, Brasil",-8.0862585,-34.9377873
8388,2019-09-25 18:18:00,SEM VÍTIMA,AREIAS,AV DR JOSE RUFINO, ,494.0,SUBURBIO,COLISÃO TRASEIRA,3.0,1.0,1.0,1.0,1.0,1.0,1.0,1.0,1.0,0.0,1.0,Longo da via,Bom,Não existe,Perfeito estado,Seca,Perfeito estado,Outras,50 km/h,Dupla," , AV DR JOSE RUFINO, Recife, Pernambuco, Brasil",-8.0862585,-34.9377873
2982,2019-04-05 05:32:00,SEM VÍTIMA,AREIAS,RUA DR GIL RODRIGUES DOS SANTOS, ,494.0,SUBURBIO,CHOQUE VEÍCULO PARADO,2.0,1.0,1.0,1.0,1.0,1.0,1.0,1.0,1.0,0.0,1.0,Longo da via,Bom,Não existe,Perfeito estado,Seca,Perfeito estado,Outras,50 km/h,Dupla," , RUA DR GIL RODRIGUES DOS SANTOS, Recife, Pernambuco, Brasil",-8.0862585,-34.9377873
11707,2019-12-19 21:18:00,SEM VÍTIMA,AREIAS,AV DR JOSE RUFINO,2626,494.0,SUBURBIO,COLISÃO,2.0,1.0,1.0,1.0,1.0,1.0,1.0,1.0,1.0,0.0,1.0,Longo da via,Bom,Não existe,Perfeito estado,Seca,Perfeito estado,Outras,50 km/h,Dupla,"2626, AV DR JOSE RUFINO, Recife, Pernambuco, Brasil",-8.0862585,-34.9377873
10768,2019-11-28 18:29:00,SEM VÍTIMA,AREIAS,AV DR JOSE RUFINO,1190,494.0,SUBURBIO,ABALROAMENTO LONGITUDINAL,2.0,1.0,1.0,1.0,1.0,1.0,1.0,1.0,1.0,0.0,1.0,Longo da via,Bom,Não existe,Perfeito estado,Seca,Perfeito estado,Não há placas,50 km/h,Dupla,"1190, AV DR JOSE RUFINO, Recife, Pernambuco, Brasil",-8.0862585,-34.9377873
2024,2019-03-08 22:04:00,SEM VÍTIMA,AREIAS,AV RECIFE, ,494.0,SUBURBIO,ABALROAMENTO LONGITUDINAL,1.0,1.0,1.0,1.0,1.0,1.0,1.0,1.0,1.0,0.0,1.0,Longo da via,Bom,Não existe,Perfeito estado,Seca,Perfeito estado,Não há placas,60 km/h,Dupla," , AV RECIFE, Recife, Pernambuco, Brasil",-8.1160254,-34.923929
9233,2019-10-18 10:06:00,SEM VÍTIMA,AREIAS,AV RECIFE, ,620.0,SUBURBIO,COLISÃO TRASEIRA,1.0,1.0,1.0,1.0,1.0,1.0,1.0,1.0,1.0,0.0,1.0,Longo da via,Chuvoso,Sem defeito,Perfeito estado,Molhada,Perfeito estado,Não há placas,60 km/h,Dupla," , AV RECIFE, Recife, Pernambuco, Brasil",-8.1160254,-34.923929
11339,2019-12-11 10:00:00,SEM VÍTIMA,AREIAS,AV RECIFE, ,620.0,SUBURBIO,COLISÃO TRASEIRA,2.0,1.0,1.0,1.0,1.0,1.0,1.0,1.0,1.0,0.0,1.0,Viaduto,Bom,Não existe,Incompleta,Seca,Mal conservada,Não há placas,60 km/h,Dupla," , AV RECIFE, Recife, Pernambuco, Brasil",-8.1160254,-34.923929
8528,2019-09-30 08:22:00,SEM VÍTIMA,AREIAS,AV TENENTE FELIPE BANDEIRA DE MELO,46,620.0,CIDADE,COLISÃO TRASEIRA,2.0,1.0,1.0,1.0,1.0,1.0,1.0,1.0,1.0,0.0,1.0,Longo da via,Bom,Não existe,Perfeito estado,Seca,Perfeito estado,Outras,60 km/h,Dupla,"46, AV TENENTE FELIPE BANDEIRA DE MELO, Recife, Pernambuco, Brasil",-8.0956944,-34.9292916
6215,2019-07-19 09:35:00,SEM VÍTIMA,AREIAS,AV RECIFE,1590,599.0,CIDADE,COLISÃO TRASEIRA,2.0,1.0,1.0,1.0,1.0,1.0,1.0,1.0,1.0,0.0,1.0,Longo da via,Chuvoso,Sem defeito,Perfeito estado,Molhada,Perfeito estado,Não há placas,60 km/h,Dupla,"1590, AV RECIFE, Recife, Pernambuco, Brasil",-8.0846575,-34.9321359
2671,2019-03-27 08:30:00,SEM VÍTIMA,AREIAS,RUA IPOJUCA,229,599.0,SUBURBIO,COLISÃO TRASEIRA,2.0,1.0,1.0,1.0,1.0,1.0,1.0,1.0,1.0,0.0,1.0,Longo da via,Bom,Sem defeito,Perfeito estado,Seca,Perfeito estado,Não há placas,60 km/h,Dupla,"229, RUA IPOJUCA, Recife, Pernambuco, Brasil",-8.0938654,-34.9358811
2562,2019-03-23 12:33:00,SEM VÍTIMA,AREIAS,RUA IPOJUCA,632,599.0,SUBURBIO,ABALROAMENTO TRANSVERSAL,1.0,1.0,1.0,1.0,1.0,1.0,1.0,1.0,1.0,0.0,1.0,Cruzamento,Bom,Não existe,Incompleta,Seca,Perfeito estado,Outras,60 km/h,Dupla,"632, RUA IPOJUCA, Recife, Pernambuco, Brasil",-8.0960641,-34.9360909
501,2019-01-21 06:47:00,SEM VÍTIMA,AREIAS,AV RECIFE,578,620.0,SUBURBIO,ABALROAMENTO LONGITUDINAL,1.0,1.0,1.0,1.0,1.0,1.0,1.0,1.0,1.0,0.0,1.0,Cruzamento,Bom,Sem defeito,Perfeito estado,Seca,Perfeito estado,R-6a,60 km/h,Dupla,"578, AV RECIFE, Recife, Pernambuco, Brasil",-8.0911809,-34.9297505
7505,2019-08-30 13:30:00,SEM VÍTIMA,ARRUDA,RUA BOLIVAR,35,620.0,SUBURBIO,ABALROAMENTO LONGITUDINAL,2.0,1.0,1.0,1.0,1.0,1.0,1.0,1.0,1.0,0.0,1.0,Longo da via,Bom,Não existe,Incompleta,Seca,Perfeito estado,R-6a,30 km/h,Dupla,"35, RUA BOLIVAR, Recife, Pernambuco, Brasil",-8.0265389,-34.8952339
8393,2019-09-25 20:50:00,COM VÍTIMA,ARRUDA,RUA MEM DE SA,234,620.0,CIDADE,ABALROAMENTO LONGITUDINAL,1.0,1.0,1.0,1.0,1.0,1.0,1.0,1.0,1.0,1.0,1.0,Longo da via,Bom,Sem defeito,Não existente,Seca,Perfeito estado,Não há placas,30 km/h,Dupla,"234, RUA MEM DE SA, Recife, Pernambuco, Brasil",-8.0298064,-34.8907448
2192,2019-03-13 21:27:00,SEM VÍTIMA,ARRUDA,AV BEBERIBE, ,620.0,SUBURBIO,ABALROAMENTO LONGITUDINAL,2.0,1.0,1.0,1.0,1.0,1.0,1.0,1.0,1.0,0.0,1.0,Cruzamento,Bom,Sem defeito,Perfeito estado,Seca,Perfeito estado,Não há placas,30 km/h,Única," , AV BEBERIBE, Recife, Pernambuco, Brasil",-8.013146,-34.8893491
6616,2019-08-02 13:01:00,COM VÍTIMA,ARRUDA,AV BEBERIBE,433,620.0,SUBURBIO,COLISÃO TRASEIRA,1.0,1.0,1.0,1.0,1.0,1.0,1.0,1.0,1.0,1.0,1.0,Longo da via,Bom,Sem defeito,Perfeito estado,Seca,Perfeito estado,Não há placas,30 km/h,Única,"433, AV BEBERIBE, Recife, Pernambuco, Brasil",-8.0335167,-34.8919672
9885,2019-11-05 17:35:00,SEM VÍTIMA,ARRUDA,AV PROFESSOR JOSE DOS ANJOS, ,620.0,SUBURBIO,ABALROAMENTO LONGITUDINAL,2.0,1.0,1.0,1.0,1.0,1.0,1.0,1.0,1.0,0.0,1.0,Longo da via,Bom,Sem defeito,Perfeito estado,Seca,Perfeito estado,Outras,30 km/h,Dupla," , AV PROFESSOR JOSE DOS ANJOS, Recife, Pernambuco, Brasil",-8.0274596,-34.8891438
1199,2019-02-12 11:35:00,SEM VÍTIMA,ARRUDA,AV PROFESSOR JOSE DOS ANJOS,518,620.0,SUBURBIO,COLISÃO,1.0,1.0,1.0,1.0,1.0,1.0,1.0,1.0,1.0,0.0,1.0,Longo da via,Bom,Sem defeito,Perfeito estado,Seca,Perfeito estado,Outras,30 km/h,Dupla,"518, AV PROFESSOR JOSE DOS ANJOS, Recife, Pernambuco, Brasil",-8.0282609,-34.8950543
9869,2019-11-05 14:46:00,SEM VÍTIMA,ARRUDA,EST VELHA DE AGUA FRIA,637,620.0,SUBURBIO,COLISÃO,2.0,1.0,1.0,1.0,1.0,1.0,1.0,1.0,1.0,0.0,1.0,Longo da via,Bom,Sem defeito,Perfeito estado,Seca,Perfeito estado,Outras,30 km/h,Dupla,"637, EST VELHA DE AGUA FRIA, Recife, Pernambuco, Brasil",-8.0282609,-34.8950543
5646,2019-06-29 09:12:00,SEM VÍTIMA,ARRUDA,AV PROFESSOR JOSE DOS ANJOS, ,620.0,CIDADE,COLISÃO TRASEIRA,2.0,1.0,1.0,1.0,1.0,1.0,1.0,1.0,1.0,0.0,1.0,Longo da via,Bom,Não existe,Perfeito estado,Seca,Perfeito estado,R-6a,60 km/h,Única," , AV PROFESSOR JOSE DOS ANJOS, Recife, Pernambuco, Brasil",-8.0274596,-34.8891438
11498,2019-12-14 14:50:00,SEM VÍTIMA,ARRUDA,RUA DAS MOCAS,245,620.0,CIDADE,COLISÃO,3.0,1.0,1.0,1.0,1.0,1.0,1.0,1.0,1.0,0.0,1.0,Longo da via,Bom,Não existe,Perfeito estado,Seca,Perfeito estado,R-6a,60 km/h,Única,"245, RUA DAS MOCAS, Recife, Pernambuco, Brasil",-8.0243241,-34.8875468
1023,2019-02-07 13:19:00,SEM VÍTIMA,ARRUDA,AV BEBERIBE,1418,492.0,SUBURBIO,ABALROAMENTO LONGITUDINAL,1.0,1.0,1.0,1.0,1.0,1.0,1.0,1.0,1.0,0.0,1.0,Longo da via,Bom,Sem defeito,Perfeito estado,Seca,Perfeito estado,R-6a,60 km/h,Dupla,"1418, AV BEBERIBE, Recife, Pernambuco, Brasil",-8.0223817,-34.8940353
260,2019-01-10 18:14:00,SEM VÍTIMA,ARRUDA,RUA SAO BENTO,343,492.0,SUBURBIO,COLISÃO,1.0,1.0,1.0,1.0,1.0,1.0,1.0,1.0,1.0,0.0,1.0,Longo da via,Bom,Sem defeito,Perfeito estado,Seca,Perfeito estado,R-6a,60 km/h,Dupla,"343, RUA SAO BENTO, Recife, Pernambuco, Brasil",-8.0235299,-34.8957163
847,2019-02-01 16:17:00,SEM VÍTIMA,ARRUDA,AV BEBERIBE,1744,492.0,SUBURBIO,COLISÃO,1.0,1.0,1.0,1.0,1.0,1.0,1.0,1.0,1.0,0.0,1.0,Longo da via,Bom,Sem defeito,Perfeito estado,Seca,Perfeito estado,R-6a,60 km/h,Dupla,"1744, AV BEBERIBE, Recife, Pernambuco, Brasil",-8.0223817,-34.8940353
1456,2019-02-20 09:02:00,SEM VÍTIMA,ARRUDA,RUA DAS MOCAS,217,492.0,SUBURBIO,ABALROAMENTO TRANSVERSAL,1.0,1.0,1.0,1.0,1.0,1.0,1.0,1.0,1.0,0.0,1.0,Longo da via,Bom,Não existe,Não existente,Seca,Perfeito estado,Não há placas,60 km/h,Dupla,"217, RUA DAS MOCAS, Recife, Pernambuco, Brasil",-8.0243241,-34.8875468
11475,2019-12-13 22:09:00,SEM VÍTIMA,ARRUDA,AV PROFESSOR JOSE DOS ANJOS, ,642.0,SUBURBIO,ABALROAMENTO TRANSVERSAL,2.0,1.0,1.0,1.0,1.0,1.0,1.0,1.0,1.0,0.0,1.0,Cruzamento,Bom,Sem defeito,Perfeito estado,Seca,Perfeito estado,Não há placas,60 km/h,Única," , AV PROFESSOR JOSE DOS ANJOS, Recife, Pernambuco, Brasil",-8.0274596,-34.8891438
4055,2019-05-08 17:38:00,COM VÍTIMA,ARRUDA,AV BEBERIBE, ,642.0,SUBURBIO,COLISÃO,1.0,1.0,1.0,1.0,1.0,1.0,1.0,1.0,1.0,1.0,1.0,Cruzamento,Bom,Sem defeito,Perfeito estado,Seca,Perfeito estado,Não há placas,60 km/h,Única," , AV BEBERIBE, Recife, Pernambuco, Brasil",-8.013146,-34.8893491
6676,2019-08-04 13:04:00,COM VÍTIMA,ARRUDA,RUA DR JOSE FULCO,109,642.0,SUB/CID,COLISÃO FRONTAL,1.0,2.0,1.0,1.0,1.0,1.0,1.0,1.0,1.0,1.0,1.0,Longo da via,Nublado,Não existe,Perfeito estado,Molhada,Perfeito estado,R-6a,60 km/h,Única,"109, RUA DR JOSE FULCO, Recife, Pernambuco, Brasil",-8.013146,-34.8893491
6346,2019-07-24 07:03:00,SEM VÍTIMA,ARRUDA,RUA JERONIMO VILELA, ,642.0,SUB/CID,COLISÃO,2.0,2.0,1.0,1.0,1.0,1.0,1.0,1.0,1.0,0.0,1.0,Longo da via,Nublado,Não existe,Perfeito estado,Molhada,Perfeito estado,R-6a,60 km/h,Única," , RUA JERONIMO VILELA, Recife, Pernambuco, Brasil",-8.0252339,-34.8827399
1544,2019-02-22 07:27:00,SEM VÍTIMA,ARRUDA,AV BEBERIBE,1359,492.0,CIDADE,ABALROAMENTO LONGITUDINAL,1.0,1.0,1.0,1.0,1.0,1.0,1.0,1.0,1.0,0.0,1.0,Cruzamento,Bom,Sem defeito,Perfeito estado,Seca,Perfeito estado,Outras,60 km/h,Dupla,"1359, AV BEBERIBE, Recife, Pernambuco, Brasil",-8.0252931,-34.8936142
7028,2019-08-15 09:35:00,COM VÍTIMA,ARRUDA,RUA DO MACHADO, ,492.0,SUBURBIO,ABALROAMENTO TRANSVERSAL,1.0,1.0,1.0,1.0,1.0,1.0,1.0,1.0,1.0,1.0,1.0,Cruzamento,Bom,Não existe,Ilegível,Seca,Perfeito estado,Placas Pare,30 km/h,Dupla," , RUA DO MACHADO, Recife, Pernambuco, Brasil",-8.0248823,-34.8903773
5477,2019-06-23 22:58:00,SEM VÍTIMA,ARRUDA,RUA DAS MOCAS, ,492.0,SUBURBIO,COLISÃO,2.0,1.0,1.0,1.0,1.0,1.0,1.0,1.0,1.0,0.0,1.0,Cruzamento,Bom,Não existe,Ilegível,Seca,Perfeito estado,Placas Pare,30 km/h,Dupla," , RUA DAS MOCAS, Recife, Pernambuco, Brasil",-8.0193122,-34.8852912
1542,2019-02-22 06:16:00,COM VÍTIMA,ARRUDA,RUA DAS MOCAS, ,492.0,SUBURBIO,COLISÃO,1.0,1.0,1.0,1.0,1.0,1.0,1.0,1.0,1.0,1.0,1.0,Cruzamento,Bom,Não existe,Ilegível,Seca,Perfeito estado,Placas Pare,30 km/h,Dupla," , RUA DAS MOCAS, Recife, Pernambuco, Brasil",-8.0193122,-34.8852912
4108,2019-05-10 12:10:00,SEM VÍTIMA,ARRUDA,AV BEBERIBE, ,492.0,SUBURBIO,ABALROAMENTO LONGITUDINAL,1.0,1.0,1.0,1.0,1.0,1.0,1.0,1.0,1.0,0.0,1.0,Longo da via,Bom,Sem defeito,Perfeito estado,Seca,Perfeito estado,R-6a,30 km/h,Dupla," , AV BEBERIBE, Recife, Pernambuco, Brasil",-8.013146,-34.8893491
5044,2019-06-09 05:08:00,SEM VÍTIMA,ARRUDA,AV BEBERIBE, ,131.0,CIDADE,ABALROAMENTO LONGITUDINAL,2.0,1.0,1.0,1.0,1.0,1.0,1.0,1.0,1.0,0.0,1.0,Cruzamento,Bom,Intermitente,Ilegível,Seca,Mal iluminada,Outras,60 km/h,Dupla," , AV BEBERIBE, Recife, Pernambuco, Brasil",-8.013146,-34.8893491
4110,2019-05-10 12:42:00,COM VÍTIMA,ARRUDA,RUA ZEFERINO AGRA, ,131.0,CIDADE,ABALROAMENTO TRANSVERSAL,1.0,1.0,1.0,1.0,1.0,1.0,1.0,1.0,1.0,1.0,1.0,Cruzamento,Chuvoso,Não existe,Perfeito estado,Molhada,Perfeito estado,Placas Pare,60 km/h,Dupla," , RUA ZEFERINO AGRA, Recife, Pernambuco, Brasil",-8.0244462,-34.8846643
9659,2019-10-30 17:35:00,COM VÍTIMA,ARRUDA,AV PROFESSOR JOSE DOS ANJOS, ,131.0,SUBURBIO,COLISÃO TRASEIRA,3.0,1.0,1.0,1.0,1.0,1.0,1.0,1.0,1.0,1.0,1.0,Longo da via,Bom,Sem defeito,Perfeito estado,Seca,Perfeito estado,Não há placas,60 km/h,Dupla," , AV PROFESSOR JOSE DOS ANJOS, Recife, Pernambuco, Brasil",-8.0274596,-34.8891438
354,2019-01-14 11:06:00,SEM VÍTIMA,ARRUDA,RUA DO MACHADO, ,131.0,CIDADE,ABALROAMENTO TRANSVERSAL,2.0,1.0,1.0,1.0,1.0,1.0,1.0,1.0,1.0,0.0,1.0,Cruzamento,Bom,Não existe,Perfeito estado,Seca,Perfeito estado,Placas Pare,60 km/h,Dupla," , RUA DO MACHADO, Recife, Pernambuco, Brasil",-8.0248823,-34.8903773
4218,2019-05-14 11:07:00,SEM VÍTIMA,ARRUDA,AV PROFESSOR JOSE DOS ANJOS, ,54.0,CIDADE,COLISÃO TRASEIRA,2.0,1.0,1.0,1.0,1.0,1.0,1.0,1.0,1.0,0.0,1.0,Cruzamento,Bom,Sem defeito,Perfeito estado,Seca,Perfeito estado,Outras,60 km/h,Dupla," , AV PROFESSOR JOSE DOS ANJOS, Recife, Pernambuco, Brasil",-8.0274596,-34.8891438
2330,2019-03-17 21:52:00,SEM VÍTIMA,ARRUDA,AV BEBERIBE, ,131.0,SUBURBIO,ABALROAMENTO LONGITUDINAL,1.0,1.0,1.0,1.0,1.0,1.0,1.0,1.0,1.0,0.0,1.0,Cruzamento,Bom,Sem defeito,Perfeito estado,Seca,Perfeito estado,R-6a,60 km/h,Única," , AV BEBERIBE, Recife, Pernambuco, Brasil",-8.013146,-34.8893491
5447,2019-06-22 08:06:00,SEM VÍTIMA,ARRUDA,AV PROFESSOR JOSE DOS ANJOS, ,554.0,SUBURBIO,ABALROAMENTO TRANSVERSAL,1.0,1.0,1.0,1.0,1.0,1.0,1.0,1.0,1.0,0.0,1.0,Cruzamento,Bom,Sem defeito,Perfeito estado,Seca,Perfeito estado,Outras,60 km/h,Dupla," , AV PROFESSOR JOSE DOS ANJOS, Recife, Pernambuco, Brasil",-8.0274596,-34.8891438
8323,2019-09-24 08:22:00,SEM VÍTIMA,ARRUDA,AV BEBERIBE, ,554.0,SUBURBIO,ABALROAMENTO TRANSVERSAL,1.0,1.0,1.0,1.0,1.0,1.0,1.0,1.0,1.0,0.0,1.0,Longo da via,Bom,Não existe,Perfeito estado,Seca,Perfeito estado,Outras,60 km/h,Dupla," , AV BEBERIBE, Recife, Pernambuco, Brasil",-8.013146,-34.8893491
2307,2019-03-16 20:27:00,SEM VÍTIMA,ARRUDA,AV BEBERIBE, ,131.0,SUBURBIO,COLISÃO TRASEIRA,2.0,1.0,1.0,1.0,1.0,1.0,1.0,1.0,1.0,0.0,1.0,Cruzamento,Bom,Sem defeito,Perfeito estado,Seca,Perfeito estado,R-6a,40 km/h,Dupla," , AV BEBERIBE, Recife, Pernambuco, Brasil",-8.013146,-34.8893491