,data_hora,natureza_acidente,bairro,endereco,numero,num_semaforo,sentido_via,tipo,auto,moto,ciclom,ciclista,pedestre,onibus,caminhao,viatura,outros,vitimas,vitimasfatais,acidente_verificado,tempo_clima,situacao_semaforo,sinalizacao,condicao_via,conservacao_via,situacao_placa,velocidade_max_via,mao_direcao,end,latitude,longitude
8529,2019-09-30 08:43:00,SEM VÍTIMA,ARRUDA,AV BEBERIBE,1310,131.0,CIDADE,CHOQUE VEÍCULO PARADO,2.0,1.0,1.0,1.0,1.0,1.0,1.0,1.0,1.0,0.0,1.0,Longo da via,Bom,Não existe,Perfeito estado,Seca,Perfeito estado,Outras,60 km/h,Dupla,"1310, AV BEBERIBE, Recife, Pernambuco, Brasil",-8.02563185,-34.89313303517102
7261,2019-08-22 09:49:00,SEM VÍTIMA,ARRUDA,AV PROFESSOR JOSE DOS ANJOS, ,131.0,SUBURBIO,COLISÃO TRASEIRA,2.0,1.0,1.0,1.0,1.0,1.0,1.0,1.0,1.0,0.0,1.0,Longo da via,Bom,Não existe,Perfeito estado,Seca,Perfeito estado,Placas Pare,60 km/h,Dupla," , AV PROFESSOR JOSE DOS ANJOS, Recife, Pernambuco, Brasil",-8.0274596,-34.8891438
11317,2019-12-10 16:25:00,SEM VÍTIMA,ARRUDA,RUA MEM DE SA,295,495.0,CIDADE,ABALROAMENTO TRANSVERSAL,1.0,1.0,1.0,1.0,1.0,1.0,1.0,1.0,1.0,0.0,1.0,Cruzamento,Bom,Sem defeito,Incompleta,Seca,Perfeito estado,Não há placas,30 km/h,Dupla,"295, RUA MEM DE SA, Recife, Pernambuco, Brasil",-8.0298064,-34.8907448
4162,2019-05-12 11:40:00,COM VÍTIMA,ARRUDA,AV BEBERIBE, ,495.0,CIDADE,ABALROAMENTO TRANSVERSAL,1.0,1.0,1.0,1.0,1.0,1.0,1.0,1.0,1.0,1.0,1.0,Esquina,Bom,Não existe,Não existente,Seca,Perfeito estado,Não há placas,30 km/h,Dupla," , AV BEBERIBE, Recife, Pernambuco, Brasil",-8.013146,-34.8893491
159,2019-01-05 10:45:00,COM VÍTIMA,ARRUDA,AV PROFESSOR JOSE DOS ANJOS, ,554.0,SUBURBIO,ABALROAMENTO TRANSVERSAL,1.0,1.0,1.0,1.0,1.0,1.0,1.0,1.0,1.0,1.0,1.0,Cruzamento,Bom,Sem defeito,Perfeito estado,Seca,Perfeito estado,Não há placas,40 km/h,Dupla," , AV PROFESSOR JOSE DOS ANJOS, Recife, Pernambuco, Brasil",-8.0274596,-34.8891438
9458,2019-10-25 07:32:00,SEM VÍTIMA,ARRUDA,RUA SAO BENTO, ,64.0,CIDADE,ABALROAMENTO LONGITUDINAL,1.0,1.0,1.0,1.0,1.0,1.0,1.0,1.0,1.0,0.0,1.0,Cruzamento,Bom,Sem defeito,Perfeito estado,Seca,Perfeito estado,Não há placas,40 km/h,Única," , RUA SAO BENTO, Recife, Pernambuco, Brasil",-8.0237758,-34.8969261
9963,2019-11-07 18:12:00,SEM VÍTIMA,ARRUDA,RUA PROFESSOR JERONIMO GUEIROS,423,64.0,CIDADE,ABALROAMENTO TRANSVERSAL,2.0,1.0,1.0,1.0,1.0,1.0,1.0,1.0,1.0,0.0,1.0,Cruzamento,Bom,Não existe,Não existente,Seca,Perfeito estado,Não há placas,40 km/h,Dupla,"423, RUA PROFESSOR JERONIMO GUEIROS, Recife, Pernambuco, Brasil",-8.0312653,-34.8898999
6806,2019-08-08 13:23:00,SEM VÍTIMA,ARRUDA,RUA SETE PECADOS, ,64.0,CIDADE,COLISÃO,2.0,1.0,1.0,1.0,1.0,1.0,1.0,1.0,1.0,0.0,1.0,Cruzamento,Bom,Não existe,Não existente,Seca,Perfeito estado,Não há placas,40 km/h,Dupla," , RUA SETE PECADOS, Recife, Pernambuco, Brasil",-8.024546,-34.8954864
3640,2019-04-25 17:15:00,SEM VÍTIMA,ARRUDA,AV BEBERIBE, ,64.0,CIDADE,COLISÃO,1.0,1.0,1.0,1.0,1.0,1.0,1.0,1.0,1.0,0.0,1.0,Cruzamento,Bom,Não existe,Não existente,Seca,Perfeito estado,Não há placas,40 km/h,Dupla," , AV BEBERIBE, Recife, Pernambuco, Brasil",-8.013146,-34.8893491
1742,2019-02-27 14:47:00,SEM VÍTIMA,ARRUDA,AV NORTE, ,364.0,CIDADE,ABALROAMENTO LONGITUDINAL,2.0,1.0,1.0,1.0,1.0,1.0,1.0,1.0,1.0,0.0,1.0,Cruzamento,Bom,Sem defeito,Perfeito estado,Seca,Perfeito estado,Não há placas,40 km/h,Dupla," , AV NORTE, Recife, Pernambuco, Brasil",-8.027844,-34.903102
1206,2019-02-12 13:12:00,COM VÍTIMA,ARRUDA,AV BEBERIBE,68,364.0,SUBURBIO,ABALROAMENTO TRANSVERSAL,1.0,1.0,1.0,1.0,1.0,1.0,1.0,1.0,1.0,1.0,1.0,Longo da via,Bom,Não existe,Perfeito estado,Seca,Perfeito estado,Não há placas,60 km/h,Dupla,"68, AV BEBERIBE, Recife, Pernambuco, Brasil",-8.0223817,-34.8940353
9932,2019-11-07 07:57:00,SEM VÍTIMA,ARRUDA,AV PROFESSOR JOSE DOS ANJOS,1565,364.0,SUBURBIO,COLISÃO,1.0,1.0,1.0,1.0,1.0,1.0,1.0,1.0,1.0,0.0,1.0,Longo da via,Bom,Não existe,Perfeito estado,Seca,Perfeito estado,Não há placas,60 km/h,Dupla,"1565, AV PROFESSOR JOSE DOS ANJOS, Recife, Pernambuco, Brasil",-8.0282609,-34.8950543
3035,2019-04-06 12:30:00,SEM VÍTIMA,ARRUDA,AV BEBERIBE, ,364.0,SUB/CID,ABALROAMENTO LONGITUDINAL,1.0,1.0,1.0,1.0,1.0,1.0,1.0,1.0,1.0,0.0,1.0,Longo da via,Bom,Sem defeito,Perfeito estado,Seca,Mal conservada,Não há placas,60 km/h,Dupla," , AV BEBERIBE, Recife, Pernambuco, Brasil",-8.013146,-34.8893491
8742,2019-10-05 08:09:00,SEM VÍTIMA,ARRUDA,RUA DAS MOCAS,1538,364.0,SUB/CID,COLISÃO,1.0,1.0,1.0,1.0,1.0,1.0,1.0,1.0,1.0,0.0,1.0,Longo da via,Bom,Sem defeito,Perfeito estado,Seca,Mal conservada,Não há placas,60 km/h,Dupla,"1538, RUA DAS MOCAS, Recife, Pernambuco, Brasil",-8.0180519,-34.8845603
8543,2019-09-30 16:01:00,SEM VÍTIMA,ARRUDA,AV PROFESSOR JOSE DOS ANJOS,82,364.0,SUBURBIO,CHOQUE OBJETO FIXO,1.0,1.0,1.0,1.0,1.0,1.0,1.0,1.0,1.0,0.0,1.0,Longo da via,Bom,Não existe,Perfeito estado,Seca,Perfeito estado,Outras,60 km/h,Única,"82, AV PROFESSOR JOSE DOS ANJOS, Recife, Pernambuco, Brasil",-8.0269899,-34.9081593
3681,2019-04-26 16:04:00,SEM VÍTIMA,ARRUDA,AV BEBERIBE, ,364.0,CIDADE,ABALROAMENTO LONGITUDINAL,2.0,1.0,1.0,1.0,1.0,1.0,1.0,1.0,1.0,0.0,1.0,Cruzamento,Bom,Não existe,Perfeito estado,Seca,Perfeito estado,R-6a,60 km/h,Dupla," , AV BEBERIBE, Recife, Pernambuco, Brasil",-8.013146,-34.8893491
3694,2019-04-26 21:05:00,SEM VÍTIMA,ARRUDA,RUA DAS MOCAS,1193,364.0,SUBURBIO,ABALROAMENTO LONGITUDINAL,1.0,1.0,1.0,1.0,1.0,1.0,1.0,1.0,1.0,0.0,1.0,Longo da via,Bom,Sem defeito,Perfeito estado,Seca,Perfeito estado,R-6a,60 km/h,Dupla,"1193, RUA DAS MOCAS, Recife, Pernambuco, Brasil",-8.0243241,-34.8875468
2663,2019-03-26 19:01:00,SEM VÍTIMA,ARRUDA,RUA ZEFERINO AGRA,843,364.0,SUBURBIO,ABALROAMENTO TRANSVERSAL,2.0,1.0,1.0,1.0,1.0,1.0,1.0,1.0,1.0,0.0,1.0,Cruzamento,Bom,Não existe,Incompleta,Seca,Perfeito estado,Não há placas,60 km/h,Dupla,"843, RUA ZEFERINO AGRA, Recife, Pernambuco, Brasil",-8.0238268,-34.886089
11657,2019-12-18 18:15:00,SEM VÍTIMA,ARRUDA,AV BEBERIBE,1303,364.0,CIDADE,ABALROAMENTO LONGITUDINAL,1.0,1.0,1.0,1.0,1.0,1.0,1.0,1.0,1.0,0.0,1.0,Cruzamento,Bom,Não existe,Incompleta,Seca,Perfeito estado,Não há placas,60 km/h,Dupla,"1303, AV BEBERIBE, Recife, Pernambuco, Brasil",-8.02578,-34.8935251
5183,2019-06-13 17:05:00,COM VÍTIMA,ARRUDA,RUA MARQUES DE BAIPENDI, ,364.0,CIDADE,ABALROAMENTO LONGITUDINAL,1.0,1.0,1.0,1.0,1.0,1.0,1.0,1.0,1.0,1.0,1.0,Cruzamento,Chuvoso,Não existe,Não existente,Molhada,Perfeito estado,Não há placas,60 km/h,Dupla," , RUA MARQUES DE BAIPENDI, Recife, Pernambuco, Brasil",-8.0291959,-34.8886566
8757,2019-10-05 12:30:00,SEM VÍTIMA,ARRUDA,AV BEBERIBE,1468,364.0,CIDADE,ABALROAMENTO LONGITUDINAL,1.0,1.0,1.0,1.0,1.0,1.0,1.0,1.0,1.0,0.0,1.0,Longo da via,Bom,Não existe,Perfeito estado,Seca,Perfeito estado,Não há placas,60 km/h,Dupla,"1468, AV BEBERIBE, Recife, Pernambuco, Brasil",-8.0223817,-34.8940353
3707,2019-04-27 10:21:00,SEM VÍTIMA,ARRUDA,EST VELHA DE AGUA FRIA, ,306.0,SUBURBIO,COLISÃO TRASEIRA,2.0,1.0,1.0,1.0,1.0,1.0,1.0,1.0,1.0,0.0,1.0,Ponte,Bom,Sem defeito,Perfeito estado,Seca,Perfeito estado,Outras,60 km/h,Dupla," , EST VELHA DE AGUA FRIA, Recife, Pernambuco, Brasil",-8.0223817,-34.8940353
1988,2019-03-08 09:54:00,SEM VÍTIMA,ARRUDA,EST VELHA DE AGUA FRIA,1029,306.0,SUBURBIO,COLISÃO,1.0,1.0,1.0,1.0,1.0,1.0,1.0,1.0,1.0,0.0,1.0,Ponte,Bom,Sem defeito,Perfeito estado,Seca,Perfeito estado,Outras,60 km/h,Dupla,"1029, EST VELHA DE AGUA FRIA, Recife, Pernambuco, Brasil",-8.0223817,-34.8940353
3713,2019-04-27 12:16:00,SEM VÍTIMA,ARRUDA,RUA INDEPENDENCIA,415,306.0,SUBURBIO,COLISÃO,2.0,1.0,1.0,1.0,1.0,1.0,1.0,1.0,1.0,0.0,1.0,Ponte,Bom,Sem defeito,Perfeito estado,Seca,Perfeito estado,Outras,60 km/h,Dupla,"415, RUA INDEPENDENCIA, Recife, Pernambuco, Brasil",-7.9892509,-34.9294333
3691,2019-04-26 18:55:00,COM VÍTIMA,ARRUDA,AV PROFESSOR JOSE DOS ANJOS,1029,306.0,SUBURBIO,ABALROAMENTO LONGITUDINAL,2.0,1.0,1.0,1.0,1.0,1.0,1.0,1.0,1.0,1.0,1.0,Cruzamento,Bom,Sem defeito,Perfeito estado,Seca,Perfeito estado,Outras,40 km/h,Dupla,"1029, AV PROFESSOR JOSE DOS ANJOS, Recife, Pernambuco, Brasil",-8.0282609,-34.8950543
10004,2019-11-08 15:38:00,SEM VÍTIMA,ARRUDA,RUA SETE PECADOS,196,306.0,SUBURBIO,ABALROAMENTO TRANSVERSAL,2.0,1.0,1.0,1.0,1.0,1.0,1.0,1.0,1.0,0.0,1.0,Longo da via,Bom,Não existe,Não existente,Seca,Perfeito estado,Não há placas,40 km/h,Dupla,"196, RUA SETE PECADOS, Recife, Pernambuco, Brasil",-8.024546,-34.8954864
10329,2019-11-17 10:54:00,COM VÍTIMA,ARRUDA,RUA DAS MOCAS,32,306.0,SUBURBIO,COLISÃO COM CICLISTA,2.0,1.0,1.0,1.0,1.0,1.0,1.0,1.0,1.0,1.0,1.0,Longo da via,Bom,Não existe,Não existente,Seca,Perfeito estado,Não há placas,40 km/h,Dupla,"32, RUA DAS MOCAS, Recife, Pernambuco, Brasil",-8.0243241,-34.8875468
10431,2019-11-20 07:40:00,COM VÍTIMA,ARRUDA,AV BEBERIBE,896,306.0,CIDADE,ABALROAMENTO LONGITUDINAL,1.0,1.0,1.0,1.0,1.0,1.0,1.0,1.0,1.0,1.0,1.0,Longo da via,Bom,Não existe,Perfeito estado,Seca,Perfeito estado,Não há placas,60 km/h,Dupla,"896, AV BEBERIBE, Recife, Pernambuco, Brasil",-8.0223817,-34.8940353
2809,2019-03-30 10:15:00,SEM VÍTIMA,ARRUDA,AV BEBERIBE,1526,306.0,SUBURBIO,ABALROAMENTO TRANSVERSAL,2.0,1.0,1.0,1.0,1.0,1.0,1.0,1.0,1.0,0.0,1.0,Longo da via,Bom,Não existe,Perfeito estado,Seca,Perfeito estado,Não há placas,60 km/h,Dupla,"1526, AV BEBERIBE, Recife, Pernambuco, Brasil",-8.0223817,-34.8940353
646,2019-01-25 15:30:00,SEM VÍTIMA,ARRUDA,RUA DR RAIMUNDO CAVALCANTI UCHOA, ,306.0,SUBURBIO,ABALROAMENTO LONGITUDINAL,1.0,1.0,1.0,1.0,1.0,1.0,1.0,1.0,1.0,0.0,1.0,Longo da via,Bom,Não existe,Incompleta,Seca,Perfeito estado,Não há placas,30 km/h,Dupla," , RUA DR RAIMUNDO CAVALCANTI UCHOA, Recife, Pernambuco, Brasil",-8.0223817,-34.8940353
9997,2019-11-08 14:10:00,SEM VÍTIMA,ARRUDA,AV PROFESSOR JOSE DOS ANJOS,116,306.0,SUBURBIO,ABALROAMENTO LONGITUDINAL,2.0,1.0,1.0,1.0,1.0,1.0,1.0,1.0,1.0,0.0,1.0,Cruzamento,Bom,Não existe,Perfeito estado,Seca,Perfeito estado,R-6a,30 km/h,Única,"116, AV PROFESSOR JOSE DOS ANJOS, Recife, Pernambuco, Brasil",-8.0282609,-34.8950543
11326,2019-12-10 22:03:00,COM VÍTIMA,ARRUDA,AV BEBERIBE, ,306.0,SUBURBIO,ABALROAMENTO TRANSVERSAL,1.0,1.0,1.0,1.0,1.0,1.0,1.0,1.0,1.0,2.0,1.0,Longo da via,Bom,Não existe,Perfeito estado,Seca,Perfeito estado,Não há placas,30 km/h,Dupla," , AV BEBERIBE, Recife, Pernambuco, Brasil",-8.013146,-34.8893491
1788,2019-02-28 15:39:00,SEM VÍTIMA,ARRUDA,AV PROFESSOR JOSE DOS ANJOS, ,554.0,SUBURBIO,ABALROAMENTO LONGITUDINAL,1.0,1.0,1.0,1.0,1.0,1.0,1.0,1.0,1.0,0.0,1.0,Longo da via,Bom,Sem defeito,Perfeito estado,Seca,Perfeito estado,Outras,30 km/h,Dupla," , AV PROFESSOR JOSE DOS ANJOS, Recife, Pernambuco, Brasil",-8.0274596,-34.8891438
9989,2019-11-08 10:33:00,SEM VÍTIMA,ARRUDA,RUA DO TRIUNFO,656,554.0,CIDADE,CHOQUE OBJETO FIXO,1.0,1.0,1.0,1.0,1.0,1.0,1.0,1.0,1.0,0.0,1.0,Longo da via,Bom,Não existe,Não existente,Seca,Perfeito estado,Não há placas,30 km/h,Dupla,"656, RUA DO TRIUNFO, Recife, Pernambuco, Brasil",-8.0234037,-34.8931025
98,2019-01-04 23:17:00,COM VÍTIMA,ARRUDA,RUA DO MACHADO, ,554.0,SUBURBIO,ABALROAMENTO TRANSVERSAL,1.0,2.0,1.0,1.0,1.0,1.0,1.0,1.0,1.0,1.0,1.0,Cruzamento,Bom,Não existe,Perfeito estado,Seca,Perfeito estado,Placas Pare,30 km/h,Dupla," , RUA DO MACHADO, Recife, Pernambuco, Brasil",-8.0248823,-34.8903773
495,2019-01-20 14:12:00,COM VÍTIMA,ARRUDA,AV BEBERIBE,875,554.0,CIDADE,ABALROAMENTO LONGITUDINAL,1.0,1.0,1.0,1.0,1.0,1.0,1.0,1.0,1.0,1.0,1.0,Longo da via,Bom,Não existe,Perfeito estado,Seca,Perfeito estado,R-6a,30 km/h,Dupla,"875, AV BEBERIBE, Recife, Pernambuco, Brasil",-8.0223817,-34.8940353
3131,2019-04-09 14:11:00,COM VÍTIMA,ARRUDA,AV BEBERIBE, ,131.0,CIDADE,COLISÃO TRASEIRA,2.0,1.0,1.0,1.0,1.0,1.0,1.0,1.0,1.0,1.0,1.0,Cruzamento,Bom,Sem defeito,Perfeito estado,Seca,Perfeito estado,Outras,30 km/h,Dupla," , AV BEBERIBE, Recife, Pernambuco, Brasil",-8.013146,-34.8893491
436,2019-01-17 15:14:00,SEM VÍTIMA,ARRUDA,AV PROFESSOR JOSE DOS ANJOS, ,306.0,SUBURBIO,ABALROAMENTO LONGITUDINAL,2.0,1.0,1.0,1.0,1.0,1.0,1.0,1.0,1.0,0.0,1.0,Cruzamento,Bom,Sem defeito,Perfeito estado,Seca,Perfeito estado,R-4a,30 km/h,Dupla," , AV PROFESSOR JOSE DOS ANJOS, Recife, Pernambuco, Brasil",-8.0274596,-34.8891438
1973,2019-03-07 20:03:00,SEM VÍTIMA,ARRUDA,AV BEBERIBE, ,64.0,SUBURBIO,ABALROAMENTO LONGITUDINAL,1.0,1.0,1.0,1.0,1.0,1.0,1.0,1.0,1.0,0.0,1.0,Cruzamento,Bom,Sem defeito,Perfeito estado,Seca,Perfeito estado,Não há placas,30 km/h,Dupla," , AV BEBERIBE, Recife, Pernambuco, Brasil",-8.013146,-34.8893491
11529,2019-12-15 21:36:00,COM VÍTIMA,ARRUDA,RUA PROFESSOR JERONIMO GUEIROS, ,495.0,SUBURBIO,COLISÃO FRONTAL,2.0,1.0,1.0,1.0,1.0,1.0,1.0,1.0,1.0,1.0,1.0,Longo da via,Bom,Sem defeito,Não existente,Seca,Mal iluminada,Não há placas,30 km/h,Dupla," , RUA PROFESSOR JERONIMO GUEIROS, Recife, Pernambuco, Brasil",-8.0312653,-34.8898999
3590,2019-04-24 08:44:00,COM VÍTIMA,ARRUDA,RUA DO MACHADO,904,495.0,SUBURBIO,ABALROAMENTO LONGITUDINAL,1.0,1.0,1.0,1.0,1.0,1.0,1.0,1.0,1.0,2.0,1.0,Esquina,Bom,Não existe,Perfeito estado,Seca,Perfeito estado,Placas Pare,30 km/h,Dupla,"904, RUA DO MACHADO, Recife, Pernambuco, Brasil",-8.0205164,-34.8888133
2774,2019-03-29 15:00:00,COM VÍTIMA,ARRUDA,RUA DAS MOCAS,600,495.0,SUBURBIO,ABALROAMENTO LONGITUDINAL,1.0,1.0,1.0,1.0,1.0,1.0,1.0,1.0,1.0,1.0,1.0,Esquina,Bom,Não existe,Perfeito estado,Seca,Perfeito estado,R-6a,30 km/h,Dupla,"600, RUA DAS MOCAS, Recife, Pernambuco, Brasil",-8.0243241,-34.8875468
829,2019-02-01 09:03:00,SEM VÍTIMA,ARRUDA,AV PROFESSOR JOSE DOS ANJOS, ,131.0,SUBURBIO,COLISÃO TRASEIRA,1.0,1.0,1.0,1.0,1.0,1.0,1.0,1.0,1.0,0.0,1.0,Cruzamento,Bom,Sem defeito,Perfeito estado,Seca,Perfeito estado,Não há placas,30 km/h,Única," , AV PROFESSOR JOSE DOS ANJOS, Recife, Pernambuco, Brasil",-8.0274596,-34.8891438
3583,2019-04-24 00:02:00,SEM VÍTIMA,ARRUDA,RUA PROFESSOR JERONIMO GUEIROS,254,495.0,SUBURBIO,COLISÃO TRASEIRA,2.0,1.0,1.0,1.0,1.0,1.0,1.0,1.0,1.0,0.0,1.0,Cruzamento,Bom,Sem defeito,Perfeito estado,Seca,Perfeito estado,Não há placas,30 km/h,Única,"254, RUA PROFESSOR JERONIMO GUEIROS, Recife, Pernambuco, Brasil",-8.0312653,-34.8898999
4179,2019-05-13 08:51:00,SEM VÍTIMA,BAIRRO DO RECIFE,AV ALFREDO LISBOA,1152,495.0,SUBURBIO,CHOQUE VEÍCULO PARADO,4.0,1.0,1.0,1.0,1.0,1.0,1.0,1.0,1.0,0.0,1.0,Longo da via,Bom,Sem defeito,Perfeito estado,Seca,Perfeito estado,R-6a,30 km/h,Única,"1152, AV ALFREDO LISBOA, Recife, Pernambuco, Brasil",-8.06015145,-34.87049923664153
4749,2019-05-31 12:24:00,SEM VÍTIMA,BAIRRO DO RECIFE,AV ALFREDO LISBOA,35,495.0,SUBURBIO,ABALROAMENTO LONGITUDINAL,2.0,1.0,1.0,1.0,1.0,1.0,1.0,1.0,1.0,0.0,1.0,Longo da via,Bom,Não existe,Perfeito estado,Seca,Perfeito estado,Não há placas,30 km/h,Única,"35, AV ALFREDO LISBOA, Recife, Pernambuco, Brasil",-8.0649801,-34.8722611
347,2019-01-14 08:58:00,SEM VÍTIMA,BAIRRO DO RECIFE,AV ALFREDO LISBOA, ,495.0,SUBURBIO,COLISÃO TRASEIRA,2.0,1.0,1.0,1.0,1.0,1.0,1.0,1.0,1.0,0.0,1.0,Longo da via,Bom,Não existe,Perfeito estado,Seca,Perfeito estado,Não há placas,40 km/h,Única," , AV ALFREDO LISBOA, Recife, Pernambuco, Brasil",-8.0607062,-34.8704034
6862,2019-08-09 17:06:00,SEM VÍTIMA,BAIRRO DO RECIFE,AV ALFREDO LISBOA, ,495.0,SUBURBIO,COLISÃO,2.0,1.0,1.0,1.0,1.0,1.0,1.0,1.0,1.0,0.0,1.0,Longo da via,Bom,Não existe,Perfeito estado,Seca,Perfeito estado,Não há placas,40 km/h,Única," , AV ALFREDO LISBOA, Recife, Pernambuco, Brasil",-8.0607062,-34.8704034
4761,2019-05-31 15:16:00,SEM VÍTIMA,BAIRRO DO RECIFE,AV ALFREDO LISBOA, ,495.0,SUBURBIO,ABALROAMENTO LONGITUDINAL,1.0,1.0,1.0,1.0,1.0,1.0,1.0,1.0,1.0,0.0,1.0,Longo da via,Bom,Não existe,Perfeito estado,Seca,Perfeito estado,Outras,40 km/h,Única," , AV ALFREDO LISBOA, Recife, Pernambuco, Brasil",-8.0607062,-34.8704034
5270,2019-06-16 08:08:00,SEM VÍTIMA,BAIRRO DO RECIFE,CAIS DO APOLO, ,436.0,SUBURBIO,COLISÃO TRASEIRA,2.0,1.0,1.0,1.0,1.0,1.0,1.0,1.0,1.0,0.0,1.0,Longo da via,Chuvoso,Sem defeito,Perfeito estado,Molhada,Perfeito estado,Outras,40 km/h,Dupla," , CAIS DO APOLO, Recife, Pernambuco, Brasil",-8.0630739,-34.8742254
9344,2019-10-22 09:02:00,SEM VÍTIMA,BAIRRO DO RECIFE,CAIS DO APOLO,445 B,436.0,SUBURBIO,COLISÃO TRASEIRA,1.0,1.0,1.0,1.0,1.0,1.0,1.0,1.0,1.0,0.0,1.0,Longo da via,Bom,Não existe,Perfeito estado,Seca,Perfeito estado,Não há placas,40 km/h,Dupla,"445 B, CAIS DO APOLO, Recife, Pernambuco, Brasil",-8.0630739,-34.8742254
4379,2019-05-18 23:52:00,COM VÍTIMA,BAIRRO DO RECIFE,AV MILITAR, ,436.0,SUBURBIO,CHOQUE OBJETO FIXO,1.0,1.0,1.0,1.0,1.0,1.0,1.0,1.0,1.0,1.0,1.0,Longo da via,Bom,Não existe,Perfeito estado,Seca,Perfeito estado,R-6a,40 km/h,Única," , AV MILITAR, Recife, Pernambuco, Brasil",-8.0520605,-34.8715231
9520,2019-10-27 01:13:00,SEM VÍTIMA,BAIRRO DO RECIFE,RUA MARIZ E BARROS, ,436.0,CIDADE,CHOQUE VEÍCULO PARADO,2.0,1.0,1.0,1.0,1.0,1.0,1.0,1.0,1.0,0.0,1.0,Longo da via,Bom,Sem defeito,Perfeito estado,Seca,Perfeito estado,R-6a,40 km/h,Única," , RUA MARIZ E BARROS, Recife, Pernambuco, Brasil",-8.0642725,-34.8728999
8939,2019-10-10 12:40:00,SEM VÍTIMA,BAIRRO DO RECIFE,AV ALFREDO LISBOA,33,436.0,CIDADE,COLISÃO TRASEIRA,2.0,1.0,1.0,1.0,1.0,1.0,1.0,1.0,1.0,0.0,1.0,Longo da via,Chuvoso,Não existe,Perfeito estado,Molhada,Perfeito estado,Outras,30 km/h,Única,"33, AV ALFREDO LISBOA, Recife, Pernambuco, Brasil",-8.0649801,-34.8722611
8933,2019-10-10 10:30:00,SEM VÍTIMA,BAIRRO DO RECIFE,CAIS DA ALFANDEGA,71,436.0,CIDADE,COLISÃO,2.0,1.0,1.0,1.0,1.0,1.0,1.0,1.0,1.0,0.0,1.0,Longo da via,Chuvoso,Não existe,Perfeito estado,Molhada,Perfeito estado,Outras,30 km/h,Única,"71, CAIS DA ALFANDEGA, Recife, Pernambuco, Brasil",-8.0650093,-34.8741379
9452,2019-10-24 17:55:00,SEM VÍTIMA,BAIRRO DO RECIFE,PTE GIRATORIA, ,477.0,CIDADE,ABALROAMENTO LONGITUDINAL,1.0,1.0,1.0,1.0,1.0,1.0,1.0,1.0,1.0,0.0,1.0,Longo da via,Bom,Não existe,Não existente,Seca,Mal iluminada,Não há placas,30 km/h,Única," , PTE GIRATORIA, Recife, Pernambuco, Brasil",-8.0650093,-34.8741379
4484,2019-05-22 15:22:00,SEM VÍTIMA,BAIRRO DO RECIFE,PTE GIRATORIA, ,477.0,SUBURBIO,ABALROAMENTO LONGITUDINAL,2.0,1.0,1.0,1.0,1.0,1.0,1.0,1.0,1.0,0.0,1.0,Longo da via,Bom,Não existe,Perfeito estado,Seca,Perfeito estado,Não há placas,30 km/h,Única," , nan, Recife, Pernambuco, Brasil",-8.0584933,-34.8848193
4964,2019-06-06 15:49:00,SEM VÍTIMA,BAIRRO DO RECIFE,RUA DO HOSPICIO, ,23.0,CIDADE,ABALROAMENTO LONGITUDINAL,1.0,1.0,1.0,1.0,1.0,1.0,1.0,1.0,1.0,0.0,1.0,Cruzamento,Bom,Sem defeito,Perfeito estado,Seca,Perfeito estado,Outras,40 km/h,Única," , RUA DO HOSPICIO, Recife, Pernambuco, Brasil",-8.0544217,-34.8818867
278,2019-01-11 11:40:00,SEM VÍTIMA,BAIRRO DO RECIFE,CAIS DA ALFANDEGA, ,255.0,CIDADE,ABALROAMENTO LONGITUDINAL,2.0,1.0,1.0,1.0,1.0,1.0,1.0,1.0,1.0,0.0,1.0,Longo da via,Bom,Sem defeito,Perfeito estado,Seca,Perfeito estado,Não há placas,40 km/h,Única," , CAIS DA ALFANDEGA, Recife, Pernambuco, Brasil",-8.065202150000001,-34.874193667708035
9131,2019-10-15 17:55:00,SEM VÍTIMA,BAIRRO DO RECIFE,PTE GIRATORIA, ,255.0,SUBURBIO,COLISÃO TRASEIRA,3.0,1.0,1.0,1.0,1.0,1.0,1.0,1.0,1.0,0.0,1.0,Ponte,Bom,Não existe,Perfeito estado,Seca,Perfeito estado,Não há placas,40 km/h,Dupla," , PTE GIRATORIA, Recife, Pernambuco, Brasil",-8.065202150000001,-34.874193667708035
4551,2019-05-24 15:04:00,SEM VÍTIMA,BAIRRO DO RECIFE,CAIS DO APOLO, ,436.0,SUBURBIO,COLISÃO TRASEIRA,2.0,1.0,1.0,1.0,1.0,1.0,1.0,1.0,1.0,0.0,1.0,Longo da via,Bom,Sem defeito,Perfeito estado,Seca,Perfeito estado,R-6a,40 km/h,Dupla," , CAIS DO APOLO, Recife, Pernambuco, Brasil",-8.0630739,-34.8742254
1344,2019-02-15 21:14:00,COM VÍTIMA,BAIRRO DO RECIFE,AV ALFREDO LISBOA, ,436.0,SUBURBIO,ABALROAMENTO LONGITUDINAL,1.0,1.0,1.0,1.0,1.0,1.0,1.0,1.0,1.0,1.0,1.0,Longo da via,Bom,Não existe,Perfeito estado,Seca,Perfeito estado,R-6a,40 km/h,Única," , AV ALFREDO LISBOA, Recife, Pernambuco, Brasil",-8.0607062,-34.8704034
996,2019-02-06 17:14:00,COM VÍTIMA,BAIRRO DO RECIFE,CAIS DO APOLO,302,436.0,SUBURBIO,ATROPELAMENTO,1.0,1.0,1.0,1.0,1.0,1.0,1.0,1.0,1.0,1.0,1.0,Longo da via,Chuvoso,Sem defeito,Perfeito estado,Molhada,Perfeito estado,R-6c,30 km/h,Única,"302, CAIS DO APOLO, Recife, Pernambuco, Brasil",-8.0630739,-34.8742254