,data_hora,natureza_acidente,bairro,endereco,numero,num_semaforo,sentido_via,tipo,auto,moto,ciclom,ciclista,pedestre,onibus,caminhao,viatura,outros,vitimas,vitimasfatais,acidente_verificado,tempo_clima,situacao_semaforo,sinalizacao,condicao_via,conservacao_via,situacao_placa,velocidade_max_via,mao_direcao,end,latitude,longitude
4565,2019-05-25 01:04:00,SEM VÍTIMA,BAIRRO DO RECIFE,AV MARQUES DE OLINDA, ,20.0,SUBURBIO,ABALROAMENTO TRANSVERSAL,2.0,1.0,1.0,1.0,1.0,1.0,1.0,1.0,1.0,0.0,1.0,Cruzamento,Bom,Intermitente,Perfeito estado,Seca,Perfeito estado,Outras,30 km/h,Única," , AV MARQUES DE OLINDA, Recife, Pernambuco, Brasil",-8.063521,-34.8730311
5065,2019-06-10 08:59:00,SEM VÍTIMA,BAIRRO DO RECIFE,RUA MADRE DEUS,170,20.0,SUBURBIO,ABALROAMENTO LONGITUDINAL,2.0,1.0,1.0,1.0,1.0,1.0,1.0,1.0,1.0,0.0,1.0,Longo da via,Bom,Não existe,Perfeito estado,Seca,Perfeito estado,Não há placas,30 km/h,Única,"170, RUA MADRE DEUS, Recife, Pernambuco, Brasil",-8.063521,-34.8730311
1060,2019-02-08 10:13:00,SEM VÍTIMA,BAIRRO DO RECIFE,RUA MADRE DEUS, ,20.0,SUBURBIO,ABALROAMENTO LONGITUDINAL,2.0,1.0,1.0,1.0,1.0,1.0,1.0,1.0,1.0,0.0,1.0,Longo da via,Bom,Não existe,Perfeito estado,Seca,Perfeito estado,Não há placas,60 km/h,Dupla," , nan, Recife, Pernambuco, Brasil",-8.0584933,-34.8848193
11271,2019-12-09 17:00:00,SEM VÍTIMA,BAIRRO DO RECIFE,AV MILITAR,550,20.0,SUBURBIO,ABALROAMENTO TRANSVERSAL,2.0,1.0,1.0,1.0,1.0,1.0,1.0,1.0,1.0,0.0,1.0,Longo da via,Bom,Não existe,Perfeito estado,Seca,Perfeito estado,R-6a,60 km/h,Dupla,"550, AV MILITAR, Recife, Pernambuco, Brasil",-8.0522094,-34.8717706
5059,2019-06-10 07:48:00,SEM VÍTIMA,BAIRRO DO RECIFE,AV NORTE, ,20.0,CIDADE,COLISÃO TRASEIRA,3.0,1.0,1.0,1.0,1.0,1.0,1.0,1.0,1.0,0.0,1.0,Ponte,Bom,Sem defeito,Perfeito estado,Seca,Perfeito estado,Não há placas,60 km/h,Dupla," , AV NORTE, Recife, Pernambuco, Brasil",-8.027844,-34.903102
4234,2019-05-14 14:48:00,SEM VÍTIMA,BAIRRO DO RECIFE,RUA DO OBSERVATORIO, ,20.0,CIDADE,ABALROAMENTO LONGITUDINAL,2.0,1.0,1.0,1.0,1.0,1.0,1.0,1.0,1.0,0.0,1.0,Longo da via,Bom,Não existe,Perfeito estado,Seca,Perfeito estado,Não há placas,60 km/h,Dupla," , RUA DO OBSERVATORIO, Recife, Pernambuco, Brasil",-8.0606856,-34.8712458
9201,2019-10-17 15:10:00,SEM VÍTIMA,BAIRRO DO RECIFE,AV ALFREDO LISBOA,505,20.0,SUBURBIO,COLISÃO TRASEIRA,1.0,1.0,1.0,1.0,1.0,1.0,1.0,1.0,1.0,0.0,1.0,Longo da via,Bom,Não existe,Perfeito estado,Seca,Perfeito estado,R-6a,60 km/h,Única,"505, AV ALFREDO LISBOA, Recife, Pernambuco, Brasil",-8.062556650000001,-34.871343013723866
11278,2019-12-09 20:39:00,SEM VÍTIMA,BAIRRO DO RECIFE,CAIS DO APOLO,161,165.0,SUBURBIO,ABALROAMENTO LONGITUDINAL,1.0,1.0,1.0,1.0,1.0,1.0,1.0,1.0,1.0,0.0,1.0,Longo da via,Bom,Sem defeito,Perfeito estado,Seca,Perfeito estado,Outras,60 km/h,Única,"161, CAIS DO APOLO, Recife, Pernambuco, Brasil",-8.0630739,-34.8742254
365,2019-01-14 17:56:00,SEM VÍTIMA,BAIRRO DO RECIFE,CAIS DO APOLO, ,165.0,SUBURBIO,ABALROAMENTO LONGITUDINAL,2.0,1.0,1.0,1.0,1.0,1.0,1.0,1.0,1.0,0.0,1.0,Longo da via,Bom,Não existe,Perfeito estado,Seca,Perfeito estado,Outras,40 km/h,Dupla," , CAIS DO APOLO, Recife, Pernambuco, Brasil",-8.0630739,-34.8742254
6728,2019-08-07 09:20:00,SEM VÍTIMA,BAIRRO DO RECIFE,AV MILITAR,500,165.0,CIDADE,ABALROAMENTO TRANSVERSAL,1.0,1.0,1.0,1.0,1.0,1.0,1.0,1.0,1.0,0.0,1.0,Longo da via,Bom,Não existe,Perfeito estado,Seca,Perfeito estado,R-6a,60 km/h,Dupla,"500, AV MILITAR, Recife, Pernambuco, Brasil",-8.0522094,-34.8717706
11417,2019-12-12 15:36:00,SEM VÍTIMA,BAIRRO DO RECIFE,CAIS DO APOLO, ,165.0,SUBURBIO,ABALROAMENTO LONGITUDINAL,1.0,1.0,1.0,1.0,1.0,1.0,1.0,1.0,1.0,0.0,1.0,Longo da via,Bom,Não existe,Perfeito estado,Seca,Perfeito estado,Não há placas,40 km/h,Única," , CAIS DO APOLO, Recife, Pernambuco, Brasil",-8.0630739,-34.8742254
5409,2019-06-20 16:57:00,SEM VÍTIMA,BAIRRO DO RECIFE,CAIS DO APOLO, ,165.0,CIDADE,COLISÃO TRASEIRA,2.0,1.0,1.0,1.0,1.0,1.0,1.0,1.0,1.0,0.0,1.0,Cruzamento,Bom,Sem defeito,Perfeito estado,Seca,Perfeito estado,Não há placas,40 km/h,Dupla," , CAIS DO APOLO, Recife, Pernambuco, Brasil",-8.0630739,-34.8742254
9382,2019-10-22 16:31:00,SEM VÍTIMA,BAIRRO DO RECIFE,AV ALFREDO LISBOA, ,165.0,CIDADE,COLISÃO TRASEIRA,2.0,1.0,1.0,1.0,1.0,1.0,1.0,1.0,1.0,0.0,1.0,Longo da via,Bom,Não existe,Perfeito estado,Seca,Perfeito estado,Não há placas,40 km/h,Única," , AV ALFREDO LISBOA, Recife, Pernambuco, Brasil",-8.0607062,-34.8704034
11824,2019-12-23 07:52:00,SEM VÍTIMA,BAIRRO DO RECIFE,AV GOVERNADOR AGAMENON MAGALHAES,73,165.0,CIDADE,ABALROAMENTO TRANSVERSAL,1.0,1.0,1.0,1.0,1.0,1.0,1.0,1.0,1.0,0.0,1.0,Longo da via,Bom,Não existe,Não existente,Seca,Perfeito estado,Não há placas,40 km/h,Dupla,"73, AV GOVERNADOR AGAMENON MAGALHAES, Recife, Pernambuco, Brasil",-8.0573348,-34.89741999977048
9962,2019-11-07 18:04:00,SEM VÍTIMA,BAIRRO DO RECIFE,AV MILITAR, ,165.0,CIDADE,ABALROAMENTO LONGITUDINAL,2.0,1.0,1.0,1.0,1.0,1.0,1.0,1.0,1.0,0.0,1.0,Longo da via,Bom,Não existe,Perfeito estado,Seca,Perfeito estado,Outras,40 km/h,Dupla," , AV MILITAR, Recife, Pernambuco, Brasil",-8.0520605,-34.8715231
1518,2019-02-21 12:56:00,SEM VÍTIMA,BAIRRO DO RECIFE,CAIS DO APOLO, ,19.0,CIDADE,ABALROAMENTO LONGITUDINAL,1.0,1.0,1.0,1.0,1.0,1.0,1.0,1.0,1.0,0.0,1.0,Longo da via,Bom,Sem defeito,Perfeito estado,Seca,Perfeito estado,Outras,60 km/h,Dupla," , CAIS DO APOLO, Recife, Pernambuco, Brasil",-8.0630739,-34.8742254
6512,2019-07-30 18:07:00,COM VÍTIMA,BAIRRO DO RECIFE,RUA DO APOLO,235,19.0,CIDADE,ATROPELAMENTO,1.0,1.0,1.0,1.0,1.0,1.0,1.0,1.0,1.0,1.0,1.0,Longo da via,Bom,Não existe,Perfeito estado,Seca,Perfeito estado,Não há placas,60 km/h,Dupla,"235, RUA DO APOLO, Recife, Pernambuco, Brasil",-8.06062085,-34.872093538322346
639,2019-01-25 12:16:00,COM VÍTIMA,BAIRRO DO RECIFE,AV ALFREDO LISBOA, ,19.0,CIDADE,ABALROAMENTO LONGITUDINAL,1.0,1.0,1.0,1.0,1.0,1.0,1.0,1.0,1.0,1.0,1.0,Longo da via,Bom,Não existe,Perfeito estado,Seca,Perfeito estado,Outras,60 km/h,Única," , AV ALFREDO LISBOA, Recife, Pernambuco, Brasil",-8.0607062,-34.8704034
10914,2019-12-02 13:44:00,COM VÍTIMA,BAIRRO DO RECIFE,AV ALFREDO LISBOA,1168,19.0,SUBURBIO,COLISÃO TRASEIRA,1.0,1.0,1.0,1.0,1.0,1.0,1.0,1.0,1.0,1.0,1.0,Longo da via,Bom,Não existe,Perfeito estado,Seca,Perfeito estado,Outras,60 km/h,Única,"1168, AV ALFREDO LISBOA, Recife, Pernambuco, Brasil",-8.0597937,-34.8703915
1880,2019-03-03 08:15:00,SEM VÍTIMA,BAIRRO DO RECIFE,CAIS DO APOLO, ,19.0,SUBURBIO,ABALROAMENTO LONGITUDINAL,2.0,1.0,1.0,1.0,1.0,1.0,1.0,1.0,1.0,0.0,1.0,Longo da via,Chuvoso,Sem defeito,Perfeito estado,Seca,Perfeito estado,R-6a,60 km/h,Única," , CAIS DO APOLO, Recife, Pernambuco, Brasil",-8.0630739,-34.8742254
1878,2019-03-03 08:15:00,SEM VÍTIMA,BAIRRO DO RECIFE,TRV TIRADENTES, ,19.0,SUBURBIO,COLISÃO,2.0,1.0,1.0,1.0,1.0,1.0,1.0,1.0,1.0,0.0,1.0,Longo da via,Chuvoso,Sem defeito,Perfeito estado,Seca,Perfeito estado,R-6a,60 km/h,Única," , TRV TIRADENTES, Recife, Pernambuco, Brasil",-8.0630739,-34.8742254
3400,2019-04-17 01:34:00,SEM VÍTIMA,BAIRRO DO RECIFE,AV MARQUES DE OLINDA, ,19.0,SUBURBIO,ABALROAMENTO LONGITUDINAL,2.0,1.0,1.0,1.0,1.0,1.0,1.0,1.0,1.0,0.0,1.0,Cruzamento,Bom,Sem defeito,Perfeito estado,Seca,Perfeito estado,R-6a,60 km/h,Única," , AV MARQUES DE OLINDA, Recife, Pernambuco, Brasil",-8.063521,-34.8730311
11560,2019-12-16 15:19:00,SEM VÍTIMA,BAIRRO DO RECIFE,RUA JOAQUIM FELIPE, ,365.0,CIDADE,COLISÃO TRASEIRA,2.0,1.0,1.0,1.0,1.0,1.0,1.0,1.0,1.0,0.0,1.0,Longo da via,Bom,Sem defeito,Perfeito estado,Seca,Perfeito estado,Não há placas,60 km/h,Única," , RUA JOAQUIM FELIPE, Recife, Pernambuco, Brasil",-8.0528964,-34.8911414
1864,2019-03-02 14:33:00,SEM VÍTIMA,BAIRRO DO RECIFE,C SANTA RITA, ,76.0,CIDADE,COLISÃO TRASEIRA,0.0,1.0,1.0,1.0,1.0,1.0,1.0,1.0,1.0,0.0,1.0,Longo da via,Bom,Sem defeito,Perfeito estado,Seca,Perfeito estado,Não há placas,60 km/h,Única," , C SANTA RITA, Recife, Pernambuco, Brasil",-8.0665491,-34.8770128
10068,2019-11-10 08:43:00,SEM VÍTIMA,BAIRRO DO RECIFE,CAIS DO APOLO,321,76.0,CIDADE,CHOQUE OBJETO FIXO,1.0,1.0,1.0,1.0,1.0,1.0,1.0,1.0,1.0,0.0,1.0,Longo da via,Bom,Sem defeito,Perfeito estado,Seca,Perfeito estado,R-6a,60 km/h,Dupla,"321, CAIS DO APOLO, Recife, Pernambuco, Brasil",-8.0599224,-34.873175323891175
1856,2019-03-02 06:32:00,SEM VÍTIMA,BAIRRO DO RECIFE,AV MARTINS DE BARROS, ,383.0,SUBURBIO,ABALROAMENTO LONGITUDINAL,1.0,1.0,1.0,1.0,1.0,1.0,1.0,1.0,1.0,0.0,1.0,Longo da via,Chuvoso,Sem defeito,Perfeito estado,Molhada,Perfeito estado,Não há placas,30 km/h,Única," , AV MARTINS DE BARROS, Recife, Pernambuco, Brasil",-8.0679918,-34.8749493
3461,2019-04-18 18:00:00,SEM VÍTIMA,BAIRRO DO RECIFE,AV ALFREDO LISBOA, ,383.0,SUBURBIO,ABALROAMENTO LONGITUDINAL,1.0,1.0,1.0,1.0,1.0,1.0,1.0,1.0,1.0,0.0,1.0,Longo da via,Bom,Não existe,Perfeito estado,Seca,Perfeito estado,R-19,30 km/h,Única," , AV ALFREDO LISBOA, Recife, Pernambuco, Brasil",-8.0607062,-34.8704034
7800,2019-09-09 12:46:00,SEM VÍTIMA,BAIRRO DO RECIFE,AV ALFREDO LISBOA,189,383.0,SUBURBIO,COLISÃO TRASEIRA,2.0,1.0,1.0,1.0,1.0,1.0,1.0,1.0,1.0,0.0,1.0,Longo da via,Bom,Não existe,Perfeito estado,Seca,Perfeito estado,Não há placas,30 km/h,Única,"189, AV ALFREDO LISBOA, Recife, Pernambuco, Brasil",-8.0649801,-34.8722611
8680,2019-10-03 19:00:00,SEM VÍTIMA,BAIRRO DO RECIFE,AV ALFREDO LISBOA, ,196.0,SUBURBIO,ABALROAMENTO LONGITUDINAL,1.0,1.0,1.0,1.0,1.0,1.0,1.0,1.0,1.0,0.0,1.0,Longo da via,Bom,Sem defeito,Perfeito estado,Seca,Perfeito estado,Outras,60 km/h,Única," , AV ALFREDO LISBOA, Recife, Pernambuco, Brasil",-8.0607062,-34.8704034
8682,2019-10-03 19:30:00,COM VÍTIMA,BAIRRO DO RECIFE,AV ALFREDO LISBOA, ,196.0,SUBURBIO,COLISÃO TRASEIRA,1.0,1.0,1.0,1.0,1.0,1.0,1.0,1.0,1.0,1.0,1.0,Longo da via,Bom,Sem defeito,Perfeito estado,Seca,Perfeito estado,Não há placas,60 km/h,Única," , AV ALFREDO LISBOA, Recife, Pernambuco, Brasil",-8.0607062,-34.8704034
449,2019-01-18 07:49:00,SEM VÍTIMA,BAIRRO DO RECIFE,CAIS DO APOLO, ,196.0,SUBURBIO,ABALROAMENTO LONGITUDINAL,1.0,1.0,1.0,1.0,1.0,2.0,1.0,1.0,1.0,0.0,1.0,Longo da via,Bom,Não existe,Perfeito estado,Seca,Perfeito estado,Outras,40 km/h,Dupla," , CAIS DO APOLO, Recife, Pernambuco, Brasil",-8.0630739,-34.8742254
8683,2019-10-03 19:30:00,COM VÍTIMA,BAIRRO DO RECIFE,AV ALFREDO LISBOA, ,196.0,SUBURBIO,COLISÃO TRASEIRA,1.0,2.0,1.0,1.0,1.0,2.0,1.0,1.0,1.0,1.0,1.0,Longo da via,Bom,Sem defeito,Perfeito estado,Seca,Perfeito estado,Outras,60 km/h,Única," , AV ALFREDO LISBOA, Recife, Pernambuco, Brasil",-8.0607062,-34.8704034
10461,2019-11-20 17:43:00,SEM VÍTIMA,BAIRRO DO RECIFE,CAIS DO APOLO, ,453.0,CIDADE,COLISÃO TRASEIRA,3.0,2.0,1.0,1.0,1.0,2.0,1.0,1.0,1.0,0.0,1.0,Longo da via,Bom,Sem defeito,Ilegível,Seca,Perfeito estado,R-6a,60 km/h,Única," , CAIS DO APOLO, Recife, Pernambuco, Brasil",-8.0630739,-34.8742254
7818,2019-09-09 18:14:00,SEM VÍTIMA,BAIRRO DO RECIFE,AV ALFREDO LISBOA, ,453.0,SUBURBIO,COLISÃO TRASEIRA,2.0,2.0,1.0,1.0,1.0,2.0,1.0,1.0,1.0,0.0,1.0,Longo da via,Bom,Não existe,Perfeito estado,Seca,Perfeito estado,Não há placas,30 km/h,Única," , AV ALFREDO LISBOA, Recife, Pernambuco, Brasil",-8.0607062,-34.8704034
153,2019-01-07 14:34:00,COM VÍTIMA,BAIRRO DO RECIFE,AV MILITAR, ,453.0,SUBURBIO,CHOQUE OBJETO FIXO,1.0,2.0,1.0,1.0,1.0,2.0,1.0,1.0,1.0,1.0,1.0,Longo da via,Bom,Não existe,Perfeito estado,Seca,Perfeito estado,Não há placas,30 km/h,Única," , AV MILITAR, Recife, Pernambuco, Brasil",-8.0520605,-34.8715231
3524,2019-04-22 10:12:00,COM VÍTIMA,BAIRRO DO RECIFE,AV MILITAR, ,453.0,SUBURBIO,ABALROAMENTO LONGITUDINAL,1.0,1.0,1.0,1.0,1.0,2.0,1.0,1.0,1.0,1.0,1.0,Longo da via,Bom,Não existe,Perfeito estado,Seca,Perfeito estado,Não há placas,60 km/h,Dupla," , AV MILITAR, Recife, Pernambuco, Brasil",-8.0520605,-34.8715231
1785,2019-02-28 14:48:00,SEM VÍTIMA,BAIRRO DO RECIFE,CAIS DO APOLO, ,453.0,CIDADE,ABALROAMENTO LONGITUDINAL,1.0,1.0,1.0,1.0,1.0,2.0,1.0,1.0,1.0,0.0,1.0,Longo da via,Bom,Não existe,Perfeito estado,Seca,Perfeito estado,Não há placas,60 km/h,Dupla," , CAIS DO APOLO, Recife, Pernambuco, Brasil",-8.0630739,-34.8742254
8711,2019-10-04 15:45:00,SEM VÍTIMA,BAIRRO DO RECIFE,AV ALFREDO LISBOA, ,453.0,CIDADE,ABALROAMENTO LONGITUDINAL,1.0,1.0,1.0,1.0,1.0,2.0,1.0,1.0,1.0,0.0,1.0,Longo da via,Bom,Não existe,Perfeito estado,Seca,Perfeito estado,Não há placas,60 km/h,Única," , AV ALFREDO LISBOA, Recife, Pernambuco, Brasil",-8.0607062,-34.8704034
8203,2019-09-20 10:02:00,SEM VÍTIMA,BAIRRO DO RECIFE,AV ALFREDO LISBOA, ,453.0,CIDADE,COLISÃO,1.0,1.0,1.0,1.0,1.0,1.0,1.0,1.0,1.0,0.0,1.0,Longo da via,Bom,Não existe,Perfeito estado,Seca,Perfeito estado,Não há placas,60 km/h,Única," , AV ALFREDO LISBOA, Recife, Pernambuco, Brasil",-8.0607062,-34.8704034
2922,2019-04-03 11:26:00,SEM VÍTIMA,BAIRRO DO RECIFE,CAIS DA ALFANDEGA,27,453.0,CIDADE,COLISÃO,2.0,1.0,1.0,1.0,1.0,1.0,1.0,1.0,1.0,0.0,1.0,Longo da via,Bom,Não existe,Perfeito estado,Seca,Perfeito estado,Não há placas,60 km/h,Única,"27, CAIS DA ALFANDEGA, Recife, Pernambuco, Brasil",-8.0650093,-34.8741379
3594,2019-04-24 11:46:00,SEM VÍTIMA,BAIRRO DO RECIFE,CAIS DO APOLO,739,453.0,CIDADE,ABALROAMENTO LONGITUDINAL,2.0,1.0,1.0,1.0,1.0,1.0,1.0,1.0,1.0,0.0,1.0,Longo da via,Bom,Não existe,Perfeito estado,Seca,Perfeito estado,Não há placas,60 km/h,Dupla,"739, CAIS DO APOLO, Recife, Pernambuco, Brasil",-8.0558542,-34.8726445
8262,2019-09-21 17:54:00,SEM VÍTIMA,BAIRRO DO RECIFE,RUA MARIZ E BARROS, ,453.0,SUBURBIO,ABALROAMENTO TRANSVERSAL,2.0,1.0,1.0,1.0,1.0,1.0,1.0,1.0,1.0,0.0,1.0,Cruzamento,Bom,Não existe,Perfeito estado,Seca,Perfeito estado,R-6b,60 km/h,Única," , RUA MARIZ E BARROS, Recife, Pernambuco, Brasil",-8.0642725,-34.8728999
10982,2019-12-03 16:59:00,SEM VÍTIMA,BAIRRO DO RECIFE,CAIS DA ALFANDEGA,130,477.0,SUBURBIO,ABALROAMENTO LONGITUDINAL,1.0,1.0,1.0,1.0,1.0,1.0,1.0,1.0,1.0,0.0,1.0,Longo da via,Bom,Sem defeito,Ilegível,Seca,Perfeito estado,Não há placas,30 km/h,Única,"130, CAIS DA ALFANDEGA, Recife, Pernambuco, Brasil",-8.064135,-34.87409131193361
10421,2019-11-19 16:28:00,SEM VÍTIMA,BAIRRO DO RECIFE,AV MARQUES DE OLINDA, ,477.0,SUBURBIO,ABALROAMENTO LONGITUDINAL,2.0,1.0,1.0,1.0,1.0,1.0,1.0,1.0,1.0,0.0,1.0,Cruzamento,Bom,Não existe,Perfeito estado,Seca,Perfeito estado,Não há placas,30 km/h,Única," , AV MARQUES DE OLINDA, Recife, Pernambuco, Brasil",-8.063521,-34.8730311
3301,2019-04-14 16:04:00,SEM VÍTIMA,BAIRRO DO RECIFE,CAIS DO APOLO, ,477.0,SUBURBIO,COLISÃO,2.0,1.0,1.0,1.0,1.0,1.0,1.0,1.0,1.0,0.0,1.0,Cruzamento,Bom,Não existe,Perfeito estado,Seca,Perfeito estado,Não há placas,30 km/h,Única," , CAIS DO APOLO, Recife, Pernambuco, Brasil",-8.0630739,-34.8742254
8512,2019-09-29 16:51:00,SEM VÍTIMA,BAIRRO DO RECIFE,AV ALFREDO LISBOA, ,477.0,SUBURBIO,COLISÃO,2.0,1.0,1.0,1.0,1.0,1.0,1.0,1.0,1.0,0.0,1.0,Cruzamento,Bom,Não existe,Perfeito estado,Seca,Perfeito estado,Não há placas,30 km/h,Única," , AV ALFREDO LISBOA, Recife, Pernambuco, Brasil",-8.0607062,-34.8704034
7720,2019-09-06 11:53:00,SEM VÍTIMA,BAIRRO DO RECIFE,AV MILITAR, ,477.0,CIDADE,ABALROAMENTO LONGITUDINAL,2.0,1.0,1.0,1.0,1.0,1.0,1.0,1.0,1.0,0.0,1.0,Cruzamento,Bom,Não existe,Incompleta,Seca,Perfeito estado,R-6a,30 km/h,Dupla," , AV MILITAR, Recife, Pernambuco, Brasil",-8.0520605,-34.8715231
6019,2019-07-12 11:48:00,SEM VÍTIMA,BAIRRO DO RECIFE,RUA BIONE, ,477.0,SUBURBIO,COLISÃO TRASEIRA,2.0,1.0,1.0,1.0,1.0,1.0,1.0,1.0,1.0,0.0,1.0,Cruzamento,Bom,Não existe,Ilegível,Seca,Perfeito estado,Outras,30 km/h,Única," , RUA BIONE, Recife, Pernambuco, Brasil",-8.0585607,-34.8711109
10299,2019-11-15 18:39:00,COM VÍTIMA,BAIRRO DO RECIFE,CAIS DO APOLO, ,436.0,SUBURBIO,ACID. DE PERCURSO,2.0,1.0,1.0,1.0,1.0,1.0,1.0,1.0,1.0,2.0,1.0,Cruzamento,Bom,Não existe,Ilegível,Seca,Perfeito estado,Outras,30 km/h,Única," , CAIS DO APOLO, Recife, Pernambuco, Brasil",-8.0630739,-34.8742254
11604,2019-12-17 12:39:00,SEM VÍTIMA,BAIRRO DO RECIFE,CAIS DO APOLO, ,436.0,SUBURBIO,COLISÃO,1.0,1.0,1.0,1.0,1.0,1.0,1.0,1.0,1.0,0.0,1.0,Cruzamento,Bom,Não existe,Ilegível,Seca,Perfeito estado,Outras,30 km/h,Única," , CAIS DO APOLO, Recife, Pernambuco, Brasil",-8.0630739,-34.8742254
10295,2019-11-15 15:43:00,SEM VÍTIMA,BAIRRO DO RECIFE,RUA DAS CALCADAS,335,436.0,SUBURBIO,COLISÃO,1.0,1.0,1.0,1.0,1.0,1.0,1.0,1.0,1.0,0.0,1.0,Cruzamento,Bom,Não existe,Ilegível,Seca,Perfeito estado,Outras,30 km/h,Única,"335, RUA DAS CALCADAS, Recife, Pernambuco, Brasil",-8.0704833,-34.879626
7368,2019-08-26 07:50:00,COM VÍTIMA,BAIRRO DO RECIFE,AV ALFREDO LISBOA, ,436.0,SUBURBIO,CHOQUE OBJETO FIXO,1.0,1.0,1.0,1.0,1.0,1.0,1.0,1.0,1.0,1.0,1.0,Longo da via,Chuvoso,Não existe,Ilegível,Molhada,Perfeito estado,Outras,30 km/h,Única," , AV ALFREDO LISBOA, Recife, Pernambuco, Brasil",-8.0607062,-34.8704034
10846,2019-11-30 15:52:00,SEM VÍTIMA,BAIRRO DO RECIFE,RUA DO APOLO, ,436.0,SUBURBIO,ABALROAMENTO LONGITUDINAL,2.0,1.0,1.0,1.0,1.0,1.0,1.0,1.0,1.0,0.0,1.0,Longo da via,Bom,Sem defeito,Ilegível,Seca,Perfeito estado,Outras,30 km/h,Única," , RUA DO APOLO, Recife, Pernambuco, Brasil",-8.0624739,-34.8731162
11740,2019-12-20 14:45:00,SEM VÍTIMA,BAIRRO DO RECIFE,RUA MARIZ E BARROS, ,436.0,SUBURBIO,ABALROAMENTO LONGITUDINAL,1.0,1.0,1.0,1.0,1.0,1.0,1.0,1.0,1.0,0.0,1.0,Longo da via,Bom,Não existe,Perfeito estado,Seca,Perfeito estado,R-6b,30 km/h,Única," , RUA MARIZ E BARROS, Recife, Pernambuco, Brasil",-8.0642725,-34.8728999
10374,2019-11-18 13:28:00,SEM VÍTIMA,BAIRRO DO RECIFE,AV ALFREDO LISBOA,173,436.0,SUBURBIO,ABALROAMENTO LONGITUDINAL,2.0,1.0,1.0,1.0,1.0,1.0,1.0,1.0,1.0,0.0,1.0,Longo da via,Bom,Não existe,Perfeito estado,Seca,Perfeito estado,R-6a,30 km/h,Única,"173, AV ALFREDO LISBOA, Recife, Pernambuco, Brasil",-8.0654429,-34.87261076151705
2853,2019-04-01 12:29:00,SEM VÍTIMA,BAIRRO DO RECIFE,RUA MARIZ E BARROS,181,436.0,SUBURBIO,ABALROAMENTO LONGITUDINAL,2.0,1.0,1.0,1.0,1.0,1.0,1.0,1.0,1.0,0.0,1.0,Longo da via,Chuvoso,Não existe,Perfeito estado,Molhada,Perfeito estado,Outras,30 km/h,Única,"181, RUA MARIZ E BARROS, Recife, Pernambuco, Brasil",-8.0641926,-34.873004487701614
10391,2019-11-18 18:05:00,SEM VÍTIMA,BAIRRO DO RECIFE,AV MILITAR,550,436.0,SUBURBIO,ABALROAMENTO LONGITUDINAL,1.0,1.0,1.0,1.0,1.0,1.0,1.0,1.0,1.0,0.0,1.0,Longo da via,Bom,Não existe,Perfeito estado,Seca,Perfeito estado,Não há placas,30 km/h,Dupla,"550, AV MILITAR, Recife, Pernambuco, Brasil",-8.0522094,-34.8717706
6090,2019-07-15 06:43:00,SEM VÍTIMA,BAIRRO DO RECIFE,AV GOVERNADOR AGAMENON MAGALHAES,1318,173.0,SUBURBIO,COLISÃO TRASEIRA,2.0,1.0,1.0,1.0,1.0,1.0,1.0,1.0,1.0,0.0,1.0,Longo da via,Bom,Sem defeito,Perfeito estado,Seca,Perfeito estado,R-6a,30 km/h,Dupla,"1318, AV GOVERNADOR AGAMENON MAGALHAES, Recife, Pernambuco, Brasil",-8.05126865,-34.894411249269226
10260,2019-11-14 14:37:00,SEM VÍTIMA,BAIRRO DO RECIFE,RUA MADRE DEUS, ,173.0,CIDADE,ABALROAMENTO LONGITUDINAL,1.0,1.0,1.0,1.0,1.0,1.0,1.0,1.0,1.0,0.0,1.0,Longo da via,Bom,Não existe,Incompleta,Seca,Perfeito estado,Outras,30 km/h,Única," , RUA MADRE DEUS, Recife, Pernambuco, Brasil",-8.05126865,-34.894411249269226
3085,2019-04-08 09:26:00,SEM VÍTIMA,BAIRRO DO RECIFE,CAIS DO APOLO,925,340.0,SUBURBIO,COLISÃO TRASEIRA,1.0,1.0,1.0,1.0,1.0,1.0,1.0,1.0,1.0,0.0,1.0,Longo da via,Bom,Sem defeito,Perfeito estado,Seca,Perfeito estado,Não há placas,60 km/h,Dupla,"925, CAIS DO APOLO, Recife, Pernambuco, Brasil",-8.054059500000001,-34.87250461982359
2815,2019-03-30 14:28:00,SEM VÍTIMA,BAIRRO DO RECIFE,PTE BUARQUE DE MACEDO, ,19.0,CIDADE,ABALROAMENTO TRANSVERSAL,1.0,1.0,1.0,1.0,1.0,1.0,1.0,1.0,1.0,0.0,1.0,Longo da via,Bom,Sem defeito,Perfeito estado,Seca,Perfeito estado,Não há placas,60 km/h,Única," , PTE BUARQUE DE MACEDO, Recife, Pernambuco, Brasil",-8.054059500000001,-34.87250461982359