,data_hora,natureza_acidente,bairro,endereco,numero,num_semaforo,sentido_via,tipo,auto,moto,ciclom,ciclista,pedestre,onibus,caminhao,viatura,outros,vitimas,vitimasfatais,acidente_verificado,tempo_clima,situacao_semaforo,sinalizacao,condicao_via,conservacao_via,situacao_placa,velocidade_max_via,mao_direcao,end,latitude,longitude
8183,2019-09-19 16:25:00,SEM VÍTIMA,BAIRRO DO RECIFE,AV MILITAR, ,19.0,SUBURBIO,COLISÃO,1.0,1.0,1.0,1.0,1.0,1.0,1.0,1.0,1.0,0.0,1.0,Longo da via,Bom,Não existe,Perfeito estado,Seca,Perfeito estado,R-6a,30 km/h,Dupla," , AV MILITAR, Recife, Pernambuco, Brasil",-8.0520605,-34.8715231
3788,2019-04-29 15:17:00,SEM VÍTIMA,BAIRRO DO RECIFE,C SANTA RITA, ,76.0,CIDADE,COLISÃO TRASEIRA,2.0,1.0,1.0,1.0,1.0,1.0,1.0,1.0,1.0,0.0,1.0,Longo da via,Bom,Sem defeito,Perfeito estado,Seca,Perfeito estado,Não há placas,60 km/h,Dupla," , C SANTA RITA, Recife, Pernambuco, Brasil",-8.0665491,-34.8770128
8802,2019-10-07 07:06:00,COM VÍTIMA,BAIRRO DO RECIFE,AV MILITAR, ,76.0,SUBURBIO,COLISÃO COM CICLISTA,1.0,1.0,1.0,1.0,1.0,1.0,1.0,1.0,1.0,1.0,1.0,Longo da via,Bom,Não existe,Perfeito estado,Seca,Perfeito estado,Não há placas,40 km/h,Única," , AV MILITAR, Recife, Pernambuco, Brasil",-8.0520605,-34.8715231
2213,2019-03-14 14:28:00,SEM VÍTIMA,BAIRRO DO RECIFE,CAIS DO APOLO, ,19.0,SUBURBIO,ABALROAMENTO LONGITUDINAL,2.0,1.0,1.0,1.0,1.0,1.0,1.0,1.0,1.0,0.0,1.0,Longo da via,Bom,Sem defeito,Perfeito estado,Seca,Perfeito estado,Outras,40 km/h,Dupla," , CAIS DO APOLO, Recife, Pernambuco, Brasil",-8.0630739,-34.8742254
4912,2019-06-05 11:54:00,COM VÍTIMA,BARRO,AV DR JOSE RUFINO,1926,19.0,SUBURBIO,ABALROAMENTO LONGITUDINAL,1.0,2.0,1.0,1.0,1.0,1.0,1.0,1.0,1.0,2.0,1.0,Longo da via,Bom,Não existe,Não existente,Seca,Perfeito estado,Não há placas,40 km/h,Dupla,"1926, AV DR JOSE RUFINO, Recife, Pernambuco, Brasil",-8.0630739,-34.8742254
10555,2019-11-22 16:08:00,SEM VÍTIMA,BARRO,AV DR JOSE RUFINO,2342,539.0,SUBURBIO,COLISÃO TRASEIRA,2.0,2.0,1.0,1.0,1.0,1.0,1.0,1.0,1.0,0.0,1.0,Longo da via,Bom,Sem defeito,Perfeito estado,Seca,Perfeito estado,R-6a,40 km/h,Dupla,"2342, AV DR JOSE RUFINO, Recife, Pernambuco, Brasil",-8.0630739,-34.8742254
5009,2019-06-07 16:41:00,SEM VÍTIMA,BARRO,AV DR JOSE RUFINO,2612,539.0,SUBURBIO,COLISÃO TRASEIRA,2.0,2.0,1.0,1.0,1.0,1.0,1.0,1.0,1.0,0.0,1.0,Longo da via,Bom,Sem defeito,Perfeito estado,Seca,Perfeito estado,Outras,40 km/h,Dupla,"2612, AV DR JOSE RUFINO, Recife, Pernambuco, Brasil",-8.0630739,-34.8742254
7562,2019-09-02 07:39:00,SEM VÍTIMA,BARRO,AV DR JOSE RUFINO,2561,615.0,SUBURBIO,COLISÃO,2.0,2.0,1.0,1.0,1.0,1.0,1.0,1.0,1.0,0.0,1.0,Longo da via,Bom,Sem defeito,Perfeito estado,Seca,Perfeito estado,Outras,40 km/h,Dupla,"2561, AV DR JOSE RUFINO, Recife, Pernambuco, Brasil",-8.0630739,-34.8742254
4926,2019-06-05 16:02:00,COM VÍTIMA,BARRO,AV DR JOSE RUFINO, ,615.0,SUBURBIO,ABALROAMENTO LONGITUDINAL,1.0,1.0,1.0,1.0,1.0,1.0,1.0,1.0,1.0,1.0,1.0,Longo da via,Bom,Sem defeito,Perfeito estado,Seca,Perfeito estado,Outras,40 km/h,Dupla," , AV DR JOSE RUFINO, Recife, Pernambuco, Brasil",-8.0630739,-34.8742254
7676,2019-09-05 06:22:00,COM VÍTIMA,BARRO,AV DR JOSE RUFINO, ,615.0,CIDADE,ABALROAMENTO TRANSVERSAL,1.0,1.0,1.0,1.0,1.0,1.0,1.0,1.0,1.0,1.0,1.0,Cruzamento,Chuvoso,Não existe,Incompleta,Molhada,Perfeito estado,R-6a,50 km/h,Dupla," , AV DR JOSE RUFINO, Recife, Pernambuco, Brasil",-8.0630739,-34.8742254
7656,2019-09-04 11:43:00,SEM VÍTIMA,BARRO,AV DR JOSE RUFINO, ,615.0,CIDADE,COLISÃO TRASEIRA,2.0,1.0,1.0,1.0,1.0,1.0,1.0,1.0,1.0,0.0,1.0,Longo da via,Chuvoso,Não existe,Perfeito estado,Molhada,Perfeito estado,Não há placas,50 km/h,Dupla," , AV DR JOSE RUFINO, Recife, Pernambuco, Brasil",-8.0630739,-34.8742254
2797,2019-03-29 18:36:00,SEM VÍTIMA,BARRO,AV DR JOSE RUFINO, ,615.0,SUBURBIO,ABALROAMENTO LONGITUDINAL,1.0,1.0,1.0,1.0,1.0,1.0,1.0,1.0,1.0,0.0,1.0,Cruzamento,Chuvoso,Não existe,Perfeito estado,Molhada,Perfeito estado,Outras,50 km/h,Dupla," , AV DR JOSE RUFINO, Recife, Pernambuco, Brasil",-8.0630739,-34.8742254
10524,2019-11-22 07:36:00,SEM VÍTIMA,BARRO,AV DR JOSE RUFINO,2993,156.0,CIDADE,ABALROAMENTO LONGITUDINAL,2.0,1.0,1.0,1.0,1.0,1.0,1.0,1.0,1.0,0.0,1.0,Longo da via,Bom,Sem defeito,Perfeito estado,Seca,Perfeito estado,Não há placas,40 km/h,Dupla,"2993, AV DR JOSE RUFINO, Recife, Pernambuco, Brasil",-8.0630739,-34.8742254
4889,2019-06-04 19:59:00,SEM VÍTIMA,BARRO,AV DR JOSE RUFINO,46,156.0,SUBURBIO,ABALROAMENTO LONGITUDINAL,1.0,1.0,1.0,1.0,1.0,1.0,1.0,1.0,1.0,0.0,1.0,Cruzamento,Bom,Não existe,Incompleta,Seca,Mal iluminada,R-6a,60 km/h,Dupla,"46, AV DR JOSE RUFINO, Recife, Pernambuco, Brasil",-8.0630739,-34.8742254
10403,2019-11-19 07:38:00,SEM VÍTIMA,BARRO,AV DR JOSE RUFINO, ,539.0,CIDADE,ABALROAMENTO LONGITUDINAL,1.0,1.0,1.0,1.0,1.0,1.0,1.0,1.0,1.0,0.0,1.0,Cruzamento,Bom,Sem defeito,Perfeito estado,Seca,Perfeito estado,Outras,40 km/h,Dupla," , AV DR JOSE RUFINO, Recife, Pernambuco, Brasil",-8.0630739,-34.8742254
3404,2019-04-17 07:02:00,COM VÍTIMA,BARRO,AV DR JOSE RUFINO, ,539.0,CIDADE,ABALROAMENTO LONGITUDINAL,1.0,1.0,1.0,1.0,1.0,1.0,1.0,1.0,1.0,1.0,1.0,Esquina,Bom,Sem defeito,Perfeito estado,Seca,Perfeito estado,R-6a,40 km/h,Dupla," , AV DR JOSE RUFINO, Recife, Pernambuco, Brasil",-8.0630739,-34.8742254
3066,2019-04-07 17:54:00,SEM VÍTIMA,BARRO,AV DR JOSE RUFINO, ,539.0,SUBURBIO,ABALROAMENTO TRANSVERSAL,2.0,1.0,1.0,1.0,1.0,1.0,1.0,1.0,1.0,0.0,1.0,Cruzamento,Chuvoso,Sem defeito,Perfeito estado,Molhada,Perfeito estado,Não há placas,40 km/h,Dupla," , AV DR JOSE RUFINO, Recife, Pernambuco, Brasil",-8.0630739,-34.8742254
9873,2019-11-05 15:06:00,COM VÍTIMA,BARRO,AV DR JOSE RUFINO,1807,539.0,SUBURBIO,ABALROAMENTO TRANSVERSAL,1.0,1.0,1.0,1.0,1.0,1.0,1.0,1.0,1.0,1.0,1.0,Esquina,Bom,Não existe,Perfeito estado,Seca,Perfeito estado,Não há placas,60 km/h,Dupla,"1807, AV DR JOSE RUFINO, Recife, Pernambuco, Brasil",-8.0630739,-34.8742254
3821,2019-04-30 12:18:00,SEM VÍTIMA,BARRO,AV DR JOSE RUFINO,2153,539.0,CIDADE,COLISÃO TRASEIRA,1.0,1.0,1.0,1.0,1.0,1.0,1.0,1.0,1.0,0.0,1.0,Longo da via,Bom,Não existe,Perfeito estado,Seca,Perfeito estado,Outras,60 km/h,Dupla,"2153, AV DR JOSE RUFINO, Recife, Pernambuco, Brasil",-8.0630739,-34.8742254
3833,2019-04-30 16:36:00,SEM VÍTIMA,BARRO,AV DR JOSE RUFINO,26,539.0,SUBURBIO,ABALROAMENTO TRANSVERSAL,2.0,1.0,1.0,1.0,1.0,1.0,1.0,1.0,1.0,0.0,1.0,Longo da via,Bom,Não existe,Perfeito estado,Seca,Perfeito estado,Outras,60 km/h,Dupla,"26, AV DR JOSE RUFINO, Recife, Pernambuco, Brasil",-8.0630739,-34.8742254
9557,2019-10-28 14:33:00,COM VÍTIMA,BARRO,AV DR JOSE RUFINO, ,539.0,CIDADE,ABALROAMENTO LONGITUDINAL,1.0,1.0,1.0,1.0,1.0,1.0,1.0,1.0,1.0,1.0,1.0,Longo da via,Bom,Não existe,Perfeito estado,Seca,Perfeito estado,Outras,60 km/h,Dupla," , AV DR JOSE RUFINO, Recife, Pernambuco, Brasil",-8.0630739,-34.8742254
3855,2019-05-02 06:44:00,SEM VÍTIMA,BARRO,RUA AMADOR ARAUJO,525,539.0,SUBURBIO,ABALROAMENTO TRANSVERSAL,2.0,1.0,1.0,1.0,1.0,1.0,1.0,1.0,1.0,0.0,1.0,Cruzamento,Bom,Não existe,Perfeito estado,Seca,Perfeito estado,Não há placas,30 km/h,Dupla,"525, RUA AMADOR ARAUJO, Recife, Pernambuco, Brasil",-8.0917848,-34.943461
7112,2019-08-17 11:40:00,COM VÍTIMA,BARRO,AV DR JOSE RUFINO,2260,539.0,SUBURBIO,CHOQUE VEÍCULO PARADO,1.0,1.0,1.0,1.0,1.0,1.0,1.0,1.0,1.0,1.0,1.0,Longo da via,Bom,Não existe,Perfeito estado,Seca,Perfeito estado,R-6a,30 km/h,Dupla,"2260, AV DR JOSE RUFINO, Recife, Pernambuco, Brasil",-8.0917848,-34.943461
1634,2019-02-24 20:06:00,SEM VÍTIMA,BARRO,AV DR JOSE RUFINO,1958,539.0,SUBURBIO,COLISÃO,2.0,1.0,1.0,1.0,1.0,1.0,1.0,1.0,1.0,0.0,1.0,Longo da via,Bom,Não existe,Perfeito estado,Seca,Perfeito estado,R-6a,30 km/h,Dupla,"1958, AV DR JOSE RUFINO, Recife, Pernambuco, Brasil",-8.0917848,-34.943461
3955,2019-05-04 10:49:00,COM VÍTIMA,BARRO,RUA DOM ANTONIO VICOSO, ,539.0,SUBURBIO,COLISÃO,1.0,1.0,1.0,1.0,1.0,1.0,1.0,1.0,1.0,1.0,1.0,Longo da via,Bom,Não existe,Perfeito estado,Seca,Perfeito estado,Não há placas,30 km/h,Dupla," , RUA DOM ANTONIO VICOSO, Recife, Pernambuco, Brasil",-8.0949705,-34.9407161
9728,2019-11-01 11:12:00,SEM VÍTIMA,BARRO,AV DR JOSE RUFINO,2319,539.0,SUBURBIO,ABALROAMENTO TRANSVERSAL,2.0,1.0,1.0,1.0,1.0,1.0,1.0,1.0,1.0,0.0,1.0,Longo da via,Bom,Sem defeito,Perfeito estado,Seca,Perfeito estado,Outras,40 km/h,Dupla,"2319, AV DR JOSE RUFINO, Recife, Pernambuco, Brasil",-8.0949705,-34.9407161
7101,2019-08-16 23:01:00,SEM VÍTIMA,BARRO,AV DR JOSE RUFINO, ,539.0,CIDADE,ABALROAMENTO LONGITUDINAL,1.0,1.0,1.0,1.0,1.0,1.0,1.0,1.0,1.0,0.0,1.0,Longo da via,Bom,Não existe,Perfeito estado,Seca,Perfeito estado,Não há placas,40 km/h,Dupla," , AV DR JOSE RUFINO, Recife, Pernambuco, Brasil",-8.0949705,-34.9407161
4051,2019-05-08 17:03:00,SEM VÍTIMA,BARRO,AV DR JOSE RUFINO, ,539.0,CIDADE,COLISÃO,1.0,1.0,1.0,1.0,1.0,1.0,1.0,1.0,1.0,0.0,1.0,Longo da via,Bom,Não existe,Perfeito estado,Seca,Perfeito estado,Não há placas,40 km/h,Dupla," , AV DR JOSE RUFINO, Recife, Pernambuco, Brasil",-8.0949705,-34.9407161
4083,2019-05-09 10:52:00,SEM VÍTIMA,BARRO,RUA PADRE NOBREGA, ,539.0,SUBURBIO,ABALROAMENTO TRANSVERSAL,2.0,1.0,1.0,1.0,1.0,1.0,1.0,1.0,1.0,0.0,1.0,Cruzamento,Bom,Não existe,Não existente,Seca,Perfeito estado,Não há placas,40 km/h,Dupla," , RUA PADRE NOBREGA, Recife, Pernambuco, Brasil",-8.0917476,-34.9710777
4090,2019-05-09 15:10:00,SEM VÍTIMA,BARRO,AV DR JOSE RUFINO, ,44.0,SUBURBIO,ABALROAMENTO TRANSVERSAL,2.0,1.0,1.0,1.0,1.0,1.0,1.0,1.0,1.0,0.0,1.0,Cruzamento,Bom,Sem defeito,Perfeito estado,Seca,Perfeito estado,Outras,40 km/h,Dupla," , AV DR JOSE RUFINO, Recife, Pernambuco, Brasil",-8.0917476,-34.9710777
9621,2019-10-29 19:41:00,COM VÍTIMA,BARRO,AV DR JOSE RUFINO,2319,44.0,SUBURBIO,COLISÃO,2.0,1.0,1.0,1.0,1.0,1.0,1.0,1.0,1.0,1.0,1.0,Cruzamento,Bom,Sem defeito,Perfeito estado,Seca,Perfeito estado,Outras,40 km/h,Dupla,"2319, AV DR JOSE RUFINO, Recife, Pernambuco, Brasil",-8.0917476,-34.9710777
1529,2019-02-21 17:21:00,SEM VÍTIMA,BARRO,RUA ANDRE DE ALBUQUERQUE, ,2286.0,SUBURBIO,COLISÃO,1.0,1.0,1.0,1.0,1.0,1.0,1.0,1.0,1.0,0.0,1.0,Cruzamento,Bom,Sem defeito,Perfeito estado,Seca,Perfeito estado,Outras,40 km/h,Dupla," , RUA ANDRE DE ALBUQUERQUE, Recife, Pernambuco, Brasil",-8.0956923,-34.9428843
4125,2019-05-10 19:16:00,SEM VÍTIMA,BARRO,AV JORNALISTA COSTA PORTO,1080,2286.0,SUBURBIO,COLISÃO,2.0,1.0,1.0,1.0,1.0,1.0,1.0,1.0,1.0,0.0,1.0,Cruzamento,Bom,Sem defeito,Perfeito estado,Seca,Perfeito estado,Outras,40 km/h,Dupla,"1080, AV JORNALISTA COSTA PORTO, Recife, Pernambuco, Brasil",-8.1106211,-34.9594158
4149,2019-05-11 15:23:00,SEM VÍTIMA,BARRO,RUA AMADOR ARAUJO,541,2286.0,SUBURBIO,COLISÃO,2.0,1.0,1.0,1.0,1.0,1.0,1.0,1.0,1.0,0.0,1.0,Cruzamento,Bom,Sem defeito,Perfeito estado,Seca,Perfeito estado,Outras,40 km/h,Dupla,"541, RUA AMADOR ARAUJO, Recife, Pernambuco, Brasil",-8.0917848,-34.943461
9531,2019-10-27 16:55:00,COM VÍTIMA,BARRO,AV DR JOSE RUFINO,2203,2286.0,CIDADE,COLISÃO FRONTAL,1.0,1.0,1.0,1.0,1.0,1.0,1.0,1.0,1.0,2.0,1.0,Longo da via,Bom,Sem defeito,Perfeito estado,Seca,Perfeito estado,Outras,40 km/h,Dupla,"2203, AV DR JOSE RUFINO, Recife, Pernambuco, Brasil",-8.0917848,-34.943461
10278,2019-11-14 18:30:00,SEM VÍTIMA,BARRO,AV DR JOSE RUFINO, ,2286.0,SUBURBIO,ABALROAMENTO TRANSVERSAL,2.0,1.0,1.0,1.0,1.0,1.0,1.0,1.0,1.0,0.0,1.0,Cruzamento,Bom,Não existe,Perfeito estado,Seca,Perfeito estado,Outras,40 km/h,Dupla," , AV DR JOSE RUFINO, Recife, Pernambuco, Brasil",-8.0917848,-34.943461
3727,2019-04-27 16:43:00,SEM VÍTIMA,BARRO,AV CENTRAL, ,2286.0,SUBURBIO,COLISÃO,1.0,1.0,1.0,1.0,1.0,1.0,1.0,1.0,1.0,0.0,1.0,Cruzamento,Bom,Não existe,Perfeito estado,Seca,Perfeito estado,Outras,40 km/h,Dupla," , AV CENTRAL, Recife, Pernambuco, Brasil",-8.0737974,-34.898474
9935,2019-11-07 08:41:00,SEM VÍTIMA,BARRO,AV DR JOSE RUFINO,1650,2286.0,CIDADE,ABALROAMENTO LONGITUDINAL,1.0,1.0,1.0,1.0,1.0,1.0,1.0,1.0,1.0,0.0,1.0,Longo da via,Bom,Não existe,Perfeito estado,Seca,Perfeito estado,Outras,40 km/h,Dupla,"1650, AV DR JOSE RUFINO, Recife, Pernambuco, Brasil",-8.0737974,-34.898474
4770,2019-05-31 20:40:00,SEM VÍTIMA,BARRO,AV DR JOSE RUFINO, ,2286.0,SUBURBIO,ABALROAMENTO LONGITUDINAL,1.0,1.0,1.0,1.0,1.0,1.0,1.0,1.0,1.0,0.0,1.0,Longo da via,Bom,Não existe,Perfeito estado,Seca,Perfeito estado,Não há placas,60 km/h,Única," , AV DR JOSE RUFINO, Recife, Pernambuco, Brasil",-8.0737974,-34.898474
3068,2019-04-07 18:28:00,SEM VÍTIMA,BARRO,AV DR JOSE RUFINO, ,2286.0,SUBURBIO,CHOQUE VEÍCULO PARADO,1.0,1.0,1.0,1.0,1.0,1.0,1.0,1.0,1.0,0.0,1.0,Longo da via,Bom,Não existe,Não existente,Seca,Perfeito estado,Não há placas,60 km/h,Única," , nan, Recife, Pernambuco, Brasil",-8.0584933,-34.8848193
10254,2019-11-14 13:35:00,SEM VÍTIMA,BARRO,AV CENTRAL, ,2286.0,SUBURBIO,ABALROAMENTO TRANSVERSAL,1.0,1.0,1.0,1.0,1.0,1.0,1.0,1.0,1.0,0.0,1.0,Longo da via,Bom,Não existe,Perfeito estado,Seca,Perfeito estado,Não há placas,40 km/h,Dupla," , AV CENTRAL, Recife, Pernambuco, Brasil",-8.0737974,-34.898474
4768,2019-05-31 18:55:00,SEM VÍTIMA,BARRO,AV DR JOSE RUFINO,1789,2286.0,SUBURBIO,ABALROAMENTO LONGITUDINAL,1.0,1.0,1.0,1.0,1.0,1.0,1.0,1.0,1.0,0.0,1.0,Longo da via,Bom,Não existe,Perfeito estado,Seca,Perfeito estado,Não há placas,60 km/h,Dupla,"1789, AV DR JOSE RUFINO, Recife, Pernambuco, Brasil",-8.0737974,-34.898474
10873,2019-12-01 16:30:00,SEM VÍTIMA,BARRO,RUA ANDRE DE ALBUQUERQUE,205,2286.0,SUBURBIO,COLISÃO,2.0,1.0,1.0,1.0,1.0,1.0,1.0,1.0,1.0,0.0,1.0,Longo da via,Bom,Não existe,Perfeito estado,Seca,Perfeito estado,Não há placas,60 km/h,Dupla,"205, RUA ANDRE DE ALBUQUERQUE, Recife, Pernambuco, Brasil",-8.0950035,-34.9429154
1969,2019-03-07 18:14:00,SEM VÍTIMA,BARRO,AV DR JOSE RUFINO, ,2286.0,SUBURBIO,COLISÃO,1.0,1.0,1.0,1.0,1.0,1.0,1.0,1.0,1.0,0.0,1.0,Longo da via,Bom,Não existe,Perfeito estado,Seca,Perfeito estado,Não há placas,60 km/h,Dupla," , AV DR JOSE RUFINO, Recife, Pernambuco, Brasil",-8.0950035,-34.9429154
10206,2019-11-13 13:12:00,SEM VÍTIMA,BARRO,RUA MAJOR CHAGAS DE OLIVEIRA, ,2286.0,SUBURBIO,COLISÃO TRASEIRA,2.0,1.0,1.0,1.0,1.0,1.0,1.0,1.0,1.0,0.0,1.0,Cruzamento,Bom,Não existe,Perfeito estado,Seca,Perfeito estado,Não há placas,60 km/h,Única," , RUA MAJOR CHAGAS DE OLIVEIRA, Recife, Pernambuco, Brasil",-8.090341,-34.946564
9323,2019-10-21 13:13:00,SEM VÍTIMA,BARRO,AV DR JOSE RUFINO,2870,2286.0,CIDADE,COLISÃO TRASEIRA,2.0,1.0,1.0,1.0,1.0,1.0,1.0,1.0,1.0,0.0,1.0,Longo da via,Bom,Não existe,Perfeito estado,Seca,Perfeito estado,R-6a,60 km/h,Dupla,"2870, AV DR JOSE RUFINO, Recife, Pernambuco, Brasil",-8.090341,-34.946564
4646,2019-05-28 09:16:00,SEM VÍTIMA,BARRO,RUA JOSE NATARIO, ,44.0,CIDADE,COLISÃO TRASEIRA,2.0,1.0,1.0,1.0,1.0,1.0,1.0,1.0,1.0,0.0,1.0,Longo da via,Bom,Sem defeito,Perfeito estado,Seca,Perfeito estado,Não há placas,60 km/h,Dupla," , RUA JOSE NATARIO, Recife, Pernambuco, Brasil",-8.0862585,-34.9377873
4631,2019-05-27 18:53:00,SEM VÍTIMA,BARRO,AV DR JOSE RUFINO,2425,44.0,CIDADE,COLISÃO,1.0,1.0,1.0,1.0,1.0,1.0,1.0,1.0,1.0,0.0,1.0,Longo da via,Bom,Sem defeito,Perfeito estado,Seca,Perfeito estado,Não há placas,60 km/h,Dupla,"2425, AV DR JOSE RUFINO, Recife, Pernambuco, Brasil",-8.0862585,-34.9377873
3344,2019-04-15 16:59:00,COM VÍTIMA,BARRO,AV DR JOSE RUFINO,2642,44.0,SUBURBIO,COLISÃO FRONTAL,1.0,1.0,1.0,1.0,1.0,1.0,1.0,1.0,1.0,1.0,1.0,Longo da via,Bom,Não existe,Não existente,Seca,Perfeito estado,Não há placas,60 km/h,Dupla,"2642, AV DR JOSE RUFINO, Recife, Pernambuco, Brasil",-8.0862585,-34.9377873
1517,2019-02-21 12:33:00,COM VÍTIMA,BARRO,AV DR JOSE RUFINO,2533,44.0,CIDADE,ABALROAMENTO TRANSVERSAL,1.0,1.0,1.0,1.0,1.0,1.0,1.0,1.0,1.0,1.0,1.0,Esquina,Bom,Não existe,Perfeito estado,Seca,Perfeito estado,Não há placas,60 km/h,Dupla,"2533, AV DR JOSE RUFINO, Recife, Pernambuco, Brasil",-8.0862585,-34.9377873
4571,2019-05-25 09:42:00,SEM VÍTIMA,BARRO,AV DR JOSE RUFINO,2116,44.0,SUBURBIO,COLISÃO,1.0,1.0,1.0,1.0,1.0,1.0,1.0,1.0,1.0,0.0,1.0,Esquina,Bom,Não existe,Perfeito estado,Seca,Perfeito estado,Não há placas,60 km/h,Dupla,"2116, AV DR JOSE RUFINO, Recife, Pernambuco, Brasil",-8.0862585,-34.9377873
3513,2019-04-21 21:41:00,SEM VÍTIMA,BARRO,RUA RIO SOLIMOES, ,44.0,SUBURBIO,ABALROAMENTO TRANSVERSAL,1.0,1.0,1.0,1.0,1.0,1.0,1.0,1.0,1.0,0.0,1.0,Cruzamento,Bom,Não existe,Não existente,Seca,Perfeito estado,Não há placas,60 km/h,Dupla," , RUA RIO SOLIMOES, Recife, Pernambuco, Brasil",-8.0977198,-34.9373536
7236,2019-08-21 14:47:00,SEM VÍTIMA,BARRO,AV DR JOSE RUFINO,2116,44.0,SUBURBIO,COLISÃO TRASEIRA,1.0,1.0,1.0,1.0,1.0,1.0,1.0,1.0,1.0,0.0,1.0,Longo da via,Bom,Não existe,Perfeito estado,Seca,Perfeito estado,R-6a,40 km/h,Dupla,"2116, AV DR JOSE RUFINO, Recife, Pernambuco, Brasil",-8.0977198,-34.9373536
10956,2019-12-03 11:03:00,COM VÍTIMA,BARRO,AV DR JOSE RUFINO,2221,539.0,CIDADE,ABALROAMENTO TRANSVERSAL,1.0,1.0,1.0,1.0,1.0,1.0,1.0,1.0,1.0,1.0,1.0,Longo da via,Bom,Não existe,Perfeito estado,Seca,Perfeito estado,Outras,40 km/h,Dupla,"2221, AV DR JOSE RUFINO, Recife, Pernambuco, Brasil",-8.0977198,-34.9373536
4435,2019-05-20 20:14:00,SEM VÍTIMA,BARRO,AV DR JOSE RUFINO,1807,539.0,SUBURBIO,COLISÃO FRONTAL,2.0,1.0,1.0,1.0,1.0,1.0,1.0,1.0,1.0,0.0,1.0,Longo da via,Chuvoso,Não existe,Perfeito estado,Molhada,Perfeito estado,Não há placas,50 km/h,Dupla,"1807, AV DR JOSE RUFINO, Recife, Pernambuco, Brasil",-8.0977198,-34.9373536
3711,2019-04-27 11:21:00,SEM VÍTIMA,BARRO,AV PRESIDENTE MEDICI, ,580.0,SUBURBIO,ABALROAMENTO LONGITUDINAL,1.0,1.0,1.0,1.0,1.0,1.0,1.0,1.0,1.0,0.0,1.0,Longo da via,Bom,Não existe,Incompleta,Seca,Perfeito estado,R-6a,50 km/h,Dupla," , AV PRESIDENTE MEDICI, Recife, Pernambuco, Brasil",-8.1091041,-34.9545465
5032,2019-06-08 13:51:00,SEM VÍTIMA,BARRO,RUA MANUEL SALVADOR,41,580.0,SUBURBIO,CHOQUE VEÍCULO PARADO,2.0,1.0,1.0,1.0,1.0,1.0,1.0,1.0,1.0,0.0,1.0,Longo da via,Bom,Não existe,Não existente,Seca,Perfeito estado,Não há placas,50 km/h,Dupla,"41, RUA MANUEL SALVADOR, Recife, Pernambuco, Brasil",-8.0883599,-34.9398988
6390,2019-07-25 18:26:00,SEM VÍTIMA,BARRO,AV DR JOSE RUFINO, ,580.0,CIDADE,COLISÃO,2.0,1.0,1.0,1.0,1.0,1.0,1.0,1.0,1.0,0.0,1.0,Longo da via,Bom,Não existe,Não existente,Seca,Perfeito estado,Não há placas,50 km/h,Dupla," , AV DR JOSE RUFINO, Recife, Pernambuco, Brasil",-8.0883599,-34.9398988
8601,2019-10-01 19:49:00,SEM VÍTIMA,BARRO,RUA AMADOR ARAUJO,525,580.0,CIDADE,ABALROAMENTO TRANSVERSAL,2.0,1.0,1.0,1.0,1.0,1.0,1.0,1.0,1.0,0.0,1.0,Cruzamento,Bom,Não existe,Incompleta,Seca,Perfeito estado,Placas Pare,50 km/h,Dupla,"525, RUA AMADOR ARAUJO, Recife, Pernambuco, Brasil",-8.0917848,-34.943461
5578,2019-06-27 10:06:00,SEM VÍTIMA,BARRO,AV DR JOSE RUFINO,2203,580.0,CIDADE,ABALROAMENTO LONGITUDINAL,1.0,1.0,1.0,1.0,1.0,1.0,1.0,1.0,1.0,0.0,1.0,Longo da via,Bom,Não existe,Perfeito estado,Seca,Perfeito estado,R-6a,50 km/h,Dupla,"2203, AV DR JOSE RUFINO, Recife, Pernambuco, Brasil",-8.0917848,-34.943461
5700,2019-07-01 14:14:00,COM VÍTIMA,BARRO,AV DR JOSE RUFINO, ,580.0,SUBURBIO,ABALROAMENTO LONGITUDINAL,1.0,1.0,1.0,1.0,1.0,1.0,1.0,1.0,1.0,1.0,1.0,Cruzamento,Bom,Não existe,Não existente,Seca,Mal conservada,Não há placas,50 km/h,Dupla," , AV DR JOSE RUFINO, Recife, Pernambuco, Brasil",-8.0917848,-34.943461
5470,2019-06-23 10:07:00,COM VÍTIMA,BARRO,AV DR JOSE RUFINO,2984,156.0,SUBURBIO,ABALROAMENTO TRANSVERSAL,1.0,1.0,1.0,1.0,1.0,1.0,1.0,1.0,1.0,1.0,1.0,Longo da via,Bom,Sem defeito,Perfeito estado,Seca,Perfeito estado,Não há placas,40 km/h,Dupla,"2984, AV DR JOSE RUFINO, Recife, Pernambuco, Brasil",-8.0917848,-34.943461
12060,2019-12-31 15:40:00,SEM VÍTIMA,BARRO,RUA DA ESPERANCA, ,156.0,SUBURBIO,COLISÃO,2.0,1.0,1.0,1.0,1.0,1.0,1.0,1.0,1.0,0.0,1.0,Longo da via,Bom,Sem defeito,Perfeito estado,Seca,Perfeito estado,Não há placas,40 km/h,Dupla," , RUA DA ESPERANCA, Recife, Pernambuco, Brasil",-8.0916175,-34.9427314
6198,2019-07-18 15:49:00,SEM VÍTIMA,BARRO,AV DR JOSE RUFINO,1851,156.0,CIDADE,ABALROAMENTO LONGITUDINAL,1.0,1.0,1.0,1.0,1.0,1.0,1.0,1.0,1.0,0.0,1.0,Longo da via,Bom,Não existe,Perfeito estado,Seca,Perfeito estado,Não há placas,60 km/h,Dupla,"1851, AV DR JOSE RUFINO, Recife, Pernambuco, Brasil",-8.0916175,-34.9427314