,data_hora,natureza_acidente,bairro,endereco,numero,num_semaforo,sentido_via,tipo,auto,moto,ciclom,ciclista,pedestre,onibus,caminhao,viatura,outros,vitimas,vitimasfatais,acidente_verificado,tempo_clima,situacao_semaforo,sinalizacao,condicao_via,conservacao_via,situacao_placa,velocidade_max_via,mao_direcao,end,latitude,longitude
11494,2019-12-14 13:12:00,COM VÍTIMA,BEBERIBE,AV BEBERIBE,3780,575.0,SUBURBIO,ABALROAMENTO TRANSVERSAL,1.0,1.0,1.0,1.0,1.0,1.0,1.0,1.0,1.0,2.0,1.0,Longo da via,Bom,Sem defeito,Ilegível,Seca,Perfeito estado,R-6a,30 km/h,Dupla,"3780, AV BEBERIBE, Recife, Pernambuco, Brasil",-8.0223817,-34.8940353
3319,2019-04-15 07:33:00,COM VÍTIMA,BEBERIBE,AV BEBERIBE,1753,575.0,CIDADE,ABALROAMENTO LONGITUDINAL,1.0,1.0,1.0,1.0,1.0,1.0,1.0,1.0,1.0,1.0,1.0,Longo da via,Bom,Não existe,Perfeito estado,Seca,Perfeito estado,Outras,30 km/h,Dupla,"1753, AV BEBERIBE, Recife, Pernambuco, Brasil",-8.0217741,-34.8943305
5439,2019-06-21 18:47:00,SEM VÍTIMA,BEBERIBE,PRC DA CONVENCAO, ,575.0,CIDADE,ABALROAMENTO LONGITUDINAL,1.0,1.0,1.0,1.0,1.0,1.0,1.0,1.0,1.0,0.0,1.0,Longo da via,Bom,Não existe,Perfeito estado,Seca,Perfeito estado,Outras,30 km/h,Única," , PRC DA CONVENCAO, Recife, Pernambuco, Brasil",-8.0217741,-34.8943305
6703,2019-08-05 13:22:00,COM VÍTIMA,BEBERIBE,AV BEBERIBE, ,398.0,CIDADE,COLISÃO FRONTAL,1.0,2.0,1.0,1.0,1.0,1.0,1.0,1.0,1.0,1.0,1.0,Longo da via,Bom,Sem defeito,Perfeito estado,Seca,Perfeito estado,Não há placas,30 km/h,Dupla," , AV BEBERIBE, Recife, Pernambuco, Brasil",-8.013146,-34.8893491
297,2019-01-11 18:23:00,SEM VÍTIMA,BEBERIBE,AV BEBERIBE,2442,153.0,CIDADE,COLISÃO,1.0,2.0,1.0,1.0,1.0,1.0,1.0,1.0,1.0,0.0,1.0,Longo da via,Bom,Sem defeito,Perfeito estado,Seca,Perfeito estado,Não há placas,30 km/h,Dupla,"2442, AV BEBERIBE, Recife, Pernambuco, Brasil",-8.0223817,-34.8940353
2274,2019-03-15 17:52:00,SEM VÍTIMA,BEBERIBE,PRC DA CONVENCAO, ,153.0,CIDADE,COLISÃO,1.0,2.0,1.0,1.0,1.0,1.0,1.0,1.0,1.0,0.0,1.0,Longo da via,Bom,Sem defeito,Perfeito estado,Seca,Perfeito estado,Não há placas,30 km/h,Dupla," , PRC DA CONVENCAO, Recife, Pernambuco, Brasil",-8.0223817,-34.8940353
3667,2019-04-26 12:29:00,SEM VÍTIMA,BEBERIBE,AV BEBERIBE,3620,153.0,CIDADE,COLISÃO,1.0,1.0,1.0,1.0,1.0,1.0,1.0,1.0,1.0,0.0,1.0,Longo da via,Bom,Sem defeito,Perfeito estado,Seca,Perfeito estado,Não há placas,30 km/h,Dupla,"3620, AV BEBERIBE, Recife, Pernambuco, Brasil",-8.0059205,-34.8899519
6795,2019-08-08 09:23:00,SEM VÍTIMA,BEBERIBE,RUA URIEL DE HOLANDA, ,153.0,CIDADE,COLISÃO TRASEIRA,2.0,1.0,1.0,1.0,1.0,1.0,1.0,1.0,1.0,0.0,1.0,Cruzamento,Chuvoso,Não existe,Incompleta,Molhada,Perfeito estado,Não há placas,30 km/h,Dupla," , RUA URIEL DE HOLANDA, Recife, Pernambuco, Brasil",-8.004764,-34.8997214
9568,2019-10-28 21:55:00,COM VÍTIMA,BEBERIBE,AV BEBERIBE,4330,153.0,SUBURBIO,ACID. DE PERCURSO,2.0,1.0,1.0,1.0,1.0,1.0,1.0,1.0,1.0,1.0,1.0,Longo da via,Bom,Não existe,Incompleta,Seca,Mal conservada,Não há placas,30 km/h,Dupla,"4330, AV BEBERIBE, Recife, Pernambuco, Brasil",-8.0223817,-34.8940353
636,2019-01-25 10:06:00,SEM VÍTIMA,BEBERIBE,AV BEBERIBE, ,153.0,SUBURBIO,COLISÃO,2.0,1.0,1.0,1.0,1.0,1.0,1.0,1.0,1.0,0.0,1.0,Longo da via,Bom,Não existe,Incompleta,Seca,Mal conservada,Não há placas,30 km/h,Dupla," , AV BEBERIBE, Recife, Pernambuco, Brasil",-8.013146,-34.8893491
9134,2019-10-15 18:35:00,SEM VÍTIMA,BEBERIBE,AV BEBERIBE,3530,153.0,CIDADE,ABALROAMENTO TRANSVERSAL,2.0,1.0,1.0,1.0,1.0,1.0,1.0,1.0,1.0,0.0,1.0,Longo da via,Bom,Não existe,Incompleta,Seca,Perfeito estado,Não há placas,30 km/h,Dupla,"3530, AV BEBERIBE, Recife, Pernambuco, Brasil",-8.0069209,-34.8885868
7080,2019-08-16 13:41:00,SEM VÍTIMA,BEBERIBE,AV BEBERIBE, ,348.0,SUBURBIO,ABALROAMENTO LONGITUDINAL,2.0,1.0,1.0,1.0,1.0,1.0,1.0,1.0,1.0,0.0,1.0,Longo da via,Bom,Sem defeito,Não existente,Seca,Perfeito estado,Não há placas,30 km/h,Dupla," , AV BEBERIBE, Recife, Pernambuco, Brasil",-8.013146,-34.8893491
4276,2019-05-15 22:06:00,COM VÍTIMA,BEBERIBE,AV BEBERIBE,3530,348.0,SUBURBIO,ABALROAMENTO TRANSVERSAL,2.0,1.0,1.0,1.0,1.0,1.0,1.0,1.0,1.0,4.0,1.0,Longo da via,Bom,Não existe,Perfeito estado,Seca,Perfeito estado,Outras,30 km/h,Dupla,"3530, AV BEBERIBE, Recife, Pernambuco, Brasil",-8.0069209,-34.8885868
7722,2019-09-06 12:23:00,SEM VÍTIMA,BEBERIBE,RUA JOAO BORBA MARANHAO,48,348.0,SUBURBIO,COLISÃO,1.0,1.0,1.0,1.0,1.0,1.0,1.0,1.0,1.0,0.0,1.0,Longo da via,Bom,Não existe,Perfeito estado,Seca,Perfeito estado,Outras,30 km/h,Dupla,"48, RUA JOAO BORBA MARANHAO, Recife, Pernambuco, Brasil",-8.0069209,-34.8885868
8010,2019-09-14 19:09:00,SEM VÍTIMA,BEBERIBE,RUA URIEL DE HOLANDA, ,348.0,SUBURBIO,COLISÃO TRASEIRA,1.0,1.0,1.0,1.0,1.0,1.0,1.0,1.0,1.0,0.0,1.0,Longo da via,Bom,Não existe,Perfeito estado,Seca,Perfeito estado,Outras,30 km/h,Dupla," , RUA URIEL DE HOLANDA, Recife, Pernambuco, Brasil",-8.004764,-34.8997214
932,2019-02-05 08:17:00,VÍTIMA FATAL,BEBERIBE,AV BEBERIBE,4175,314.0,CIDADE,ABALROAMENTO LONGITUDINAL,1.0,1.0,1.0,1.0,1.0,1.0,1.0,1.0,1.0,0.0,1.0,Longo da via,Bom,Sem defeito,Perfeito estado,Seca,Perfeito estado,R-6a,30 km/h,Dupla,"4175, AV BEBERIBE, Recife, Pernambuco, Brasil",-8.004476,-34.8943392
7954,2019-09-13 07:38:00,SEM VÍTIMA,BEBERIBE,PRC DA CONVENCAO, ,314.0,SUBURBIO,ABALROAMENTO LONGITUDINAL,1.0,1.0,1.0,1.0,1.0,1.0,1.0,1.0,1.0,0.0,1.0,Longo da via,Bom,Não existe,Incompleta,Seca,Perfeito estado,Outras,30 km/h,Única," , PRC DA CONVENCAO, Recife, Pernambuco, Brasil",-8.004476,-34.8943392
4233,2019-05-14 14:42:00,SEM VÍTIMA,BEBERIBE,AV BEBERIBE, ,314.0,SUBURBIO,COLISÃO,1.0,1.0,1.0,1.0,1.0,1.0,1.0,1.0,1.0,0.0,1.0,Longo da via,Bom,Não existe,Incompleta,Seca,Perfeito estado,Outras,30 km/h,Única," , AV BEBERIBE, Recife, Pernambuco, Brasil",-8.013146,-34.8893491
5020,2019-06-08 06:40:00,COM VÍTIMA,BEBERIBE,AV BEBERIBE,431,314.0,CID/SUB,COLISÃO TRASEIRA,1.0,1.0,1.0,1.0,1.0,1.0,1.0,1.0,1.0,1.0,1.0,Longo da via,Bom,Sem defeito,Perfeito estado,Seca,Perfeito estado,Não há placas,30 km/h,Dupla,"431, AV BEBERIBE, Recife, Pernambuco, Brasil",-8.0223817,-34.8940353
11522,2019-12-15 13:33:00,SEM VÍTIMA,BEBERIBE,PRC DA CONVENCAO,4665,314.0,CIDADE,ABALROAMENTO LONGITUDINAL,1.0,1.0,1.0,1.0,1.0,1.0,1.0,1.0,1.0,0.0,1.0,Longo da via,Bom,Não existe,Perfeito estado,Seca,Perfeito estado,Não há placas,30 km/h,Dupla,"4665, PRC DA CONVENCAO, Recife, Pernambuco, Brasil",-8.0223817,-34.8940353
5027,2019-06-08 12:18:00,SEM VÍTIMA,BEBERIBE,AV BEBERIBE, ,186.0,SUBURBIO,COLISÃO TRASEIRA,2.0,1.0,1.0,1.0,1.0,1.0,1.0,1.0,1.0,0.0,1.0,Longo da via,Bom,Sem defeito,Perfeito estado,Seca,Perfeito estado,Outras,30 km/h,Dupla," , AV BEBERIBE, Recife, Pernambuco, Brasil",-8.013146,-34.8893491
3059,2019-04-07 11:56:00,SEM VÍTIMA,BEBERIBE,AV BEBERIBE,4175,186.0,SUBURBIO,ABALROAMENTO TRANSVERSAL,2.0,1.0,1.0,1.0,1.0,1.0,1.0,1.0,1.0,0.0,1.0,Longo da via,Bom,Não existe,Incompleta,Seca,Perfeito estado,Não há placas,30 km/h,Dupla,"4175, AV BEBERIBE, Recife, Pernambuco, Brasil",-8.004476,-34.8943392
6388,2019-07-25 17:05:00,COM VÍTIMA,BEBERIBE,RUA URIEL DE HOLANDA, ,186.0,SUBURBIO,COLISÃO,1.0,1.0,1.0,1.0,1.0,1.0,1.0,1.0,1.0,1.0,1.0,Longo da via,Bom,Não existe,Incompleta,Seca,Perfeito estado,Não há placas,30 km/h,Dupla," , RUA URIEL DE HOLANDA, Recife, Pernambuco, Brasil",-8.004764,-34.8997214
5030,2019-06-08 13:40:00,COM VÍTIMA,BEBERIBE,RUA URIEL DE HOLANDA, ,186.0,SUBURBIO,ABALROAMENTO LONGITUDINAL,1.0,1.0,1.0,1.0,1.0,1.0,1.0,1.0,1.0,1.0,1.0,Longo da via,Bom,Não existe,Perfeito estado,Seca,Perfeito estado,R-6a,30 km/h,Dupla," , RUA URIEL DE HOLANDA, Recife, Pernambuco, Brasil",-8.004764,-34.8997214
10701,2019-11-27 07:20:00,COM VÍTIMA,BEBERIBE,AV BEBERIBE,247,186.0,SUBURBIO,ABALROAMENTO LONGITUDINAL,1.0,1.0,1.0,1.0,1.0,1.0,1.0,1.0,1.0,1.0,1.0,Cruzamento,Bom,Não existe,Perfeito estado,Seca,Perfeito estado,Outras,30 km/h,Dupla,"247, AV BEBERIBE, Recife, Pernambuco, Brasil",-8.0352253,-34.8916723
3027,2019-04-06 07:52:00,SEM VÍTIMA,BEBERIBE,AV BEBERIBE,4277,514.0,CIDADE,COLISÃO TRASEIRA,3.0,1.0,1.0,1.0,1.0,1.0,1.0,1.0,1.0,0.0,1.0,Longo da via,Bom,Sem defeito,Perfeito estado,Seca,Perfeito estado,R-19,40 km/h,Dupla,"4277, AV BEBERIBE, Recife, Pernambuco, Brasil",-8.0045899,-34.8950979
2138,2019-03-12 17:34:00,COM VÍTIMA,BEBERIBE,RUA DO ANIL,3785,514.0,CIDADE,ATROPELAMENTO,1.0,1.0,1.0,1.0,1.0,1.0,1.0,1.0,1.0,1.0,1.0,Longo da via,Bom,Não existe,Não existente,Seca,Perfeito estado,Não há placas,40 km/h,Dupla,"3785, RUA DO ANIL, Recife, Pernambuco, Brasil",-8.0051861,-34.8949546
12049,2019-12-30 18:17:00,SEM VÍTIMA,BEBERIBE,AV BEBERIBE, ,514.0,SUBURBIO,ABALROAMENTO LONGITUDINAL,1.0,1.0,1.0,1.0,1.0,1.0,1.0,1.0,1.0,0.0,1.0,Longo da via,Bom,Não existe,Incompleta,Seca,Mal conservada,Não há placas,40 km/h,Dupla," , AV BEBERIBE, Recife, Pernambuco, Brasil",-8.013146,-34.8893491
6664,2019-08-03 22:48:00,COM VÍTIMA,BEBERIBE,AV BEBERIBE, ,514.0,SUBURBIO,ABALROAMENTO TRANSVERSAL,1.0,1.0,1.0,1.0,1.0,1.0,1.0,1.0,1.0,1.0,1.0,Longo da via,Bom,Não existe,Incompleta,Seca,Perfeito estado,Não há placas,40 km/h,Dupla," , AV BEBERIBE, Recife, Pernambuco, Brasil",-8.013146,-34.8893491
8764,2019-10-05 14:38:00,SEM VÍTIMA,BEBERIBE,AV BEBERIBE,3530,514.0,SUBURBIO,COLISÃO,1.0,1.0,1.0,1.0,1.0,1.0,1.0,1.0,1.0,0.0,1.0,Longo da via,Bom,Não existe,Incompleta,Seca,Perfeito estado,Não há placas,40 km/h,Dupla,"3530, AV BEBERIBE, Recife, Pernambuco, Brasil",-8.0069209,-34.8885868
4165,2019-05-12 12:29:00,SEM VÍTIMA,BEBERIBE,PRC DA CONVENCAO,128,514.0,SUBURBIO,COLISÃO,2.0,1.0,1.0,1.0,1.0,1.0,1.0,1.0,1.0,0.0,1.0,Longo da via,Bom,Não existe,Incompleta,Seca,Perfeito estado,Não há placas,40 km/h,Dupla,"128, PRC DA CONVENCAO, Recife, Pernambuco, Brasil",-8.0069209,-34.8885868
6809,2019-08-08 17:40:00,COM VÍTIMA,BEBERIBE,AV BEBERIBE,4293,514.0,CIDADE,ABALROAMENTO LONGITUDINAL,1.0,1.0,1.0,1.0,1.0,1.0,1.0,1.0,1.0,1.0,1.0,Longo da via,Bom,Sem defeito,Incompleta,Seca,Outros,Outras,40 km/h,Dupla,"4293, AV BEBERIBE, Recife, Pernambuco, Brasil",-8.0223817,-34.8940353
11040,2019-12-04 17:15:00,SEM VÍTIMA,BEBERIBE,PRC DA CONVENCAO, ,514.0,SUBURBIO,ABALROAMENTO LONGITUDINAL,1.0,1.0,1.0,1.0,1.0,1.0,1.0,1.0,1.0,0.0,1.0,Longo da via,Bom,Não existe,Incompleta,Seca,Outros,Não há placas,40 km/h,Dupla," , PRC DA CONVENCAO, Recife, Pernambuco, Brasil",-8.0223817,-34.8940353
6640,2019-08-03 08:41:00,SEM VÍTIMA,BEBERIBE,AV BEBERIBE,4050,514.0,SUBURBIO,COLISÃO,1.0,1.0,1.0,1.0,1.0,1.0,1.0,1.0,1.0,0.0,1.0,Longo da via,Bom,Não existe,Incompleta,Seca,Outros,Não há placas,40 km/h,Dupla,"4050, AV BEBERIBE, Recife, Pernambuco, Brasil",-8.0223817,-34.8940353
5676,2019-06-30 23:50:00,SEM VÍTIMA,BEBERIBE,AV BEBERIBE, ,514.0,SUBURBIO,COLISÃO,2.0,1.0,1.0,1.0,1.0,1.0,1.0,1.0,1.0,0.0,1.0,Longo da via,Bom,Não existe,Incompleta,Seca,Outros,Não há placas,40 km/h,Dupla," , AV BEBERIBE, Recife, Pernambuco, Brasil",-8.013146,-34.8893491
9085,2019-10-14 15:45:00,SEM VÍTIMA,BEBERIBE,AV BEBERIBE, ,514.0,SUBURBIO,ABALROAMENTO LONGITUDINAL,1.0,1.0,1.0,1.0,1.0,1.0,1.0,1.0,1.0,0.0,1.0,Longo da via,Bom,Não existe,Perfeito estado,Seca,Perfeito estado,Outras,40 km/h,Única," , AV BEBERIBE, Recife, Pernambuco, Brasil",-8.013146,-34.8893491
5875,2019-07-07 12:50:00,SEM VÍTIMA,BEBERIBE,PRC DA CONVENCAO, ,514.0,SUBURBIO,ENGAVETAMENTO,3.0,1.0,1.0,1.0,1.0,1.0,1.0,1.0,1.0,0.0,1.0,Longo da via,Bom,Não existe,Perfeito estado,Seca,Perfeito estado,Outras,40 km/h,Única," , PRC DA CONVENCAO, Recife, Pernambuco, Brasil",-8.013146,-34.8893491
4300,2019-05-16 16:30:00,SEM VÍTIMA,BEBERIBE,AV BEBERIBE,4541,514.0,CIDADE,ABALROAMENTO LONGITUDINAL,1.0,1.0,1.0,1.0,1.0,1.0,1.0,1.0,1.0,0.0,1.0,Longo da via,Bom,Sem defeito,Incompleta,Seca,Mal conservada,Outras,40 km/h,Dupla,"4541, AV BEBERIBE, Recife, Pernambuco, Brasil",-8.0223817,-34.8940353
1115,2019-02-09 23:58:00,SEM VÍTIMA,BEBERIBE,RUA MAJOR DAVINO, ,514.0,CIDADE,COLISÃO,1.0,1.0,1.0,1.0,1.0,1.0,1.0,1.0,1.0,0.0,1.0,Longo da via,Bom,Sem defeito,Incompleta,Seca,Mal conservada,Outras,40 km/h,Dupla," , RUA MAJOR DAVINO, Recife, Pernambuco, Brasil",-8.0131023,-34.8923155
2685,2019-03-27 14:40:00,SEM VÍTIMA,BEBERIBE,AV BEBERIBE, ,514.0,CIDADE,COLISÃO TRASEIRA,2.0,1.0,1.0,1.0,1.0,1.0,1.0,1.0,1.0,0.0,1.0,Longo da via,Bom,Não existe,Incompleta,Seca,Perfeito estado,Outras,40 km/h,Dupla," , AV BEBERIBE, Recife, Pernambuco, Brasil",-8.013146,-34.8893491
5079,2019-06-10 17:38:00,SEM VÍTIMA,BEBERIBE,AV BEBERIBE,94,514.0,SUBURBIO,ABALROAMENTO LONGITUDINAL,1.0,1.0,1.0,1.0,1.0,1.0,1.0,1.0,1.0,0.0,1.0,Longo da via,Bom,Não existe,Incompleta,Seca,Perfeito estado,Não há placas,40 km/h,Única,"94, AV BEBERIBE, Recife, Pernambuco, Brasil",-8.0223817,-34.8940353
3217,2019-04-11 18:34:00,SEM VÍTIMA,BOA VIAGEM,AV ENGENHEIRO DOMINGOS FERREIRA,1202,514.0,SUBURBIO,COLISÃO,2.0,1.0,1.0,1.0,1.0,1.0,1.0,1.0,1.0,0.0,1.0,Longo da via,Bom,Não existe,Incompleta,Seca,Perfeito estado,Não há placas,40 km/h,Única,"1202, AV ENGENHEIRO DOMINGOS FERREIRA, Recife, Pernambuco, Brasil",-8.118197,-34.8970498
8607,2019-10-02 00:18:00,SEM VÍTIMA,BOA VIAGEM,AV CONSELHEIRO AGUIAR,4834,514.0,CIDADE,CHOQUE VEÍCULO PARADO,2.0,1.0,1.0,1.0,1.0,1.0,1.0,1.0,1.0,0.0,1.0,Longo da via,Bom,Não existe,Perfeito estado,Seca,Perfeito estado,R-6a,40 km/h,Única,"4834, AV CONSELHEIRO AGUIAR, Recife, Pernambuco, Brasil",-8.1296788,-34.9011283
3272,2019-04-13 09:43:00,SEM VÍTIMA,BOA VIAGEM,RUA SA E SOUZA,480,514.0,CIDADE,COLISÃO,2.0,1.0,1.0,1.0,1.0,1.0,1.0,1.0,1.0,0.0,1.0,Longo da via,Bom,Não existe,Perfeito estado,Seca,Perfeito estado,R-6a,40 km/h,Única,"480, RUA SA E SOUZA, Recife, Pernambuco, Brasil",-8.1348709,-34.906224
3219,2019-04-11 19:44:00,SEM VÍTIMA,BOA VIAGEM,RUA DES JOAO PAES,1044,514.0,SUBURBIO,CHOQUE VEÍCULO PARADO,2.0,1.0,1.0,1.0,1.0,1.0,1.0,1.0,1.0,0.0,1.0,Esquina,Bom,Não existe,Perfeito estado,Seca,Perfeito estado,Placas Pare,30 km/h,Única,"1044, RUA DES JOAO PAES, Recife, Pernambuco, Brasil",-8.1348709,-34.906224
10135,2019-11-12 06:56:00,SEM VÍTIMA,BOA VIAGEM,RUA ALAMEDA DAS HORTENCIAS,32,514.0,SUBURBIO,COLISÃO,2.0,1.0,1.0,1.0,1.0,1.0,1.0,1.0,1.0,0.0,1.0,Esquina,Bom,Não existe,Perfeito estado,Seca,Perfeito estado,Placas Pare,30 km/h,Única,"32, RUA ALAMEDA DAS HORTENCIAS, Recife, Pernambuco, Brasil",-8.1159385,-34.9075704
3268,2019-04-13 09:14:00,SEM VÍTIMA,BOA VIAGEM,RUA BALTAZAR PASSOS,480,514.0,SUBURBIO,ABALROAMENTO LONGITUDINAL,2.0,1.0,1.0,1.0,1.0,1.0,1.0,1.0,1.0,0.0,1.0,Longo da via,Bom,Não existe,Perfeito estado,Seca,Perfeito estado,Placas Pare,30 km/h,Única,"480, RUA BALTAZAR PASSOS, Recife, Pernambuco, Brasil",-8.1417529,-34.9120711
10157,2019-11-12 14:18:00,SEM VÍTIMA,BOA VIAGEM,RUA ANTONIO FALCAO, ,648.0,SUBURBIO,ABALROAMENTO TRANSVERSAL,2.0,1.0,1.0,1.0,1.0,1.0,1.0,1.0,1.0,0.0,1.0,Longo da via,Bom,Sem defeito,Perfeito estado,Seca,Perfeito estado,Outras,30 km/h,Única," , RUA ANTONIO FALCAO, Recife, Pernambuco, Brasil",-8.1133174,-34.9001629
10159,2019-11-12 15:03:00,COM VÍTIMA,BOA VIAGEM,RUA ERNESTO DE PAULA SANTOS,1365,648.0,CIDADE,ABALROAMENTO LONGITUDINAL,1.0,1.0,1.0,1.0,1.0,1.0,1.0,1.0,1.0,2.0,1.0,Cruzamento,Bom,Não existe,Incompleta,Seca,Perfeito estado,Não há placas,60 km/h,Única,"1365, RUA ERNESTO DE PAULA SANTOS, Recife, Pernambuco, Brasil",-8.1248125,-34.8995609
3309,2019-04-14 19:38:00,SEM VÍTIMA,BOA VIAGEM,RUA VISCONDE DE JEQUITINHONHA,\,648.0,CIDADE,COLISÃO,2.0,1.0,1.0,1.0,1.0,1.0,1.0,1.0,1.0,0.0,1.0,Cruzamento,Bom,Não existe,Incompleta,Seca,Perfeito estado,Não há placas,60 km/h,Única,"\, RUA VISCONDE DE JEQUITINHONHA, Recife, Pernambuco, Brasil",-8.1337535,-34.9025533
8621,2019-10-02 11:39:00,SEM VÍTIMA,BOA VIAGEM,RUA DEZ DE JULHO, ,648.0,SUBURBIO,ABALROAMENTO TRANSVERSAL,1.0,1.0,1.0,1.0,1.0,1.0,1.0,1.0,1.0,0.0,1.0,Cruzamento,Bom,Não existe,Incompleta,Seca,Perfeito estado,Placas Pare,60 km/h,Dupla," , RUA DEZ DE JULHO, Recife, Pernambuco, Brasil",-8.1347718,-34.9135475
5863,2019-07-06 19:33:00,SEM VÍTIMA,BOA VIAGEM,RUA FRANCISCO DA CUNHA, ,648.0,SUBURBIO,COLISÃO,2.0,1.0,1.0,1.0,1.0,1.0,1.0,1.0,1.0,0.0,1.0,Cruzamento,Bom,Não existe,Incompleta,Seca,Perfeito estado,Placas Pare,60 km/h,Dupla," , RUA FRANCISCO DA CUNHA, Recife, Pernambuco, Brasil",-8.1104721,-34.893872
5876,2019-07-07 13:48:00,SEM VÍTIMA,BOA VIAGEM,AV CONSELHEIRO AGUIAR, ,127.0,SUBURBIO,ABALROAMENTO LONGITUDINAL,1.0,1.0,1.0,1.0,1.0,1.0,1.0,1.0,1.0,0.0,1.0,Cruzamento,Bom,Sem defeito,Perfeito estado,Seca,Perfeito estado,R-6a,60 km/h,Única," , AV CONSELHEIRO AGUIAR, Recife, Pernambuco, Brasil",-8.1017679,-34.8870824
3260,2019-04-12 17:49:00,SEM VÍTIMA,BOA VIAGEM,RUA CORONEL BENEDITO CHAVES, ,128.0,SUBURBIO,COLISÃO TRASEIRA,2.0,1.0,1.0,1.0,1.0,1.0,1.0,1.0,1.0,0.0,1.0,Longo da via,Bom,Sem defeito,Perfeito estado,Seca,Perfeito estado,Não há placas,60 km/h,Única," , RUA CORONEL BENEDITO CHAVES, Recife, Pernambuco, Brasil",-8.1275819,-34.9026923
7305,2019-08-23 12:20:00,SEM VÍTIMA,BOA VIAGEM,RUA PADRE BERNADINO PESSOA,392,128.0,SUBURBIO,ABALROAMENTO LONGITUDINAL,2.0,1.0,1.0,1.0,1.0,1.0,1.0,1.0,1.0,0.0,1.0,Longo da via,Bom,Não existe,Perfeito estado,Seca,Perfeito estado,Outras,60 km/h,Única,"392, RUA PADRE BERNADINO PESSOA, Recife, Pernambuco, Brasil",-8.1275819,-34.9026923
3288,2019-04-13 16:14:00,SEM VÍTIMA,BOA VIAGEM,RUA DR LUIZ INACIO PESSOA DE MELO,350,128.0,SUBURBIO,COLISÃO,3.0,1.0,1.0,1.0,1.0,1.0,1.0,1.0,1.0,0.0,1.0,Longo da via,Bom,Não existe,Perfeito estado,Seca,Perfeito estado,Outras,60 km/h,Única,"350, RUA DR LUIZ INACIO PESSOA DE MELO, Recife, Pernambuco, Brasil",-8.1275819,-34.9026923
3300,2019-04-14 15:44:00,SEM VÍTIMA,BOA VIAGEM,AV CONSELHEIRO AGUIAR, ,128.0,CIDADE,ABALROAMENTO TRANSVERSAL,2.0,1.0,1.0,1.0,1.0,1.0,1.0,1.0,1.0,0.0,1.0,Longo da via,Bom,Não existe,Incompleta,Seca,Perfeito estado,Não há placas,60 km/h,Única," , AV CONSELHEIRO AGUIAR, Recife, Pernambuco, Brasil",-8.1017679,-34.8870824
10146,2019-11-12 10:45:00,SEM VÍTIMA,BOA VIAGEM,AV BOA VIAGEM,2234,663.0,CIDADE,ABALROAMENTO LONGITUDINAL,2.0,1.0,1.0,1.0,1.0,1.0,1.0,1.0,1.0,0.0,1.0,Cruzamento,Bom,Sem defeito,Perfeito estado,Seca,Perfeito estado,Não há placas,60 km/h,Única,"2234, AV BOA VIAGEM, Recife, Pernambuco, Brasil",-8.1103247,-34.8895897
7302,2019-08-23 10:54:00,SEM VÍTIMA,BOA VIAGEM,AV ENGENHEIRO DOMINGOS FERREIRA,1914,663.0,CIDADE,COLISÃO,2.0,1.0,1.0,1.0,1.0,1.0,1.0,1.0,1.0,0.0,1.0,Cruzamento,Bom,Sem defeito,Perfeito estado,Seca,Perfeito estado,Não há placas,60 km/h,Única,"1914, AV ENGENHEIRO DOMINGOS FERREIRA, Recife, Pernambuco, Brasil",-8.118197,-34.8970498
8270,2019-09-21 23:16:00,COM VÍTIMA,BOA VIAGEM,RUA DOS NAVEGANTES,2037,663.0,CIDADE,COLISÃO,1.0,1.0,1.0,1.0,1.0,1.0,1.0,1.0,1.0,1.0,1.0,Cruzamento,Bom,Sem defeito,Perfeito estado,Seca,Perfeito estado,Não há placas,60 km/h,Única,"2037, RUA DOS NAVEGANTES, Recife, Pernambuco, Brasil",-8.1151448,-34.8931562
3259,2019-04-12 17:30:00,COM VÍTIMA,BOA VIAGEM,RUA DOS NAVEGANTES,572,663.0,CIDADE,ACID. DE PERCURSO,1.0,1.0,1.0,1.0,1.0,1.0,1.0,1.0,1.0,1.0,1.0,Cruzamento,Bom,Sem defeito,Perfeito estado,Seca,Perfeito estado,R-6a,60 km/h,Dupla,"572, nan, Recife, Pernambuco, Brasil",-8.0584933,-34.8848193
3244,2019-04-12 12:31:00,SEM VÍTIMA,BOA VIAGEM,AV ENGENHEIRO DOMINGOS FERREIRA,2574,550.0,CIDADE,COLISÃO,1.0,1.0,1.0,1.0,1.0,1.0,1.0,1.0,1.0,0.0,1.0,Cruzamento,Bom,Sem defeito,Perfeito estado,Seca,Perfeito estado,R-6a,60 km/h,Dupla,"2574, AV ENGENHEIRO DOMINGOS FERREIRA, Recife, Pernambuco, Brasil",-8.112024,-34.8936359
7303,2019-08-23 11:19:00,SEM VÍTIMA,BOA VIAGEM,RUA PADRE BERNADINO PESSOA,110,550.0,CIDADE,COLISÃO,2.0,1.0,1.0,1.0,1.0,1.0,1.0,1.0,1.0,0.0,1.0,Cruzamento,Bom,Sem defeito,Perfeito estado,Seca,Perfeito estado,R-6a,60 km/h,Dupla,"110, RUA PADRE BERNADINO PESSOA, Recife, Pernambuco, Brasil",-8.112024,-34.8936359