,data_hora,natureza_acidente,bairro,endereco,numero,num_semaforo,sentido_via,tipo,auto,moto,ciclom,ciclista,pedestre,onibus,caminhao,viatura,outros,vitimas,vitimasfatais,acidente_verificado,tempo_clima,situacao_semaforo,sinalizacao,condicao_via,conservacao_via,situacao_placa,velocidade_max_via,mao_direcao,end,latitude,longitude
3157,2019-04-10 08:50:00,SEM VÍTIMA,BOA VIAGEM,AV CONSELHEIRO AGUIAR,1650,146.0,CIDADE,COLISÃO,2.0,1.0,1.0,1.0,1.0,1.0,1.0,1.0,1.0,0.0,1.0,Longo da via,Chuvoso,Não existe,Perfeito estado,Molhada,Perfeito estado,Outras,40 km/h,Única,"1650, AV CONSELHEIRO AGUIAR, Recife, Pernambuco, Brasil",-8.1044601,-34.8885897
3156,2019-04-10 08:46:00,SEM VÍTIMA,BOA VIAGEM,AV CONSELHEIRO AGUIAR,1650,146.0,SUBURBIO,ABALROAMENTO TRANSVERSAL,2.0,1.0,1.0,1.0,1.0,1.0,1.0,1.0,1.0,0.0,1.0,Longo da via,Bom,Sem defeito,Perfeito estado,Seca,Perfeito estado,Outras,40 km/h,Única,"1650, AV CONSELHEIRO AGUIAR, Recife, Pernambuco, Brasil",-8.1044601,-34.8885897
3155,2019-04-10 08:25:00,SEM VÍTIMA,BOA VIAGEM,AV CONSELHEIRO AGUIAR,3406,146.0,CIDADE,ABALROAMENTO LONGITUDINAL,1.0,1.0,1.0,1.0,1.0,1.0,1.0,1.0,1.0,0.0,1.0,Longo da via,Bom,Não existe,Perfeito estado,Seca,Perfeito estado,Não há placas,60 km/h,Única,"3406, AV CONSELHEIRO AGUIAR, Recife, Pernambuco, Brasil",-8.1187594,-34.89648884620692
3152,2019-04-10 07:53:00,SEM VÍTIMA,BOA VIAGEM,RUA BALTAZAR PASSOS,440,146.0,CIDADE,ABALROAMENTO LONGITUDINAL,2.0,1.0,1.0,1.0,1.0,1.0,1.0,1.0,1.0,0.0,1.0,Cruzamento,Bom,Não existe,Perfeito estado,Seca,Mal conservada,Placas Pare,60 km/h,Única,"440, RUA BALTAZAR PASSOS, Recife, Pernambuco, Brasil",-8.1431108,-34.908668
7339,2019-08-24 16:11:00,SEM VÍTIMA,BOA VIAGEM,RUA VISCONDE DE JEQUITINHONHA, ,146.0,CIDADE,COLISÃO,1.0,1.0,1.0,1.0,1.0,1.0,1.0,1.0,1.0,0.0,1.0,Cruzamento,Bom,Não existe,Perfeito estado,Seca,Mal conservada,Placas Pare,60 km/h,Única," , RUA VISCONDE DE JEQUITINHONHA, Recife, Pernambuco, Brasil",-8.1337535,-34.9025533
5905,2019-07-08 16:06:00,SEM VÍTIMA,BOA VIAGEM,RUA VISCONDE DE JEQUITINHONHA, ,146.0,SUBURBIO,ABALROAMENTO LONGITUDINAL,1.0,1.0,1.0,1.0,1.0,1.0,1.0,1.0,1.0,0.0,1.0,Longo da via,Bom,Não existe,Perfeito estado,Seca,Perfeito estado,Não há placas,60 km/h,Única," , RUA VISCONDE DE JEQUITINHONHA, Recife, Pernambuco, Brasil",-8.1337535,-34.9025533
7317,2019-08-23 16:24:00,SEM VÍTIMA,BOA VIAGEM,RUA BELMONTE,233,146.0,SUBURBIO,COLISÃO,2.0,1.0,1.0,1.0,1.0,1.0,1.0,1.0,1.0,0.0,1.0,Longo da via,Bom,Não existe,Perfeito estado,Seca,Perfeito estado,Não há placas,60 km/h,Única,"233, RUA BELMONTE, Recife, Pernambuco, Brasil",-8.1337231,-34.9074969
10092,2019-11-11 08:43:00,SEM VÍTIMA,BOA VIAGEM,AV ENGENHEIRO DOMINGOS FERREIRA, ,145.0,SUBURBIO,ABALROAMENTO LONGITUDINAL,1.0,1.0,1.0,1.0,1.0,1.0,1.0,1.0,1.0,0.0,1.0,Cruzamento,Bom,Sem defeito,Perfeito estado,Seca,Perfeito estado,Não há placas,60 km/h,Única," , AV ENGENHEIRO DOMINGOS FERREIRA, Recife, Pernambuco, Brasil",-8.1155752,-34.8954699
7775,2019-09-08 13:32:00,SEM VÍTIMA,BOA VIAGEM,RUA ANTONIO FALCAO,141,145.0,SUBURBIO,CHOQUE VEÍCULO PARADO,2.0,1.0,1.0,1.0,1.0,1.0,1.0,1.0,1.0,0.0,1.0,Longo da via,Bom,Não existe,Perfeito estado,Seca,Perfeito estado,Outras,60 km/h,Única,"141, RUA ANTONIO FALCAO, Recife, Pernambuco, Brasil",-8.1128662,-34.9011461
6585,2019-08-01 17:14:00,SEM VÍTIMA,BOA VIAGEM,RUA DEZ DE JULHO, ,145.0,SUBURBIO,COLISÃO TRASEIRA,2.0,1.0,1.0,1.0,1.0,1.0,1.0,1.0,1.0,0.0,1.0,Longo da via,Chuvoso,Não existe,Perfeito estado,Molhada,Perfeito estado,Outras,40 km/h,Única," , RUA DEZ DE JULHO, Recife, Pernambuco, Brasil",-8.1347718,-34.9135475
3545,2019-04-22 21:55:00,COM VÍTIMA,BOA VIAGEM,RUA VISCONDE DE JEQUITINHONHA,280,145.0,SUBURBIO,ABALROAMENTO LONGITUDINAL,1.0,1.0,1.0,1.0,1.0,1.0,1.0,1.0,1.0,1.0,1.0,Longo da via,Chuvoso,Não existe,Perfeito estado,Molhada,Perfeito estado,Não há placas,60 km/h,Única,"280, RUA VISCONDE DE JEQUITINHONHA, Recife, Pernambuco, Brasil",-8.1383153,-34.9037576
7224,2019-08-21 07:52:00,SEM VÍTIMA,BOA VIAGEM,AV DES JOSE NEVES, ,145.0,CIDADE,COLISÃO TRASEIRA,2.0,1.0,1.0,1.0,1.0,1.0,1.0,1.0,1.0,0.0,1.0,Longo da via,Bom,Não existe,Perfeito estado,Seca,Perfeito estado,Não há placas,60 km/h,Dupla," , AV DES JOSE NEVES, Recife, Pernambuco, Brasil",-8.142685,-34.9180258
3543,2019-04-22 19:03:00,SEM VÍTIMA,BOA VIAGEM,RUA ARTUR MUNIZ,224,145.0,CIDADE,COLISÃO,2.0,1.0,1.0,1.0,1.0,1.0,1.0,1.0,1.0,0.0,1.0,Longo da via,Bom,Não existe,Perfeito estado,Seca,Perfeito estado,Não há placas,60 km/h,Dupla,"224, RUA ARTUR MUNIZ, Recife, Pernambuco, Brasil",-8.1039655,-34.8886312
3542,2019-04-22 18:55:00,SEM VÍTIMA,BOA VIAGEM,RUA RIBEIRO DE BRITO,590,145.0,SUBURBIO,ABALROAMENTO LONGITUDINAL,2.0,1.0,1.0,1.0,1.0,1.0,1.0,1.0,1.0,0.0,1.0,Longo da via,Bom,Não existe,Perfeito estado,Seca,Perfeito estado,Placas Pare,60 km/h,Única,"590, RUA RIBEIRO DE BRITO, Recife, Pernambuco, Brasil",-8.1230919,-34.9021161
7232,2019-08-21 12:37:00,SEM VÍTIMA,BOA VIAGEM,RUA ANTONIO FALCAO,729,145.0,SUBURBIO,ABALROAMENTO TRANSVERSAL,2.0,1.0,1.0,1.0,1.0,1.0,1.0,1.0,1.0,0.0,1.0,Longo da via,Bom,Sem defeito,Perfeito estado,Seca,Perfeito estado,Não há placas,60 km/h,Única,"729, RUA ANTONIO FALCAO, Recife, Pernambuco, Brasil",-8.1141415,-34.8989938
3538,2019-04-22 17:42:00,COM VÍTIMA,BOA VIAGEM,RUA COSMORAMA,1234,145.0,CIDADE,COLISÃO TRASEIRA,1.0,1.0,1.0,1.0,1.0,1.0,1.0,1.0,1.0,1.0,1.0,Longo da via,Bom,Não existe,Perfeito estado,Seca,Perfeito estado,A-33a,40 km/h,Dupla,"1234, RUA COSMORAMA, Recife, Pernambuco, Brasil",-8.1402156,-34.9107984
5759,2019-07-03 15:14:00,SEM VÍTIMA,BOA VIAGEM,AV CONSELHEIRO AGUIAR,3929,145.0,CIDADE,COLISÃO TRASEIRA,2.0,1.0,1.0,1.0,1.0,1.0,1.0,1.0,1.0,0.0,1.0,Longo da via,Bom,Não existe,Perfeito estado,Seca,Perfeito estado,Não há placas,40 km/h,Única,"3929, AV CONSELHEIRO AGUIAR, Recife, Pernambuco, Brasil",-8.1141184,-34.8933999
10013,2019-11-08 17:14:00,SEM VÍTIMA,BOA VIAGEM,AV VINTE DE JANEIRO, ,145.0,CIDADE,COLISÃO,2.0,1.0,1.0,1.0,1.0,1.0,1.0,1.0,1.0,0.0,1.0,Longo da via,Bom,Não existe,Perfeito estado,Seca,Perfeito estado,Não há placas,40 km/h,Única," , AV VINTE DE JANEIRO, Recife, Pernambuco, Brasil",-8.1353026,-34.9136612
10015,2019-11-08 18:51:00,SEM VÍTIMA,BOA VIAGEM,RUA RIO AZUL,442,145.0,SUBURBIO,COLISÃO FRONTAL,1.0,1.0,1.0,1.0,1.0,1.0,1.0,1.0,1.0,0.0,1.0,Longo da via,Bom,Não existe,Não existente,Seca,Perfeito estado,Não há placas,40 km/h,Única,"442, RUA RIO AZUL, Recife, Pernambuco, Brasil",-8.1354176,-34.9089632
8687,2019-10-04 06:59:00,SEM VÍTIMA,BOA VIAGEM,RUA DES JOAO PAES,1900,145.0,CIDADE,ABALROAMENTO LONGITUDINAL,1.0,1.0,1.0,1.0,1.0,1.0,1.0,1.0,1.0,0.0,1.0,Cruzamento,Bom,Não existe,Perfeito estado,Seca,Perfeito estado,Placas Pare,40 km/h,Única,"1900, RUA DES JOAO PAES, Recife, Pernambuco, Brasil",-8.1354176,-34.9089632
7827,2019-09-09 20:58:00,SEM VÍTIMA,BOA VIAGEM,RUA BRUNO VELOSO, ,335.0,CIDADE,ABALROAMENTO TRANSVERSAL,2.0,1.0,1.0,1.0,1.0,1.0,1.0,1.0,1.0,0.0,1.0,Cruzamento,Bom,Sem defeito,Perfeito estado,Seca,Perfeito estado,R-6a,60 km/h,Dupla," , RUA BRUNO VELOSO, Recife, Pernambuco, Brasil",-8.1213716,-34.9011717
6570,2019-08-01 11:42:00,SEM VÍTIMA,BOA VIAGEM,RUA BARAO DE SOUZA LEAO,1259,476.0,SUBURBIO,ABALROAMENTO LONGITUDINAL,1.0,1.0,1.0,1.0,1.0,1.0,1.0,1.0,1.0,0.0,1.0,Cruzamento,Bom,Sem defeito,Perfeito estado,Seca,Perfeito estado,Outras,60 km/h,Única,"1259, RUA BARAO DE SOUZA LEAO, Recife, Pernambuco, Brasil",-8.1330426,-34.9113912
7223,2019-08-21 07:52:00,SEM VÍTIMA,BOA VIAGEM,RUA SA E SOUZA,263,420.0,SUBURBIO,ABALROAMENTO LONGITUDINAL,1.0,1.0,1.0,1.0,1.0,1.0,1.0,1.0,1.0,0.0,1.0,Cruzamento,Bom,Sem defeito,Perfeito estado,Seca,Perfeito estado,Outras,60 km/h,Dupla,"263, RUA SA E SOUZA, Recife, Pernambuco, Brasil",-8.1348709,-34.906224
8220,2019-09-20 15:46:00,SEM VÍTIMA,BOA VIAGEM,RUA MINISTRO NELSON HUNGRIA,414,420.0,SUBURBIO,COLISÃO TRASEIRA,1.0,1.0,1.0,1.0,1.0,1.0,1.0,1.0,1.0,0.0,1.0,Longo da via,Chuvoso,Não existe,Perfeito estado,Molhada,Perfeito estado,Não há placas,60 km/h,Única,"414, RUA MINISTRO NELSON HUNGRIA, Recife, Pernambuco, Brasil",-8.1124871,-34.8985316
10027,2019-11-09 07:45:00,SEM VÍTIMA,BOA VIAGEM,AV ENGENHEIRO DOMINGOS FERREIRA, ,550.0,SUBURBIO,ABALROAMENTO LONGITUDINAL,1.0,1.0,1.0,1.0,1.0,1.0,1.0,1.0,1.0,0.0,1.0,Longo da via,Bom,Sem defeito,Perfeito estado,Seca,Perfeito estado,Outras,60 km/h,Única," , AV ENGENHEIRO DOMINGOS FERREIRA, Recife, Pernambuco, Brasil",-8.1155752,-34.8954699
8226,2019-09-20 18:05:00,COM VÍTIMA,BOA VIAGEM,RUA VISCONDE DE JEQUITINHONHA,1140,550.0,SUBURBIO,ABALROAMENTO LONGITUDINAL,1.0,1.0,1.0,1.0,1.0,1.0,1.0,1.0,1.0,1.0,1.0,Longo da via,Chuvoso,Não existe,Perfeito estado,Molhada,Perfeito estado,Não há placas,60 km/h,Única,"1140, RUA VISCONDE DE JEQUITINHONHA, Recife, Pernambuco, Brasil",-8.1383153,-34.9037576
8685,2019-10-03 22:15:00,SEM VÍTIMA,BOA VIAGEM,AV BOA VIAGEM, ,550.0,SUBURBIO,COLISÃO,1.0,1.0,1.0,1.0,1.0,1.0,1.0,1.0,1.0,0.0,1.0,Longo da via,Chuvoso,Não existe,Perfeito estado,Molhada,Perfeito estado,Não há placas,60 km/h,Única," , AV BOA VIAGEM, Recife, Pernambuco, Brasil",-8.0906381,-34.8817684
5773,2019-07-03 22:32:00,SEM VÍTIMA,BOA VIAGEM,AV FERNANDO SIMOES BARBOSA,602,332.0,SUBURBIO,ABALROAMENTO LONGITUDINAL,1.0,1.0,1.0,1.0,1.0,1.0,1.0,1.0,1.0,0.0,1.0,Longo da via,Chuvoso,Sem defeito,Perfeito estado,Seca,Perfeito estado,Não há placas,60 km/h,Dupla,"602, AV FERNANDO SIMOES BARBOSA, Recife, Pernambuco, Brasil",-8.1229767,-34.9017922
5774,2019-07-03 23:00:00,COM VÍTIMA,BOA VIAGEM,AV DOM JOAO VI, ,332.0,SUBURBIO,COLISÃO FRONTAL,1.0,1.0,1.0,1.0,1.0,1.0,1.0,1.0,1.0,3.0,1.0,Longo da via,Bom,Não existe,Perfeito estado,Seca,Perfeito estado,Não há placas,60 km/h,Única," , AV DOM JOAO VI, Recife, Pernambuco, Brasil",-8.1181195,-34.9061879
5775,2019-07-04 07:12:00,SEM VÍTIMA,BOA VIAGEM,RUA BARAO DE SOUZA LEAO,1544,332.0,SUBURBIO,COLISÃO TRASEIRA,1.0,1.0,1.0,1.0,1.0,1.0,1.0,1.0,1.0,0.0,1.0,Longo da via,Bom,Não existe,Perfeito estado,Seca,Perfeito estado,Não há placas,60 km/h,Única,"1544, RUA BARAO DE SOUZA LEAO, Recife, Pernambuco, Brasil",-8.1325839,-34.914039
10036,2019-11-09 10:37:00,SEM VÍTIMA,BOA VIAGEM,RUA PROFESSOR JULIO FERREIRA DE MELO,858,332.0,SUBURBIO,COLISÃO TRASEIRA,2.0,1.0,1.0,1.0,1.0,1.0,1.0,1.0,1.0,0.0,1.0,Longo da via,Bom,Não existe,Perfeito estado,Seca,Perfeito estado,R-6a,60 km/h,Única,"858, RUA PROFESSOR JULIO FERREIRA DE MELO, Recife, Pernambuco, Brasil",-8.1199921,-34.9003859
3501,2019-04-21 08:57:00,SEM VÍTIMA,BOA VIAGEM,RUA PADRE CARAPUCEIRO,968,332.0,SUBURBIO,COLISÃO,2.0,1.0,1.0,1.0,1.0,1.0,1.0,1.0,1.0,0.0,1.0,Longo da via,Bom,Não existe,Perfeito estado,Seca,Perfeito estado,R-6a,60 km/h,Única,"968, RUA PADRE CARAPUCEIRO, Recife, Pernambuco, Brasil",-8.115890400000001,-34.903489203110354
10038,2019-11-09 12:04:00,SEM VÍTIMA,BOA VIAGEM,AV FERNANDO SIMOES BARBOSA,348,332.0,SUBURBIO,ABALROAMENTO TRANSVERSAL,2.0,1.0,1.0,1.0,1.0,1.0,1.0,1.0,1.0,0.0,1.0,Longo da via,Bom,Não existe,Perfeito estado,Seca,Perfeito estado,R-6a,60 km/h,Única,"348, AV FERNANDO SIMOES BARBOSA, Recife, Pernambuco, Brasil",-8.1204671,-34.9016892
10039,2019-11-09 12:13:00,SEM VÍTIMA,BOA VIAGEM,AV BOA VIAGEM,4988,332.0,CIDADE,ABALROAMENTO LONGITUDINAL,1.0,1.0,1.0,1.0,1.0,1.0,1.0,1.0,1.0,0.0,1.0,Longo da via,Bom,Não existe,Perfeito estado,Seca,Perfeito estado,R-6a,60 km/h,Única,"4988, AV BOA VIAGEM, Recife, Pernambuco, Brasil",-8.1072276,-34.8878628
5782,2019-07-04 09:23:00,SEM VÍTIMA,BOA VIAGEM,AV CONSELHEIRO AGUIAR,1896,332.0,SUBURBIO,COLISÃO TRASEIRA,1.0,1.0,1.0,1.0,1.0,1.0,1.0,1.0,1.0,0.0,1.0,Longo da via,Bom,Não existe,Perfeito estado,Seca,Perfeito estado,R-6a,60 km/h,Única,"1896, AV CONSELHEIRO AGUIAR, Recife, Pernambuco, Brasil",-8.1065471,-34.8894908
8239,2019-09-21 08:11:00,SEM VÍTIMA,BOA VIAGEM,AV DOM JOAO VI, ,592.0,CIDADE,COLISÃO,2.0,1.0,1.0,1.0,1.0,1.0,1.0,1.0,1.0,0.0,1.0,Longo da via,Bom,Não existe,Perfeito estado,Seca,Perfeito estado,R-6a,60 km/h,Única," , AV DOM JOAO VI, Recife, Pernambuco, Brasil",-8.1181195,-34.9061879
7807,2019-09-09 14:53:00,SEM VÍTIMA,BOA VIAGEM,RUA JOSE HIPOLITO CARDOSO,255,592.0,CIDADE,COLISÃO,1.0,1.0,1.0,1.0,1.0,1.0,1.0,1.0,1.0,0.0,1.0,Longo da via,Bom,Não existe,Perfeito estado,Seca,Perfeito estado,R-6a,60 km/h,Única,"255, RUA JOSE HIPOLITO CARDOSO, Recife, Pernambuco, Brasil",-8.1393128,-34.9084461
5769,2019-07-03 19:54:00,SEM VÍTIMA,BOA VIAGEM,RUA SIMAO BORBA,20,592.0,CIDADE,ENGAVETAMENTO,4.0,1.0,1.0,1.0,1.0,1.0,1.0,1.0,1.0,0.0,1.0,Longo da via,Bom,Não existe,Perfeito estado,Seca,Perfeito estado,R-6a,60 km/h,Única,"20, RUA SIMAO BORBA, Recife, Pernambuco, Brasil",-8.0965638,-34.9242873
10001,2019-11-08 14:57:00,SEM VÍTIMA,BOA VIAGEM,AV CONSELHEIRO AGUIAR, ,592.0,SUBURBIO,ABALROAMENTO LONGITUDINAL,2.0,1.0,1.0,1.0,1.0,1.0,1.0,1.0,1.0,0.0,1.0,Cruzamento,Bom,Não existe,Perfeito estado,Seca,Perfeito estado,Não há placas,60 km/h,Única," , AV CONSELHEIRO AGUIAR, Recife, Pernambuco, Brasil",-8.1017679,-34.8870824
5745,2019-07-02 18:09:00,SEM VÍTIMA,BOA VIAGEM,AV ENGENHEIRO DOMINGOS FERREIRA, ,200.0,SUBURBIO,COLISÃO TRASEIRA,3.0,1.0,1.0,1.0,1.0,1.0,1.0,1.0,1.0,0.0,1.0,Longo da via,Bom,Sem defeito,Perfeito estado,Seca,Perfeito estado,Não há placas,60 km/h,Única," , AV ENGENHEIRO DOMINGOS FERREIRA, Recife, Pernambuco, Brasil",-8.1155752,-34.8954699
9990,2019-11-08 11:18:00,SEM VÍTIMA,BOA VIAGEM,RUA ANTONIO FALCAO,805,200.0,SUBURBIO,ABALROAMENTO LONGITUDINAL,1.0,1.0,1.0,1.0,1.0,1.0,1.0,1.0,1.0,0.0,1.0,Longo da via,Bom,Não existe,Perfeito estado,Seca,Perfeito estado,Não há placas,60 km/h,Única,"805, RUA ANTONIO FALCAO, Recife, Pernambuco, Brasil",-8.1137821,-34.8996916
3616,2019-04-25 08:26:00,SEM VÍTIMA,BOA VIAGEM,RUA DOM JOSE LOPES,871,200.0,SUBURBIO,ABALROAMENTO TRANSVERSAL,2.0,1.0,1.0,1.0,1.0,1.0,1.0,1.0,1.0,0.0,1.0,Cruzamento,Bom,Não existe,Perfeito estado,Seca,Perfeito estado,Placas Pare,40 km/h,Única,"871, RUA DOM JOSE LOPES, Recife, Pernambuco, Brasil",-8.1271224,-34.9067411
5719,2019-07-02 08:33:00,COM VÍTIMA,BOA VIAGEM,RUA JACK AYRES,198,200.0,SUBURBIO,ABALROAMENTO LONGITUDINAL,1.0,1.0,1.0,1.0,1.0,1.0,1.0,1.0,1.0,1.0,1.0,Cruzamento,Bom,Não existe,Perfeito estado,Seca,Perfeito estado,Placas Pare,40 km/h,Única,"198, RUA JACK AYRES, Recife, Pernambuco, Brasil",-8.1196695,-34.900061
6601,2019-08-02 08:12:00,SEM VÍTIMA,BOA VIAGEM,AV CONSELHEIRO AGUIAR,1851,200.0,CIDADE,ABALROAMENTO LONGITUDINAL,2.0,1.0,1.0,1.0,1.0,1.0,1.0,1.0,1.0,0.0,1.0,Longo da via,Bom,Sem defeito,Perfeito estado,Seca,Perfeito estado,Outras,60 km/h,Única,"1851, AV CONSELHEIRO AGUIAR, Recife, Pernambuco, Brasil",-8.1064486,-34.8890321
5723,2019-07-02 09:59:00,SEM VÍTIMA,BOA VIAGEM,RUA CORONEL ANIZIO RODRIGUES COELHO, ,200.0,CIDADE,COLISÃO,2.0,1.0,1.0,1.0,1.0,1.0,1.0,1.0,1.0,0.0,1.0,Longo da via,Bom,Sem defeito,Perfeito estado,Seca,Perfeito estado,Outras,60 km/h,Única," , RUA CORONEL ANIZIO RODRIGUES COELHO, Recife, Pernambuco, Brasil",-8.1269288,-34.9068801
8195,2019-09-19 21:03:00,SEM VÍTIMA,BOA VIAGEM,AV BOA VIAGEM,3114,200.0,CIDADE,COLISÃO,2.0,1.0,1.0,1.0,1.0,1.0,1.0,1.0,1.0,0.0,1.0,Longo da via,Bom,Sem defeito,Perfeito estado,Seca,Perfeito estado,Outras,60 km/h,Única,"3114, AV BOA VIAGEM, Recife, Pernambuco, Brasil",-8.1171767,-34.89362794658342
3607,2019-04-24 17:49:00,SEM VÍTIMA,BOA VIAGEM,RUA ERNESTO DE PAULA SANTOS, ,200.0,CIDADE,ABALROAMENTO TRANSVERSAL,2.0,1.0,1.0,1.0,1.0,1.0,1.0,1.0,1.0,0.0,1.0,Cruzamento,Bom,Não existe,Perfeito estado,Seca,Perfeito estado,Não há placas,60 km/h,Única," , RUA ERNESTO DE PAULA SANTOS, Recife, Pernambuco, Brasil",-8.1250569,-34.8982175
8196,2019-09-19 23:46:00,COM VÍTIMA,BOA VIAGEM,RUA BARAO DE SOUZA LEAO,451,200.0,SUBURBIO,ATROPELAMENTO,1.0,1.0,1.0,1.0,1.0,1.0,1.0,1.0,1.0,1.0,1.0,Longo da via,Bom,Sem defeito,Perfeito estado,Seca,Perfeito estado,Não há placas,60 km/h,Única,"451, RUA BARAO DE SOUZA LEAO, Recife, Pernambuco, Brasil",-8.1317132,-34.9043135
9973,2019-11-08 04:56:00,COM VÍTIMA,BOA VIAGEM,RUA DEZ DE JULHO, ,573.0,CIDADE,ABALROAMENTO TRANSVERSAL,2.0,1.0,1.0,1.0,1.0,1.0,1.0,1.0,1.0,1.0,1.0,Cruzamento,Bom,Sem defeito,Perfeito estado,Seca,Perfeito estado,R-4a,60 km/h,Única," , RUA DEZ DE JULHO, Recife, Pernambuco, Brasil",-8.1347718,-34.9135475
3600,2019-04-24 15:30:00,SEM VÍTIMA,BOA VIAGEM,RUA CARLOS PEREIRA FALCAO,121,573.0,CIDADE,ABALROAMENTO TRANSVERSAL,2.0,1.0,1.0,1.0,1.0,1.0,1.0,1.0,1.0,0.0,1.0,Longo da via,Chuvoso,Não existe,Incompleta,Molhada,Mal iluminada,Outras,60 km/h,Dupla,"121, RUA CARLOS PEREIRA FALCAO, Recife, Pernambuco, Brasil",-8.1263243,-34.8992614
3598,2019-04-24 13:01:00,SEM VÍTIMA,BOA VIAGEM,AV ENGENHEIRO DOMINGOS FERREIRA,2160,573.0,SUBURBIO,ABALROAMENTO TRANSVERSAL,1.0,1.0,1.0,1.0,1.0,1.0,1.0,1.0,1.0,0.0,1.0,Longo da via,Bom,Sem defeito,Perfeito estado,Seca,Perfeito estado,Outras,60 km/h,Única,"2160, AV ENGENHEIRO DOMINGOS FERREIRA, Recife, Pernambuco, Brasil",-8.1084127,-34.8914537
9975,2019-11-08 06:41:00,COM VÍTIMA,BOA VIAGEM,RUA COSMORAMA,580,441.0,CIDADE,ABALROAMENTO TRANSVERSAL,1.0,1.0,1.0,1.0,1.0,1.0,1.0,1.0,1.0,1.0,1.0,Cruzamento,Bom,Sem defeito,Perfeito estado,Seca,Perfeito estado,Não há placas,60 km/h,Dupla,"580, RUA COSMORAMA, Recife, Pernambuco, Brasil",-8.1402156,-34.9107984
3596,2019-04-24 12:30:00,SEM VÍTIMA,BOA VIAGEM,AV CONSELHEIRO AGUIAR,1632,5.0,SUBURBIO,COLISÃO TRASEIRA,2.0,1.0,1.0,1.0,1.0,1.0,1.0,1.0,1.0,0.0,1.0,Cruzamento,Bom,Sem defeito,Perfeito estado,Seca,Perfeito estado,Outras,60 km/h,Única,"1632, AV CONSELHEIRO AGUIAR, Recife, Pernambuco, Brasil",-8.1141184,-34.8933999
7215,2019-08-20 20:37:00,SEM VÍTIMA,BOA VIAGEM,RUA PROFESSOR JOAO MEDEIROS, ,183.0,CIDADE,COLISÃO COM CICLISTA,1.0,1.0,1.0,1.0,1.0,1.0,1.0,1.0,1.0,0.0,1.0,Cruzamento,Bom,Sem defeito,Perfeito estado,Seca,Perfeito estado,Outras,60 km/h,Única," , RUA PROFESSOR JOAO MEDEIROS, Recife, Pernambuco, Brasil",-8.1141184,-34.8933999
5727,2019-07-02 12:45:00,SEM VÍTIMA,BOA VIAGEM,AV CONSELHEIRO AGUIAR,3595,183.0,PINA,COLISÃO,2.0,1.0,1.0,1.0,1.0,1.0,1.0,1.0,1.0,0.0,1.0,Cruzamento,Bom,Sem defeito,Perfeito estado,Seca,Perfeito estado,Outras,60 km/h,Única,"3595, AV CONSELHEIRO AGUIAR, Recife, Pernambuco, Brasil",-8.12006115,-34.89649379043994
5731,2019-07-02 15:03:00,SEM VÍTIMA,BOA VIAGEM,RUA FRANCISCO DA CUNHA,654,183.0,PINA,ABALROAMENTO TRANSVERSAL,2.0,1.0,1.0,1.0,1.0,1.0,1.0,1.0,1.0,0.0,1.0,Cruzamento,Bom,Não existe,Perfeito estado,Seca,Perfeito estado,Placas Pare,60 km/h,Única,"654, RUA FRANCISCO DA CUNHA, Recife, Pernambuco, Brasil",-8.113584,-34.8960913
3585,2019-04-24 04:13:00,SEM VÍTIMA,BOA VIAGEM,AV CONSELHEIRO AGUIAR,244,138.0,CIDADE,CHOQUE OBJETO FIXO,1.0,1.0,1.0,1.0,1.0,1.0,1.0,1.0,1.0,0.0,1.0,Cruzamento,Bom,Sem defeito,Perfeito estado,Seca,Perfeito estado,Placas Pare,60 km/h,Única,"244, AV CONSELHEIRO AGUIAR, Recife, Pernambuco, Brasil",-8.1141184,-34.8933999
5734,2019-07-02 15:37:00,SEM VÍTIMA,BOA VIAGEM,RUA LUIZ PIMENTEL,269,138.0,CIDADE,COLISÃO,2.0,1.0,1.0,1.0,1.0,1.0,1.0,1.0,1.0,0.0,1.0,Cruzamento,Bom,Sem defeito,Perfeito estado,Seca,Perfeito estado,Placas Pare,60 km/h,Única,"269, RUA LUIZ PIMENTEL, Recife, Pernambuco, Brasil",-8.1376681,-34.907185
5735,2019-07-02 15:51:00,SEM VÍTIMA,BOA VIAGEM,RUA DEZ DE JULHO, ,138.0,CIDADE,ABALROAMENTO TRANSVERSAL,2.0,1.0,1.0,1.0,1.0,1.0,1.0,1.0,1.0,0.0,1.0,Cruzamento,Bom,Não existe,Perfeito estado,Seca,Perfeito estado,Não há placas,40 km/h,Única," , RUA DEZ DE JULHO, Recife, Pernambuco, Brasil",-8.1347718,-34.9135475
3579,2019-04-23 19:22:00,COM VÍTIMA,BOA VIAGEM,AV ENGENHEIRO DOMINGOS FERREIRA,1360,303.0,SUBURBIO,COLISÃO TRASEIRA,1.0,1.0,1.0,1.0,1.0,1.0,1.0,1.0,1.0,2.0,1.0,Longo da via,Chuvoso,Sem defeito,Perfeito estado,Molhada,Perfeito estado,Não há placas,60 km/h,Única,"1360, AV ENGENHEIRO DOMINGOS FERREIRA, Recife, Pernambuco, Brasil",-8.118197,-34.8970498
3577,2019-04-23 18:38:00,SEM VÍTIMA,BOA VIAGEM,AVENIDA CELSO FURTADO (VIA MANGUE), ,303.0,SUBURBIO,COLISÃO,3.0,1.0,1.0,1.0,1.0,1.0,1.0,1.0,1.0,0.0,1.0,Longo da via,Chuvoso,Sem defeito,Perfeito estado,Molhada,Perfeito estado,Não há placas,60 km/h,Única," , AVENIDA CELSO FURTADO (VIA MANGUE), Recife, Pernambuco, Brasil",-8.118197,-34.8970498