,data_hora,natureza_acidente,bairro,endereco,numero,num_semaforo,sentido_via,tipo,auto,moto,ciclom,ciclista,pedestre,onibus,caminhao,viatura,outros,vitimas,vitimasfatais,acidente_verificado,tempo_clima,situacao_semaforo,sinalizacao,condicao_via,conservacao_via,situacao_placa,velocidade_max_via,mao_direcao,end,latitude,longitude
7839,2019-09-10 10:30:00,SEM VÍTIMA,BOA VIAGEM,RUA VISCONDE DE JEQUITINHONHA,1656,303.0,SUBURBIO,COLISÃO TRASEIRA,2.0,1.0,1.0,1.0,1.0,1.0,1.0,1.0,1.0,0.0,1.0,Longo da via,Bom,Não existe,Perfeito estado,Seca,Perfeito estado,Outras,60 km/h,Única,"1656, RUA VISCONDE DE JEQUITINHONHA, Recife, Pernambuco, Brasil",-8.1358949,-34.9038632
7221,2019-08-21 07:27:00,SEM VÍTIMA,BOA VIAGEM,AV MARECHAL JUAREZ TAVORA, ,303.0,SUBURBIO,COLISÃO,2.0,1.0,1.0,1.0,1.0,1.0,1.0,1.0,1.0,0.0,1.0,Longo da via,Bom,Não existe,Perfeito estado,Seca,Perfeito estado,Outras,60 km/h,Única," , AV MARECHAL JUAREZ TAVORA, Recife, Pernambuco, Brasil",-8.139106,-34.9086925
5739,2019-07-02 17:12:00,SEM VÍTIMA,BOA VIAGEM,AV DOM JOAO VI, ,543.0,CIDADE,ABALROAMENTO LONGITUDINAL,1.0,1.0,1.0,1.0,1.0,1.0,1.0,1.0,1.0,0.0,1.0,Longo da via,Bom,Sem defeito,Perfeito estado,Seca,Perfeito estado,Não há placas,60 km/h,Dupla," , AV DOM JOAO VI, Recife, Pernambuco, Brasil",-8.1181195,-34.9061879
3568,2019-04-23 16:05:00,SEM VÍTIMA,BOA VIAGEM,AV CONSELHEIRO AGUIAR,2770,543.0,CIDADE,COLISÃO,1.0,1.0,1.0,1.0,1.0,1.0,1.0,1.0,1.0,0.0,1.0,Longo da via,Bom,Sem defeito,Perfeito estado,Seca,Perfeito estado,Não há placas,60 km/h,Dupla,"2770, AV CONSELHEIRO AGUIAR, Recife, Pernambuco, Brasil",-8.1134027,-34.8932346
8710,2019-10-04 15:38:00,SEM VÍTIMA,BOA VIAGEM,RUA CAPITAO ZUZINHA, ,543.0,CIDADE,ABALROAMENTO LONGITUDINAL,1.0,1.0,1.0,1.0,1.0,1.0,1.0,1.0,1.0,0.0,1.0,Longo da via,Bom,Sem defeito,Perfeito estado,Seca,Perfeito estado,Não há placas,60 km/h,Única," , RUA CAPITAO ZUZINHA, Recife, Pernambuco, Brasil",-8.1339194,-34.9047854
9988,2019-11-08 10:08:00,SEM VÍTIMA,BOA VIAGEM,RUA PROFESSOR MARIO CASTRO,5526,543.0,CIDADE,COLISÃO TRASEIRA,3.0,1.0,1.0,1.0,1.0,1.0,1.0,1.0,1.0,0.0,1.0,Longo da via,Bom,Sem defeito,Perfeito estado,Seca,Perfeito estado,Não há placas,60 km/h,Única,"5526, RUA PROFESSOR MARIO CASTRO, Recife, Pernambuco, Brasil",-8.1360119,-34.9050009
5742,2019-07-02 17:23:00,SEM VÍTIMA,BOA VIAGEM,AV DOM JOAO VI, ,543.0,CIDADE,COLISÃO,1.0,1.0,1.0,1.0,1.0,1.0,1.0,1.0,1.0,0.0,1.0,Longo da via,Bom,Sem defeito,Perfeito estado,Seca,Perfeito estado,Não há placas,60 km/h,Única," , AV DOM JOAO VI, Recife, Pernambuco, Brasil",-8.1181195,-34.9061879
6587,2019-08-01 17:22:00,SEM VÍTIMA,BOA VIAGEM,RUA DEZ DE JULHO,425,543.0,CIDADE,COLISÃO,2.0,1.0,1.0,1.0,1.0,1.0,1.0,1.0,1.0,0.0,1.0,Longo da via,Bom,Sem defeito,Perfeito estado,Seca,Perfeito estado,Não há placas,60 km/h,Única,"425, RUA DEZ DE JULHO, Recife, Pernambuco, Brasil",-8.1354087,-34.9101047
3563,2019-04-23 13:31:00,SEM VÍTIMA,BOA VIAGEM,RUA VISCONDE DE JEQUITINHONHA,1418,543.0,CIDADE,COLISÃO,2.0,1.0,1.0,1.0,1.0,1.0,1.0,1.0,1.0,0.0,1.0,Longo da via,Bom,Sem defeito,Perfeito estado,Seca,Perfeito estado,Não há placas,60 km/h,Única,"1418, RUA VISCONDE DE JEQUITINHONHA, Recife, Pernambuco, Brasil",-8.1339234,-34.903222
6539,2019-07-31 15:27:00,SEM VÍTIMA,BOA VIAGEM,AV CONSELHEIRO AGUIAR,1415,543.0,SUBURBIO,ABALROAMENTO TRANSVERSAL,1.0,1.0,1.0,1.0,1.0,1.0,1.0,1.0,1.0,0.0,1.0,Longo da via,Bom,Sem defeito,Perfeito estado,Seca,Perfeito estado,Não há placas,60 km/h,Única,"1415, AV CONSELHEIRO AGUIAR, Recife, Pernambuco, Brasil",-8.1030245,-34.8874303
3316,2019-04-15 07:02:00,SEM VÍTIMA,BOA VIAGEM,RUA PROF AURELIO DE CASTRO CAVALCANTI,615,543.0,SUBURBIO,ABALROAMENTO LONGITUDINAL,1.0,1.0,1.0,1.0,1.0,1.0,1.0,1.0,1.0,0.0,1.0,Cruzamento,Bom,Não existe,Perfeito estado,Seca,Perfeito estado,Não há placas,40 km/h,Dupla,"615, RUA PROF AURELIO DE CASTRO CAVALCANTI, Recife, Pernambuco, Brasil",-8.1397852,-34.9167024
7804,2019-09-09 12:53:00,SEM VÍTIMA,BOA VIAGEM,RUA BARAO DE SOUZA LEAO, ,543.0,SUBURBIO,COLISÃO,2.0,1.0,1.0,1.0,1.0,1.0,1.0,1.0,1.0,0.0,1.0,Cruzamento,Bom,Não existe,Perfeito estado,Seca,Perfeito estado,Não há placas,40 km/h,Dupla," , RUA BARAO DE SOUZA LEAO, Recife, Pernambuco, Brasil",-8.1325905,-34.9149303
5785,2019-07-04 10:24:00,SEM VÍTIMA,BOA VIAGEM,AV CONSELHEIRO AGUIAR, ,2.0,CIDADE,COLISÃO TRASEIRA,2.0,1.0,1.0,1.0,1.0,1.0,1.0,1.0,1.0,0.0,1.0,Longo da via,Bom,Sem defeito,Perfeito estado,Seca,Perfeito estado,R-6a,60 km/h,Única," , AV CONSELHEIRO AGUIAR, Recife, Pernambuco, Brasil",-8.1017679,-34.8870824
10091,2019-11-11 08:38:00,SEM VÍTIMA,BOA VIAGEM,RUA CAPITAO ZUZINHA,351,2.0,CIDADE,ABALROAMENTO LONGITUDINAL,1.0,1.0,1.0,1.0,1.0,1.0,1.0,1.0,1.0,0.0,1.0,Longo da via,Bom,Não existe,Perfeito estado,Seca,Perfeito estado,Outras,60 km/h,Única,"351, RUA CAPITAO ZUZINHA, Recife, Pernambuco, Brasil",-8.1346426,-34.9057206
7277,2019-08-22 16:10:00,SEM VÍTIMA,BOA VIAGEM,AV DES JOSE NEVES, ,2.0,SUBURBIO,COLISÃO TRASEIRA,2.0,1.0,1.0,1.0,1.0,1.0,1.0,1.0,1.0,0.0,1.0,Longo da via,Bom,Não existe,Perfeito estado,Seca,Perfeito estado,Não há placas,60 km/h,Única," , AV DES JOSE NEVES, Recife, Pernambuco, Brasil",-8.142685,-34.9180258
3052,2019-04-07 08:05:00,SEM VÍTIMA,BOA VIAGEM,RUA WALDEMAR NERY CARNEIRO MONTEIRO, ,2.0,CIDADE,ABALROAMENTO TRANSVERSAL,2.0,1.0,1.0,1.0,1.0,1.0,1.0,1.0,1.0,0.0,1.0,Cruzamento,Bom,Não existe,Não existente,Seca,Perfeito estado,R-6a,60 km/h,Dupla," , RUA WALDEMAR NERY CARNEIRO MONTEIRO, Recife, Pernambuco, Brasil",-8.1356903,-34.9119572
3395,2019-04-16 19:06:00,SEM VÍTIMA,BOA VIAGEM,RUA ERNESTO DE PAULA SANTOS, ,330.0,SUBURBIO,COLISÃO TRASEIRA,2.0,1.0,1.0,1.0,1.0,1.0,1.0,1.0,1.0,0.0,1.0,Cruzamento,Bom,Sem defeito,Perfeito estado,Seca,Perfeito estado,Não há placas,60 km/h,Única," , RUA ERNESTO DE PAULA SANTOS, Recife, Pernambuco, Brasil",-8.1250569,-34.8982175
6518,2019-07-30 20:14:00,SEM VÍTIMA,BOA VIAGEM,AV FERNANDO SIMOES BARBOSA, ,330.0,SUBURBIO,COLISÃO,2.0,1.0,1.0,1.0,1.0,1.0,1.0,1.0,1.0,0.0,1.0,Cruzamento,Bom,Sem defeito,Perfeito estado,Seca,Perfeito estado,Não há placas,60 km/h,Única," , AV FERNANDO SIMOES BARBOSA, Recife, Pernambuco, Brasil",-8.124269,-34.9016293
3394,2019-04-16 19:04:00,SEM VÍTIMA,BOA VIAGEM,RUA ERNESTO DE PAULA SANTOS,1368,330.0,SUBURBIO,COLISÃO,2.0,1.0,1.0,1.0,1.0,1.0,1.0,1.0,1.0,0.0,1.0,Cruzamento,Bom,Sem defeito,Perfeito estado,Seca,Perfeito estado,Não há placas,60 km/h,Única,"1368, RUA ERNESTO DE PAULA SANTOS, Recife, Pernambuco, Brasil",-8.1240653,-34.9075916
5845,2019-07-05 23:23:00,SEM VÍTIMA,BOA VIAGEM,RUA DR VICENTE GOMES, ,60.0,CIDADE,ABALROAMENTO LONGITUDINAL,1.0,1.0,1.0,1.0,1.0,1.0,1.0,1.0,1.0,0.0,1.0,Cruzamento,Bom,Sem defeito,Perfeito estado,Seca,Perfeito estado,Outras,60 km/h,Única," , RUA DR VICENTE GOMES, Recife, Pernambuco, Brasil",-8.1240653,-34.9075916
7791,2019-09-09 09:03:00,SEM VÍTIMA,BOA VIAGEM,RUA PROFESSOR AUGUSTO LINS E SILVA,187,60.0,CIDADE,ABALROAMENTO LONGITUDINAL,2.0,1.0,1.0,1.0,1.0,1.0,1.0,1.0,1.0,0.0,1.0,Cruzamento,Bom,Não existe,Perfeito estado,Seca,Perfeito estado,Placas Pare,60 km/h,Dupla,"187, RUA PROFESSOR AUGUSTO LINS E SILVA, Recife, Pernambuco, Brasil",-8.1377823,-34.904714
8635,2019-10-02 19:21:00,COM VÍTIMA,BOA VIAGEM,RUA ERNESTO DE PAULA SANTOS, ,60.0,SUBURBIO,ABALROAMENTO TRANSVERSAL,1.0,1.0,1.0,1.0,1.0,1.0,1.0,1.0,1.0,1.0,1.0,Cruzamento,Bom,Não existe,Ilegível,Seca,Perfeito estado,R-6a,60 km/h,Única," , RUA ERNESTO DE PAULA SANTOS, Recife, Pernambuco, Brasil",-8.1250569,-34.8982175
3391,2019-04-16 18:27:00,SEM VÍTIMA,BOA VIAGEM,RUA JOSE MOREIRA LEAL,202,60.0,SUBURBIO,CHOQUE VEÍCULO PARADO,3.0,1.0,1.0,1.0,1.0,1.0,1.0,1.0,1.0,0.0,1.0,Longo da via,Bom,Não existe,Incompleta,Seca,Perfeito estado,Não há placas,60 km/h,Dupla,"202, RUA JOSE MOREIRA LEAL, Recife, Pernambuco, Brasil",-8.1349882,-34.9053315
10096,2019-11-11 09:31:00,SEM VÍTIMA,BOA VIAGEM,RUA CAPITAO ZUZINHA,22,433.0,SUBURBIO,ABALROAMENTO LONGITUDINAL,1.0,1.0,1.0,1.0,1.0,1.0,1.0,1.0,1.0,0.0,1.0,Cruzamento,Bom,Sem defeito,Perfeito estado,Seca,Perfeito estado,Não há placas,60 km/h,Única,"22, RUA CAPITAO ZUZINHA, Recife, Pernambuco, Brasil",-8.1329827,-34.9031208
3381,2019-04-16 15:51:00,SEM VÍTIMA,BOA VIAGEM,AV BOA VIAGEM,3984,433.0,SUBURBIO,COLISÃO,2.0,1.0,1.0,1.0,1.0,1.0,1.0,1.0,1.0,0.0,1.0,Cruzamento,Bom,Sem defeito,Perfeito estado,Seca,Perfeito estado,Não há placas,60 km/h,Única,"3984, AV BOA VIAGEM, Recife, Pernambuco, Brasil",-8.124301,-34.8972657
10100,2019-11-11 11:02:00,SEM VÍTIMA,BOA VIAGEM,RUA RIBEIRO DE BRITO,1326,433.0,SUBURBIO,ABALROAMENTO TRANSVERSAL,2.0,1.0,1.0,1.0,1.0,1.0,1.0,1.0,1.0,0.0,1.0,Cruzamento,Bom,Não existe,Não existente,Seca,Perfeito estado,Não há placas,60 km/h,Única,"1326, RUA RIBEIRO DE BRITO, Recife, Pernambuco, Brasil",-8.1229545,-34.9045403
6520,2019-07-30 20:58:00,SEM VÍTIMA,BOA VIAGEM,AV CONSELHEIRO AGUIAR, ,433.0,SUBURBIO,COLISÃO TRASEIRA,2.0,1.0,1.0,1.0,1.0,1.0,1.0,1.0,1.0,0.0,1.0,Longo da via,Chuvoso,Não existe,Perfeito estado,Molhada,Perfeito estado,R-6a,60 km/h,Única," , AV CONSELHEIRO AGUIAR, Recife, Pernambuco, Brasil",-8.1017679,-34.8870824
3374,2019-04-16 11:52:00,SEM VÍTIMA,BOA VIAGEM,AV ENGENHEIRO DOMINGOS FERREIRA, ,433.0,SUBURBIO,COLISÃO TRASEIRA,3.0,1.0,1.0,1.0,1.0,1.0,1.0,1.0,1.0,0.0,1.0,Longo da via,Bom,Não existe,Perfeito estado,Seca,Perfeito estado,Não há placas,60 km/h,Única," , AV ENGENHEIRO DOMINGOS FERREIRA, Recife, Pernambuco, Brasil",-8.1155752,-34.8954699
3369,2019-04-16 09:59:00,SEM VÍTIMA,BOA VIAGEM,AV DES JOSE NEVES, ,567.0,CIDADE,ABALROAMENTO LONGITUDINAL,2.0,1.0,1.0,1.0,1.0,1.0,1.0,1.0,1.0,0.0,1.0,Longo da via,Bom,Sem defeito,Perfeito estado,Seca,Perfeito estado,Não há placas,60 km/h,Única," , AV DES JOSE NEVES, Recife, Pernambuco, Brasil",-8.142685,-34.9180258
10110,2019-11-11 13:59:00,SEM VÍTIMA,BOA VIAGEM,AV ENGENHEIRO DOMINGOS FERREIRA, ,567.0,CIDADE,COLISÃO,2.0,1.0,1.0,1.0,1.0,1.0,1.0,1.0,1.0,0.0,1.0,Longo da via,Bom,Sem defeito,Perfeito estado,Seca,Perfeito estado,Não há placas,60 km/h,Única," , AV ENGENHEIRO DOMINGOS FERREIRA, Recife, Pernambuco, Brasil",-8.1155752,-34.8954699
7786,2019-09-09 01:37:00,SEM VÍTIMA,BOA VIAGEM,AV DES JOSE NEVES,1037,567.0,CIDADE,CHOQUE VEÍCULO PARADO,1.0,1.0,1.0,1.0,1.0,1.0,1.0,1.0,1.0,0.0,1.0,Longo da via,Bom,Não existe,Perfeito estado,Seca,Perfeito estado,R-6a,50 km/h,Dupla,"1037, AV DES JOSE NEVES, Recife, Pernambuco, Brasil",-8.1216967,-34.9144343
3358,2019-04-16 07:39:00,COM VÍTIMA,BOA VIAGEM,AV ENGENHEIRO DOMINGOS FERREIRA,3067,567.0,CIDADE,ATROPELAMENTO,2.0,1.0,1.0,1.0,1.0,1.0,1.0,1.0,1.0,1.0,1.0,Longo da via,Bom,Não existe,Perfeito estado,Seca,Perfeito estado,R-6a,50 km/h,Dupla,"3067, AV ENGENHEIRO DOMINGOS FERREIRA, Recife, Pernambuco, Brasil",-8.1160581,-34.8953955
3355,2019-04-16 06:31:00,COM VÍTIMA,BOA VIAGEM,RUA RIBEIRO DE BRITO,1034,567.0,SUBURBIO,COLISÃO TRASEIRA,1.0,1.0,1.0,1.0,1.0,1.0,1.0,1.0,1.0,1.0,1.0,Longo da via,Bom,Não existe,Perfeito estado,Seca,Perfeito estado,Não há placas,50 km/h,Única,"1034, RUA RIBEIRO DE BRITO, Recife, Pernambuco, Brasil",-8.1228517,-34.9061621
10116,2019-11-11 15:53:00,SEM VÍTIMA,BOA VIAGEM,AV FERNANDO SIMOES BARBOSA, ,335.0,SUBURBIO,ABALROAMENTO LONGITUDINAL,2.0,1.0,1.0,1.0,1.0,1.0,1.0,1.0,1.0,0.0,1.0,Longo da via,Bom,Sem defeito,Perfeito estado,Seca,Perfeito estado,Outras,60 km/h,Única," , AV FERNANDO SIMOES BARBOSA, Recife, Pernambuco, Brasil",-8.124269,-34.9016293
3346,2019-04-15 17:34:00,SEM VÍTIMA,BOA VIAGEM,AV CONSELHEIRO AGUIAR,2620,335.0,SUBURBIO,ABALROAMENTO LONGITUDINAL,2.0,1.0,1.0,1.0,1.0,1.0,1.0,1.0,1.0,0.0,1.0,Longo da via,Bom,Não existe,Perfeito estado,Seca,Perfeito estado,R-6a,60 km/h,Única,"2620, AV CONSELHEIRO AGUIAR, Recife, Pernambuco, Brasil",-8.1123526,-34.8925757
8254,2019-09-21 13:28:00,SEM VÍTIMA,BOA VIAGEM,RUA RIBEIRO DE BRITO,1250,335.0,SUBURBIO,ABALROAMENTO LONGITUDINAL,2.0,1.0,1.0,1.0,1.0,1.0,1.0,1.0,1.0,0.0,1.0,Longo da via,Bom,Não existe,Perfeito estado,Seca,Perfeito estado,R-6b,60 km/h,Única,"1250, RUA RIBEIRO DE BRITO, Recife, Pernambuco, Brasil",-8.1229545,-34.9045403
3341,2019-04-15 15:06:00,SEM VÍTIMA,BOA VIAGEM,RUA RIBEIRO DE BRITO, ,335.0,SUBURBIO,COLISÃO,1.0,1.0,1.0,1.0,1.0,1.0,1.0,1.0,1.0,0.0,1.0,Longo da via,Bom,Não existe,Perfeito estado,Seca,Perfeito estado,R-6b,60 km/h,Única," , RUA RIBEIRO DE BRITO, Recife, Pernambuco, Brasil",-8.1235605,-34.8998419
3334,2019-04-15 13:19:00,COM VÍTIMA,BOA VIAGEM,RUA FELIX DE BRITO E MELO, ,335.0,SUBURBIO,ABALROAMENTO TRANSVERSAL,2.0,1.0,1.0,1.0,1.0,1.0,1.0,1.0,1.0,1.0,1.0,Cruzamento,Bom,Sem defeito,Perfeito estado,Seca,Perfeito estado,R-6a,60 km/h,Única," , RUA FELIX DE BRITO E MELO, Recife, Pernambuco, Brasil",-8.1153463,-34.9004935
3331,2019-04-15 11:29:00,SEM VÍTIMA,BOA VIAGEM,RUA FRANCISCO DA CUNHA,410,335.0,SUBURBIO,ABALROAMENTO TRANSVERSAL,1.0,1.0,1.0,1.0,1.0,1.0,1.0,1.0,1.0,0.0,1.0,Cruzamento,Bom,Não existe,Perfeito estado,Seca,Perfeito estado,Placas Pare,60 km/h,Única,"410, RUA FRANCISCO DA CUNHA, Recife, Pernambuco, Brasil",-8.1104721,-34.893872
5852,2019-07-06 11:39:00,SEM VÍTIMA,BOA VIAGEM,RUA BARAO DE SOUZA LEAO,1092,335.0,SUBURBIO,ABALROAMENTO LONGITUDINAL,1.0,1.0,1.0,1.0,1.0,1.0,1.0,1.0,1.0,0.0,1.0,Longo da via,Bom,Não existe,Perfeito estado,Seca,Perfeito estado,R-6a,60 km/h,Única,"1092, RUA BARAO DE SOUZA LEAO, Recife, Pernambuco, Brasil",-8.1324482,-34.90973
10131,2019-11-11 18:59:00,SEM VÍTIMA,BOA VIAGEM,AV ENGENHEIRO DOMINGOS FERREIRA,1967,335.0,SUBURBIO,COLISÃO TRASEIRA,2.0,1.0,1.0,1.0,1.0,1.0,1.0,1.0,1.0,0.0,1.0,Longo da via,Bom,Não existe,Perfeito estado,Seca,Perfeito estado,Outras,60 km/h,Única,"1967, AV ENGENHEIRO DOMINGOS FERREIRA, Recife, Pernambuco, Brasil",-8.118197,-34.8970498
3371,2019-04-16 10:28:00,SEM VÍTIMA,BOA VIAGEM,RUA SETUBAL,156,335.0,CIDADE,ABALROAMENTO LONGITUDINAL,1.0,1.0,1.0,1.0,1.0,1.0,1.0,1.0,1.0,0.0,1.0,Longo da via,Bom,Sem defeito,Perfeito estado,Seca,Perfeito estado,Não há placas,60 km/h,Única,"156, RUA SETUBAL, Recife, Pernambuco, Brasil",-8.1322109,-34.9017455
5823,2019-07-05 11:03:00,SEM VÍTIMA,BOA VIAGEM,RUA BALTAZAR PASSOS, ,335.0,CIDADE,COLISÃO,2.0,1.0,1.0,1.0,1.0,1.0,1.0,1.0,1.0,0.0,1.0,Longo da via,Bom,Sem defeito,Perfeito estado,Seca,Perfeito estado,Não há placas,60 km/h,Única," , RUA BALTAZAR PASSOS, Recife, Pernambuco, Brasil",-8.1417639,-34.9120463
7273,2019-08-22 15:09:00,SEM VÍTIMA,BOA VIAGEM,AV CONSELHEIRO AGUIAR, ,2.0,CIDADE,COLISÃO,1.0,1.0,1.0,1.0,1.0,1.0,1.0,1.0,1.0,0.0,1.0,Longo da via,Bom,Sem defeito,Perfeito estado,Seca,Perfeito estado,Não há placas,60 km/h,Única," , AV CONSELHEIRO AGUIAR, Recife, Pernambuco, Brasil",-8.1017679,-34.8870824
10080,2019-11-10 18:20:00,COM VÍTIMA,BOA VIAGEM,AV CONSELHEIRO AGUIAR,712,2.0,CIDADE,ATROPELAMENTO,1.0,1.0,1.0,1.0,1.0,1.0,1.0,1.0,1.0,1.0,1.0,Longo da via,Bom,Não existe,Perfeito estado,Seca,Perfeito estado,R-6a,60 km/h,Única,"712, AV CONSELHEIRO AGUIAR, Recife, Pernambuco, Brasil",-8.0967523,-34.8851737
7256,2019-08-22 08:07:00,SEM VÍTIMA,BOA VIAGEM,AV. DES. JOSE NEVES,164,2.0,CIDADE,COLISÃO TRASEIRA,1.0,1.0,1.0,1.0,1.0,1.0,1.0,1.0,1.0,0.0,1.0,Longo da via,Bom,Não existe,Perfeito estado,Seca,Perfeito estado,R-6a,60 km/h,Dupla,"164, AV. DES. JOSE NEVES, Recife, Pernambuco, Brasil",-8.1216967,-34.9144343
10046,2019-11-09 14:25:00,SEM VÍTIMA,BOA VIAGEM,AV CONSELHEIRO AGUIAR,1865,366.0,CIDADE,CHOQUE,1.0,1.0,1.0,1.0,1.0,1.0,1.0,1.0,1.0,0.0,1.0,Longo da via,Bom,Sem defeito,Perfeito estado,Seca,Perfeito estado,Outras,60 km/h,Única,"1865, AV CONSELHEIRO AGUIAR, Recife, Pernambuco, Brasil",-8.1141184,-34.8933999
3477,2019-04-20 02:17:00,SEM VÍTIMA,BOA VIAGEM,RUA FRANCISCO DA CUNHA, ,366.0,SUBURBIO,ABALROAMENTO TRANSVERSAL,2.0,1.0,1.0,1.0,1.0,1.0,1.0,1.0,1.0,0.0,1.0,Cruzamento,Chuvoso,Não existe,Ilegível,Seca,Mal iluminada,Placas Pare,60 km/h,Dupla," , RUA FRANCISCO DA CUNHA, Recife, Pernambuco, Brasil",-8.1104721,-34.893872
7259,2019-08-22 08:53:00,SEM VÍTIMA,BOA VIAGEM,AVENIDA CELSO FURTADO (VIA MANGUE), ,366.0,SUBURBIO,ABALROAMENTO LONGITUDINAL,2.0,1.0,1.0,1.0,1.0,1.0,1.0,1.0,1.0,0.0,1.0,Longo da via,Bom,Não existe,Perfeito estado,Seca,Perfeito estado,Não há placas,60 km/h,Dupla," , AVENIDA CELSO FURTADO (VIA MANGUE), Recife, Pernambuco, Brasil",-8.1104721,-34.893872
5790,2019-07-04 11:34:00,SEM VÍTIMA,BOA VIAGEM,RUA MARQUES DE VALENCA, ,366.0,SUBURBIO,ABALROAMENTO LONGITUDINAL,1.0,1.0,1.0,1.0,1.0,1.0,1.0,1.0,1.0,0.0,1.0,Longo da via,Bom,Não existe,Não existente,Seca,Perfeito estado,Não há placas,20 km/h,Dupla," , RUA MARQUES DE VALENCA, Recife, Pernambuco, Brasil",-8.1291088,-34.9031607
3470,2019-04-19 12:31:00,SEM VÍTIMA,BOA VIAGEM,RUA ERNESTO DE PAULA SANTOS,652,304.0,SUBURBIO,ABALROAMENTO LONGITUDINAL,3.0,1.0,1.0,1.0,1.0,1.0,1.0,1.0,1.0,0.0,1.0,Cruzamento,Bom,Sem defeito,Perfeito estado,Seca,Perfeito estado,Outras,20 km/h,Única,"652, RUA ERNESTO DE PAULA SANTOS, Recife, Pernambuco, Brasil",-8.1238127,-34.9036951
5792,2019-07-04 12:07:00,SEM VÍTIMA,BOA VIAGEM,RUA PADRE CARAPUCEIRO, ,321.0,CIDADE,ABALROAMENTO LONGITUDINAL,2.0,1.0,1.0,1.0,1.0,1.0,1.0,1.0,1.0,0.0,1.0,Cruzamento,Bom,Sem defeito,Perfeito estado,Seca,Perfeito estado,Outras,20 km/h,Dupla," , RUA PADRE CARAPUCEIRO, Recife, Pernambuco, Brasil",-8.1167685,-34.9024596
5796,2019-07-04 13:28:00,SEM VÍTIMA,BOA VIAGEM,RUA GENERAL AMERICANO FREIRE, ,321.0,SUBURBIO,ABALROAMENTO TRANSVERSAL,2.0,1.0,1.0,1.0,1.0,1.0,1.0,1.0,1.0,0.0,1.0,Longo da via,Bom,Não existe,Perfeito estado,Seca,Perfeito estado,Não há placas,20 km/h,Única," , RUA GENERAL AMERICANO FREIRE, Recife, Pernambuco, Brasil",-8.1261853,-34.9061275
3460,2019-04-18 17:30:00,SEM VÍTIMA,BOA VIAGEM,AV CONSELHEIRO AGUIAR,4265,321.0,CIDADE,COLISÃO TRASEIRA,2.0,1.0,1.0,1.0,1.0,1.0,1.0,1.0,1.0,0.0,1.0,Longo da via,Bom,Sem defeito,Perfeito estado,Seca,Perfeito estado,R-6a,60 km/h,Única,"4265, AV CONSELHEIRO AGUIAR, Recife, Pernambuco, Brasil",-8.1247418,-34.8988816
3456,2019-04-18 15:47:00,COM VÍTIMA,BOA VIAGEM,AV BOA VIAGEM,3870,321.0,CIDADE,ATROPELAMENTO,1.0,1.0,1.0,1.0,1.0,1.0,1.0,1.0,1.0,1.0,1.0,Longo da via,Bom,Sem defeito,Perfeito estado,Seca,Perfeito estado,Outras,60 km/h,Única,"3870, AV BOA VIAGEM, Recife, Pernambuco, Brasil",-8.1233439,-34.8968128
3455,2019-04-18 15:21:00,SEM VÍTIMA,BOA VIAGEM,RUA BRUNO VELOSO, ,160.0,CIDADE,COLISÃO,2.0,1.0,1.0,1.0,1.0,1.0,1.0,1.0,1.0,0.0,1.0,Longo da via,Bom,Sem defeito,Perfeito estado,Seca,Perfeito estado,Outras,60 km/h,Única," , RUA BRUNO VELOSO, Recife, Pernambuco, Brasil",-8.1213716,-34.9011717
3453,2019-04-18 15:10:00,SEM VÍTIMA,BOA VIAGEM,RUA BRUNO VELOSO,1203,160.0,CIDADE,COLISÃO TRASEIRA,2.0,1.0,1.0,1.0,1.0,1.0,1.0,1.0,1.0,0.0,1.0,Cruzamento,Bom,Sem defeito,Perfeito estado,Seca,Perfeito estado,Não há placas,60 km/h,Única,"1203, RUA BRUNO VELOSO, Recife, Pernambuco, Brasil",-8.1211995,-34.9020179
5803,2019-07-04 15:18:00,SEM VÍTIMA,BOA VIAGEM,AV CHARLES DARWIN,51,160.0,SUBURBIO,ABALROAMENTO TRANSVERSAL,2.0,1.0,1.0,1.0,1.0,1.0,1.0,1.0,1.0,0.0,1.0,Longo da via,Bom,Não existe,Perfeito estado,Seca,Perfeito estado,Não há placas,60 km/h,Dupla,"51, AV CHARLES DARWIN, Recife, Pernambuco, Brasil",-8.1304897,-34.90313
3447,2019-04-18 11:14:00,SEM VÍTIMA,BOA VIAGEM,AV BOA VIAGEM,3174,160.0,CIDADE,COLISÃO TRASEIRA,1.0,1.0,1.0,1.0,1.0,1.0,1.0,1.0,1.0,0.0,1.0,Longo da via,Bom,Sem defeito,Perfeito estado,Seca,Perfeito estado,Não há placas,60 km/h,Única,"3174, AV BOA VIAGEM, Recife, Pernambuco, Brasil",-8.1072276,-34.8878628
8669,2019-10-03 17:49:00,SEM VÍTIMA,BOA VIAGEM,AV ENGENHEIRO DOMINGOS FERREIRA, ,160.0,SUBURBIO,COLISÃO TRASEIRA,2.0,1.0,1.0,1.0,1.0,1.0,1.0,1.0,1.0,0.0,1.0,Longo da via,Bom,Sem defeito,Perfeito estado,Seca,Perfeito estado,Não há placas,60 km/h,Única," , AV ENGENHEIRO DOMINGOS FERREIRA, Recife, Pernambuco, Brasil",-8.1155752,-34.8954699