,data_hora,natureza_acidente,bairro,endereco,numero,num_semaforo,sentido_via,tipo,auto,moto,ciclom,ciclista,pedestre,onibus,caminhao,viatura,outros,vitimas,vitimasfatais,acidente_verificado,tempo_clima,situacao_semaforo,sinalizacao,condicao_via,conservacao_via,situacao_placa,velocidade_max_via,mao_direcao,end,latitude,longitude
2624,2019-03-25 22:10:00,SEM VÍTIMA,BOA VIAGEM,AV VINTE E TRES DE OUTUBRO, ,420.0,CIDADE,COLISÃO TRASEIRA,2.0,1.0,1.0,1.0,1.0,1.0,1.0,1.0,1.0,0.0,1.0,Longo da via,Bom,Não existe,Incompleta,Seca,Mal iluminada,Não há placas,60 km/h,Única," , AV VINTE E TRES DE OUTUBRO, Recife, Pernambuco, Brasil",-8.1334556,-34.9142891
6425,2019-07-27 07:16:00,SEM VÍTIMA,BOA VIAGEM,RUA SETUBAL,638,420.0,CIDADE,ABALROAMENTO LONGITUDINAL,1.0,1.0,1.0,1.0,1.0,1.0,1.0,1.0,1.0,0.0,1.0,Cruzamento,Bom,Não existe,Perfeito estado,Seca,Perfeito estado,Não há placas,60 km/h,Única,"638, RUA SETUBAL, Recife, Pernambuco, Brasil",-8.1365111,-34.9028524
10525,2019-11-22 07:49:00,SEM VÍTIMA,BOA VIAGEM,AV BOA VIAGEM,6306,149.0,CIDADE,COLISÃO TRASEIRA,4.0,1.0,1.0,1.0,1.0,1.0,1.0,1.0,1.0,0.0,1.0,Longo da via,Bom,Sem defeito,Perfeito estado,Seca,Perfeito estado,Não há placas,60 km/h,Única,"6306, AV BOA VIAGEM, Recife, Pernambuco, Brasil",-8.1072276,-34.8878628
10530,2019-11-22 09:19:00,SEM VÍTIMA,BOA VIAGEM,RUA DOS NAVEGANTES, ,149.0,CIDADE,ABALROAMENTO LONGITUDINAL,2.0,1.0,1.0,1.0,1.0,1.0,1.0,1.0,1.0,0.0,1.0,Cruzamento,Bom,Sem defeito,Perfeito estado,Seca,Perfeito estado,Não há placas,60 km/h,Única," , RUA DOS NAVEGANTES, Recife, Pernambuco, Brasil",-8.1199395,-34.8957061
7488,2019-08-29 22:58:00,SEM VÍTIMA,BOA VIAGEM,RUA VISCONDE DE JEQUITINHONHA, ,149.0,SUBURBIO,COLISÃO TRASEIRA,2.0,1.0,1.0,1.0,1.0,1.0,1.0,1.0,1.0,0.0,1.0,Longo da via,Bom,Não existe,Incompleta,Seca,Mal iluminada,Não há placas,60 km/h,Única," , RUA VISCONDE DE JEQUITINHONHA, Recife, Pernambuco, Brasil",-8.1337535,-34.9025533
10567,2019-11-22 20:22:00,SEM VÍTIMA,BOA VIAGEM,AV CONSELHEIRO AGUIAR,2333,149.0,CIDADE,ABALROAMENTO LONGITUDINAL,1.0,1.0,1.0,1.0,1.0,1.0,1.0,1.0,1.0,0.0,1.0,Longo da via,Bom,Não existe,Perfeito estado,Seca,Perfeito estado,R-6a,60 km/h,Única,"2333, AV CONSELHEIRO AGUIAR, Recife, Pernambuco, Brasil",-8.1103735,-34.890830444587834
2613,2019-03-25 18:26:00,SEM VÍTIMA,BOA VIAGEM,RUA BARAO DE SOUZA LEAO,626,149.0,SUBURBIO,ABALROAMENTO LONGITUDINAL,1.0,1.0,1.0,1.0,1.0,1.0,1.0,1.0,1.0,0.0,1.0,Longo da via,Bom,Não existe,Perfeito estado,Seca,Perfeito estado,Outras,60 km/h,Única,"626, RUA BARAO DE SOUZA LEAO, Recife, Pernambuco, Brasil",-8.1314531,-34.9054072
10532,2019-11-22 10:20:00,COM VÍTIMA,BOA VIAGEM,RUA VISCONDE DE JEQUITINHONHA,82,433.0,SUBURBIO,ATROPELAMENTO,1.0,1.0,1.0,1.0,1.0,1.0,1.0,1.0,1.0,1.0,1.0,Longo da via,Bom,Sem defeito,Perfeito estado,Seca,Perfeito estado,Não há placas,60 km/h,Única,"82, RUA VISCONDE DE JEQUITINHONHA, Recife, Pernambuco, Brasil",-8.1383153,-34.9037576
2606,2019-03-25 15:43:00,SEM VÍTIMA,BOA VIAGEM,AV ENGENHEIRO DOMINGOS FERREIRA, ,433.0,SUBURBIO,ABALROAMENTO LONGITUDINAL,2.0,1.0,1.0,1.0,1.0,1.0,1.0,1.0,1.0,0.0,1.0,Longo da via,Bom,Sem defeito,Perfeito estado,Seca,Perfeito estado,Não há placas,60 km/h,Única," , AV ENGENHEIRO DOMINGOS FERREIRA, Recife, Pernambuco, Brasil",-8.1155752,-34.8954699
7655,2019-09-04 10:20:00,SEM VÍTIMA,BOA VIAGEM,RUA WALDEMAR NERY CARNEIRO MONTEIRO, ,433.0,SUBURBIO,ABALROAMENTO LONGITUDINAL,2.0,1.0,1.0,1.0,1.0,1.0,1.0,1.0,1.0,0.0,1.0,Longo da via,Bom,Não existe,Incompleta,Seca,Perfeito estado,Não há placas,60 km/h,Dupla," , RUA WALDEMAR NERY CARNEIRO MONTEIRO, Recife, Pernambuco, Brasil",-8.1356903,-34.9119572
2584,2019-03-24 23:29:00,COM VÍTIMA,BOA VIAGEM,RUA FELIX DE BRITO E MELO,346,433.0,CIDADE,COLISÃO TRASEIRA,1.0,1.0,1.0,1.0,1.0,1.0,1.0,1.0,1.0,1.0,1.0,Longo da via,Bom,Sem defeito,Perfeito estado,Seca,Perfeito estado,Placas Pare,60 km/h,Única,"346, RUA FELIX DE BRITO E MELO, Recife, Pernambuco, Brasil",-8.1153463,-34.9004935
7490,2019-08-30 07:31:00,SEM VÍTIMA,BOA VIAGEM,RUA FELIX DE BRITO E MELO, ,433.0,SUBURBIO,ABALROAMENTO TRANSVERSAL,2.0,1.0,1.0,1.0,1.0,1.0,1.0,1.0,1.0,0.0,1.0,Cruzamento,Bom,Não existe,Perfeito estado,Seca,Perfeito estado,Placas Pare,60 km/h,Única," , nan, Recife, Pernambuco, Brasil",-8.0584933,-34.8848193
10546,2019-11-22 13:57:00,SEM VÍTIMA,BOA VIAGEM,AV ENGENHEIRO DOMINGOS FERREIRA,2222,433.0,SUBURBIO,COLISÃO TRASEIRA,1.0,1.0,1.0,1.0,1.0,1.0,1.0,1.0,1.0,0.0,1.0,Longo da via,Bom,Não existe,Perfeito estado,Seca,Perfeito estado,Não há placas,60 km/h,Dupla,"2222, AV ENGENHEIRO DOMINGOS FERREIRA, Recife, Pernambuco, Brasil",-8.109672,-34.8921563
6208,2019-07-18 20:57:00,SEM VÍTIMA,BOA VIAGEM,RUA VISCONDE DE JEQUITINHONHA, ,433.0,SUBURBIO,COLISÃO,2.0,1.0,1.0,1.0,1.0,1.0,1.0,1.0,1.0,0.0,1.0,Longo da via,Bom,Não existe,Perfeito estado,Seca,Perfeito estado,Não há placas,60 km/h,Dupla," , RUA VISCONDE DE JEQUITINHONHA, Recife, Pernambuco, Brasil",-8.1337535,-34.9025533
6422,2019-07-26 23:44:00,SEM VÍTIMA,BOA VIAGEM,RUA DONA BENVINDA DE FARIAS, ,433.0,CIDADE,ABALROAMENTO TRANSVERSAL,2.0,1.0,1.0,1.0,1.0,1.0,1.0,1.0,1.0,0.0,1.0,Cruzamento,Bom,Não existe,Perfeito estado,Molhada,Perfeito estado,Placas Pare,60 km/h,Dupla," , RUA DONA BENVINDA DE FARIAS, Recife, Pernambuco, Brasil",-8.1114464,-34.8906164
8395,2019-09-26 01:37:00,COM VÍTIMA,BOA VIAGEM,RUA BARAO DE SOUZA LEAO, ,433.0,CIDADE,ABALROAMENTO TRANSVERSAL,2.0,1.0,1.0,1.0,1.0,1.0,1.0,1.0,1.0,1.0,1.0,Cruzamento,Bom,Sem defeito,Incompleta,Seca,Perfeito estado,Outras,60 km/h,Única," , RUA BARAO DE SOUZA LEAO, Recife, Pernambuco, Brasil",-8.1325905,-34.9149303
2569,2019-03-23 19:29:00,SEM VÍTIMA,BOA VIAGEM,AV ENGENHEIRO DOMINGOS FERREIRA, ,433.0,SUBURBIO,ABALROAMENTO LONGITUDINAL,1.0,1.0,1.0,1.0,1.0,1.0,1.0,1.0,1.0,0.0,1.0,Longo da via,Bom,Não existe,Perfeito estado,Seca,Perfeito estado,Não há placas,60 km/h,Única," , AV ENGENHEIRO DOMINGOS FERREIRA, Recife, Pernambuco, Brasil",-8.1155752,-34.8954699
2565,2019-03-23 13:46:00,SEM VÍTIMA,BOA VIAGEM,RUA DES JOAO PAES, ,433.0,SUBURBIO,COLISÃO,2.0,1.0,1.0,1.0,1.0,1.0,1.0,1.0,1.0,0.0,1.0,Longo da via,Bom,Não existe,Perfeito estado,Seca,Perfeito estado,Não há placas,60 km/h,Única," , RUA DES JOAO PAES, Recife, Pernambuco, Brasil",-8.1155752,-34.8954699
6418,2019-07-26 18:36:00,SEM VÍTIMA,BOA VIAGEM,RUA ANTONIO FALCAO, ,433.0,SUBURBIO,ABALROAMENTO LONGITUDINAL,1.0,1.0,1.0,1.0,1.0,1.0,1.0,1.0,1.0,0.0,1.0,Longo da via,Bom,Não existe,Perfeito estado,Seca,Perfeito estado,Não há placas,60 km/h,Única," , RUA ANTONIO FALCAO, Recife, Pernambuco, Brasil",-8.1133174,-34.9001629
8394,2019-09-25 23:27:00,SEM VÍTIMA,BOA VIAGEM,RUA PROFESSOR JOSE BRANDAO, ,433.0,SUBURBIO,COLISÃO,2.0,1.0,1.0,1.0,1.0,1.0,1.0,1.0,1.0,0.0,1.0,Longo da via,Bom,Não existe,Perfeito estado,Seca,Perfeito estado,Não há placas,60 km/h,Única," , RUA PROFESSOR JOSE BRANDAO, Recife, Pernambuco, Brasil",-8.1134177,-34.8918794
10565,2019-11-22 19:35:00,SEM VÍTIMA,BOA VIAGEM,AV ENGENHEIRO DOMINGOS FERREIRA,2030,433.0,SUBURBIO,COLISÃO,2.0,1.0,1.0,1.0,1.0,1.0,1.0,1.0,1.0,0.0,1.0,Longo da via,Bom,Não existe,Perfeito estado,Seca,Perfeito estado,Não há placas,60 km/h,Única,"2030, AV ENGENHEIRO DOMINGOS FERREIRA, Recife, Pernambuco, Brasil",-8.1071849,-34.8908237
6201,2019-07-18 16:05:00,SEM VÍTIMA,BOA VIAGEM,RUA FELIX DE BRITO E MELO, ,433.0,SUBURBIO,COLISÃO,2.0,1.0,1.0,1.0,1.0,1.0,1.0,1.0,1.0,0.0,1.0,Longo da via,Bom,Não existe,Perfeito estado,Seca,Perfeito estado,Não há placas,60 km/h,Única," , RUA FELIX DE BRITO E MELO, Recife, Pernambuco, Brasil",-8.1153463,-34.9004935
7528,2019-08-31 09:51:00,SEM VÍTIMA,BOA VIAGEM,AV BOA VIAGEM,58,433.0,CIDADE,CHOQUE OBJETO FIXO,2.0,1.0,1.0,1.0,1.0,1.0,1.0,1.0,1.0,0.0,1.0,Longo da via,Bom,Sem defeito,Perfeito estado,Seca,Perfeito estado,Outras,60 km/h,Única,"58, AV BOA VIAGEM, Recife, Pernambuco, Brasil",-8.1072276,-34.8878628
6280,2019-07-22 06:38:00,SEM VÍTIMA,BOA VIAGEM,AV BOA VIAGEM,110,433.0,SUBURBIO,ABALROAMENTO LONGITUDINAL,3.0,1.0,1.0,1.0,1.0,1.0,1.0,1.0,1.0,0.0,1.0,Longo da via,Chuvoso,Não existe,Perfeito estado,Molhada,Perfeito estado,Não há placas,60 km/h,Única,"110, AV BOA VIAGEM, Recife, Pernambuco, Brasil",-8.0925358,-34.8826991
2462,2019-03-21 08:24:00,SEM VÍTIMA,BOA VIAGEM,RUA RIBEIRO DE BRITO,734,228.0,SUBURBIO,COLISÃO TRASEIRA,2.0,1.0,1.0,1.0,1.0,1.0,1.0,1.0,1.0,0.0,1.0,Longo da via,Bom,Não existe,Perfeito estado,Seca,Perfeito estado,Outras,60 km/h,Única,"734, RUA RIBEIRO DE BRITO, Recife, Pernambuco, Brasil",-8.1227553,-34.9035126
6398,2019-07-26 08:56:00,SEM VÍTIMA,BOA VIAGEM,AV BOA VIAGEM,6636,190.0,CIDADE,COLISÃO TRASEIRA,2.0,1.0,1.0,1.0,1.0,1.0,1.0,1.0,1.0,0.0,1.0,Longo da via,Chuvoso,Sem defeito,Perfeito estado,Molhada,Perfeito estado,Não há placas,60 km/h,Única,"6636, AV BOA VIAGEM, Recife, Pernambuco, Brasil",-8.1467467,-34.906272
2386,2019-03-19 08:11:00,SEM VÍTIMA,BOA VIAGEM,AV DOM JOAO VI, ,190.0,CIDADE,COLISÃO,2.0,1.0,1.0,1.0,1.0,1.0,1.0,1.0,1.0,0.0,1.0,Longo da via,Chuvoso,Sem defeito,Perfeito estado,Molhada,Perfeito estado,Não há placas,60 km/h,Única," , AV DOM JOAO VI, Recife, Pernambuco, Brasil",-8.1181195,-34.9061879
6337,2019-07-23 18:58:00,COM VÍTIMA,BOA VIAGEM,RUA VISCONDE DE JEQUITINHONHA, ,129.0,SUBURBIO,ATROPELAMENTO,1.0,1.0,1.0,1.0,1.0,1.0,1.0,1.0,1.0,1.0,1.0,Cruzamento,Chuvoso,Sem defeito,Perfeito estado,Molhada,Perfeito estado,Não há placas,60 km/h,Única," , RUA VISCONDE DE JEQUITINHONHA, Recife, Pernambuco, Brasil",-8.1337535,-34.9025533
8340,2019-09-24 14:39:00,SEM VÍTIMA,BOA VIAGEM,RUA PADRE CARAPUCEIRO, ,129.0,SUBURBIO,COLISÃO TRASEIRA,2.0,1.0,1.0,1.0,1.0,1.0,1.0,1.0,1.0,0.0,1.0,Longo da via,Bom,Sem defeito,Perfeito estado,Seca,Perfeito estado,Não há placas,60 km/h,Única," , RUA PADRE CARAPUCEIRO, Recife, Pernambuco, Brasil",-8.1167685,-34.9024596
6349,2019-07-24 08:37:00,SEM VÍTIMA,BOA VIAGEM,RUA BARAO DE SOUZA LEAO,939,129.0,SUBURBIO,ABALROAMENTO LONGITUDINAL,2.0,1.0,1.0,1.0,1.0,1.0,1.0,1.0,1.0,0.0,1.0,Longo da via,Chuvoso,Não existe,Perfeito estado,Molhada,Perfeito estado,Não há placas,60 km/h,Única,"939, RUA BARAO DE SOUZA LEAO, Recife, Pernambuco, Brasil",-8.1326032,-34.9083898
7566,2019-09-02 08:02:00,SEM VÍTIMA,BOA VIAGEM,RUA VISCONDE DE JEQUITINHONHA, ,129.0,CIDADE,ABALROAMENTO LONGITUDINAL,2.0,1.0,1.0,1.0,1.0,1.0,1.0,1.0,1.0,0.0,1.0,Cruzamento,Chuvoso,Não existe,Perfeito estado,Seca,Perfeito estado,Placas Pare,60 km/h,Única," , RUA VISCONDE DE JEQUITINHONHA, Recife, Pernambuco, Brasil",-8.1337535,-34.9025533
6351,2019-07-24 09:44:00,COM VÍTIMA,BOA VIAGEM,RUA BALTAZAR PASSOS,441,129.0,CIDADE,ABALROAMENTO TRANSVERSAL,1.0,1.0,1.0,1.0,1.0,1.0,1.0,1.0,1.0,1.0,1.0,Cruzamento,Chuvoso,Não existe,Perfeito estado,Molhada,Perfeito estado,Placas Pare,60 km/h,Única,"441, RUA BALTAZAR PASSOS, Recife, Pernambuco, Brasil",-8.1434579,-34.908828
7570,2019-09-02 08:43:00,SEM VÍTIMA,BOA VIAGEM,RUA DES JOAO PAES,1880,129.0,CIDADE,COLISÃO,2.0,1.0,1.0,1.0,1.0,1.0,1.0,1.0,1.0,0.0,1.0,Cruzamento,Chuvoso,Não existe,Perfeito estado,Molhada,Perfeito estado,Placas Pare,60 km/h,Única,"1880, RUA DES JOAO PAES, Recife, Pernambuco, Brasil",-8.1434579,-34.908828
2372,2019-03-18 18:11:00,SEM VÍTIMA,BOA VIAGEM,AV ENGENHEIRO DOMINGOS FERREIRA, ,129.0,SUBURBIO,COLISÃO TRASEIRA,3.0,1.0,1.0,1.0,1.0,1.0,1.0,1.0,1.0,0.0,1.0,Longo da via,Bom,Não existe,Perfeito estado,Seca,Perfeito estado,Placas Pare,60 km/h,Única," , AV ENGENHEIRO DOMINGOS FERREIRA, Recife, Pernambuco, Brasil",-8.1155752,-34.8954699
7607,2019-09-03 07:03:00,SEM VÍTIMA,BOA VIAGEM,RUA CAPITAO ZUZINHA,152,129.0,SUBURBIO,COLISÃO,2.0,1.0,1.0,1.0,1.0,1.0,1.0,1.0,1.0,0.0,1.0,Longo da via,Bom,Não existe,Perfeito estado,Seca,Perfeito estado,Placas Pare,60 km/h,Única,"152, RUA CAPITAO ZUZINHA, Recife, Pernambuco, Brasil",-8.1351468,-34.9069836
2368,2019-03-18 15:51:00,SEM VÍTIMA,BOA VIAGEM,AV FERNANDO SIMOES BARBOSA,572,183.0,SUBURBIO,COLISÃO,1.0,1.0,1.0,1.0,1.0,1.0,1.0,1.0,1.0,0.0,1.0,Longo da via,Bom,Não existe,Perfeito estado,Seca,Perfeito estado,Placas Pare,60 km/h,Única,"572, AV FERNANDO SIMOES BARBOSA, Recife, Pernambuco, Brasil",-8.1226839,-34.9017579
7574,2019-09-02 09:31:00,SEM VÍTIMA,BOA VIAGEM,RUA TENENTE JOAO CICERO,712,183.0,SUBURBIO,ABALROAMENTO LONGITUDINAL,2.0,1.0,1.0,1.0,1.0,1.0,1.0,1.0,1.0,0.0,1.0,Longo da via,Chuvoso,Não existe,Perfeito estado,Seca,Perfeito estado,R-6a,60 km/h,Única,"712, RUA TENENTE JOAO CICERO, Recife, Pernambuco, Brasil",-8.1109851,-34.8979728
2364,2019-03-18 14:47:00,SEM VÍTIMA,BOA VIAGEM,AV ENGENHEIRO DOMINGOS FERREIRA,2238,183.0,SUBURBIO,CHOQUE OBJETO FIXO,1.0,1.0,1.0,1.0,1.0,1.0,1.0,1.0,1.0,0.0,1.0,Longo da via,Bom,Não existe,Perfeito estado,Seca,Perfeito estado,Outras,60 km/h,Dupla,"2238, AV ENGENHEIRO DOMINGOS FERREIRA, Recife, Pernambuco, Brasil",-8.1098679,-34.892293
2362,2019-03-18 14:06:00,SEM VÍTIMA,BOA VIAGEM,RUA RIBEIRO DE BRITO, ,147.0,CIDADE,COLISÃO TRASEIRA,2.0,1.0,1.0,1.0,1.0,1.0,1.0,1.0,1.0,0.0,1.0,Longo da via,Bom,Sem defeito,Perfeito estado,Seca,Perfeito estado,Não há placas,60 km/h,Única," , RUA RIBEIRO DE BRITO, Recife, Pernambuco, Brasil",-8.1235605,-34.8998419
6333,2019-07-23 16:08:00,SEM VÍTIMA,BOA VIAGEM,AV HERCULANO BANDEIRA, ,660.0,SUBURBIO,ABALROAMENTO TRANSVERSAL,1.0,1.0,1.0,1.0,1.0,1.0,1.0,1.0,1.0,0.0,1.0,Cruzamento,Chuvoso,Sem defeito,Perfeito estado,Seca,Perfeito estado,Não há placas,60 km/h,Única," , AV HERCULANO BANDEIRA, Recife, Pernambuco, Brasil",-8.0908689,-34.8831924
2361,2019-03-18 14:05:00,SEM VÍTIMA,BOA VIAGEM,RUA ERNESTO DE PAULA SANTOS, ,660.0,SUBURBIO,COLISÃO,2.0,1.0,1.0,1.0,1.0,1.0,1.0,1.0,1.0,0.0,1.0,Cruzamento,Chuvoso,Sem defeito,Perfeito estado,Seca,Perfeito estado,Não há placas,60 km/h,Única," , RUA ERNESTO DE PAULA SANTOS, Recife, Pernambuco, Brasil",-8.1250569,-34.8982175
2351,2019-03-18 09:50:00,SEM VÍTIMA,BOA VIAGEM,AV BOA VIAGEM,5526,148.0,CIDADE,COLISÃO TRASEIRA,3.0,1.0,1.0,1.0,1.0,1.0,1.0,1.0,1.0,0.0,1.0,Longo da via,Chuvoso,Sem defeito,Perfeito estado,Molhada,Perfeito estado,Não há placas,60 km/h,Única,"5526, AV BOA VIAGEM, Recife, Pernambuco, Brasil",-8.1372163,-34.9023798
6355,2019-07-24 11:46:00,SEM VÍTIMA,BOA VIAGEM,AV BOA VIAGEM,4744,148.0,CIDADE,COLISÃO TRASEIRA,1.0,1.0,1.0,1.0,1.0,1.0,1.0,1.0,1.0,0.0,1.0,Cruzamento,Chuvoso,Não existe,Ilegível,Molhada,Perfeito estado,Não há placas,60 km/h,Única,"4744, AV BOA VIAGEM, Recife, Pernambuco, Brasil",-8.1306625,-34.899433
7592,2019-09-02 16:24:00,SEM VÍTIMA,BOA VIAGEM,AV BOA VIAGEM,3778,148.0,CIDADE,COLISÃO TRASEIRA,2.0,1.0,1.0,1.0,1.0,1.0,1.0,1.0,1.0,0.0,1.0,Longo da via,Bom,Não existe,Perfeito estado,Seca,Perfeito estado,Não há placas,60 km/h,Única,"3778, AV BOA VIAGEM, Recife, Pernambuco, Brasil",-8.1224476,-34.8966593
8336,2019-09-24 12:25:00,SEM VÍTIMA,BOA VIAGEM,RUA BARAO DE SOUZA LEAO,577,148.0,CIDADE,ABALROAMENTO LONGITUDINAL,1.0,1.0,1.0,1.0,1.0,1.0,1.0,1.0,1.0,0.0,1.0,Longo da via,Bom,Não existe,Perfeito estado,Seca,Perfeito estado,Outras,60 km/h,Única,"577, RUA BARAO DE SOUZA LEAO, Recife, Pernambuco, Brasil",-8.1319625,-34.9052785
6363,2019-07-24 20:20:00,SEM VÍTIMA,BOA VIAGEM,RUA SA E SOUZA,238,148.0,SUBURBIO,CHOQUE VEÍCULO PARADO,2.0,1.0,1.0,1.0,1.0,1.0,1.0,1.0,1.0,0.0,1.0,Cruzamento,Chuvoso,Não existe,Ilegível,Molhada,Mal iluminada,Placas Pare,60 km/h,Dupla,"238, RUA SA E SOUZA, Recife, Pernambuco, Brasil",-8.1348709,-34.906224
10693,2019-11-26 16:50:00,SEM VÍTIMA,BOA VIAGEM,RUA ATLANTICO,777,148.0,SUBURBIO,COLISÃO,2.0,1.0,1.0,1.0,1.0,1.0,1.0,1.0,1.0,0.0,1.0,Cruzamento,Chuvoso,Não existe,Ilegível,Molhada,Mal iluminada,Placas Pare,60 km/h,Dupla,"777, RUA ATLANTICO, Recife, Pernambuco, Brasil",-7.7487668,-34.8305822
8329,2019-09-24 10:18:00,SEM VÍTIMA,BOA VIAGEM,RUA PEDRO BERGAMO,278,148.0,SUBURBIO,COLISÃO,2.0,1.0,1.0,1.0,1.0,1.0,1.0,1.0,1.0,0.0,1.0,Cruzamento,Chuvoso,Não existe,Ilegível,Molhada,Mal iluminada,Placas Pare,60 km/h,Dupla,"278, RUA PEDRO BERGAMO, Recife, Pernambuco, Brasil",-8.1239378,-34.9003482
6371,2019-07-25 09:11:00,COM VÍTIMA,BOA VIAGEM,RUA AVIADOR SEVERIANO LINS,226,148.0,PRAIA,ABALROAMENTO LONGITUDINAL,1.0,1.0,1.0,1.0,1.0,1.0,1.0,1.0,1.0,2.0,1.0,Cruzamento,Bom,Não existe,Perfeito estado,Seca,Perfeito estado,Placas Pare,60 km/h,Única,"226, RUA AVIADOR SEVERIANO LINS, Recife, Pernambuco, Brasil",-8.1081403,-34.8935028
7587,2019-09-02 13:52:00,SEM VÍTIMA,BOA VIAGEM,AV DOM JOAO VI,1035,148.0,SUBURBIO,COLISÃO TRASEIRA,3.0,1.0,1.0,1.0,1.0,1.0,1.0,1.0,1.0,0.0,1.0,Longo da via,Bom,Não existe,Perfeito estado,Seca,Perfeito estado,Não há placas,60 km/h,Dupla,"1035, AV DOM JOAO VI, Recife, Pernambuco, Brasil",-8.1181195,-34.9061879
10697,2019-11-27 03:30:00,SEM VÍTIMA,BOA VIAGEM,AV ENGENHEIRO DOMINGOS FERREIRA, ,545.0,SUBURBIO,ABALROAMENTO TRANSVERSAL,1.0,1.0,1.0,1.0,1.0,1.0,1.0,1.0,1.0,0.0,1.0,Cruzamento,Bom,Sem defeito,Perfeito estado,Seca,Perfeito estado,Placas Pare,60 km/h,Única," , AV ENGENHEIRO DOMINGOS FERREIRA, Recife, Pernambuco, Brasil",-8.1155752,-34.8954699
8326,2019-09-24 09:25:00,SEM VÍTIMA,BOA VIAGEM,AV BOA VIAGEM,4558,545.0,CIDADE,ABALROAMENTO LONGITUDINAL,2.0,1.0,1.0,1.0,1.0,1.0,1.0,1.0,1.0,0.0,1.0,Longo da via,Bom,Não existe,Perfeito estado,Seca,Perfeito estado,Não há placas,60 km/h,Única,"4558, AV BOA VIAGEM, Recife, Pernambuco, Brasil",-8.1291631,-34.8987988
6378,2019-07-25 12:49:00,SEM VÍTIMA,BOA VIAGEM,RUA DES JOAO PAES,730,545.0,CIDADE,ABALROAMENTO TRANSVERSAL,1.0,1.0,1.0,1.0,1.0,1.0,1.0,1.0,1.0,0.0,1.0,Cruzamento,Bom,Não existe,Perfeito estado,Seca,Perfeito estado,Placas Pare,40 km/h,Única,"730, RUA DES JOAO PAES, Recife, Pernambuco, Brasil",-8.1291631,-34.8987988
8324,2019-09-24 08:28:00,SEM VÍTIMA,BOA VIAGEM,RUA MINISTRO NELSON HUNGRIA,334,545.0,CIDADE,COLISÃO,2.0,1.0,1.0,1.0,1.0,1.0,1.0,1.0,1.0,0.0,1.0,Cruzamento,Bom,Não existe,Perfeito estado,Seca,Perfeito estado,Placas Pare,40 km/h,Única,"334, RUA MINISTRO NELSON HUNGRIA, Recife, Pernambuco, Brasil",-8.1103121,-34.8974017
6397,2019-07-26 08:47:00,SEM VÍTIMA,BOA VIAGEM,RUA ERNESTO DE PAULA SANTOS,1172,545.0,CIDADE,ABALROAMENTO LONGITUDINAL,2.0,1.0,1.0,1.0,1.0,1.0,1.0,1.0,1.0,0.0,1.0,Longo da via,Bom,Não existe,Perfeito estado,Seca,Perfeito estado,Não há placas,40 km/h,Única,"1172, RUA ERNESTO DE PAULA SANTOS, Recife, Pernambuco, Brasil",-8.1239938,-34.9061561
10680,2019-11-26 12:49:00,SEM VÍTIMA,BOA VIAGEM,AV DOM JOAO VI, ,545.0,CIDADE,ABALROAMENTO LONGITUDINAL,2.0,1.0,1.0,1.0,1.0,1.0,1.0,1.0,1.0,0.0,1.0,Longo da via,Bom,Não existe,Incompleta,Seca,Mal conservada,Não há placas,40 km/h,Dupla," , AV DOM JOAO VI, Recife, Pernambuco, Brasil",-8.1181195,-34.9061879
10665,2019-11-26 08:25:00,SEM VÍTIMA,BOA VIAGEM,RUA JOSE DOMINGUES DA SILVA,116,545.0,CIDADE,ABALROAMENTO TRANSVERSAL,2.0,1.0,1.0,1.0,1.0,1.0,1.0,1.0,1.0,0.0,1.0,Cruzamento,Bom,Não existe,Perfeito estado,Seca,Perfeito estado,Placas Pare,30 km/h,Dupla,"116, RUA JOSE DOMINGUES DA SILVA, Recife, Pernambuco, Brasil",-8.1330664,-34.9061
7550,2019-09-01 12:41:00,COM VÍTIMA,BOA VIAGEM,RUA PADRE CARAPUCEIRO, ,321.0,CIDADE,ABALROAMENTO LONGITUDINAL,1.0,1.0,1.0,1.0,1.0,1.0,1.0,1.0,1.0,1.0,1.0,Cruzamento,Bom,Sem defeito,Perfeito estado,Seca,Perfeito estado,Não há placas,40 km/h,Única," , RUA PADRE CARAPUCEIRO, Recife, Pernambuco, Brasil",-8.1167685,-34.9024596
7619,2019-09-03 12:19:00,SEM VÍTIMA,BOA VIAGEM,AV CONSELHEIRO AGUIAR,2240,143.0,SUBURBIO,COLISÃO TRASEIRA,1.0,1.0,1.0,1.0,1.0,1.0,1.0,1.0,1.0,0.0,1.0,Longo da via,Bom,Sem defeito,Perfeito estado,Seca,Perfeito estado,R-6a,40 km/h,Única,"2240, AV CONSELHEIRO AGUIAR, Recife, Pernambuco, Brasil",-8.1093619,-34.8907901
8315,2019-09-23 19:37:00,SEM VÍTIMA,BOA VIAGEM,RUA DEZ DE JULHO,210,143.0,SUBURBIO,ABALROAMENTO TRANSVERSAL,2.0,1.0,1.0,1.0,1.0,1.0,1.0,1.0,1.0,0.0,1.0,Longo da via,Bom,Não existe,Perfeito estado,Seca,Perfeito estado,Não há placas,40 km/h,Única,"210, RUA DEZ DE JULHO, Recife, Pernambuco, Brasil",-8.1344982,-34.9148101