,data_hora,natureza_acidente,bairro,endereco,numero,num_semaforo,sentido_via,tipo,auto,moto,ciclom,ciclista,pedestre,onibus,caminhao,viatura,outros,vitimas,vitimasfatais,acidente_verificado,tempo_clima,situacao_semaforo,sinalizacao,condicao_via,conservacao_via,situacao_placa,velocidade_max_via,mao_direcao,end,latitude,longitude
8369,2019-09-25 10:10:00,SEM VÍTIMA,BOA VIAGEM,RUA BARAO DE SOUZA LEAO,698,143.0,SUBURBIO,ABALROAMENTO LONGITUDINAL,1.0,1.0,1.0,1.0,1.0,1.0,1.0,1.0,1.0,0.0,1.0,Cruzamento,Bom,Não existe,Perfeito estado,Seca,Perfeito estado,Placas Pare,30 km/h,Única,"698, RUA BARAO DE SOUZA LEAO, Recife, Pernambuco, Brasil",-8.1316695,-34.9064815
2457,2019-03-21 07:53:00,SEM VÍTIMA,BOA VIAGEM,AV BOA VIAGEM, ,483.0,CIDADE,COLISÃO TRASEIRA,1.0,1.0,1.0,1.0,1.0,1.0,1.0,1.0,1.0,0.0,1.0,Longo da via,Bom,Sem defeito,Perfeito estado,Seca,Perfeito estado,Outras,60 km/h,Única," , AV BOA VIAGEM, Recife, Pernambuco, Brasil",-8.0906381,-34.8817684
10625,2019-11-25 09:24:00,SEM VÍTIMA,BOA VIAGEM,RUA SETUBAL,228,60.0,CIDADE,ABALROAMENTO LONGITUDINAL,1.0,1.0,1.0,1.0,1.0,1.0,1.0,1.0,1.0,0.0,1.0,Cruzamento,Bom,Sem defeito,Perfeito estado,Seca,Perfeito estado,Não há placas,60 km/h,Única,"228, RUA SETUBAL, Recife, Pernambuco, Brasil",-8.132902,-34.9018885
6287,2019-07-22 09:11:00,SEM VÍTIMA,BOA VIAGEM,AV CONSELHEIRO AGUIAR,2394,60.0,SUBURBIO,COLISÃO TRASEIRA,2.0,1.0,1.0,1.0,1.0,1.0,1.0,1.0,1.0,0.0,1.0,Longo da via,Chuvoso,Não existe,Perfeito estado,Molhada,Perfeito estado,R-6a,60 km/h,Única,"2394, AV CONSELHEIRO AGUIAR, Recife, Pernambuco, Brasil",-8.1105598,-34.891519
7533,2019-08-31 13:37:00,SEM VÍTIMA,BOA VIAGEM,AV ENGENHEIRO DOMINGOS FERREIRA, ,60.0,SUBURBIO,ABALROAMENTO TRANSVERSAL,2.0,1.0,1.0,1.0,1.0,1.0,1.0,1.0,1.0,0.0,1.0,Cruzamento,Bom,Sem defeito,Perfeito estado,Seca,Perfeito estado,Outras,60 km/h,Única," , AV ENGENHEIRO DOMINGOS FERREIRA, Recife, Pernambuco, Brasil",-8.1155752,-34.8954699
2449,2019-03-20 18:04:00,SEM VÍTIMA,BOA VIAGEM,AV DOM JOAO VI, ,476.0,SUBURBIO,ABALROAMENTO LONGITUDINAL,1.0,1.0,1.0,1.0,1.0,1.0,1.0,1.0,1.0,0.0,1.0,Longo da via,Bom,Sem defeito,Perfeito estado,Seca,Perfeito estado,Não há placas,40 km/h,Única," , AV DOM JOAO VI, Recife, Pernambuco, Brasil",-8.1181195,-34.9061879
10627,2019-11-25 10:16:00,SEM VÍTIMA,BOA VIAGEM,RUA BARAO DE SOUZA LEAO,1301,476.0,SUBURBIO,ABALROAMENTO LONGITUDINAL,1.0,1.0,1.0,1.0,1.0,1.0,1.0,1.0,1.0,0.0,1.0,Longo da via,Bom,Não existe,Perfeito estado,Seca,Perfeito estado,Não há placas,40 km/h,Única,"1301, RUA BARAO DE SOUZA LEAO, Recife, Pernambuco, Brasil",-8.1330968,-34.9118542
7625,2019-09-03 13:25:00,SEM VÍTIMA,BOA VIAGEM,RUA JOSE DA SILVA LUCENA, ,476.0,SUBURBIO,ABALROAMENTO LONGITUDINAL,2.0,1.0,1.0,1.0,1.0,1.0,1.0,1.0,1.0,0.0,1.0,Longo da via,Bom,Não existe,Perfeito estado,Seca,Perfeito estado,Não há placas,40 km/h,Dupla," , RUA JOSE DA SILVA LUCENA, Recife, Pernambuco, Brasil",-8.1127728,-34.9112329
8365,2019-09-25 09:31:00,SEM VÍTIMA,BOA VIAGEM,AV BOA VIAGEM,2820,476.0,CIDADE,ABALROAMENTO LONGITUDINAL,1.0,1.0,1.0,1.0,1.0,1.0,1.0,1.0,1.0,0.0,1.0,Longo da via,Bom,Não existe,Perfeito estado,Seca,Perfeito estado,Não há placas,60 km/h,Única,"2820, AV BOA VIAGEM, Recife, Pernambuco, Brasil",-8.1149691,-34.89222608030974
7623,2019-09-03 12:55:00,SEM VÍTIMA,BOA VIAGEM,RUA HENRIQUE CAPITULINO,2240,476.0,CIDADE,COLISÃO,3.0,1.0,1.0,1.0,1.0,1.0,1.0,1.0,1.0,0.0,1.0,Longo da via,Bom,Não existe,Perfeito estado,Seca,Perfeito estado,Não há placas,60 km/h,Única,"2240, RUA HENRIQUE CAPITULINO, Recife, Pernambuco, Brasil",-8.1086696,-34.8927574
8317,2019-09-23 21:16:00,SEM VÍTIMA,BOA VIAGEM,RUA JONATHAS DE VASCONCELOS,316,476.0,SUBURBIO,ABALROAMENTO TRANSVERSAL,2.0,1.0,1.0,1.0,1.0,1.0,1.0,1.0,1.0,0.0,1.0,Longo da via,Bom,Não existe,Não existente,Seca,Perfeito estado,Não há placas,60 km/h,Dupla,"316, RUA JONATHAS DE VASCONCELOS, Recife, Pernambuco, Brasil",-8.1270134,-34.9074451
2435,2019-03-20 11:48:00,SEM VÍTIMA,BOA VIAGEM,AV ENGENHEIRO DOMINGOS FERREIRA,3904,476.0,SUBURBIO,COLISÃO TRASEIRA,1.0,1.0,1.0,1.0,1.0,1.0,1.0,1.0,1.0,0.0,1.0,Longo da via,Bom,Não existe,Perfeito estado,Seca,Perfeito estado,Não há placas,60 km/h,Única,"3904, AV ENGENHEIRO DOMINGOS FERREIRA, Recife, Pernambuco, Brasil",-8.118197,-34.8970498
10630,2019-11-25 10:41:00,SEM VÍTIMA,BOA VIAGEM,RUA ANTONIO FALCAO, ,476.0,SUBURBIO,ABALROAMENTO LONGITUDINAL,2.0,1.0,1.0,1.0,1.0,1.0,1.0,1.0,1.0,0.0,1.0,Cruzamento,Bom,Não existe,Incompleta,Seca,Mal conservada,Placas Pare,60 km/h,Única," , RUA ANTONIO FALCAO, Recife, Pernambuco, Brasil",-8.1133174,-34.9001629
7622,2019-09-03 12:44:00,SEM VÍTIMA,BOA VIAGEM,AV VINTE DE JANEIRO,651,476.0,CIDADE,ABALROAMENTO LONGITUDINAL,2.0,1.0,1.0,1.0,1.0,1.0,1.0,1.0,1.0,0.0,1.0,Cruzamento,Bom,Não existe,Não existente,Seca,Perfeito estado,Não há placas,40 km/h,Dupla,"651, AV VINTE DE JANEIRO, Recife, Pernambuco, Brasil",-8.1404752,-34.9146675
10632,2019-11-25 11:00:00,SEM VÍTIMA,BOA VIAGEM,RUA PROFESSOR JOAO MEDEIROS, ,476.0,SUBURBIO,COLISÃO TRASEIRA,2.0,1.0,1.0,1.0,1.0,1.0,1.0,1.0,1.0,0.0,1.0,Longo da via,Bom,Não existe,Perfeito estado,Seca,Perfeito estado,Outras,40 km/h,Dupla," , RUA PROFESSOR JOAO MEDEIROS, Recife, Pernambuco, Brasil",-8.1404752,-34.9146675
6297,2019-07-22 12:53:00,SEM VÍTIMA,BOA VIAGEM,AV DOM JOAO VI, ,543.0,SUBURBIO,COLISÃO TRASEIRA,2.0,1.0,1.0,1.0,1.0,1.0,1.0,1.0,1.0,0.0,1.0,Cruzamento,Chuvoso,Sem defeito,Perfeito estado,Molhada,Perfeito estado,Outras,60 km/h,Dupla," , AV DOM JOAO VI, Recife, Pernambuco, Brasil",-8.1181195,-34.9061879
6323,2019-07-23 10:11:00,SEM VÍTIMA,BOA VIAGEM,AV ENGENHEIRO DOMINGOS FERREIRA,1761,543.0,SUBURBIO,COLISÃO TRASEIRA,4.0,1.0,1.0,1.0,1.0,1.0,1.0,1.0,1.0,0.0,1.0,Longo da via,Bom,Não existe,Perfeito estado,Seca,Perfeito estado,Outras,60 km/h,Única,"1761, AV ENGENHEIRO DOMINGOS FERREIRA, Recife, Pernambuco, Brasil",-8.1045979,-34.8890555
6319,2019-07-23 09:16:00,SEM VÍTIMA,BOA VIAGEM,RUA JOAO CARDOSO AIRES, ,543.0,SUBURBIO,ABALROAMENTO TRANSVERSAL,2.0,1.0,1.0,1.0,1.0,1.0,1.0,1.0,1.0,0.0,1.0,Cruzamento,Chuvoso,Não existe,Perfeito estado,Molhada,Perfeito estado,Placas Pare,40 km/h,Única," , RUA JOAO CARDOSO AIRES, Recife, Pernambuco, Brasil",-8.1398987,-34.9138228
10653,2019-11-25 19:51:00,SEM VÍTIMA,BOA VIAGEM,AV BOA VIAGEM,5090,483.0,CIDADE,ABALROAMENTO LONGITUDINAL,1.0,1.0,1.0,1.0,1.0,1.0,1.0,1.0,1.0,0.0,1.0,Longo da via,Bom,Sem defeito,Perfeito estado,Seca,Perfeito estado,Não há placas,60 km/h,Única,"5090, AV BOA VIAGEM, Recife, Pernambuco, Brasil",-8.1335753,-34.9009066
2413,2019-03-19 16:03:00,COM VÍTIMA,BOA VIAGEM,RUA BARAO DE SOUZA LEAO,1438,644.0,CIDADE,COLISÃO TRASEIRA,1.0,1.0,1.0,1.0,1.0,1.0,1.0,1.0,1.0,2.0,1.0,Longo da via,Bom,Sem defeito,Perfeito estado,Seca,Perfeito estado,Não há placas,60 km/h,Única,"1438, RUA BARAO DE SOUZA LEAO, Recife, Pernambuco, Brasil",-8.1324862,-34.9088994
6317,2019-07-23 09:15:00,SEM VÍTIMA,BOA VIAGEM,AV ENGENHEIRO DOMINGOS FERREIRA,2200,644.0,CIDADE,COLISÃO,2.0,1.0,1.0,1.0,1.0,1.0,1.0,1.0,1.0,0.0,1.0,Longo da via,Bom,Sem defeito,Perfeito estado,Seca,Perfeito estado,Não há placas,60 km/h,Única,"2200, AV ENGENHEIRO DOMINGOS FERREIRA, Recife, Pernambuco, Brasil",-8.108877,-34.8917433
6311,2019-07-23 02:21:00,SEM VÍTIMA,BOA VIAGEM,RUA ERNESTO DE PAULA SANTOS, ,304.0,CIDADE,ABALROAMENTO TRANSVERSAL,2.0,1.0,1.0,1.0,1.0,1.0,1.0,1.0,1.0,0.0,1.0,Cruzamento,Chuvoso,Sem defeito,Perfeito estado,Molhada,Perfeito estado,Não há placas,60 km/h,Única," , RUA ERNESTO DE PAULA SANTOS, Recife, Pernambuco, Brasil",-8.1250569,-34.8982175
6168,2019-07-17 19:26:00,SEM VÍTIMA,BOA VIAGEM,RUA ERNESTO DE PAULA SANTOS, ,304.0,SUBURBIO,ABALROAMENTO TRANSVERSAL,2.0,1.0,1.0,1.0,1.0,1.0,1.0,1.0,1.0,0.0,1.0,Cruzamento,Bom,Não existe,Perfeito estado,Seca,Perfeito estado,Placas Pare,60 km/h,Única," , RUA ERNESTO DE PAULA SANTOS, Recife, Pernambuco, Brasil",-8.1250569,-34.8982175
10642,2019-11-25 15:19:00,SEM VÍTIMA,BOA VIAGEM,RUA DR RAUL LAFAYETTE,152,304.0,SUBURBIO,ABALROAMENTO LONGITUDINAL,2.0,1.0,1.0,1.0,1.0,1.0,1.0,1.0,1.0,0.0,1.0,Longo da via,Bom,Não existe,Perfeito estado,Seca,Perfeito estado,Outras,60 km/h,Única,"152, RUA DR RAUL LAFAYETTE, Recife, Pernambuco, Brasil",-8.1250569,-34.8982175
6309,2019-07-22 21:21:00,SEM VÍTIMA,BOA VIAGEM,VIADUTO TANCREDO NEVES, ,304.0,SUBURBIO,ENGAVETAMENTO,3.0,1.0,1.0,1.0,1.0,1.0,1.0,1.0,1.0,0.0,1.0,Longo da via,Bom,Não existe,Perfeito estado,Seca,Perfeito estado,Outras,60 km/h,Única," , VIADUTO TANCREDO NEVES, Recife, Pernambuco, Brasil",-8.1229911,-34.9136711
2426,2019-03-20 09:04:00,SEM VÍTIMA,BOA VIAGEM,AV ENGENHEIRO DOMINGOS FERREIRA,4036,304.0,SUBURBIO,ABALROAMENTO LONGITUDINAL,1.0,1.0,1.0,1.0,1.0,1.0,1.0,1.0,1.0,0.0,1.0,Longo da via,Bom,Não existe,Perfeito estado,Seca,Perfeito estado,Outras,60 km/h,Única,"4036, AV ENGENHEIRO DOMINGOS FERREIRA, Recife, Pernambuco, Brasil",-8.1242048,-34.900249
8355,2019-09-24 20:30:00,COM VÍTIMA,BOA VIAGEM,RUA ERNESTO DE PAULA SANTOS, ,304.0,SUBURBIO,ABALROAMENTO TRANSVERSAL,1.0,2.0,1.0,1.0,1.0,1.0,1.0,1.0,1.0,2.0,1.0,Cruzamento,Bom,Não existe,Incompleta,Seca,Perfeito estado,R-6a,60 km/h,Única," , RUA ERNESTO DE PAULA SANTOS, Recife, Pernambuco, Brasil",-8.1250569,-34.8982175
7542,2019-08-31 22:21:00,SEM VÍTIMA,BOA VIAGEM,AV BOA VIAGEM,1320,304.0,CIDADE,COLISÃO TRASEIRA,3.0,2.0,1.0,1.0,1.0,1.0,1.0,1.0,1.0,0.0,1.0,Longo da via,Bom,Não existe,Ilegível,Seca,Mal iluminada,Não há placas,60 km/h,Única,"1320, AV BOA VIAGEM, Recife, Pernambuco, Brasil",-8.1028731,-34.88624345767715
2428,2019-03-20 09:13:00,SEM VÍTIMA,BOA VIAGEM,AV ENGENHEIRO DOMINGOS FERREIRA,4070,304.0,CIDADE,COLISÃO,1.0,2.0,1.0,1.0,1.0,1.0,1.0,1.0,1.0,0.0,1.0,Longo da via,Bom,Não existe,Ilegível,Seca,Mal iluminada,Não há placas,60 km/h,Única,"4070, AV ENGENHEIRO DOMINGOS FERREIRA, Recife, Pernambuco, Brasil",-8.118197,-34.8970498
6304,2019-07-22 19:35:00,SEM VÍTIMA,BOA VIAGEM,AV ENGENHEIRO DOMINGOS FERREIRA, ,183.0,CIDADE,ABALROAMENTO LONGITUDINAL,2.0,2.0,1.0,1.0,1.0,1.0,1.0,1.0,1.0,0.0,1.0,Longo da via,Chuvoso,Não existe,Perfeito estado,Molhada,Perfeito estado,Não há placas,60 km/h,Única," , nan, Recife, Pernambuco, Brasil",-8.0584933,-34.8848193
10639,2019-11-25 14:15:00,SEM VÍTIMA,BOA VIAGEM,AV BOA VIAGEM,4988,183.0,SUBURBIO,ABALROAMENTO LONGITUDINAL,1.0,2.0,1.0,1.0,1.0,1.0,1.0,1.0,1.0,0.0,1.0,Longo da via,Bom,Não existe,Não existente,Seca,Perfeito estado,Não há placas,60 km/h,Única,"4988, AV BOA VIAGEM, Recife, Pernambuco, Brasil",-8.1072276,-34.8878628
2652,2019-03-26 14:56:00,COM VÍTIMA,BOA VIAGEM,AV BOA VIAGEM,342,183.0,SUBURBIO,ACID. DE PERCURSO,1.0,1.0,1.0,1.0,1.0,1.0,1.0,1.0,1.0,1.0,1.0,Longo da via,Bom,Não existe,Não existente,Seca,Perfeito estado,Não há placas,60 km/h,Única,"342, AV BOA VIAGEM, Recife, Pernambuco, Brasil",-8.1072276,-34.8878628
8445,2019-09-27 10:33:00,SEM VÍTIMA,BOA VIAGEM,AV CONSELHEIRO AGUIAR,187,127.0,CIDADE,ABALROAMENTO TRANSVERSAL,2.0,1.0,1.0,1.0,1.0,1.0,1.0,1.0,1.0,0.0,1.0,Cruzamento,Bom,Sem defeito,Perfeito estado,Seca,Perfeito estado,Não há placas,60 km/h,Única,"187, AV CONSELHEIRO AGUIAR, Recife, Pernambuco, Brasil",-8.1141184,-34.8933999
7485,2019-08-29 20:00:00,SEM VÍTIMA,BOA VIAGEM,AV FERNANDO SIMOES BARBOSA,20,127.0,SUBURBIO,COLISÃO TRASEIRA,3.0,1.0,1.0,1.0,1.0,1.0,1.0,1.0,1.0,0.0,1.0,Longo da via,Bom,Não existe,Perfeito estado,Seca,Perfeito estado,Não há placas,60 km/h,Única,"20, AV FERNANDO SIMOES BARBOSA, Recife, Pernambuco, Brasil",-8.129053,-34.9023261
10326,2019-11-17 08:35:00,SEM VÍTIMA,BOA VIAGEM,AV ENGENHEIRO DOMINGOS FERREIRA, ,127.0,SUBURBIO,ABALROAMENTO LONGITUDINAL,1.0,1.0,1.0,1.0,1.0,1.0,1.0,1.0,1.0,0.0,1.0,Longo da via,Bom,Não existe,Perfeito estado,Seca,Perfeito estado,R-6a,60 km/h,Única," , AV ENGENHEIRO DOMINGOS FERREIRA, Recife, Pernambuco, Brasil",-8.1155752,-34.8954699
2956,2019-04-04 10:33:00,SEM VÍTIMA,BOA VIAGEM,RUA SA E SOUZA,725,127.0,SUBURBIO,COLISÃO,1.0,1.0,1.0,1.0,1.0,1.0,1.0,1.0,1.0,0.0,1.0,Longo da via,Bom,Não existe,Perfeito estado,Seca,Perfeito estado,R-6a,60 km/h,Única,"725, RUA SA E SOUZA, Recife, Pernambuco, Brasil",-8.1393503,-34.9075037
2952,2019-04-04 09:37:00,SEM VÍTIMA,BOA VIAGEM,AV DES JOSE NEVES, ,476.0,SUBURBIO,ABALROAMENTO LONGITUDINAL,2.0,1.0,1.0,1.0,1.0,1.0,1.0,1.0,1.0,0.0,1.0,Cruzamento,Bom,Sem defeito,Perfeito estado,Seca,Perfeito estado,R-6a,60 km/h,Dupla," , AV DES JOSE NEVES, Recife, Pernambuco, Brasil",-8.142685,-34.9180258
6030,2019-07-12 17:35:00,SEM VÍTIMA,BOA VIAGEM,RUA PADRE CARAPUCEIRO,501,476.0,SUBURBIO,ABALROAMENTO TRANSVERSAL,1.0,1.0,1.0,1.0,1.0,1.0,1.0,1.0,1.0,0.0,1.0,Cruzamento,Bom,Sem defeito,Perfeito estado,Seca,Perfeito estado,Não há placas,60 km/h,Única,"501, RUA PADRE CARAPUCEIRO, Recife, Pernambuco, Brasil",-8.1186953,-34.8987293
2943,2019-04-03 21:41:00,SEM VÍTIMA,BOA VIAGEM,RUA PROFESSOR JOAO MEDEIROS, ,183.0,CIDADE,COLISÃO TRASEIRA,2.0,1.0,1.0,1.0,1.0,1.0,1.0,1.0,1.0,0.0,1.0,Cruzamento,Bom,Sem defeito,Perfeito estado,Seca,Perfeito estado,R-6a,60 km/h,Dupla," , RUA PROFESSOR JOAO MEDEIROS, Recife, Pernambuco, Brasil",-8.1186953,-34.8987293
10338,2019-11-17 14:59:00,COM VÍTIMA,BOA VIAGEM,AV BOA VIAGEM,2530,183.0,CIDADE,ABALROAMENTO LONGITUDINAL,2.0,1.0,1.0,1.0,1.0,1.0,1.0,1.0,1.0,1.0,1.0,Longo da via,Bom,Sem defeito,Perfeito estado,Seca,Perfeito estado,Não há placas,60 km/h,Única,"2530, AV BOA VIAGEM, Recife, Pernambuco, Brasil",-8.1126666,-34.890921086630705
10340,2019-11-17 17:21:00,SEM VÍTIMA,BOA VIAGEM,RUA JOAO CARDOSO AIRES, ,183.0,SUBURBIO,ABALROAMENTO LONGITUDINAL,2.0,1.0,1.0,1.0,1.0,1.0,1.0,1.0,1.0,0.0,1.0,Cruzamento,Bom,Não existe,Perfeito estado,Seca,Perfeito estado,R-6a,60 km/h,Única," , RUA JOAO CARDOSO AIRES, Recife, Pernambuco, Brasil",-8.1398987,-34.9138228
6041,2019-07-13 01:47:00,COM VÍTIMA,BOA VIAGEM,AV ENGENHEIRO DOMINGOS FERREIRA, ,183.0,CID/SUB,ABALROAMENTO TRANSVERSAL,2.0,1.0,1.0,1.0,1.0,1.0,1.0,1.0,1.0,1.0,1.0,Cruzamento,Bom,Sem defeito,Perfeito estado,Seca,Perfeito estado,R-6a,60 km/h,Única," , AV ENGENHEIRO DOMINGOS FERREIRA, Recife, Pernambuco, Brasil",-8.1155752,-34.8954699
10343,2019-11-17 19:11:00,SEM VÍTIMA,BOA VIAGEM,AV DOM JOAO VI, ,183.0,CIDADE,ABALROAMENTO LONGITUDINAL,2.0,1.0,1.0,1.0,1.0,1.0,1.0,1.0,1.0,0.0,1.0,Cruzamento,Bom,Sem defeito,Perfeito estado,Seca,Perfeito estado,Não há placas,50 km/h,Única," , AV DOM JOAO VI, Recife, Pernambuco, Brasil",-8.1181195,-34.9061879
2926,2019-04-03 14:21:00,SEM VÍTIMA,BOA VIAGEM,RUA VISCONDE DE JEQUITINHONHA,1140,183.0,SUBURBIO,COLISÃO TRASEIRA,3.0,1.0,1.0,1.0,1.0,1.0,1.0,1.0,1.0,0.0,1.0,Longo da via,Bom,Sem defeito,Perfeito estado,Seca,Perfeito estado,Não há placas,50 km/h,Dupla,"1140, RUA VISCONDE DE JEQUITINHONHA, Recife, Pernambuco, Brasil",-8.1383153,-34.9037576
2925,2019-04-03 14:07:00,SEM VÍTIMA,BOA VIAGEM,AV ENGENHEIRO DOMINGOS FERREIRA, ,183.0,SUBURBIO,COLISÃO TRASEIRA,2.0,1.0,1.0,1.0,1.0,1.0,1.0,1.0,1.0,0.0,1.0,Longo da via,Bom,Não existe,Perfeito estado,Seca,Perfeito estado,R-6a,60 km/h,Única," , AV ENGENHEIRO DOMINGOS FERREIRA, Recife, Pernambuco, Brasil",-8.1155752,-34.8954699
6042,2019-07-13 02:37:00,SEM VÍTIMA,BOA VIAGEM,AV ANTONIO DE GOES, ,183.0,CIDADE,CHOQUE OBJETO FIXO,1.0,1.0,1.0,1.0,1.0,1.0,1.0,1.0,1.0,0.0,1.0,Longo da via,Chuvoso,Não existe,Perfeito estado,Molhada,Perfeito estado,R-6a,60 km/h,Única," , AV ANTONIO DE GOES, Recife, Pernambuco, Brasil",-8.0868807,-34.8853409
8508,2019-09-29 12:21:00,SEM VÍTIMA,BOA VIAGEM,RUA VISCONDE DE JEQUITINHONHA,1360,183.0,CIDADE,COLISÃO,1.0,1.0,1.0,1.0,1.0,1.0,1.0,1.0,1.0,0.0,1.0,Longo da via,Chuvoso,Não existe,Perfeito estado,Molhada,Perfeito estado,R-6a,60 km/h,Única,"1360, RUA VISCONDE DE JEQUITINHONHA, Recife, Pernambuco, Brasil",-8.1333552,-34.9031007
2916,2019-04-03 08:11:00,SEM VÍTIMA,BOA VIAGEM,AV BOA VIAGEM,5740,183.0,CIDADE,COLISÃO TRASEIRA,2.0,1.0,1.0,1.0,1.0,1.0,1.0,1.0,1.0,0.0,1.0,Longo da via,Bom,Sem defeito,Perfeito estado,Seca,Perfeito estado,Não há placas,60 km/h,Única,"5740, AV BOA VIAGEM, Recife, Pernambuco, Brasil",-8.1391356,-34.9030353
2962,2019-04-04 13:12:00,SEM VÍTIMA,BOA VIAGEM,AVENIDA CELSO FURTADO (VIA MANGUE),75,183.0,SUBURBIO,COLISÃO TRASEIRA,3.0,1.0,1.0,1.0,1.0,1.0,1.0,1.0,1.0,0.0,1.0,Longo da via,Bom,Não existe,Perfeito estado,Seca,Perfeito estado,Outras,50 km/h,Dupla,"75, AVENIDA CELSO FURTADO (VIA MANGUE), Recife, Pernambuco, Brasil",-8.1391356,-34.9030353
7386,2019-08-26 16:37:00,SEM VÍTIMA,BOA VIAGEM,RUA SYLO BITTENCOURT,94,183.0,SUBURBIO,ABALROAMENTO TRANSVERSAL,2.0,1.0,1.0,1.0,1.0,1.0,1.0,1.0,1.0,0.0,1.0,Longo da via,Bom,Não existe,Perfeito estado,Seca,Perfeito estado,Não há placas,50 km/h,Dupla,"94, RUA SYLO BITTENCOURT, Recife, Pernambuco, Brasil",-8.1331884,-34.9080427
7709,2019-09-06 02:17:00,SEM VÍTIMA,BOA VIAGEM,AV ENGENHEIRO DOMINGOS FERREIRA, ,183.0,SUBURBIO,COLISÃO TRASEIRA,2.0,1.0,1.0,1.0,1.0,1.0,1.0,1.0,1.0,0.0,1.0,Longo da via,Chuvoso,Sem defeito,Perfeito estado,Molhada,Perfeito estado,Outras,50 km/h,Única," , AV ENGENHEIRO DOMINGOS FERREIRA, Recife, Pernambuco, Brasil",-8.1155752,-34.8954699
2911,2019-04-02 20:02:00,SEM VÍTIMA,BOA VIAGEM,AV ENGENHEIRO DOMINGOS FERREIRA,4650,183.0,SUBURBIO,COLISÃO TRASEIRA,1.0,1.0,1.0,1.0,1.0,1.0,1.0,1.0,1.0,0.0,1.0,Longo da via,Bom,Não existe,Perfeito estado,Seca,Perfeito estado,Não há placas,50 km/h,Única,"4650, AV ENGENHEIRO DOMINGOS FERREIRA, Recife, Pernambuco, Brasil",-8.1292986,-34.9024648
2906,2019-04-02 18:20:00,SEM VÍTIMA,BOA VIAGEM,AV ENGENHEIRO DOMINGOS FERREIRA, ,183.0,SUBURBIO,ABALROAMENTO LONGITUDINAL,1.0,1.0,1.0,1.0,1.0,1.0,1.0,1.0,1.0,0.0,1.0,Longo da via,Bom,Não existe,Perfeito estado,Seca,Perfeito estado,Não há placas,60 km/h,Única," , AV ENGENHEIRO DOMINGOS FERREIRA, Recife, Pernambuco, Brasil",-8.1155752,-34.8954699
2895,2019-04-02 13:55:00,SEM VÍTIMA,BOA VIAGEM,AV CONSELHEIRO AGUIAR,2205,183.0,CIDADE,ABALROAMENTO LONGITUDINAL,2.0,1.0,1.0,1.0,1.0,1.0,1.0,1.0,1.0,0.0,1.0,Longo da via,Bom,Não existe,Perfeito estado,Seca,Perfeito estado,Outras,60 km/h,Única,"2205, AV CONSELHEIRO AGUIAR, Recife, Pernambuco, Brasil",-8.1091216,-34.8901841
8494,2019-09-28 19:22:00,SEM VÍTIMA,BOA VIAGEM,RUA ERNESTO DE PAULA SANTOS, ,183.0,CIDADE,ABALROAMENTO LONGITUDINAL,2.0,1.0,1.0,1.0,1.0,1.0,1.0,1.0,1.0,0.0,1.0,Cruzamento,Bom,Não existe,Ilegível,Seca,Mal conservada,Não há placas,60 km/h,Dupla," , RUA ERNESTO DE PAULA SANTOS, Recife, Pernambuco, Brasil",-8.1250569,-34.8982175
7707,2019-09-05 23:26:00,SEM VÍTIMA,BOA VIAGEM,RUA FRANCA PEREIRA, ,183.0,CIDADE,ABALROAMENTO LONGITUDINAL,2.0,1.0,1.0,1.0,1.0,1.0,1.0,1.0,1.0,0.0,1.0,Longo da via,Chuvoso,Não existe,Incompleta,Molhada,Perfeito estado,Outras,60 km/h,Dupla," , RUA FRANCA PEREIRA, Recife, Pernambuco, Brasil",-8.1064785,-34.8884049
2889,2019-04-02 12:35:00,COM VÍTIMA,BOA VIAGEM,AV BOA VIAGEM, ,183.0,CIDADE,ATROPELAMENTO,1.0,1.0,1.0,1.0,1.0,1.0,1.0,1.0,1.0,1.0,1.0,Longo da via,Chuvoso,Não existe,Incompleta,Molhada,Perfeito estado,Outras,60 km/h,Dupla," , AV BOA VIAGEM, Recife, Pernambuco, Brasil",-8.0906381,-34.8817684
8492,2019-09-28 18:22:00,SEM VÍTIMA,BOA VIAGEM,AV CONSELHEIRO AGUIAR,2775,183.0,CIDADE,ABALROAMENTO LONGITUDINAL,2.0,1.0,1.0,1.0,1.0,1.0,1.0,1.0,1.0,0.0,1.0,Longo da via,Bom,Sem defeito,Perfeito estado,Seca,Perfeito estado,R-6a,40 km/h,Única,"2775, AV CONSELHEIRO AGUIAR, Recife, Pernambuco, Brasil",-8.1137404,-34.8928426
2886,2019-04-02 11:52:00,SEM VÍTIMA,BOA VIAGEM,RUA PROFESSOR AUGUSTO LINS E SILVA,125,183.0,CIDADE,COLISÃO,1.0,1.0,1.0,1.0,1.0,1.0,1.0,1.0,1.0,0.0,1.0,Longo da via,Bom,Sem defeito,Perfeito estado,Seca,Perfeito estado,R-6a,40 km/h,Única,"125, RUA PROFESSOR AUGUSTO LINS E SILVA, Recife, Pernambuco, Brasil",-8.1411075,-34.9063036
2881,2019-04-02 07:11:00,SEM VÍTIMA,BOA VIAGEM,AV ENGENHEIRO DOMINGOS FERREIRA, ,200.0,SUBURBIO,ABALROAMENTO TRANSVERSAL,2.0,1.0,1.0,1.0,1.0,1.0,1.0,1.0,1.0,0.0,1.0,Cruzamento,Bom,Sem defeito,Perfeito estado,Seca,Mal conservada,Não há placas,40 km/h,Única," , AV ENGENHEIRO DOMINGOS FERREIRA, Recife, Pernambuco, Brasil",-8.1155752,-34.8954699