,data_hora,natureza_acidente,bairro,endereco,numero,num_semaforo,sentido_via,tipo,auto,moto,ciclom,ciclista,pedestre,onibus,caminhao,viatura,outros,vitimas,vitimasfatais,acidente_verificado,tempo_clima,situacao_semaforo,sinalizacao,condicao_via,conservacao_via,situacao_placa,velocidade_max_via,mao_direcao,end,latitude,longitude
10370,2019-11-18 12:14:00,SEM VÍTIMA,BOA VIAGEM,RUA DOS NAVEGANTES, ,200.0,SUBURBIO,ABALROAMENTO TRANSVERSAL,2.0,1.0,1.0,1.0,1.0,1.0,1.0,1.0,1.0,0.0,1.0,Cruzamento,Bom,Não existe,Perfeito estado,Seca,Perfeito estado,Não há placas,40 km/h,Única," , RUA DOS NAVEGANTES, Recife, Pernambuco, Brasil",-8.1199395,-34.8957061
7413,2019-08-27 16:21:00,SEM VÍTIMA,BOA VIAGEM,AV BOA VIAGEM,6166,200.0,SUBURBIO,ABALROAMENTO TRANSVERSAL,2.0,1.0,1.0,1.0,1.0,1.0,1.0,1.0,1.0,0.0,1.0,Cruzamento,Bom,Não existe,Perfeito estado,Seca,Perfeito estado,Outras,40 km/h,Única,"6166, AV BOA VIAGEM, Recife, Pernambuco, Brasil",-8.1427978,-34.904268
6062,2019-07-13 20:39:00,SEM VÍTIMA,BOA VIAGEM,AV ENGENHEIRO DOMINGOS FERREIRA, ,200.0,SUBURBIO,ABALROAMENTO LONGITUDINAL,2.0,1.0,1.0,1.0,1.0,1.0,1.0,1.0,1.0,0.0,1.0,Cruzamento,Bom,Sem defeito,Perfeito estado,Seca,Perfeito estado,Outras,40 km/h,Única," , AV ENGENHEIRO DOMINGOS FERREIRA, Recife, Pernambuco, Brasil",-8.1155752,-34.8954699
6063,2019-07-13 20:54:00,SEM VÍTIMA,BOA VIAGEM,RUA RIBEIRO DE BRITO, ,200.0,SUBURBIO,COLISÃO TRASEIRA,3.0,1.0,1.0,1.0,1.0,1.0,1.0,1.0,1.0,0.0,1.0,Viaduto,Chuvoso,Não existe,Perfeito estado,Molhada,Perfeito estado,Não há placas,40 km/h,Única," , RUA RIBEIRO DE BRITO, Recife, Pernambuco, Brasil",-8.1235605,-34.8998419
8500,2019-09-29 01:22:00,COM VÍTIMA,BOA VIAGEM,AV CONSELHEIRO AGUIAR,2696,549.0,C,ABALROAMENTO TRANSVERSAL,1.0,1.0,1.0,1.0,1.0,1.0,1.0,1.0,1.0,1.0,1.0,Cruzamento,Bom,Sem defeito,Perfeito estado,Seca,Perfeito estado,R-6a,40 km/h,Única,"2696, AV CONSELHEIRO AGUIAR, Recife, Pernambuco, Brasil",-8.11293595,-34.89290302617866
10322,2019-11-16 20:45:00,SEM VÍTIMA,BOA VIAGEM,RUA VISCONDE DE JEQUITINHONHA, ,258.0,SUBURBIO,COLISÃO TRASEIRA,2.0,1.0,1.0,1.0,1.0,1.0,1.0,1.0,1.0,0.0,1.0,Longo da via,Bom,Sem defeito,Perfeito estado,Seca,Perfeito estado,Não há placas,40 km/h,Única," , RUA VISCONDE DE JEQUITINHONHA, Recife, Pernambuco, Brasil",-8.1337535,-34.9025533
8523,2019-09-30 07:02:00,SEM VÍTIMA,BOA VIAGEM,AV BOA VIAGEM,6576,258.0,CIDADE,COLISÃO TRASEIRA,2.0,1.0,1.0,1.0,1.0,1.0,1.0,1.0,1.0,0.0,1.0,Longo da via,Bom,Não existe,Perfeito estado,Seca,Perfeito estado,Não há placas,60 km/h,Única,"6576, AV BOA VIAGEM, Recife, Pernambuco, Brasil",-8.146249,-34.9060395
2967,2019-04-04 14:20:00,SEM VÍTIMA,BOA VIAGEM,AV ENGENHEIRO DOMINGOS FERREIRA, ,258.0,CIDADE,ABALROAMENTO LONGITUDINAL,1.0,1.0,1.0,1.0,1.0,1.0,1.0,1.0,1.0,0.0,1.0,Longo da via,Bom,Sem defeito,Perfeito estado,Seca,Perfeito estado,Não há placas,60 km/h,Dupla," , AV ENGENHEIRO DOMINGOS FERREIRA, Recife, Pernambuco, Brasil",-8.1155752,-34.8954699
3047,2019-04-06 22:07:00,SEM VÍTIMA,BOA VIAGEM,AV BOA VIAGEM,2900,258.0,CIDADE,COLISÃO,1.0,1.0,1.0,1.0,1.0,1.0,1.0,1.0,1.0,0.0,1.0,Longo da via,Bom,Sem defeito,Perfeito estado,Seca,Perfeito estado,Não há placas,60 km/h,Dupla,"2900, AV BOA VIAGEM, Recife, Pernambuco, Brasil",-8.1072276,-34.8878628
3042,2019-04-06 15:49:00,SEM VÍTIMA,BOA VIAGEM,RUA RIBEIRO DE BRITO,1250,258.0,SUBURBIO,COLISÃO TRASEIRA,1.0,1.0,1.0,1.0,1.0,1.0,1.0,1.0,1.0,0.0,1.0,Longo da via,Bom,Não existe,Perfeito estado,Seca,Perfeito estado,R-6a,60 km/h,Única,"1250, RUA RIBEIRO DE BRITO, Recife, Pernambuco, Brasil",-8.1229545,-34.9045403
3040,2019-04-06 15:00:00,SEM VÍTIMA,BOA VIAGEM,AVENIDA CELSO FURTADO (VIA MANGUE), ,258.0,CIDADE,COLISÃO TRASEIRA,2.0,1.0,1.0,1.0,1.0,1.0,1.0,1.0,1.0,0.0,1.0,Cruzamento,Bom,Não existe,Perfeito estado,Seca,Perfeito estado,Outras,60 km/h,Dupla," , AVENIDA CELSO FURTADO (VIA MANGUE), Recife, Pernambuco, Brasil",-8.1229545,-34.9045403
5989,2019-07-11 12:24:00,SEM VÍTIMA,BOA VIAGEM,AV VINTE DE JANEIRO,1033,258.0,CIDADE,ABALROAMENTO LONGITUDINAL,1.0,1.0,1.0,1.0,1.0,1.0,1.0,1.0,1.0,0.0,1.0,Cruzamento,Bom,Não existe,Não existente,Seca,Perfeito estado,Não há placas,60 km/h,Dupla,"1033, AV VINTE DE JANEIRO, Recife, Pernambuco, Brasil",-8.1378905,-34.9142263
3034,2019-04-06 11:32:00,SEM VÍTIMA,BOA VIAGEM,AV BOA VIAGEM,6116,1.0,SUBURBIO,COLISÃO TRASEIRA,3.0,1.0,1.0,1.0,1.0,1.0,1.0,1.0,1.0,0.0,1.0,Longo da via,Bom,Sem defeito,Perfeito estado,Seca,Perfeito estado,Não há placas,60 km/h,Única,"6116, AV BOA VIAGEM, Recife, Pernambuco, Brasil",-8.1072276,-34.8878628
7364,2019-08-25 20:31:00,COM VÍTIMA,BOA VIAGEM,AV BOA VIAGEM, ,1.0,CIDADE,ABALROAMENTO LONGITUDINAL,3.0,2.0,1.0,1.0,1.0,1.0,1.0,1.0,1.0,1.0,1.0,Longo da via,Bom,Sem defeito,Perfeito estado,Seca,Perfeito estado,Outras,60 km/h,Única," , AV BOA VIAGEM, Recife, Pernambuco, Brasil",-8.0906381,-34.8817684
10288,2019-11-14 22:58:00,COM VÍTIMA,BOA VIAGEM,RUA CORONEL ANIZIO RODRIGUES COELHO, ,1.0,CIDADE,COLISÃO,1.0,1.0,1.0,1.0,1.0,1.0,1.0,1.0,1.0,1.0,1.0,Longo da via,Bom,Sem defeito,Perfeito estado,Seca,Perfeito estado,Outras,60 km/h,Única," , RUA CORONEL ANIZIO RODRIGUES COELHO, Recife, Pernambuco, Brasil",-8.1269288,-34.9068801
8272,2019-09-22 06:32:00,SEM VÍTIMA,BOA VIAGEM,AV ARMINDO MOURA, ,1.0,CIDADE,ABALROAMENTO TRANSVERSAL,1.0,1.0,1.0,1.0,1.0,1.0,1.0,1.0,1.0,0.0,1.0,Longo da via,Bom,Não existe,Perfeito estado,Seca,Perfeito estado,R-6a,40 km/h,Dupla," , AV ARMINDO MOURA, Recife, Pernambuco, Brasil",-8.1505541,-34.9092858
7726,2019-09-06 14:42:00,SEM VÍTIMA,BOA VIAGEM,AV ENGENHEIRO DOMINGOS FERREIRA, ,1.0,SUBURBIO,COLISÃO TRASEIRA,2.0,1.0,1.0,1.0,1.0,1.0,1.0,1.0,1.0,0.0,1.0,Longo da via,Bom,Não existe,Perfeito estado,Seca,Perfeito estado,R-6a,60 km/h,Dupla," , AV ENGENHEIRO DOMINGOS FERREIRA, Recife, Pernambuco, Brasil",-8.1155752,-34.8954699
3025,2019-04-06 01:50:00,SEM VÍTIMA,BOA VIAGEM,AV ENGENHEIRO DOMINGOS FERREIRA, ,1.0,SUBURBIO,COLISÃO TRASEIRA,2.0,1.0,1.0,1.0,1.0,1.0,1.0,1.0,1.0,0.0,1.0,Longo da via,Chuvoso,Sem defeito,Perfeito estado,Molhada,Perfeito estado,Não há placas,60 km/h,Única," , AV ENGENHEIRO DOMINGOS FERREIRA, Recife, Pernambuco, Brasil",-8.1155752,-34.8954699
7366,2019-08-26 06:44:00,SEM VÍTIMA,BOA VIAGEM,AV DES JOSE NEVES, ,1.0,CIDADE,ABALROAMENTO LONGITUDINAL,2.0,1.0,1.0,1.0,1.0,1.0,1.0,1.0,1.0,0.0,1.0,Cruzamento,Chuvoso,Não existe,Incompleta,Molhada,Perfeito estado,Placas Pare,60 km/h,Dupla," , AV DES JOSE NEVES, Recife, Pernambuco, Brasil",-8.142685,-34.9180258
6484,2019-07-29 17:57:00,SEM VÍTIMA,BOA VIAGEM,AV DES JOSE NEVES, ,567.0,CIDADE,ABALROAMENTO LONGITUDINAL,2.0,1.0,1.0,1.0,1.0,1.0,1.0,1.0,1.0,0.0,1.0,Longo da via,Bom,Sem defeito,Perfeito estado,Seca,Perfeito estado,Outras,60 km/h,Dupla," , AV DES JOSE NEVES, Recife, Pernambuco, Brasil",-8.142685,-34.9180258
3020,2019-04-05 20:09:00,SEM VÍTIMA,BOA VIAGEM,RUA ANTONIO FALCAO,384,567.0,CIDADE,ABALROAMENTO LONGITUDINAL,2.0,1.0,1.0,1.0,1.0,1.0,1.0,1.0,1.0,0.0,1.0,Longo da via,Bom,Não existe,Perfeito estado,Seca,Perfeito estado,Não há placas,40 km/h,Única,"384, RUA ANTONIO FALCAO, Recife, Pernambuco, Brasil",-8.1152378,-34.8961905
7369,2019-08-26 08:13:00,SEM VÍTIMA,BOA VIAGEM,RUA RIBEIRO DE BRITO,1097,567.0,SUBURBIO,ABALROAMENTO LONGITUDINAL,1.0,1.0,1.0,1.0,1.0,1.0,1.0,1.0,1.0,0.0,1.0,Longo da via,Chuvoso,Não existe,Perfeito estado,Molhada,Perfeito estado,Não há placas,40 km/h,Única,"1097, RUA RIBEIRO DE BRITO, Recife, Pernambuco, Brasil",-8.1231866,-34.906121
3013,2019-04-05 16:52:00,SEM VÍTIMA,BOA VIAGEM,RUA PADRE CABRAL,45,567.0,SUBURBIO,ABALROAMENTO LONGITUDINAL,1.0,1.0,1.0,1.0,1.0,1.0,1.0,1.0,1.0,0.0,1.0,Longo da via,Bom,Não existe,Ilegível,Seca,Perfeito estado,R-6a,40 km/h,Dupla,"45, RUA PADRE CABRAL, Recife, Pernambuco, Brasil",-8.1337048,-34.9051978
6482,2019-07-29 16:27:00,SEM VÍTIMA,BOA VIAGEM,RUA ALFREDO MARCONDES, ,567.0,SUBURBIO,COLISÃO,3.0,1.0,1.0,1.0,1.0,1.0,1.0,1.0,1.0,0.0,1.0,Longo da via,Bom,Não existe,Ilegível,Seca,Perfeito estado,R-6a,40 km/h,Dupla," , RUA ALFREDO MARCONDES, Recife, Pernambuco, Brasil",-8.1113689,-34.9071724
8527,2019-09-30 08:20:00,SEM VÍTIMA,BOA VIAGEM,RUA CAMBOIM, ,567.0,SUBURBIO,ABALROAMENTO LONGITUDINAL,1.0,1.0,1.0,1.0,1.0,1.0,1.0,1.0,1.0,0.0,1.0,Cruzamento,Bom,Não existe,Não existente,Seca,Perfeito estado,Não há placas,40 km/h,Dupla," , RUA CAMBOIM, Recife, Pernambuco, Brasil",-8.1353389,-34.9127813
2968,2019-04-04 14:20:00,SEM VÍTIMA,BOA VIAGEM,RUA ERNESTO DE PAULA SANTOS, ,567.0,SUBURBIO,COLISÃO,1.0,1.0,1.0,1.0,1.0,1.0,1.0,1.0,1.0,0.0,1.0,Cruzamento,Bom,Não existe,Não existente,Seca,Perfeito estado,Não há placas,40 km/h,Dupla," , RUA ERNESTO DE PAULA SANTOS, Recife, Pernambuco, Brasil",-8.1250569,-34.8982175
7721,2019-09-06 12:21:00,SEM VÍTIMA,BOA VIAGEM,RUA JOAO CARDOSO AIRES,971,567.0,SUBURBIO,ABALROAMENTO TRANSVERSAL,2.0,1.0,1.0,1.0,1.0,1.0,1.0,1.0,1.0,0.0,1.0,Cruzamento,Bom,Não existe,Não existente,Seca,Perfeito estado,Placas Pare,40 km/h,Dupla,"971, RUA JOAO CARDOSO AIRES, Recife, Pernambuco, Brasil",-8.1401176,-34.9136922
8275,2019-09-22 13:19:00,SEM VÍTIMA,BOA VIAGEM,AV BOA VIAGEM,1292,567.0,SUBURBIO,ABALROAMENTO LONGITUDINAL,1.0,1.0,1.0,1.0,1.0,1.0,1.0,1.0,1.0,0.0,1.0,Longo da via,Bom,Não existe,Perfeito estado,Seca,Perfeito estado,Não há placas,60 km/h,Única,"1292, AV BOA VIAGEM, Recife, Pernambuco, Brasil",-8.1026977,-34.8861078992915
10320,2019-11-16 17:09:00,SEM VÍTIMA,BOA VIAGEM,RUA DEZ DE JULHO, ,572.0,SUBURBIO,COLISÃO TRASEIRA,2.0,1.0,1.0,1.0,1.0,1.0,1.0,1.0,1.0,0.0,1.0,Longo da via,Bom,Sem defeito,Perfeito estado,Seca,Perfeito estado,Não há placas,30 km/h,Única," , RUA DEZ DE JULHO, Recife, Pernambuco, Brasil",-8.1347718,-34.9135475
10318,2019-11-16 13:15:00,COM VÍTIMA,BOA VIAGEM,RUA BARAO DE SOUZA LEAO,1544,572.0,SUBURBIO,TOMBAMENTO,2.0,1.0,1.0,1.0,1.0,1.0,1.0,1.0,1.0,1.0,1.0,Longo da via,Bom,Não existe,Não existente,Seca,Perfeito estado,Não há placas,30 km/h,Única,"1544, RUA BARAO DE SOUZA LEAO, Recife, Pernambuco, Brasil",-8.1325839,-34.914039
2975,2019-04-04 16:58:00,SEM VÍTIMA,BOA VIAGEM,AV ENGENHEIRO DOMINGOS FERREIRA, ,572.0,SUBURBIO,COLISÃO,1.0,1.0,1.0,1.0,1.0,1.0,1.0,1.0,1.0,0.0,1.0,Longo da via,Bom,Não existe,Não existente,Seca,Perfeito estado,Não há placas,30 km/h,Única," , AV ENGENHEIRO DOMINGOS FERREIRA, Recife, Pernambuco, Brasil",-8.1155752,-34.8954699
6473,2019-07-29 11:55:00,COM VÍTIMA,BOA VIAGEM,AV ENGENHEIRO DOMINGOS FERREIRA,2886,572.0,SUBURBIO,ABALROAMENTO TRANSVERSAL,1.0,1.0,1.0,1.0,1.0,1.0,1.0,1.0,1.0,1.0,1.0,Longo da via,Bom,Sem defeito,Perfeito estado,Seca,Perfeito estado,Não há placas,30 km/h,Única,"2886, AV ENGENHEIRO DOMINGOS FERREIRA, Recife, Pernambuco, Brasil",-8.1144424,-34.8950387
6018,2019-07-12 10:31:00,SEM VÍTIMA,BOA VIAGEM,RUA ERNESTO DE PAULA SANTOS,620,572.0,SUBURBIO,ABALROAMENTO LONGITUDINAL,2.0,1.0,1.0,1.0,1.0,1.0,1.0,1.0,1.0,0.0,1.0,Longo da via,Bom,Não existe,Perfeito estado,Seca,Perfeito estado,Outras,30 km/h,Única,"620, RUA ERNESTO DE PAULA SANTOS, Recife, Pernambuco, Brasil",-8.1248125,-34.8995609
2991,2019-04-05 09:22:00,COM VÍTIMA,BOA VIAGEM,RUA CORONEL BENEDITO CHAVES,801,572.0,SUBURBIO,ABALROAMENTO TRANSVERSAL,1.0,1.0,1.0,1.0,1.0,1.0,1.0,1.0,1.0,1.0,1.0,Cruzamento,Bom,Não existe,Perfeito estado,Seca,Perfeito estado,Não há placas,40 km/h,Única,"801, RUA CORONEL BENEDITO CHAVES, Recife, Pernambuco, Brasil",-8.1279166,-34.9014682
10300,2019-11-15 18:55:00,SEM VÍTIMA,BOA VIAGEM,RUA TOME GIBSON, ,572.0,SUBURBIO,ABALROAMENTO TRANSVERSAL,2.0,1.0,1.0,1.0,1.0,1.0,1.0,1.0,1.0,0.0,1.0,Cruzamento,Bom,Não existe,Ilegível,Seca,Perfeito estado,Placas Pare,40 km/h,Dupla," , RUA TOME GIBSON, Recife, Pernambuco, Brasil",-8.0969421,-34.8906426
3003,2019-04-05 12:15:00,SEM VÍTIMA,BOA VIAGEM,AV DOM JOAO VI, ,670.0,CIDADE,ABALROAMENTO LONGITUDINAL,1.0,1.0,1.0,1.0,1.0,1.0,1.0,1.0,1.0,0.0,1.0,Longo da via,Bom,Sem defeito,Perfeito estado,Seca,Perfeito estado,Outras,40 km/h,Dupla," , AV DOM JOAO VI, Recife, Pernambuco, Brasil",-8.1181195,-34.9061879
6015,2019-07-12 09:57:00,SEM VÍTIMA,BOA VIAGEM,AV HELIO FALCAO,447,670.0,CIDADE,CHOQUE OBJETO FIXO,1.0,1.0,1.0,1.0,1.0,1.0,1.0,1.0,1.0,0.0,1.0,Longo da via,Bom,Sem defeito,Perfeito estado,Seca,Perfeito estado,Outras,40 km/h,Dupla,"447, AV HELIO FALCAO, Recife, Pernambuco, Brasil",-8.1242169,-34.9028404
10298,2019-11-15 18:29:00,SEM VÍTIMA,BOA VIAGEM,RUA SETUBAL,5740,670.0,CIDADE,ABALROAMENTO TRANSVERSAL,2.0,1.0,1.0,1.0,1.0,1.0,1.0,1.0,1.0,0.0,1.0,Cruzamento,Bom,Não existe,Incompleta,Seca,Perfeito estado,R-6a,30 km/h,Única,"5740, RUA SETUBAL, Recife, Pernambuco, Brasil",-7.5036791,-35.3150247
6014,2019-07-12 09:30:00,SEM VÍTIMA,BOA VIAGEM,RUA TENENTE JOAO CICERO,717,670.0,SUBURBIO,ABALROAMENTO LONGITUDINAL,2.0,1.0,1.0,1.0,1.0,1.0,1.0,1.0,1.0,0.0,1.0,Longo da via,Bom,Não existe,Não existente,Seca,Perfeito estado,Não há placas,30 km/h,Única,"717, RUA TENENTE JOAO CICERO, Recife, Pernambuco, Brasil",-8.111654,-34.8971319
2987,2019-04-05 08:23:00,SEM VÍTIMA,BOA VIAGEM,AV CONSELHEIRO AGUIAR,4368,670.0,SUBURBIO,ABALROAMENTO LONGITUDINAL,1.0,1.0,1.0,1.0,1.0,1.0,1.0,1.0,1.0,0.0,1.0,Longo da via,Bom,Não existe,Perfeito estado,Seca,Perfeito estado,R-6a,30 km/h,Única,"4368, AV CONSELHEIRO AGUIAR, Recife, Pernambuco, Brasil",-8.1253055,-34.8995996
5978,2019-07-11 08:16:00,COM VÍTIMA,BOA VIAGEM,RUA DOM JOSE LOPES,871,670.0,SUBURBIO,ABALROAMENTO TRANSVERSAL,1.0,1.0,1.0,1.0,1.0,1.0,1.0,1.0,1.0,1.0,1.0,Cruzamento,Bom,Não existe,Perfeito estado,Seca,Perfeito estado,Placas Pare,30 km/h,Única,"871, RUA DOM JOSE LOPES, Recife, Pernambuco, Brasil",-8.1271224,-34.9067411
6465,2019-07-29 09:39:00,SEM VÍTIMA,BOA VIAGEM,RUA FELIX DE BRITO E MELO,572,670.0,SUBURBIO,COLISÃO,1.0,1.0,1.0,1.0,1.0,1.0,1.0,1.0,1.0,0.0,1.0,Cruzamento,Bom,Não existe,Perfeito estado,Seca,Perfeito estado,Placas Pare,30 km/h,Única,"572, RUA FELIX DE BRITO E MELO, Recife, Pernambuco, Brasil",-8.1153463,-34.9004935
7424,2019-08-28 06:58:00,SEM VÍTIMA,BOA VIAGEM,AV CONSELHEIRO AGUIAR,4310,127.0,CIDADE,COLISÃO TRASEIRA,2.0,1.0,1.0,1.0,1.0,1.0,1.0,1.0,1.0,0.0,1.0,Longo da via,Bom,Sem defeito,Perfeito estado,Seca,Perfeito estado,Não há placas,30 km/h,Única,"4310, AV CONSELHEIRO AGUIAR, Recife, Pernambuco, Brasil",-8.1250617,-34.8994138
7462,2019-08-29 12:31:00,SEM VÍTIMA,BOA VIAGEM,AV BOA VIAGEM, ,149.0,CIDADE,COLISÃO TRASEIRA,2.0,1.0,1.0,1.0,1.0,1.0,1.0,1.0,1.0,0.0,1.0,Longo da via,Bom,Sem defeito,Perfeito estado,Seca,Perfeito estado,Outras,30 km/h,Única," , AV BOA VIAGEM, Recife, Pernambuco, Brasil",-8.0906381,-34.8817684
6130,2019-07-16 16:55:00,SEM VÍTIMA,BOA VIAGEM,AV ENGENHEIRO DOMINGOS FERREIRA, ,303.0,SUBURBIO,COLISÃO TRASEIRA,2.0,1.0,1.0,1.0,1.0,1.0,1.0,1.0,1.0,0.0,1.0,Longo da via,Bom,Sem defeito,Perfeito estado,Seca,Perfeito estado,Não há placas,30 km/h,Única," , AV ENGENHEIRO DOMINGOS FERREIRA, Recife, Pernambuco, Brasil",-8.1155752,-34.8954699
2744,2019-03-28 21:11:00,SEM VÍTIMA,BOA VIAGEM,AVENIDA CELSO FURTADO (VIA MANGUE), ,303.0,SUBURBIO,COLISÃO TRASEIRA,2.0,1.0,1.0,1.0,1.0,1.0,1.0,1.0,1.0,0.0,1.0,Viaduto,Bom,Não existe,Não existente,Seca,Mal iluminada,Não há placas,30 km/h,Única," , AVENIDA CELSO FURTADO (VIA MANGUE), Recife, Pernambuco, Brasil",-8.1155752,-34.8954699
7670,2019-09-04 16:17:00,SEM VÍTIMA,BOA VIAGEM,AV BOA VIAGEM, ,84.0,SUBURBIO,ABALROAMENTO LONGITUDINAL,1.0,1.0,1.0,1.0,1.0,1.0,1.0,1.0,1.0,0.0,1.0,Longo da via,Chuvoso,Com defeito,Perfeito estado,Molhada,Perfeito estado,Não há placas,60 km/h,Única," , AV BOA VIAGEM, Recife, Pernambuco, Brasil",-8.0906381,-34.8817684
8455,2019-09-27 13:02:00,SEM VÍTIMA,BOA VIAGEM,RUA PADRE CARAPUCEIRO, ,84.0,SUBURBIO,COLISÃO,2.0,1.0,1.0,1.0,1.0,1.0,1.0,1.0,1.0,0.0,1.0,Longo da via,Chuvoso,Com defeito,Perfeito estado,Molhada,Perfeito estado,Não há placas,60 km/h,Única," , RUA PADRE CARAPUCEIRO, Recife, Pernambuco, Brasil",-8.1167685,-34.9024596
7668,2019-09-04 15:56:00,SEM VÍTIMA,BOA VIAGEM,AV CONSELHEIRO AGUIAR, ,366.0,CIDADE,ABALROAMENTO LONGITUDINAL,1.0,1.0,1.0,1.0,1.0,1.0,1.0,1.0,1.0,0.0,1.0,Longo da via,Chuvoso,Sem defeito,Perfeito estado,Molhada,Perfeito estado,R-6a,60 km/h,Única," , AV CONSELHEIRO AGUIAR, Recife, Pernambuco, Brasil",-8.1017679,-34.8870824
10450,2019-11-20 12:32:00,SEM VÍTIMA,BOA VIAGEM,RUA PROFESSOR JOAO MEDEIROS,233,183.0,CIDADE,COLISÃO TRASEIRA,3.0,1.0,1.0,1.0,1.0,1.0,1.0,1.0,1.0,0.0,1.0,Longo da via,Bom,Sem defeito,Perfeito estado,Seca,Perfeito estado,Outras,40 km/h,Única,"233, RUA PROFESSOR JOAO MEDEIROS, Recife, Pernambuco, Brasil",-8.1017679,-34.8870824
7471,2019-08-29 14:29:00,SEM VÍTIMA,BOA VIAGEM,AV DES JOSE NEVES,77,183.0,SUBURBIO,ABALROAMENTO LONGITUDINAL,2.0,1.0,1.0,1.0,1.0,1.0,1.0,1.0,1.0,0.0,1.0,Longo da via,Bom,Sem defeito,Perfeito estado,Seca,Perfeito estado,Não há placas,40 km/h,Dupla,"77, AV DES JOSE NEVES, Recife, Pernambuco, Brasil",-8.1216967,-34.9144343
2724,2019-03-28 12:13:00,SEM VÍTIMA,BOA VIAGEM,RUA FREI LEANDRO, ,183.0,CIDADE,ABALROAMENTO LONGITUDINAL,2.0,1.0,1.0,1.0,1.0,1.0,1.0,1.0,1.0,0.0,1.0,Longo da via,Bom,Não existe,Incompleta,Seca,Perfeito estado,Não há placas,40 km/h,Única," , RUA FREI LEANDRO, Recife, Pernambuco, Brasil",-8.1028408,-34.8867477
10458,2019-11-20 14:40:00,COM VÍTIMA,BOA VIAGEM,AV CONSELHEIRO AGUIAR, ,114.0,CIDADE,COLISÃO TRASEIRA,1.0,1.0,1.0,1.0,1.0,1.0,1.0,1.0,1.0,1.0,1.0,Cruzamento,Bom,Sem defeito,Perfeito estado,Seca,Perfeito estado,R-6a,40 km/h,Única," , AV CONSELHEIRO AGUIAR, Recife, Pernambuco, Brasil",-8.1017679,-34.8870824
6430,2019-07-27 12:58:00,SEM VÍTIMA,BOA VIAGEM,AV DES JOSE NEVES,91,114.0,SUBURBIO,COLISÃO TRASEIRA,2.0,1.0,1.0,1.0,1.0,1.0,1.0,1.0,1.0,0.0,1.0,Longo da via,Bom,Não existe,Perfeito estado,Seca,Perfeito estado,R-6a,40 km/h,Única,"91, AV DES JOSE NEVES, Recife, Pernambuco, Brasil",-8.1216967,-34.9144343
2711,2019-03-28 08:47:00,SEM VÍTIMA,BOA VIAGEM,AV CONSELHEIRO AGUIAR,4010,114.0,CIDADE,ABALROAMENTO LONGITUDINAL,1.0,1.0,1.0,1.0,1.0,1.0,1.0,1.0,1.0,0.0,1.0,Longo da via,Bom,Não existe,Perfeito estado,Seca,Perfeito estado,R-6a,60 km/h,Única,"4010, AV CONSELHEIRO AGUIAR, Recife, Pernambuco, Brasil",-8.1141184,-34.8933999
7476,2019-08-29 15:12:00,SEM VÍTIMA,BOA VIAGEM,RUA ANTONIO FALCAO, ,145.0,CIDADE,ABALROAMENTO LONGITUDINAL,2.0,1.0,1.0,1.0,1.0,1.0,1.0,1.0,1.0,0.0,1.0,Cruzamento,Bom,Sem defeito,Perfeito estado,Seca,Perfeito estado,Outras,60 km/h,Única," , RUA ANTONIO FALCAO, Recife, Pernambuco, Brasil",-8.1133174,-34.9001629
10467,2019-11-20 20:22:00,SEM VÍTIMA,BOA VIAGEM,RUA VISCONDE DE JEQUITINHONHA,2690,145.0,CIDADE,COLISÃO,2.0,1.0,1.0,1.0,1.0,1.0,1.0,1.0,1.0,0.0,1.0,Cruzamento,Bom,Sem defeito,Perfeito estado,Seca,Perfeito estado,Outras,60 km/h,Única,"2690, RUA VISCONDE DE JEQUITINHONHA, Recife, Pernambuco, Brasil",-8.1438144,-34.9067542
8458,2019-09-27 13:59:00,SEM VÍTIMA,BOA VIAGEM,RUA BARAO DE SOUZA LEAO,451,145.0,CIDADE,COLISÃO,1.0,1.0,1.0,1.0,1.0,1.0,1.0,1.0,1.0,0.0,1.0,Cruzamento,Bom,Sem defeito,Perfeito estado,Seca,Perfeito estado,Outras,60 km/h,Única,"451, RUA BARAO DE SOUZA LEAO, Recife, Pernambuco, Brasil",-8.1317132,-34.9043135
10473,2019-11-21 01:41:00,SEM VÍTIMA,BOA VIAGEM,RUA VISCONDE DE JEQUITINHONHA,2522,145.0,SUBURBIO,COLISÃO TRASEIRA,2.0,1.0,1.0,1.0,1.0,1.0,1.0,1.0,1.0,0.0,1.0,Longo da via,Bom,Não existe,Perfeito estado,Seca,Perfeito estado,Outras,60 km/h,Dupla,"2522, RUA VISCONDE DE JEQUITINHONHA, Recife, Pernambuco, Brasil",-8.1417116,-34.9058619
6148,2019-07-17 12:26:00,COM VÍTIMA,BOA VIAGEM,RUA TENENTE JOAO CICERO,638,145.0,SUBURBIO,ABALROAMENTO TRANSVERSAL,2.0,1.0,1.0,1.0,1.0,1.0,1.0,1.0,1.0,1.0,1.0,Longo da via,Bom,Não existe,Perfeito estado,Seca,Perfeito estado,Outras,60 km/h,Única,"638, RUA TENENTE JOAO CICERO, Recife, Pernambuco, Brasil",-8.1112845,-34.8975071
10482,2019-11-21 08:36:00,SEM VÍTIMA,BOA VIAGEM,RUA DOM JOSE LOPES, ,145.0,SUBURBIO,ABALROAMENTO LONGITUDINAL,2.0,1.0,1.0,1.0,1.0,1.0,1.0,1.0,1.0,0.0,1.0,Cruzamento,Bom,Não existe,Perfeito estado,Seca,Perfeito estado,Placas Pare,30 km/h,Única," , RUA DOM JOSE LOPES, Recife, Pernambuco, Brasil",-8.1266474,-34.9037039