,data_hora,natureza_acidente,bairro,endereco,numero,num_semaforo,sentido_via,tipo,auto,moto,ciclom,ciclista,pedestre,onibus,caminhao,viatura,outros,vitimas,vitimasfatais,acidente_verificado,tempo_clima,situacao_semaforo,sinalizacao,condicao_via,conservacao_via,situacao_placa,velocidade_max_via,mao_direcao,end,latitude,longitude
6150,2019-07-17 12:55:00,SEM VÍTIMA,BOA VIAGEM,RUA DOS NAVEGANTES,2277,145.0,SUBURBIO,ABALROAMENTO TRANSVERSAL,2.0,1.0,1.0,1.0,1.0,1.0,1.0,1.0,1.0,0.0,1.0,Cruzamento,Bom,Não existe,Perfeito estado,Seca,Perfeito estado,Placas Pare,30 km/h,Única,"2277, RUA DOS NAVEGANTES, Recife, Pernambuco, Brasil",-8.1131889,-34.8920353
2681,2019-03-27 12:51:00,SEM VÍTIMA,BOA VIAGEM,RUA DOS NAVEGANTES,3312,145.0,SUBURBIO,COLISÃO TRASEIRA,2.0,1.0,1.0,1.0,1.0,1.0,1.0,1.0,1.0,0.0,1.0,Longo da via,Bom,Não existe,Perfeito estado,Seca,Perfeito estado,Não há placas,30 km/h,Dupla,"3312, RUA DOS NAVEGANTES, Recife, Pernambuco, Brasil",-8.1199395,-34.8957061
2678,2019-03-27 11:30:00,SEM VÍTIMA,BOA VIAGEM,RUA FELIX DE BRITO E MELO,1617,145.0,SUBURBIO,ABALROAMENTO TRANSVERSAL,2.0,1.0,1.0,1.0,1.0,1.0,1.0,1.0,1.0,0.0,1.0,Cruzamento,Bom,Não existe,Perfeito estado,Seca,Perfeito estado,Placas Pare,30 km/h,Única,"1617, RUA FELIX DE BRITO E MELO, Recife, Pernambuco, Brasil",-8.1153463,-34.9004935
2677,2019-03-27 11:28:00,COM VÍTIMA,BOA VIAGEM,RUA ERNESTO DE PAULA SANTOS, ,145.0,SUBURBIO,COLISÃO,1.0,1.0,1.0,1.0,1.0,1.0,1.0,1.0,1.0,1.0,1.0,Cruzamento,Bom,Não existe,Perfeito estado,Seca,Perfeito estado,Placas Pare,30 km/h,Única," , RUA ERNESTO DE PAULA SANTOS, Recife, Pernambuco, Brasil",-8.1250569,-34.8982175
2676,2019-03-27 11:07:00,SEM VÍTIMA,BOA VIAGEM,RUA VISCONDE DE JEQUITINHONHA,2686,145.0,SUBURBIO,COLISÃO TRASEIRA,2.0,1.0,1.0,1.0,1.0,1.0,1.0,1.0,1.0,0.0,1.0,Longo da via,Chuvoso,Não existe,Perfeito estado,Molhada,Perfeito estado,Outras,60 km/h,Única,"2686, RUA VISCONDE DE JEQUITINHONHA, Recife, Pernambuco, Brasil",-8.1435989,-34.9066636
8449,2019-09-27 10:44:00,SEM VÍTIMA,BOA VIAGEM,RUA MAMANGUAPE,340,145.0,SUBURBIO,CHOQUE VEÍCULO PARADO,1.0,1.0,1.0,1.0,1.0,1.0,1.0,1.0,1.0,0.0,1.0,Longo da via,Bom,Não existe,Perfeito estado,Seca,Perfeito estado,R-3,60 km/h,Dupla,"340, RUA MAMANGUAPE, Recife, Pernambuco, Brasil",-8.1170092,-34.8951241
7484,2019-08-29 19:56:00,SEM VÍTIMA,BOA VIAGEM,AV CONSELHEIRO AGUIAR,1156,145.0,CIDADE,ABALROAMENTO LONGITUDINAL,1.0,1.0,1.0,1.0,1.0,1.0,1.0,1.0,1.0,0.0,1.0,Longo da via,Bom,Não existe,Perfeito estado,Seca,Perfeito estado,R-6a,40 km/h,Única,"1156, AV CONSELHEIRO AGUIAR, Recife, Pernambuco, Brasil",-8.1003969,-34.8866932
2669,2019-03-27 07:35:00,COM VÍTIMA,BOA VIAGEM,RUA SERINHAEM,93,145.0,CIDADE,ABALROAMENTO LONGITUDINAL,1.0,1.0,1.0,1.0,1.0,1.0,1.0,1.0,1.0,1.0,1.0,Longo da via,Bom,Não existe,Não existente,Seca,Perfeito estado,Não há placas,30 km/h,Dupla,"93, RUA SERINHAEM, Recife, Pernambuco, Brasil",-8.1225476,-34.8974208
8447,2019-09-27 10:38:00,SEM VÍTIMA,BOA VIAGEM,AV CONSELHEIRO AGUIAR,4935,145.0,CIDADE,ABALROAMENTO LONGITUDINAL,2.0,1.0,1.0,1.0,1.0,1.0,1.0,1.0,1.0,0.0,1.0,Longo da via,Bom,Não existe,Perfeito estado,Seca,Perfeito estado,Outras,30 km/h,Única,"4935, AV CONSELHEIRO AGUIAR, Recife, Pernambuco, Brasil",-8.1304837,-34.9010062
10495,2019-11-21 13:25:00,SEM VÍTIMA,BOA VIAGEM,AV DES JOSE NEVES,7,145.0,CIDADE,COLISÃO,3.0,1.0,1.0,1.0,1.0,1.0,1.0,1.0,1.0,0.0,1.0,Longo da via,Bom,Não existe,Perfeito estado,Seca,Perfeito estado,Outras,30 km/h,Única,"7, AV DES JOSE NEVES, Recife, Pernambuco, Brasil",-8.1216967,-34.9144343
6155,2019-07-17 14:05:00,SEM VÍTIMA,BOA VIAGEM,RUA RIBEIRO DE BRITO, ,145.0,SUBURBIO,ABALROAMENTO LONGITUDINAL,1.0,1.0,1.0,1.0,1.0,1.0,1.0,1.0,1.0,0.0,1.0,Longo da via,Bom,Não existe,Perfeito estado,Seca,Perfeito estado,Não há placas,30 km/h,Única," , RUA RIBEIRO DE BRITO, Recife, Pernambuco, Brasil",-8.1235605,-34.8998419
10502,2019-11-21 15:35:00,SEM VÍTIMA,BOA VIAGEM,AV CONSELHEIRO AGUIAR,1998,145.0,CIDADE,ABALROAMENTO LONGITUDINAL,2.0,1.0,1.0,1.0,1.0,1.0,1.0,1.0,1.0,0.0,1.0,Longo da via,Bom,Não existe,Perfeito estado,Seca,Perfeito estado,Outras,60 km/h,Única,"1998, AV CONSELHEIRO AGUIAR, Recife, Pernambuco, Brasil",-8.1073508,-34.8898752
6145,2019-07-17 10:33:00,COM VÍTIMA,BOA VIAGEM,AV ENGENHEIRO DOMINGOS FERREIRA,1450,145.0,SUBURBIO,COLISÃO TRASEIRA,1.0,1.0,1.0,1.0,1.0,1.0,1.0,1.0,1.0,1.0,1.0,Longo da via,Bom,Não existe,Perfeito estado,Seca,Perfeito estado,Não há placas,60 km/h,Única,"1450, AV ENGENHEIRO DOMINGOS FERREIRA, Recife, Pernambuco, Brasil",-8.1030712,-34.8888029
8294,2019-09-23 09:13:00,SEM VÍTIMA,BOA VIAGEM,AV DOM JOAO VI,1003,580.0,CIDADE,ABALROAMENTO LONGITUDINAL,1.0,1.0,1.0,1.0,1.0,1.0,1.0,1.0,1.0,0.0,1.0,Longo da via,Bom,Sem defeito,Perfeito estado,Seca,Perfeito estado,Não há placas,50 km/h,Única,"1003, AV DOM JOAO VI, Recife, Pernambuco, Brasil",-8.1181195,-34.9061879
10433,2019-11-20 07:56:00,SEM VÍTIMA,BOA VIAGEM,RUA VISCONDE DE JEQUITINHONHA,316,304.0,CIDADE,ABALROAMENTO LONGITUDINAL,1.0,1.0,1.0,1.0,1.0,1.0,1.0,1.0,1.0,0.0,1.0,Cruzamento,Bom,Sem defeito,Perfeito estado,Seca,Perfeito estado,Outras,50 km/h,Única,"316, RUA VISCONDE DE JEQUITINHONHA, Recife, Pernambuco, Brasil",-8.1238691,-34.9040654
6443,2019-07-28 03:44:00,SEM VÍTIMA,BOA VIAGEM,RUA CAPITAO ZUZINHA, ,304.0,SUBURBIO,CHOQUE VEÍCULO PARADO,4.0,1.0,1.0,1.0,1.0,1.0,1.0,1.0,1.0,0.0,1.0,Longo da via,Bom,Não existe,Perfeito estado,Seca,Perfeito estado,Não há placas,50 km/h,Única," , RUA CAPITAO ZUZINHA, Recife, Pernambuco, Brasil",-8.1339194,-34.9047854
7429,2019-08-28 07:51:00,SEM VÍTIMA,BOA VIAGEM,AV CONSELHEIRO AGUIAR, ,6.0,SUBURBIO,ABALROAMENTO LONGITUDINAL,2.0,1.0,1.0,1.0,1.0,1.0,1.0,1.0,1.0,0.0,1.0,Longo da via,Bom,Sem defeito,Perfeito estado,Seca,Perfeito estado,Outras,60 km/h,Única," , AV CONSELHEIRO AGUIAR, Recife, Pernambuco, Brasil",-8.1017679,-34.8870824
6076,2019-07-14 11:17:00,SEM VÍTIMA,BOA VIAGEM,RUA PADRE CARAPUCEIRO,1847,6.0,SUBURBIO,COLISÃO,2.0,1.0,1.0,1.0,1.0,1.0,1.0,1.0,1.0,0.0,1.0,Longo da via,Bom,Sem defeito,Perfeito estado,Seca,Perfeito estado,Outras,60 km/h,Única,"1847, RUA PADRE CARAPUCEIRO, Recife, Pernambuco, Brasil",-8.1185096,-34.8987871
10385,2019-11-18 16:47:00,SEM VÍTIMA,BOA VIAGEM,RUA DOS NAVEGANTES,3056,6.0,SUBURBIO,ABALROAMENTO LONGITUDINAL,2.0,1.0,1.0,1.0,1.0,1.0,1.0,1.0,1.0,0.0,1.0,Cruzamento,Bom,Não existe,Ilegível,Seca,Perfeito estado,Placas Pare,60 km/h,Dupla,"3056, RUA DOS NAVEGANTES, Recife, Pernambuco, Brasil",-8.1199395,-34.8957061
10390,2019-11-18 18:04:00,SEM VÍTIMA,BOA VIAGEM,RUA PROFESSOR JOAO MEDEIROS, ,6.0,CIDADE,COLISÃO TRASEIRA,2.0,1.0,1.0,1.0,1.0,1.0,1.0,1.0,1.0,0.0,1.0,Longo da via,Bom,Sem defeito,Perfeito estado,Seca,Perfeito estado,R-34,40 km/h,Dupla," , RUA PROFESSOR JOAO MEDEIROS, Recife, Pernambuco, Brasil",-8.1199395,-34.8957061
6079,2019-07-14 14:01:00,SEM VÍTIMA,BOA VIAGEM,RUA RIBEIRO DE BRITO, ,6.0,SUBURBIO,ABALROAMENTO TRANSVERSAL,2.0,1.0,1.0,1.0,1.0,1.0,1.0,1.0,1.0,0.0,1.0,Cruzamento,Chuvoso,Não existe,Incompleta,Seca,Perfeito estado,Não há placas,40 km/h,Única," , RUA RIBEIRO DE BRITO, Recife, Pernambuco, Brasil",-8.1235605,-34.8998419
2838,2019-04-01 00:34:00,SEM VÍTIMA,BOA VIAGEM,RUA VISCONDE DE JEQUITINHONHA, ,433.0,SUBURBIO,ABALROAMENTO TRANSVERSAL,2.0,1.0,1.0,1.0,1.0,1.0,1.0,1.0,1.0,0.0,1.0,Cruzamento,Chuvoso,Sem defeito,Perfeito estado,Molhada,Perfeito estado,Outras,40 km/h,Única," , RUA VISCONDE DE JEQUITINHONHA, Recife, Pernambuco, Brasil",-8.1337535,-34.9025533
7432,2019-08-28 11:30:00,SEM VÍTIMA,BOA VIAGEM,AV CONSELHEIRO AGUIAR, ,433.0,CIDADE,ABALROAMENTO LONGITUDINAL,1.0,1.0,1.0,1.0,1.0,1.0,1.0,1.0,1.0,0.0,1.0,Longo da via,Bom,Não existe,Perfeito estado,Seca,Perfeito estado,Outras,40 km/h,Única," , AV CONSELHEIRO AGUIAR, Recife, Pernambuco, Brasil",-8.1017679,-34.8870824
6086,2019-07-14 22:31:00,SEM VÍTIMA,BOA VIAGEM,RUA DEZ DE JULHO, ,433.0,CIDADE,ABALROAMENTO LONGITUDINAL,2.0,1.0,1.0,1.0,1.0,1.0,1.0,1.0,1.0,0.0,1.0,Cruzamento,Bom,Não existe,Perfeito estado,Seca,Perfeito estado,Placas Pare,40 km/h,Única," , RUA DEZ DE JULHO, Recife, Pernambuco, Brasil",-8.1347718,-34.9135475
7435,2019-08-28 13:37:00,SEM VÍTIMA,BOA VIAGEM,AV MARECHAL JUAREZ TAVORA, ,433.0,SUBURBIO,COLISÃO TRASEIRA,1.0,1.0,1.0,1.0,1.0,1.0,1.0,1.0,1.0,0.0,1.0,Longo da via,Bom,Sem defeito,Perfeito estado,Seca,Perfeito estado,Não há placas,40 km/h,Dupla," , AV MARECHAL JUAREZ TAVORA, Recife, Pernambuco, Brasil",-8.139106,-34.9086925
8292,2019-09-23 08:26:00,SEM VÍTIMA,BOA VIAGEM,AV ENGENHEIRO DOMINGOS FERREIRA, ,380.0,SUBURBIO,ABALROAMENTO LONGITUDINAL,2.0,1.0,1.0,1.0,1.0,1.0,1.0,1.0,1.0,0.0,1.0,Cruzamento,Bom,Sem defeito,Perfeito estado,Seca,Perfeito estado,Outras,40 km/h,Dupla," , AV ENGENHEIRO DOMINGOS FERREIRA, Recife, Pernambuco, Brasil",-8.1155752,-34.8954699
7439,2019-08-28 14:15:00,SEM VÍTIMA,BOA VIAGEM,RUA DR JOAO GUILHERME DE P SOBRINHO,830,380.0,SUBURBIO,COLISÃO TRASEIRA,1.0,1.0,1.0,1.0,1.0,1.0,1.0,1.0,1.0,0.0,1.0,Longo da via,Nublado,Não existe,Não existente,Seca,Perfeito estado,Não há placas,40 km/h,Dupla,"830, RUA DR JOAO GUILHERME DE P SOBRINHO, Recife, Pernambuco, Brasil",-8.1155752,-34.8954699
2819,2019-03-30 19:13:00,SEM VÍTIMA,BOA VIAGEM,AV CONSELHEIRO AGUIAR,960,380.0,SUBURBIO,COLISÃO,2.0,1.0,1.0,1.0,1.0,1.0,1.0,1.0,1.0,0.0,1.0,Longo da via,Nublado,Não existe,Não existente,Seca,Perfeito estado,Não há placas,40 km/h,Dupla,"960, AV CONSELHEIRO AGUIAR, Recife, Pernambuco, Brasil",-8.0988815,-34.8860258
6094,2019-07-15 09:37:00,COM VÍTIMA,BOA VIAGEM,RUA DEZ DE JULHO,417,380.0,CIDADE,ABALROAMENTO LONGITUDINAL,1.0,1.0,1.0,1.0,1.0,1.0,1.0,1.0,1.0,1.0,1.0,Longo da via,Bom,Não existe,Perfeito estado,Seca,Perfeito estado,Não há placas,40 km/h,Única,"417, RUA DEZ DE JULHO, Recife, Pernambuco, Brasil",-8.1352279,-34.912332
6097,2019-07-15 10:49:00,SEM VÍTIMA,BOA VIAGEM,RUA DEZ DE JULHO,401,380.0,SUBURBIO,COLISÃO TRASEIRA,2.0,1.0,1.0,1.0,1.0,1.0,1.0,1.0,1.0,0.0,1.0,Longo da via,Bom,Não existe,Perfeito estado,Seca,Perfeito estado,Outras,40 km/h,Única,"401, RUA DEZ DE JULHO, Recife, Pernambuco, Brasil",-8.1352588,-34.9121903
10413,2019-11-19 13:41:00,SEM VÍTIMA,BOA VIAGEM,AV BOA VIAGEM, ,149.0,CIDADE,COLISÃO TRASEIRA,2.0,1.0,1.0,1.0,1.0,1.0,1.0,1.0,1.0,0.0,1.0,Longo da via,Bom,Sem defeito,Perfeito estado,Seca,Perfeito estado,Não há placas,60 km/h,Única," , AV BOA VIAGEM, Recife, Pernambuco, Brasil",-8.0906381,-34.8817684
8476,2019-09-28 09:21:00,SEM VÍTIMA,BOA VIAGEM,RUA JOSE DOMINGUES DA SILVA,116,149.0,CIDADE,COLISÃO,2.0,1.0,1.0,1.0,1.0,1.0,1.0,1.0,1.0,0.0,1.0,Longo da via,Bom,Sem defeito,Perfeito estado,Seca,Perfeito estado,Não há placas,60 km/h,Única,"116, RUA JOSE DOMINGUES DA SILVA, Recife, Pernambuco, Brasil",-8.1330664,-34.9061
2807,2019-03-30 09:38:00,COM VÍTIMA,BOA VIAGEM,RUA ERNESTO DE PAULA SANTOS,652,304.0,CIDADE,ABALROAMENTO LONGITUDINAL,1.0,1.0,1.0,1.0,1.0,1.0,1.0,1.0,1.0,1.0,1.0,Cruzamento,Bom,Sem defeito,Perfeito estado,Seca,Perfeito estado,Placas Pare,60 km/h,Única,"652, RUA ERNESTO DE PAULA SANTOS, Recife, Pernambuco, Brasil",-8.1238127,-34.9036951
2760,2019-03-29 09:58:00,SEM VÍTIMA,BOA VIAGEM,AV FERNANDO SIMOES BARBOSA,374,304.0,SUBURBIO,ABALROAMENTO LONGITUDINAL,2.0,1.0,1.0,1.0,1.0,1.0,1.0,1.0,1.0,0.0,1.0,Longo da via,Bom,Não existe,Perfeito estado,Seca,Perfeito estado,R-6a,60 km/h,Única,"374, AV FERNANDO SIMOES BARBOSA, Recife, Pernambuco, Brasil",-8.1206403,-34.9018082
2772,2019-03-29 14:40:00,SEM VÍTIMA,BOA VIAGEM,AV BOA VIAGEM, ,304.0,SUBURBIO,COLISÃO,2.0,1.0,1.0,1.0,1.0,1.0,1.0,1.0,1.0,0.0,1.0,Longo da via,Bom,Não existe,Perfeito estado,Seca,Perfeito estado,R-6a,60 km/h,Única," , AV BOA VIAGEM, Recife, Pernambuco, Brasil",-8.0906381,-34.8817684
6121,2019-07-16 01:21:00,SEM VÍTIMA,BOA VIAGEM,RUA VISCONDE DE JEQUITINHONHA,1294,304.0,SUBURBIO,CHOQUE VEÍCULO PARADO,2.0,1.0,1.0,1.0,1.0,1.0,1.0,1.0,1.0,0.0,1.0,Longo da via,Bom,Não existe,Perfeito estado,Seca,Perfeito estado,R-6a,60 km/h,Única,"1294, RUA VISCONDE DE JEQUITINHONHA, Recife, Pernambuco, Brasil",-8.1388432,-34.9047556
6444,2019-07-28 08:43:00,SEM VÍTIMA,BOA VIAGEM,RUA FELIX DE BRITO E MELO,346,545.0,SUBURBIO,COLISÃO TRASEIRA,2.0,1.0,1.0,1.0,1.0,1.0,1.0,1.0,1.0,0.0,1.0,Longo da via,Chuvoso,Sem defeito,Perfeito estado,Molhada,Perfeito estado,Não há placas,60 km/h,Única,"346, RUA FELIX DE BRITO E MELO, Recife, Pernambuco, Brasil",-8.1153463,-34.9004935
2784,2019-03-29 16:29:00,SEM VÍTIMA,BOA VIAGEM,AV DES JOSE NEVES, ,545.0,SUBURBIO,COLISÃO TRASEIRA,1.0,1.0,1.0,1.0,1.0,1.0,1.0,1.0,1.0,0.0,1.0,Cruzamento,Bom,Não existe,Perfeito estado,Seca,Perfeito estado,Não há placas,60 km/h,Dupla," , AV DES JOSE NEVES, Recife, Pernambuco, Brasil",-8.142685,-34.9180258
2789,2019-03-29 17:01:00,SEM VÍTIMA,BOA VIAGEM,AVENIDA CELSO FURTADO (VIA MANGUE), ,545.0,SUBURBIO,ABALROAMENTO LONGITUDINAL,2.0,1.0,1.0,1.0,1.0,1.0,1.0,1.0,1.0,0.0,1.0,Longo da via,Bom,Não existe,Perfeito estado,Seca,Perfeito estado,Outras,60 km/h,Dupla," , AVENIDA CELSO FURTADO (VIA MANGUE), Recife, Pernambuco, Brasil",-8.142685,-34.9180258
10377,2019-11-18 14:54:00,SEM VÍTIMA,BOA VIAGEM,AV GENERAL MAC ARTHUR,100,545.0,SUBURBIO,ABALROAMENTO TRANSVERSAL,2.0,1.0,1.0,1.0,1.0,1.0,1.0,1.0,1.0,0.0,1.0,Longo da via,Bom,Não existe,Perfeito estado,Seca,Perfeito estado,Outras,30 km/h,Dupla,"100, AV GENERAL MAC ARTHUR, Recife, Pernambuco, Brasil",-8.1092473,-34.9109797
2791,2019-03-29 17:51:00,SEM VÍTIMA,BOA VIAGEM,RUA BARAO DE SOUZA LEAO, ,545.0,SUBURBIO,ABALROAMENTO LONGITUDINAL,1.0,1.0,1.0,1.0,1.0,1.0,1.0,1.0,1.0,0.0,1.0,Longo da via,Bom,Sem defeito,Perfeito estado,Seca,Perfeito estado,Não há placas,30 km/h,Única," , RUA BARAO DE SOUZA LEAO, Recife, Pernambuco, Brasil",-8.1325905,-34.9149303
2796,2019-03-29 18:31:00,SEM VÍTIMA,BOA VIAGEM,AV CONSELHEIRO AGUIAR,919,545.0,SUBURBIO,COLISÃO,2.0,1.0,1.0,1.0,1.0,1.0,1.0,1.0,1.0,0.0,1.0,Longo da via,Bom,Sem defeito,Perfeito estado,Seca,Perfeito estado,Não há placas,30 km/h,Única,"919, AV CONSELHEIRO AGUIAR, Recife, Pernambuco, Brasil",-8.0987279,-34.8855802
7445,2019-08-28 16:51:00,COM VÍTIMA,BOA VIAGEM,AVENIDA CELSO FURTADO (VIA MANGUE), ,545.0,SUBURBIO,COLISÃO,2.0,1.0,1.0,1.0,1.0,1.0,1.0,1.0,1.0,1.0,1.0,Longo da via,Bom,Sem defeito,Perfeito estado,Seca,Perfeito estado,Não há placas,30 km/h,Única," , AVENIDA CELSO FURTADO (VIA MANGUE), Recife, Pernambuco, Brasil",-8.0987279,-34.8855802
6108,2019-07-15 15:54:00,SEM VÍTIMA,BOA VIAGEM,AV BOA VIAGEM,3520,545.0,CIDADE,COLISÃO TRASEIRA,2.0,1.0,1.0,1.0,1.0,1.0,1.0,1.0,1.0,0.0,1.0,Longo da via,Bom,Sem defeito,Perfeito estado,Seca,Perfeito estado,Não há placas,30 km/h,Única,"3520, AV BOA VIAGEM, Recife, Pernambuco, Brasil",-8.12051325,-34.8955812190689
8466,2019-09-27 16:20:00,SEM VÍTIMA,BOA VIAGEM,RUA PADRE CARAPUCEIRO, ,545.0,SUBURBIO,ABALROAMENTO LONGITUDINAL,2.0,1.0,1.0,1.0,1.0,1.0,1.0,1.0,1.0,0.0,1.0,Longo da via,Bom,Não existe,Perfeito estado,Seca,Perfeito estado,Não há placas,30 km/h,Única," , RUA PADRE CARAPUCEIRO, Recife, Pernambuco, Brasil",-8.1167685,-34.9024596
7444,2019-08-28 16:43:00,SEM VÍTIMA,BOA VIAGEM,RUA TENENTE JOAO CICERO,346,545.0,SUBURBIO,COLISÃO,2.0,1.0,1.0,1.0,1.0,1.0,1.0,1.0,1.0,0.0,1.0,Longo da via,Bom,Não existe,Perfeito estado,Seca,Perfeito estado,Não há placas,30 km/h,Única,"346, RUA TENENTE JOAO CICERO, Recife, Pernambuco, Brasil",-8.1126279,-34.8949614
2806,2019-03-30 09:10:00,COM VÍTIMA,BOA VIAGEM,RUA DEZ DE JULHO,481,545.0,SUBURBIO,COLISÃO TRASEIRA,2.0,1.0,1.0,1.0,1.0,1.0,1.0,1.0,1.0,1.0,1.0,Longo da via,Bom,Não existe,Perfeito estado,Seca,Perfeito estado,Outras,30 km/h,Única,"481, RUA DEZ DE JULHO, Recife, Pernambuco, Brasil",-8.1350735,-34.9128599
8462,2019-09-27 14:33:00,SEM VÍTIMA,BOA VIAGEM,AV BOA VIAGEM,4120,545.0,CIDADE,COLISÃO TRASEIRA,2.0,1.0,1.0,1.0,1.0,1.0,1.0,1.0,1.0,0.0,1.0,Longo da via,Bom,Sem defeito,Perfeito estado,Seca,Perfeito estado,Não há placas,60 km/h,Única,"4120, AV BOA VIAGEM, Recife, Pernambuco, Brasil",-8.1254908,-34.8975251
7845,2019-09-10 11:39:00,SEM VÍTIMA,BOA VIAGEM,AV VINTE DE JANEIRO,517,545.0,CIDADE,COLISÃO,2.0,1.0,1.0,1.0,1.0,1.0,1.0,1.0,1.0,0.0,1.0,Longo da via,Bom,Sem defeito,Perfeito estado,Seca,Perfeito estado,Não há placas,60 km/h,Única,"517, AV VINTE DE JANEIRO, Recife, Pernambuco, Brasil",-8.1391443,-34.9143146
3678,2019-04-26 15:28:00,SEM VÍTIMA,BOA VIAGEM,RUA SETUBAL,464,545.0,CIDADE,COLISÃO TRASEIRA,2.0,1.0,1.0,1.0,1.0,1.0,1.0,1.0,1.0,0.0,1.0,Longo da via,Bom,Não existe,Perfeito estado,Seca,Perfeito estado,R-6a,60 km/h,Única,"464, RUA SETUBAL, Recife, Pernambuco, Brasil",-8.1349434,-34.9024379
8728,2019-10-04 18:37:00,SEM VÍTIMA,BOA VIAGEM,AV GENERAL MAC ARTHUR,1595,545.0,CIDADE,ABALROAMENTO LONGITUDINAL,1.0,1.0,1.0,1.0,1.0,1.0,1.0,1.0,1.0,0.0,1.0,Longo da via,Bom,Sem defeito,Perfeito estado,Seca,Perfeito estado,Outras,60 km/h,Única,"1595, AV GENERAL MAC ARTHUR, Recife, Pernambuco, Brasil",-8.110381,-34.9067305
5283,2019-06-16 16:01:00,SEM VÍTIMA,BOA VIAGEM,RUA WALDEMAR NERY CARNEIRO MONTEIRO,365,545.0,SUBURBIO,ABALROAMENTO TRANSVERSAL,2.0,1.0,1.0,1.0,1.0,1.0,1.0,1.0,1.0,0.0,1.0,Cruzamento,Chuvoso,Não existe,Não existente,Molhada,Mal conservada,Não há placas,60 km/h,Dupla,"365, RUA WALDEMAR NERY CARNEIRO MONTEIRO, Recife, Pernambuco, Brasil",-8.138511,-34.9123177
6921,2019-08-12 08:20:00,COM VÍTIMA,BOA VIAGEM,RUA CAMBOIM,210,545.0,CIDADE,ABALROAMENTO TRANSVERSAL,2.0,1.0,1.0,1.0,1.0,1.0,1.0,1.0,1.0,1.0,1.0,Cruzamento,Chuvoso,Não existe,Perfeito estado,Seca,Perfeito estado,Placas Pare,60 km/h,Única,"210, RUA CAMBOIM, Recife, Pernambuco, Brasil",-8.1349149,-34.912494
6704,2019-08-05 13:42:00,SEM VÍTIMA,BOA VIAGEM,RUA DUQUE ESTRADA,152,545.0,SUBURBIO,COLISÃO TRASEIRA,2.0,1.0,1.0,1.0,1.0,1.0,1.0,1.0,1.0,0.0,1.0,Longo da via,Bom,Não existe,Perfeito estado,Seca,Perfeito estado,Não há placas,60 km/h,Dupla,"152, RUA DUQUE ESTRADA, Recife, Pernambuco, Brasil",-8.1124101,-34.9047579
9395,2019-10-23 00:34:00,SEM VÍTIMA,BOA VIAGEM,RUA DEZ DE JULHO,210,545.0,SUBURBIO,ABALROAMENTO TRANSVERSAL,2.0,1.0,1.0,1.0,1.0,1.0,1.0,1.0,1.0,0.0,1.0,Cruzamento,Bom,Não existe,Perfeito estado,Seca,Perfeito estado,Placas Pare,60 km/h,Única,"210, RUA DEZ DE JULHO, Recife, Pernambuco, Brasil",-8.1344982,-34.9148101
6923,2019-08-12 09:24:00,SEM VÍTIMA,BOA VIAGEM,AV CONSELHEIRO AGUIAR,3068,6.0,SUBURBIO,ABALROAMENTO LONGITUDINAL,2.0,1.0,1.0,1.0,1.0,1.0,1.0,1.0,1.0,0.0,1.0,Cruzamento,Chuvoso,Sem defeito,Perfeito estado,Molhada,Perfeito estado,Não há placas,60 km/h,Única,"3068, AV CONSELHEIRO AGUIAR, Recife, Pernambuco, Brasil",-8.1162561,-34.8949534
4541,2019-05-24 08:51:00,SEM VÍTIMA,BOA VIAGEM,RUA BARAO DE SOUZA LEAO,626,6.0,SUBURBIO,ABALROAMENTO LONGITUDINAL,1.0,1.0,1.0,1.0,1.0,1.0,1.0,1.0,1.0,0.0,1.0,Longo da via,Bom,Não existe,Perfeito estado,Seca,Perfeito estado,Não há placas,60 km/h,Única,"626, RUA BARAO DE SOUZA LEAO, Recife, Pernambuco, Brasil",-8.1314531,-34.9054072
6928,2019-08-12 12:07:00,SEM VÍTIMA,BOA VIAGEM,AV ENGENHEIRO DOMINGOS FERREIRA, ,380.0,SUBURBIO,COLISÃO TRASEIRA,2.0,1.0,1.0,1.0,1.0,1.0,1.0,1.0,1.0,0.0,1.0,Longo da via,Chuvoso,Sem defeito,Perfeito estado,Molhada,Perfeito estado,Outras,60 km/h,Única," , AV ENGENHEIRO DOMINGOS FERREIRA, Recife, Pernambuco, Brasil",-8.1155752,-34.8954699
9398,2019-10-23 09:00:00,SEM VÍTIMA,BOA VIAGEM,RUA BRUNO VELOSO,268,380.0,SUBURBIO,COLISÃO,2.0,1.0,1.0,1.0,1.0,1.0,1.0,1.0,1.0,0.0,1.0,Longo da via,Chuvoso,Sem defeito,Perfeito estado,Molhada,Perfeito estado,Outras,60 km/h,Única,"268, RUA BRUNO VELOSO, Recife, Pernambuco, Brasil",-8.1215028,-34.8984041
4534,2019-05-23 23:11:00,SEM VÍTIMA,BOA VIAGEM,RUA JOAO CARDOSO AIRES, ,478.0,SUBURBIO,ABALROAMENTO TRANSVERSAL,2.0,1.0,1.0,1.0,1.0,1.0,1.0,1.0,1.0,0.0,1.0,Cruzamento,Bom,Sem defeito,Perfeito estado,Seca,Mal iluminada,Outras,60 km/h,Única," , RUA JOAO CARDOSO AIRES, Recife, Pernambuco, Brasil",-8.1398987,-34.9138228