,data_hora,natureza_acidente,bairro,endereco,numero,num_semaforo,sentido_via,tipo,auto,moto,ciclom,ciclista,pedestre,onibus,caminhao,viatura,outros,vitimas,vitimasfatais,acidente_verificado,tempo_clima,situacao_semaforo,sinalizacao,condicao_via,conservacao_via,situacao_placa,velocidade_max_via,mao_direcao,end,latitude,longitude
5288,2019-06-16 21:14:00,COM VÍTIMA,BOA VIAGEM,RUA PROFESSOR AUGUSTO LINS E SILVA,861,478.0,SUBURBIO,ABALROAMENTO LONGITUDINAL,1.0,1.0,1.0,1.0,1.0,1.0,1.0,1.0,1.0,1.0,1.0,Longo da via,Chuvoso,Não existe,Perfeito estado,Molhada,Perfeito estado,Placas Pare,60 km/h,Única,"861, RUA PROFESSOR AUGUSTO LINS E SILVA, Recife, Pernambuco, Brasil",-8.143612,-34.9070488
4530,2019-05-23 19:39:00,SEM VÍTIMA,BOA VIAGEM,AV BOA VIAGEM, ,478.0,CIDADE,ABALROAMENTO LONGITUDINAL,2.0,1.0,1.0,1.0,1.0,1.0,1.0,1.0,1.0,0.0,1.0,Longo da via,Bom,Não existe,Perfeito estado,Seca,Perfeito estado,Placas Pare,40 km/h,Única," , AV BOA VIAGEM, Recife, Pernambuco, Brasil",-8.0906381,-34.8817684
4528,2019-05-23 19:24:00,SEM VÍTIMA,BOA VIAGEM,RUA RIO AZUL,166,478.0,SUBURBIO,ABALROAMENTO LONGITUDINAL,1.0,1.0,1.0,1.0,1.0,1.0,1.0,1.0,1.0,0.0,1.0,Longo da via,Bom,Não existe,Incompleta,Seca,Perfeito estado,Não há placas,40 km/h,Dupla,"166, RUA RIO AZUL, Recife, Pernambuco, Brasil",-8.1341624,-34.9104468
4527,2019-05-23 18:38:00,SEM VÍTIMA,BOA VIAGEM,AV FERNANDO SIMOES BARBOSA, ,321.0,SUBURBIO,ABALROAMENTO LONGITUDINAL,1.0,1.0,1.0,1.0,1.0,1.0,1.0,1.0,1.0,0.0,1.0,Cruzamento,Bom,Sem defeito,Perfeito estado,Seca,Perfeito estado,R-6a,50 km/h,Dupla," , AV FERNANDO SIMOES BARBOSA, Recife, Pernambuco, Brasil",-8.124269,-34.9016293
6932,2019-08-12 14:21:00,SEM VÍTIMA,BOA VIAGEM,RUA PROFESSOR JOAO MEDEIROS, ,321.0,CIDADE,COLISÃO TRASEIRA,2.0,1.0,1.0,1.0,1.0,1.0,1.0,1.0,1.0,0.0,1.0,Longo da via,Bom,Não existe,Perfeito estado,Seca,Perfeito estado,Não há placas,50 km/h,Única," , RUA PROFESSOR JOAO MEDEIROS, Recife, Pernambuco, Brasil",-8.124269,-34.9016293
8968,2019-10-11 11:05:00,SEM VÍTIMA,BOA VIAGEM,AV ENGENHEIRO DOMINGOS FERREIRA, ,217.0,SUBURBIO,COLISÃO TRASEIRA,2.0,1.0,1.0,1.0,1.0,1.0,1.0,1.0,1.0,0.0,1.0,Longo da via,Bom,Sem defeito,Perfeito estado,Seca,Perfeito estado,Outras,60 km/h,Única," , AV ENGENHEIRO DOMINGOS FERREIRA, Recife, Pernambuco, Brasil",-8.1155752,-34.8954699
6935,2019-08-12 15:14:00,SEM VÍTIMA,BOA VIAGEM,AV CONSELHEIRO AGUIAR, ,115.0,CIDADE,COLISÃO TRASEIRA,2.0,1.0,1.0,1.0,1.0,1.0,1.0,1.0,1.0,0.0,1.0,Longo da via,Bom,Sem defeito,Perfeito estado,Seca,Perfeito estado,Outras,60 km/h,Única," , AV CONSELHEIRO AGUIAR, Recife, Pernambuco, Brasil",-8.1017679,-34.8870824
7997,2019-09-14 10:47:00,SEM VÍTIMA,BOA VIAGEM,RUA MARIA CAROLINA,205,115.0,SUBURBIO,ABALROAMENTO LONGITUDINAL,2.0,1.0,1.0,1.0,1.0,1.0,1.0,1.0,1.0,0.0,1.0,Longo da via,Bom,Não existe,Ilegível,Seca,Perfeito estado,Placas Pare,60 km/h,Única,"205, RUA MARIA CAROLINA, Recife, Pernambuco, Brasil",-8.1151598,-34.8948914
9413,2019-10-23 18:06:00,SEM VÍTIMA,BOA VIAGEM,AVENIDA CELSO FURTADO (VIA MANGUE), ,115.0,SUBURBIO,COLISÃO TRASEIRA,3.0,1.0,1.0,1.0,1.0,1.0,1.0,1.0,1.0,0.0,1.0,Longo da via,Bom,Não existe,Perfeito estado,Seca,Perfeito estado,Não há placas,60 km/h,Dupla," , AVENIDA CELSO FURTADO (VIA MANGUE), Recife, Pernambuco, Brasil",-8.1151598,-34.8948914
4511,2019-05-23 14:48:00,SEM VÍTIMA,BOA VIAGEM,RUA RIBEIRO DE BRITO,4074,115.0,CIDADE,ABALROAMENTO LONGITUDINAL,1.0,1.0,1.0,1.0,1.0,1.0,1.0,1.0,1.0,0.0,1.0,Longo da via,Bom,Não existe,Perfeito estado,Seca,Perfeito estado,Não há placas,60 km/h,Única,"4074, RUA RIBEIRO DE BRITO, Recife, Pernambuco, Brasil",-8.1229545,-34.9045403
4509,2019-05-23 14:15:00,SEM VÍTIMA,BOA VIAGEM,RUA DEZ DE JULHO,210,115.0,CIDADE,ABALROAMENTO TRANSVERSAL,1.0,1.0,1.0,1.0,1.0,1.0,1.0,1.0,1.0,0.0,1.0,Cruzamento,Bom,Não existe,Incompleta,Seca,Perfeito estado,Não há placas,60 km/h,Única,"210, RUA DEZ DE JULHO, Recife, Pernambuco, Brasil",-8.1344982,-34.9148101
4506,2019-05-23 12:26:00,SEM VÍTIMA,BOA VIAGEM,AV DOM JOAO VI, ,115.0,SUBURBIO,COLISÃO TRASEIRA,3.0,1.0,1.0,1.0,1.0,1.0,1.0,1.0,1.0,0.0,1.0,Longo da via,Bom,Não existe,Perfeito estado,Seca,Perfeito estado,Não há placas,50 km/h,Dupla," , AV DOM JOAO VI, Recife, Pernambuco, Brasil",-8.1181195,-34.9061879
4503,2019-05-23 11:47:00,COM VÍTIMA,BOA VIAGEM,AV ENGENHEIRO DOMINGOS FERREIRA,1195,324.0,SUBURBIO,COLISÃO TRASEIRA,1.0,1.0,1.0,1.0,1.0,1.0,1.0,1.0,1.0,1.0,1.0,Cruzamento,Bom,Sem defeito,Perfeito estado,Seca,Perfeito estado,Não há placas,50 km/h,Única,"1195, AV ENGENHEIRO DOMINGOS FERREIRA, Recife, Pernambuco, Brasil",-8.0997828,-34.8867469
9423,2019-10-24 00:47:00,COM VÍTIMA,BOA VIAGEM,RUA RIBEIRO DE BRITO,1326,324.0,CIDADE,ABALROAMENTO LONGITUDINAL,2.0,1.0,1.0,1.0,1.0,1.0,1.0,1.0,1.0,1.0,1.0,Cruzamento,Bom,Não existe,Perfeito estado,Seca,Perfeito estado,Não há placas,50 km/h,Única,"1326, RUA RIBEIRO DE BRITO, Recife, Pernambuco, Brasil",-8.1229545,-34.9045403
7995,2019-09-14 10:23:00,SEM VÍTIMA,BOA VIAGEM,RUA DOS NAVEGANTES,1097,324.0,SUBURBIO,COLISÃO TRASEIRA,2.0,1.0,1.0,1.0,1.0,1.0,1.0,1.0,1.0,0.0,1.0,Longo da via,Bom,Não existe,Perfeito estado,Seca,Perfeito estado,Outras,50 km/h,Única,"1097, RUA DOS NAVEGANTES, Recife, Pernambuco, Brasil",-8.12267,-34.8972771
5300,2019-06-17 10:52:00,SEM VÍTIMA,BOA VIAGEM,RUA ERNESTO DE PAULA SANTOS,561,324.0,CIDADE,COLISÃO TRASEIRA,2.0,1.0,1.0,1.0,1.0,1.0,1.0,1.0,1.0,0.0,1.0,Longo da via,Bom,Não existe,Perfeito estado,Molhada,Perfeito estado,Não há placas,50 km/h,Única,"561, RUA ERNESTO DE PAULA SANTOS, Recife, Pernambuco, Brasil",-8.124578,-34.902285
4483,2019-05-22 14:58:00,SEM VÍTIMA,BOA VIAGEM,RUA JOAO CARDOSO AIRES,560,324.0,CIDADE,COLISÃO,2.0,1.0,1.0,1.0,1.0,1.0,1.0,1.0,1.0,0.0,1.0,Longo da via,Bom,Não existe,Perfeito estado,Molhada,Perfeito estado,Não há placas,50 km/h,Única,"560, RUA JOAO CARDOSO AIRES, Recife, Pernambuco, Brasil",-8.1415443,-34.9095339
7991,2019-09-14 07:47:00,SEM VÍTIMA,BOA VIAGEM,RUA ERNESTO DE PAULA SANTOS, ,127.0,CIDADE,ABALROAMENTO LONGITUDINAL,2.0,1.0,1.0,1.0,1.0,1.0,1.0,1.0,1.0,0.0,1.0,Longo da via,Bom,Sem defeito,Perfeito estado,Seca,Perfeito estado,Outras,50 km/h,Única," , RUA ERNESTO DE PAULA SANTOS, Recife, Pernambuco, Brasil",-8.1250569,-34.8982175
4475,2019-05-22 11:18:00,COM VÍTIMA,BOA VIAGEM,RUA JOAQUIM BANDEIRA, ,127.0,SUBURBIO,ABALROAMENTO TRANSVERSAL,1.0,1.0,1.0,1.0,1.0,1.0,1.0,1.0,1.0,1.0,1.0,Cruzamento,Bom,Não existe,Ilegível,Seca,Mal iluminada,Não há placas,50 km/h,Dupla," , RUA JOAQUIM BANDEIRA, Recife, Pernambuco, Brasil",-8.1105253,-34.9075918
7989,2019-09-14 03:12:00,SEM VÍTIMA,BOA VIAGEM,AV CONSELHEIRO AGUIAR,4635,127.0,CIDADE,ABALROAMENTO LONGITUDINAL,2.0,1.0,1.0,1.0,1.0,1.0,1.0,1.0,1.0,0.0,1.0,Cruzamento,Bom,Não existe,Perfeito estado,Seca,Perfeito estado,Placas Pare,50 km/h,Única,"4635, AV CONSELHEIRO AGUIAR, Recife, Pernambuco, Brasil",-8.127944,-34.9000004
6917,2019-08-11 21:08:00,COM VÍTIMA,BOA VIAGEM,AV CONSELHEIRO AGUIAR, ,140.0,CIDADE,ABALROAMENTO TRANSVERSAL,1.0,1.0,1.0,1.0,1.0,1.0,1.0,1.0,1.0,1.0,1.0,Cruzamento,Bom,Sem defeito,Perfeito estado,Seca,Perfeito estado,Outras,50 km/h,Única," , AV CONSELHEIRO AGUIAR, Recife, Pernambuco, Brasil",-8.1017679,-34.8870824
5279,2019-06-16 13:20:00,SEM VÍTIMA,BOA VIAGEM,AV CONSELHEIRO AGUIAR, ,140.0,CIDADE,ABALROAMENTO TRANSVERSAL,2.0,1.0,1.0,1.0,1.0,1.0,1.0,1.0,1.0,0.0,1.0,Longo da via,Chuvoso,Não existe,Perfeito estado,Molhada,Perfeito estado,Não há placas,60 km/h,Única," , AV CONSELHEIRO AGUIAR, Recife, Pernambuco, Brasil",-8.1017679,-34.8870824
5275,2019-06-16 09:37:00,SEM VÍTIMA,BOA VIAGEM,AV BOA VIAGEM,3698,347.0,CIDADE,COLISÃO TRASEIRA,2.0,1.0,1.0,1.0,1.0,1.0,1.0,1.0,1.0,0.0,1.0,Longo da via,Chuvoso,Sem defeito,Perfeito estado,Molhada,Perfeito estado,Outras,60 km/h,Única,"3698, AV BOA VIAGEM, Recife, Pernambuco, Brasil",-8.1072276,-34.8878628
5272,2019-06-16 08:48:00,SEM VÍTIMA,BOA VIAGEM,AVENIDA CELSO FURTADO (VIA MANGUE), ,347.0,SUBURBIO,CHOQUE OBJETO FIXO,2.0,1.0,1.0,1.0,1.0,1.0,1.0,1.0,1.0,0.0,1.0,Longo da via,Chuvoso,Não existe,Perfeito estado,Molhada,Perfeito estado,Outras,60 km/h,Dupla," , AVENIDA CELSO FURTADO (VIA MANGUE), Recife, Pernambuco, Brasil",-8.1072276,-34.8878628
5227,2019-06-14 16:00:00,SEM VÍTIMA,BOA VIAGEM,AV ENGENHEIRO DOMINGOS FERREIRA,2502,347.0,SUBURBIO,ABALROAMENTO LONGITUDINAL,1.0,1.0,1.0,1.0,1.0,1.0,1.0,1.0,1.0,0.0,1.0,Longo da via,Bom,Não existe,Perfeito estado,Seca,Perfeito estado,Não há placas,60 km/h,Única,"2502, AV ENGENHEIRO DOMINGOS FERREIRA, Recife, Pernambuco, Brasil",-8.118197,-34.8970498
4642,2019-05-28 08:06:00,COM VÍTIMA,BOA VIAGEM,RUA VISCONDE DE JEQUITINHONHA,1228,129.0,SUBURBIO,ATROPELAMENTO,1.0,1.0,1.0,1.0,1.0,1.0,1.0,1.0,1.0,1.0,1.0,Cruzamento,Bom,Sem defeito,Perfeito estado,Seca,Perfeito estado,Não há placas,60 km/h,Única,"1228, RUA VISCONDE DE JEQUITINHONHA, Recife, Pernambuco, Brasil",-8.142724,-34.9051392
9342,2019-10-22 08:24:00,SEM VÍTIMA,BOA VIAGEM,AV CONSELHEIRO AGUIAR,4214,129.0,SUBURBIO,COLISÃO,2.0,1.0,1.0,1.0,1.0,1.0,1.0,1.0,1.0,0.0,1.0,Cruzamento,Bom,Sem defeito,Perfeito estado,Seca,Perfeito estado,Não há placas,60 km/h,Única,"4214, AV CONSELHEIRO AGUIAR, Recife, Pernambuco, Brasil",-8.124136,-34.8990818
8020,2019-09-15 09:51:00,SEM VÍTIMA,BOA VIAGEM,AV HERCULANO BANDEIRA,483,137.0,SUBURBIO,ABALROAMENTO LONGITUDINAL,2.0,1.0,1.0,1.0,1.0,1.0,1.0,1.0,1.0,0.0,1.0,Longo da via,Bom,Sem defeito,Perfeito estado,Seca,Perfeito estado,Não há placas,60 km/h,Única,"483, AV HERCULANO BANDEIRA, Recife, Pernambuco, Brasil",-8.0889356,-34.8853967
5233,2019-06-14 17:44:00,SEM VÍTIMA,BOA VIAGEM,RUA RIBEIRO DE BRITO,1250,137.0,SUBURBIO,COLISÃO TRASEIRA,2.0,1.0,1.0,1.0,1.0,1.0,1.0,1.0,1.0,0.0,1.0,Longo da via,Bom,Não existe,Perfeito estado,Seca,Perfeito estado,Não há placas,60 km/h,Única,"1250, RUA RIBEIRO DE BRITO, Recife, Pernambuco, Brasil",-8.1229545,-34.9045403
9001,2019-10-11 21:41:00,COM VÍTIMA,BOA VIAGEM,RUA ERNESTO DE PAULA SANTOS, ,137.0,BEIRA MAR,ABALROAMENTO LONGITUDINAL,2.0,1.0,1.0,1.0,1.0,1.0,1.0,1.0,1.0,1.0,1.0,Esquina,Bom,Não existe,Não existente,Seca,Perfeito estado,Não há placas,60 km/h,Única," , RUA ERNESTO DE PAULA SANTOS, Recife, Pernambuco, Brasil",-8.1250569,-34.8982175
9346,2019-10-22 09:25:00,SEM VÍTIMA,BOA VIAGEM,AV CONSELHEIRO AGUIAR, ,137.0,BEIRA MAR,COLISÃO,2.0,1.0,1.0,1.0,1.0,1.0,1.0,1.0,1.0,0.0,1.0,Esquina,Bom,Não existe,Não existente,Seca,Perfeito estado,Não há placas,60 km/h,Única," , AV CONSELHEIRO AGUIAR, Recife, Pernambuco, Brasil",-8.1017679,-34.8870824
4621,2019-05-27 14:29:00,SEM VÍTIMA,BOA VIAGEM,AV ENGENHEIRO DOMINGOS FERREIRA,2222,137.0,SUBURBIO,ABALROAMENTO TRANSVERSAL,1.0,1.0,1.0,1.0,1.0,1.0,1.0,1.0,1.0,0.0,1.0,Longo da via,Bom,Não existe,Perfeito estado,Seca,Perfeito estado,Não há placas,60 km/h,Única,"2222, AV ENGENHEIRO DOMINGOS FERREIRA, Recife, Pernambuco, Brasil",-8.109672,-34.8921563
9349,2019-10-22 10:43:00,SEM VÍTIMA,BOA VIAGEM,RUA GENERAL EDSON AMANCIO RAMALHO, ,137.0,CIDADE,COLISÃO TRASEIRA,2.0,1.0,1.0,1.0,1.0,1.0,1.0,1.0,1.0,0.0,1.0,Longo da via,Bom,Não existe,Perfeito estado,Seca,Perfeito estado,Outras,60 km/h,Dupla," , RUA GENERAL EDSON AMANCIO RAMALHO, Recife, Pernambuco, Brasil",-8.1246035,-34.9014107
4616,2019-05-27 08:06:00,SEM VÍTIMA,BOA VIAGEM,RUA DOM JOSE LOPES,871,137.0,CIDADE,COLISÃO,2.0,1.0,1.0,1.0,1.0,1.0,1.0,1.0,1.0,0.0,1.0,Longo da via,Bom,Não existe,Perfeito estado,Seca,Perfeito estado,Outras,60 km/h,Dupla,"871, RUA DOM JOSE LOPES, Recife, Pernambuco, Brasil",-8.1271224,-34.9067411
9351,2019-10-22 10:52:00,SEM VÍTIMA,BOA VIAGEM,AV ENGENHEIRO DOMINGOS FERREIRA, ,139.0,SUBURBIO,COLISÃO TRASEIRA,2.0,1.0,1.0,1.0,1.0,1.0,1.0,1.0,1.0,0.0,1.0,Longo da via,Bom,Sem defeito,Perfeito estado,Seca,Perfeito estado,Não há placas,60 km/h,Única," , AV ENGENHEIRO DOMINGOS FERREIRA, Recife, Pernambuco, Brasil",-8.1155752,-34.8954699
9356,2019-10-22 11:42:00,SEM VÍTIMA,BOA VIAGEM,AV DES JOSE NEVES,683,139.0,SUBURBIO,COLISÃO,2.0,1.0,1.0,1.0,1.0,1.0,1.0,1.0,1.0,0.0,1.0,Longo da via,Bom,Sem defeito,Perfeito estado,Seca,Perfeito estado,Não há placas,60 km/h,Única,"683, AV DES JOSE NEVES, Recife, Pernambuco, Brasil",-8.1216967,-34.9144343
8019,2019-09-15 09:44:00,SEM VÍTIMA,BOA VIAGEM,AV BOA VIAGEM,4040,139.0,SUBURBIO,COLISÃO,2.0,1.0,1.0,1.0,1.0,1.0,1.0,1.0,1.0,0.0,1.0,Longo da via,Bom,Sem defeito,Perfeito estado,Seca,Perfeito estado,Não há placas,60 km/h,Única,"4040, AV BOA VIAGEM, Recife, Pernambuco, Brasil",-8.124797,-34.897232
9362,2019-10-22 12:44:00,SEM VÍTIMA,BOA VIAGEM,RUA VISCONDE DE JEQUITINHONHA, ,139.0,SUBURBIO,ABALROAMENTO LONGITUDINAL,2.0,1.0,1.0,1.0,1.0,1.0,1.0,1.0,1.0,0.0,1.0,Longo da via,Bom,Não existe,Perfeito estado,Seca,Perfeito estado,R-6a,60 km/h,Única," , RUA VISCONDE DE JEQUITINHONHA, Recife, Pernambuco, Brasil",-8.1337535,-34.9025533
7985,2019-09-13 19:52:00,SEM VÍTIMA,BOA VIAGEM,RUA VISCONDE DE JEQUITINHONHA,138,139.0,SUBURBIO,COLISÃO,1.0,1.0,1.0,1.0,1.0,1.0,1.0,1.0,1.0,0.0,1.0,Longo da via,Bom,Não existe,Perfeito estado,Seca,Perfeito estado,R-6a,60 km/h,Única,"138, RUA VISCONDE DE JEQUITINHONHA, Recife, Pernambuco, Brasil",-8.130217049999999,-34.902902224030015
6894,2019-08-10 17:10:00,SEM VÍTIMA,BOA VIAGEM,RUA ERNESTO DE PAULA SANTOS,1172,139.0,CIDADE,ABALROAMENTO LONGITUDINAL,2.0,1.0,1.0,1.0,1.0,1.0,1.0,1.0,1.0,0.0,1.0,Longo da via,Bom,Não existe,Perfeito estado,Seca,Perfeito estado,Não há placas,60 km/h,Única,"1172, RUA ERNESTO DE PAULA SANTOS, Recife, Pernambuco, Brasil",-8.1239938,-34.9061561
9365,2019-10-22 13:21:00,SEM VÍTIMA,BOA VIAGEM,RUA COSMORAMA, ,139.0,CIDADE,ABALROAMENTO LONGITUDINAL,2.0,1.0,1.0,1.0,1.0,1.0,1.0,1.0,1.0,0.0,1.0,Longo da via,Bom,Sem defeito,Perfeito estado,Seca,Perfeito estado,Não há placas,40 km/h,Única," , RUA COSMORAMA, Recife, Pernambuco, Brasil",-8.138079,-34.9099092
4591,2019-05-25 23:04:00,SEM VÍTIMA,BOA VIAGEM,RUA VISCONDE DE JEQUITINHONHA,2498,139.0,SUBURBIO,CHOQUE VEÍCULO PARADO,3.0,1.0,1.0,1.0,1.0,1.0,1.0,1.0,1.0,0.0,1.0,Longo da via,Bom,Não existe,Perfeito estado,Seca,Perfeito estado,Não há placas,40 km/h,Única,"2498, RUA VISCONDE DE JEQUITINHONHA, Recife, Pernambuco, Brasil",-8.1415001,-34.9057771
4590,2019-05-25 22:05:00,SEM VÍTIMA,BOA VIAGEM,AV CONSELHEIRO AGUIAR, ,318.0,CIDADE,ABALROAMENTO LONGITUDINAL,2.0,1.0,1.0,1.0,1.0,1.0,1.0,1.0,1.0,0.0,1.0,Cruzamento,Bom,Sem defeito,Perfeito estado,Seca,Perfeito estado,Não há placas,60 km/h,Única," , AV CONSELHEIRO AGUIAR, Recife, Pernambuco, Brasil",-8.1017679,-34.8870824
5259,2019-06-15 14:57:00,SEM VÍTIMA,BOA VIAGEM,AV ENGENHEIRO DOMINGOS FERREIRA, ,144.0,SUBURBIO,COLISÃO TRASEIRA,2.0,1.0,1.0,1.0,1.0,1.0,1.0,1.0,1.0,0.0,1.0,Longo da via,Bom,Sem defeito,Incompleta,Seca,Mal conservada,Não há placas,60 km/h,Única," , AV ENGENHEIRO DOMINGOS FERREIRA, Recife, Pernambuco, Brasil",-8.1155752,-34.8954699
5263,2019-06-15 18:38:00,SEM VÍTIMA,BOA VIAGEM,RUA VISCONDE DE JEQUITINHONHA, ,154.0,SUBURBIO,COLISÃO TRASEIRA,3.0,1.0,1.0,1.0,1.0,1.0,1.0,1.0,1.0,0.0,1.0,Cruzamento,Bom,Sem defeito,Perfeito estado,Seca,Perfeito estado,Não há placas,60 km/h,Única," , RUA VISCONDE DE JEQUITINHONHA, Recife, Pernambuco, Brasil",-8.1337535,-34.9025533
6710,2019-08-05 17:34:00,SEM VÍTIMA,BOA VIAGEM,RUA MARIA CAROLINA, ,154.0,CIDADE,ABALROAMENTO LONGITUDINAL,2.0,1.0,1.0,1.0,1.0,1.0,1.0,1.0,1.0,0.0,1.0,Longo da via,Bom,Não existe,Perfeito estado,Seca,Perfeito estado,Não há placas,60 km/h,Única," , RUA MARIA CAROLINA, Recife, Pernambuco, Brasil",-8.1148918,-34.8950364
9374,2019-10-22 15:35:00,COM VÍTIMA,BOA VIAGEM,AV BOA VIAGEM,4200,113.0,CIDADE,ABALROAMENTO LONGITUDINAL,2.0,1.0,1.0,1.0,1.0,1.0,1.0,1.0,1.0,1.0,1.0,Longo da via,Bom,Não existe,Perfeito estado,Seca,Perfeito estado,R-6a,60 km/h,Única,"4200, AV BOA VIAGEM, Recife, Pernambuco, Brasil",-8.1260656,-34.8978838
4578,2019-05-25 14:18:00,SEM VÍTIMA,BOA VIAGEM,AV CONSELHEIRO AGUIAR,4387,113.0,CIDADE,ABALROAMENTO LONGITUDINAL,1.0,1.0,1.0,1.0,1.0,1.0,1.0,1.0,1.0,0.0,1.0,Longo da via,Bom,Não existe,Perfeito estado,Seca,Perfeito estado,Outras,60 km/h,Única,"4387, AV CONSELHEIRO AGUIAR, Recife, Pernambuco, Brasil",-8.1255655,-34.8990284
6904,2019-08-11 08:34:00,SEM VÍTIMA,BOA VIAGEM,RUA DOS NAVEGANTES, ,113.0,SUBURBIO,ABALROAMENTO TRANSVERSAL,2.0,1.0,1.0,1.0,1.0,1.0,1.0,1.0,1.0,0.0,1.0,Cruzamento,Bom,Não existe,Perfeito estado,Seca,Perfeito estado,Outras,60 km/h,Única," , RUA DOS NAVEGANTES, Recife, Pernambuco, Brasil",-8.1199395,-34.8957061
9376,2019-10-22 15:47:00,SEM VÍTIMA,BOA VIAGEM,AV CONSELHEIRO AGUIAR,4777,113.0,SUBURBIO,ABALROAMENTO LONGITUDINAL,1.0,1.0,1.0,1.0,1.0,1.0,1.0,1.0,1.0,0.0,1.0,Longo da via,Bom,Sem defeito,Perfeito estado,Seca,Perfeito estado,Não há placas,60 km/h,Única,"4777, AV CONSELHEIRO AGUIAR, Recife, Pernambuco, Brasil",-8.129321749999999,-34.90038768729828
8983,2019-10-11 17:24:00,SEM VÍTIMA,BOA VIAGEM,AV ENGENHEIRO DOMINGOS FERREIRA,3920,113.0,SUBURBIO,ABALROAMENTO LONGITUDINAL,1.0,1.0,1.0,1.0,1.0,1.0,1.0,1.0,1.0,0.0,1.0,Longo da via,Bom,Não existe,Perfeito estado,Seca,Perfeito estado,Não há placas,60 km/h,Única,"3920, AV ENGENHEIRO DOMINGOS FERREIRA, Recife, Pernambuco, Brasil",-8.1226787,-34.8998291
9378,2019-10-22 15:58:00,SEM VÍTIMA,BOA VIAGEM,AV CONSELHEIRO AGUIAR,3197,113.0,CIDADE,COLISÃO TRASEIRA,1.0,1.0,1.0,1.0,1.0,1.0,1.0,1.0,1.0,0.0,1.0,Longo da via,Bom,Não existe,Perfeito estado,Seca,Perfeito estado,Não há placas,60 km/h,Única,"3197, AV CONSELHEIRO AGUIAR, Recife, Pernambuco, Brasil",-8.1172943,-34.8951035
5268,2019-06-16 02:54:00,SEM VÍTIMA,BOA VIAGEM,AV CONSELHEIRO AGUIAR, ,113.0,CIDADE,CHOQUE OBJETO FIXO,1.0,1.0,1.0,1.0,1.0,1.0,1.0,1.0,1.0,0.0,1.0,Longo da via,Bom,Não existe,Perfeito estado,Seca,Perfeito estado,Não há placas,60 km/h,Única," , AV CONSELHEIRO AGUIAR, Recife, Pernambuco, Brasil",-8.1017679,-34.8870824
9380,2019-10-22 16:25:00,SEM VÍTIMA,BOA VIAGEM,AV ENGENHEIRO DOMINGOS FERREIRA,4060,155.0,SUBURBIO,COLISÃO TRASEIRA,1.0,1.0,1.0,1.0,1.0,1.0,1.0,1.0,1.0,0.0,1.0,Longo da via,Bom,Sem defeito,Perfeito estado,Seca,Perfeito estado,Não há placas,60 km/h,Única,"4060, AV ENGENHEIRO DOMINGOS FERREIRA, Recife, Pernambuco, Brasil",-8.1237117,-34.9002339
4596,2019-05-26 09:56:00,SEM VÍTIMA,BOA VIAGEM,RUA CARLOS PEREIRA FALCAO, ,155.0,CIDADE,COLISÃO TRASEIRA,2.0,1.0,1.0,1.0,1.0,1.0,1.0,1.0,1.0,0.0,1.0,Longo da via,Bom,Não existe,Perfeito estado,Seca,Perfeito estado,R-6a,60 km/h,Dupla," , RUA CARLOS PEREIRA FALCAO, Recife, Pernambuco, Brasil",-8.1253111,-34.9014303
4465,2019-05-22 06:54:00,COM VÍTIMA,BOA VIAGEM,RUA TOME GIBSON,315,155.0,CIDADE,COLISÃO TRASEIRA,1.0,1.0,1.0,1.0,1.0,1.0,1.0,1.0,1.0,1.0,1.0,Longo da via,Bom,Não existe,Incompleta,Seca,Perfeito estado,R-6a,60 km/h,Dupla,"315, RUA TOME GIBSON, Recife, Pernambuco, Brasil",-8.0987574,-34.88703
6701,2019-08-05 12:47:00,SEM VÍTIMA,BOA VIAGEM,AV VINTE DE JANEIRO,113,155.0,CIDADE,COLISÃO,2.0,1.0,1.0,1.0,1.0,1.0,1.0,1.0,1.0,0.0,1.0,Longo da via,Bom,Não existe,Incompleta,Seca,Perfeito estado,R-6a,60 km/h,Dupla,"113, AV VINTE DE JANEIRO, Recife, Pernambuco, Brasil",-8.1341596,-34.9131941
4462,2019-05-22 04:29:00,SEM VÍTIMA,BOA VIAGEM,AV BOA VIAGEM,6944,155.0,CIDADE,CHOQUE OBJETO FIXO,1.0,1.0,1.0,1.0,1.0,1.0,1.0,1.0,1.0,0.0,1.0,Longo da via,Bom,Sem defeito,Perfeito estado,Seca,Perfeito estado,R-6a,60 km/h,Única,"6944, AV BOA VIAGEM, Recife, Pernambuco, Brasil",-8.1493637,-34.9073392
4380,2019-05-19 05:16:00,SEM VÍTIMA,BOA VIAGEM,AV BOA VIAGEM,4660,155.0,CIDADE,COLISÃO TRASEIRA,3.0,1.0,1.0,1.0,1.0,1.0,1.0,1.0,1.0,0.0,1.0,Longo da via,Bom,Sem defeito,Perfeito estado,Seca,Perfeito estado,R-6a,60 km/h,Única,"4660, AV BOA VIAGEM, Recife, Pernambuco, Brasil",-8.1299832,-34.8991542
5331,2019-06-18 14:52:00,SEM VÍTIMA,BOA VIAGEM,AV FERNANDO SIMOES BARBOSA, ,155.0,SUBURBIO,ABALROAMENTO LONGITUDINAL,2.0,1.0,1.0,1.0,1.0,1.0,1.0,1.0,1.0,0.0,1.0,Longo da via,Bom,Sem defeito,Perfeito estado,Seca,Perfeito estado,R-6a,40 km/h,Única," , AV FERNANDO SIMOES BARBOSA, Recife, Pernambuco, Brasil",-8.124269,-34.9016293