,data_hora,natureza_acidente,bairro,endereco,numero,num_semaforo,sentido_via,tipo,auto,moto,ciclom,ciclista,pedestre,onibus,caminhao,viatura,outros,vitimas,vitimasfatais,acidente_verificado,tempo_clima,situacao_semaforo,sinalizacao,condicao_via,conservacao_via,situacao_placa,velocidade_max_via,mao_direcao,end,latitude,longitude
7924,2019-09-12 10:25:00,SEM VÍTIMA,BOA VIAGEM,AV ENGENHEIRO DOMINGOS FERREIRA,1183,639.0,SUBURBIO,ABALROAMENTO LONGITUDINAL,2.0,1.0,1.0,1.0,1.0,1.0,1.0,1.0,1.0,0.0,1.0,Longo da via,Bom,Não existe,Perfeito estado,Seca,Perfeito estado,Outras,60 km/h,Única,"1183, AV ENGENHEIRO DOMINGOS FERREIRA, Recife, Pernambuco, Brasil",-8.1001724,-34.8869267
3941,2019-05-03 17:18:00,SEM VÍTIMA,BOA VIAGEM,AV FERNANDO SIMOES BARBOSA, ,332.0,SUBURBIO,COLISÃO TRASEIRA,2.0,1.0,1.0,1.0,1.0,1.0,1.0,1.0,1.0,0.0,1.0,Cruzamento,Bom,Sem defeito,Perfeito estado,Seca,Perfeito estado,Outras,60 km/h,Única," , AV FERNANDO SIMOES BARBOSA, Recife, Pernambuco, Brasil",-8.124269,-34.9016293
7107,2019-08-17 10:30:00,SEM VÍTIMA,BOA VIAGEM,AV CONSELHEIRO AGUIAR,4200,147.0,CIDADE,ABALROAMENTO LONGITUDINAL,1.0,1.0,1.0,1.0,1.0,1.0,1.0,1.0,1.0,0.0,1.0,Cruzamento,Bom,Sem defeito,Perfeito estado,Seca,Perfeito estado,Outras,60 km/h,Única,"4200, AV CONSELHEIRO AGUIAR, Recife, Pernambuco, Brasil",-8.1238952,-34.8990404
3935,2019-05-03 15:32:00,SEM VÍTIMA,BOA VIAGEM,AV CONSELHEIRO AGUIAR,3572,147.0,CIDADE,ABALROAMENTO LONGITUDINAL,2.0,1.0,1.0,1.0,1.0,1.0,1.0,1.0,1.0,0.0,1.0,Longo da via,Bom,Não existe,Perfeito estado,Seca,Perfeito estado,Não há placas,60 km/h,Única,"3572, AV CONSELHEIRO AGUIAR, Recife, Pernambuco, Brasil",-8.119592149999999,-34.89696650887623
3934,2019-05-03 15:31:00,SEM VÍTIMA,BOA VIAGEM,RUA DES JOAO PAES,224,147.0,CIDADE,COLISÃO,1.0,1.0,1.0,1.0,1.0,1.0,1.0,1.0,1.0,0.0,1.0,Longo da via,Bom,Não existe,Perfeito estado,Seca,Perfeito estado,Não há placas,60 km/h,Única,"224, RUA DES JOAO PAES, Recife, Pernambuco, Brasil",-8.119592149999999,-34.89696650887623
3932,2019-05-03 15:00:00,SEM VÍTIMA,BOA VIAGEM,RUA BALTAZAR PASSOS,54,147.0,CIDADE,ABALROAMENTO LONGITUDINAL,2.0,1.0,1.0,1.0,1.0,1.0,1.0,1.0,1.0,0.0,1.0,Cruzamento,Bom,Não existe,Perfeito estado,Seca,Perfeito estado,Não há placas,60 km/h,Única,"54, RUA BALTAZAR PASSOS, Recife, Pernambuco, Brasil",-8.1446332,-34.905527
7108,2019-08-17 10:47:00,SEM VÍTIMA,BOA VIAGEM,RUA PROFESSOR AUGUSTO LINS E SILVA, ,147.0,SUBURBIO,ABALROAMENTO TRANSVERSAL,2.0,1.0,1.0,1.0,1.0,1.0,1.0,1.0,1.0,0.0,1.0,Cruzamento,Bom,Não existe,Perfeito estado,Seca,Perfeito estado,Placas Pare,60 km/h,Dupla," , RUA PROFESSOR AUGUSTO LINS E SILVA, Recife, Pernambuco, Brasil",-8.1411075,-34.9063036
3930,2019-05-03 14:49:00,SEM VÍTIMA,BOA VIAGEM,RUA TOME GIBSON, ,200.0,SUBURBIO,COLISÃO FRONTAL,1.0,1.0,1.0,1.0,1.0,1.0,1.0,1.0,1.0,0.0,1.0,Cruzamento,Bom,Sem defeito,Perfeito estado,Seca,Perfeito estado,Não há placas,60 km/h,Dupla," , RUA TOME GIBSON, Recife, Pernambuco, Brasil",-8.0969421,-34.8906426
9753,2019-11-01 18:19:00,SEM VÍTIMA,BOA VIAGEM,RUA PADRE CARAPUCEIRO, ,216.0,SUBURBIO,ABALROAMENTO LONGITUDINAL,2.0,1.0,1.0,1.0,1.0,1.0,1.0,1.0,1.0,0.0,1.0,Cruzamento,Bom,Sem defeito,Perfeito estado,Seca,Perfeito estado,R-6a,60 km/h,Única," , RUA PADRE CARAPUCEIRO, Recife, Pernambuco, Brasil",-8.1167685,-34.9024596
3927,2019-05-03 14:21:00,SEM VÍTIMA,BOA VIAGEM,AV FERNANDO SIMOES BARBOSA, ,216.0,SUBURBIO,COLISÃO,2.0,1.0,1.0,1.0,1.0,1.0,1.0,1.0,1.0,0.0,1.0,Cruzamento,Bom,Sem defeito,Perfeito estado,Seca,Perfeito estado,R-6a,60 km/h,Única," , AV FERNANDO SIMOES BARBOSA, Recife, Pernambuco, Brasil",-8.124269,-34.9016293
3772,2019-04-29 10:04:00,SEM VÍTIMA,BOA VIAGEM,AV CONSELHEIRO AGUIAR,4635,216.0,CIDADE,CHOQUE VEÍCULO PARADO,1.0,1.0,1.0,1.0,1.0,1.0,1.0,1.0,1.0,0.0,1.0,Longo da via,Bom,Não existe,Perfeito estado,Seca,Perfeito estado,Não há placas,60 km/h,Única,"4635, AV CONSELHEIRO AGUIAR, Recife, Pernambuco, Brasil",-8.127944,-34.9000004
3926,2019-05-03 14:18:00,SEM VÍTIMA,BOA VIAGEM,AV ENGENHEIRO DOMINGOS FERREIRA, ,216.0,SUBURBIO,ABALROAMENTO LONGITUDINAL,2.0,1.0,1.0,1.0,1.0,1.0,1.0,1.0,1.0,0.0,1.0,Longo da via,Bom,Não existe,Perfeito estado,Seca,Perfeito estado,Outras,60 km/h,Dupla," , AV ENGENHEIRO DOMINGOS FERREIRA, Recife, Pernambuco, Brasil",-8.1155752,-34.8954699
5566,2019-06-26 20:51:00,SEM VÍTIMA,BOA VIAGEM,AV ANTONIO DE GOES,617,216.0,SUBURBIO,COLISÃO,2.0,1.0,1.0,1.0,1.0,1.0,1.0,1.0,1.0,0.0,1.0,Longo da via,Bom,Não existe,Perfeito estado,Seca,Perfeito estado,Outras,60 km/h,Dupla,"617, AV ANTONIO DE GOES, Recife, Pernambuco, Brasil",-8.0868807,-34.8853409
5568,2019-06-27 04:54:00,SEM VÍTIMA,BOA VIAGEM,RUA ERNESTO DE PAULA SANTOS,75,216.0,SUBURBIO,COLISÃO,2.0,1.0,1.0,1.0,1.0,1.0,1.0,1.0,1.0,0.0,1.0,Longo da via,Bom,Não existe,Perfeito estado,Seca,Perfeito estado,Outras,60 km/h,Dupla,"75, RUA ERNESTO DE PAULA SANTOS, Recife, Pernambuco, Brasil",-8.1253704,-34.8977972
3909,2019-05-03 09:14:00,SEM VÍTIMA,BOA VIAGEM,AV ENGENHEIRO DOMINGOS FERREIRA,3433,216.0,SUBURBIO,COLISÃO TRASEIRA,2.0,1.0,1.0,1.0,1.0,1.0,1.0,1.0,1.0,0.0,1.0,Longo da via,Bom,Sem defeito,Perfeito estado,Seca,Perfeito estado,Outras,60 km/h,Única,"3433, AV ENGENHEIRO DOMINGOS FERREIRA, Recife, Pernambuco, Brasil",-8.118972,-34.89727
3906,2019-05-03 08:40:00,SEM VÍTIMA,BOA VIAGEM,RUA RIBEIRO DE BRITO,590,216.0,SUBURBIO,COLISÃO TRASEIRA,1.0,1.0,1.0,1.0,1.0,1.0,1.0,1.0,1.0,0.0,1.0,Longo da via,Bom,Não existe,Perfeito estado,Seca,Perfeito estado,Outras,60 km/h,Única,"590, RUA RIBEIRO DE BRITO, Recife, Pernambuco, Brasil",-8.1230919,-34.9021161
9772,2019-11-02 14:33:00,SEM VÍTIMA,BOA VIAGEM,AV BOA VIAGEM,4772,216.0,CIDADE,ABALROAMENTO LONGITUDINAL,2.0,1.0,1.0,1.0,1.0,1.0,1.0,1.0,1.0,0.0,1.0,Longo da via,Bom,Não existe,Perfeito estado,Seca,Perfeito estado,Não há placas,60 km/h,Única,"4772, AV BOA VIAGEM, Recife, Pernambuco, Brasil",-8.1309501,-34.8995597
8817,2019-10-07 14:02:00,SEM VÍTIMA,BOA VIAGEM,AV BOA VIAGEM, ,4.0,SUBURBIO,COLISÃO TRASEIRA,3.0,1.0,1.0,1.0,1.0,1.0,1.0,1.0,1.0,0.0,1.0,Longo da via,Bom,Sem defeito,Perfeito estado,Seca,Perfeito estado,Não há placas,60 km/h,Única," , AV BOA VIAGEM, Recife, Pernambuco, Brasil",-8.0906381,-34.8817684
6625,2019-08-02 15:35:00,SEM VÍTIMA,BOA VIAGEM,AV DES JOSE NEVES,31,4.0,CIDADE,ABALROAMENTO LONGITUDINAL,3.0,1.0,1.0,1.0,1.0,1.0,1.0,1.0,1.0,0.0,1.0,Longo da via,Bom,Não existe,Perfeito estado,Seca,Perfeito estado,Outras,60 km/h,Dupla,"31, AV DES JOSE NEVES, Recife, Pernambuco, Brasil",-8.1216967,-34.9144343
5574,2019-06-27 08:51:00,COM VÍTIMA,BOA VIAGEM,RUA JOSE DOMINGUES DA SILVA,86,4.0,CIDADE,ABALROAMENTO TRANSVERSAL,1.0,1.0,1.0,1.0,1.0,1.0,1.0,1.0,1.0,1.0,1.0,Cruzamento,Bom,Não existe,Não existente,Seca,Perfeito estado,R-6a,60 km/h,Dupla,"86, RUA JOSE DOMINGUES DA SILVA, Recife, Pernambuco, Brasil",-8.1341288,-34.9056964
5583,2019-06-27 12:40:00,SEM VÍTIMA,BOA VIAGEM,RUA CAPITAO ZUZINHA,310,4.0,CIDADE,ABALROAMENTO LONGITUDINAL,3.0,1.0,1.0,1.0,1.0,1.0,1.0,1.0,1.0,0.0,1.0,Longo da via,Bom,Não existe,Perfeito estado,Seca,Perfeito estado,R-6a,60 km/h,Única,"310, RUA CAPITAO ZUZINHA, Recife, Pernambuco, Brasil",-8.1342042,-34.9055775
9789,2019-11-03 11:37:00,SEM VÍTIMA,BOA VIAGEM,RUA ANTONIO PASSOS,51,4.0,SUBURBIO,ABALROAMENTO TRANSVERSAL,1.0,1.0,1.0,1.0,1.0,1.0,1.0,1.0,1.0,0.0,1.0,Longo da via,Bom,Sem defeito,Perfeito estado,Seca,Perfeito estado,Placas Pare,60 km/h,Dupla,"51, RUA ANTONIO PASSOS, Recife, Pernambuco, Brasil",-8.1345709,-34.9044586
7917,2019-09-12 09:24:00,SEM VÍTIMA,BOA VIAGEM,AV ENGENHEIRO DOMINGOS FERREIRA, ,4.0,SUBURBIO,COLISÃO,2.0,1.0,1.0,1.0,1.0,1.0,1.0,1.0,1.0,0.0,1.0,Longo da via,Bom,Sem defeito,Perfeito estado,Seca,Perfeito estado,Placas Pare,60 km/h,Dupla," , AV ENGENHEIRO DOMINGOS FERREIRA, Recife, Pernambuco, Brasil",-8.1155752,-34.8954699
9792,2019-11-03 15:03:00,SEM VÍTIMA,BOA VIAGEM,AVENIDA CELSO FURTADO (VIA MANGUE), ,4.0,SUBURBIO,COLISÃO TRASEIRA,2.0,1.0,1.0,1.0,1.0,1.0,1.0,1.0,1.0,0.0,1.0,Longo da via,Bom,Não existe,Perfeito estado,Seca,Perfeito estado,R-6a,60 km/h,Dupla," , AVENIDA CELSO FURTADO (VIA MANGUE), Recife, Pernambuco, Brasil",-8.1155752,-34.8954699
3889,2019-05-02 18:11:00,SEM VÍTIMA,BOA VIAGEM,AV ENGENHEIRO DOMINGOS FERREIRA,4650,4.0,SUBURBIO,ABALROAMENTO LONGITUDINAL,1.0,1.0,1.0,1.0,1.0,1.0,1.0,1.0,1.0,0.0,1.0,Cruzamento,Bom,Não existe,Perfeito estado,Seca,Perfeito estado,Outras,60 km/h,Dupla,"4650, AV ENGENHEIRO DOMINGOS FERREIRA, Recife, Pernambuco, Brasil",-8.1292986,-34.9024648
5584,2019-06-27 13:02:00,SEM VÍTIMA,BOA VIAGEM,RUA AMALIA BERNARDINO DE SOUZA,1326,4.0,SUBURBIO,ABALROAMENTO TRANSVERSAL,2.0,1.0,1.0,1.0,1.0,1.0,1.0,1.0,1.0,0.0,1.0,Cruzamento,Bom,Não existe,Não existente,Seca,Perfeito estado,Não há placas,60 km/h,Dupla,"1326, RUA AMALIA BERNARDINO DE SOUZA, Recife, Pernambuco, Brasil",-8.1242876,-34.9083994
8820,2019-10-07 14:21:00,SEM VÍTIMA,BOA VIAGEM,RUA PROFESSOR JULIO FERREIRA DE MELO,572,4.0,SUBURBIO,COLISÃO,1.0,1.0,1.0,1.0,1.0,1.0,1.0,1.0,1.0,0.0,1.0,Cruzamento,Bom,Não existe,Não existente,Seca,Perfeito estado,Não há placas,60 km/h,Dupla,"572, RUA PROFESSOR JULIO FERREIRA DE MELO, Recife, Pernambuco, Brasil",-8.1144867,-34.8979226
7873,2019-09-11 10:18:00,COM VÍTIMA,BOA VIAGEM,RUA JACK AYRES,73,4.0,SUBURBIO,COLISÃO,2.0,1.0,1.0,1.0,1.0,1.0,1.0,1.0,1.0,1.0,1.0,Cruzamento,Bom,Não existe,Perfeito estado,Seca,Perfeito estado,Placas Pare,30 km/h,Única,"73, RUA JACK AYRES, Recife, Pernambuco, Brasil",-8.1202687,-34.899278
3765,2019-04-29 06:28:00,SEM VÍTIMA,BOA VIAGEM,AV PRESIDENTE DUTRA, ,4.0,CIDADE,ABALROAMENTO LONGITUDINAL,2.0,1.0,1.0,1.0,1.0,1.0,1.0,1.0,1.0,0.0,1.0,Viaduto,Bom,Não existe,Perfeito estado,Seca,Perfeito estado,Não há placas,60 km/h,Única," , AV PRESIDENTE DUTRA, Recife, Pernambuco, Brasil",-8.1204452,-34.9191955
5619,2019-06-28 15:33:00,COM VÍTIMA,BOA VIAGEM,AV CONSELHEIRO AGUIAR,1748,4.0,CIDADE,ABALROAMENTO TRANSVERSAL,1.0,1.0,1.0,1.0,1.0,1.0,1.0,1.0,1.0,1.0,1.0,Longo da via,Bom,Não existe,Perfeito estado,Seca,Perfeito estado,Não há placas,60 km/h,Única,"1748, AV CONSELHEIRO AGUIAR, Recife, Pernambuco, Brasil",-8.1054747,-34.8890035
5693,2019-07-01 12:30:00,COM VÍTIMA,BOA VIAGEM,RUA BALTAZAR PASSOS,515,4.0,SUL,COLISÃO,2.0,1.0,1.0,1.0,1.0,1.0,1.0,1.0,1.0,1.0,1.0,Cruzamento,Bom,Não existe,Perfeito estado,Seca,Perfeito estado,Placas Pare,60 km/h,Única,"515, RUA BALTAZAR PASSOS, Recife, Pernambuco, Brasil",-8.1430628,-34.9096042
7864,2019-09-10 21:41:00,SEM VÍTIMA,BOA VIAGEM,RUA SETUBAL,422,4.0,CIDADE,ABALROAMENTO LONGITUDINAL,2.0,1.0,1.0,1.0,1.0,1.0,1.0,1.0,1.0,0.0,1.0,Longo da via,Bom,Não existe,Incompleta,Seca,Perfeito estado,Placas Pare,60 km/h,Única,"422, RUA SETUBAL, Recife, Pernambuco, Brasil",-8.1346018,-34.9023439
8191,2019-09-19 20:26:00,SEM VÍTIMA,BOA VIAGEM,RUA RIBEIRO DE BRITO,1111,4.0,CIDADE,COLISÃO,2.0,1.0,1.0,1.0,1.0,1.0,1.0,1.0,1.0,0.0,1.0,Longo da via,Bom,Não existe,Incompleta,Seca,Perfeito estado,Placas Pare,60 km/h,Única,"1111, RUA RIBEIRO DE BRITO, Recife, Pernambuco, Brasil",-8.1229545,-34.9045403
9119,2019-10-15 12:40:00,SEM VÍTIMA,BOA VIAGEM,AV DOM JOAO VI, ,543.0,CIDADE,COLISÃO,2.0,1.0,1.0,1.0,1.0,1.0,1.0,1.0,1.0,0.0,1.0,Longo da via,Bom,Não existe,Incompleta,Seca,Perfeito estado,Placas Pare,60 km/h,Única," , AV DOM JOAO VI, Recife, Pernambuco, Brasil",-8.1181195,-34.9061879
5696,2019-07-01 13:40:00,SEM VÍTIMA,BOA VIAGEM,AV FERNANDO SIMOES BARBOSA,702,543.0,SUBURBIO,ABALROAMENTO LONGITUDINAL,1.0,1.0,1.0,1.0,1.0,1.0,1.0,1.0,1.0,0.0,1.0,Longo da via,Bom,Não existe,Perfeito estado,Seca,Perfeito estado,Não há placas,60 km/h,Única,"702, AV FERNANDO SIMOES BARBOSA, Recife, Pernambuco, Brasil",-8.1269889,-34.9017692
5697,2019-07-01 13:59:00,SEM VÍTIMA,BOA VIAGEM,AV FERNANDO SIMOES BARBOSA,406,543.0,SUBURBIO,ABALROAMENTO TRANSVERSAL,2.0,1.0,1.0,1.0,1.0,1.0,1.0,1.0,1.0,0.0,1.0,Longo da via,Bom,Não existe,Não existente,Seca,Perfeito estado,Não há placas,60 km/h,Única,"406, AV FERNANDO SIMOES BARBOSA, Recife, Pernambuco, Brasil",-8.1213907,-34.9019337
8192,2019-09-19 20:29:00,SEM VÍTIMA,BOA VIAGEM,AV CONSELHEIRO AGUIAR,3810,543.0,CIDADE,CHOQUE VEÍCULO PARADO,2.0,1.0,1.0,1.0,1.0,1.0,1.0,1.0,1.0,0.0,1.0,Longo da via,Bom,Não existe,Perfeito estado,Seca,Perfeito estado,Não há placas,60 km/h,Única,"3810, AV CONSELHEIRO AGUIAR, Recife, Pernambuco, Brasil",-8.1215985,-34.8980998
9936,2019-11-07 09:04:00,SEM VÍTIMA,BOA VIAGEM,RUA VISCONDE DE JEQUITINHONHA,1204,543.0,CIDADE,COLISÃO,3.0,1.0,1.0,1.0,1.0,1.0,1.0,1.0,1.0,0.0,1.0,Longo da via,Bom,Não existe,Perfeito estado,Seca,Perfeito estado,Não há placas,60 km/h,Única,"1204, RUA VISCONDE DE JEQUITINHONHA, Recife, Pernambuco, Brasil",-8.1424081,-34.9049929
3664,2019-04-26 10:27:00,SEM VÍTIMA,BOA VIAGEM,AV MARECHAL JUAREZ TAVORA,36,543.0,SUBURBIO,CHOQUE VEÍCULO PARADO,2.0,1.0,1.0,1.0,1.0,1.0,1.0,1.0,1.0,0.0,1.0,Longo da via,Bom,Não existe,Perfeito estado,Seca,Perfeito estado,Outras,60 km/h,Dupla,"36, AV MARECHAL JUAREZ TAVORA, Recife, Pernambuco, Brasil",-8.136489,-34.9080934
3663,2019-04-26 09:41:00,SEM VÍTIMA,BOA VIAGEM,AV CONSELHEIRO AGUIAR,3655,543.0,CIDADE,COLISÃO TRASEIRA,1.0,1.0,1.0,1.0,1.0,1.0,1.0,1.0,1.0,0.0,1.0,Longo da via,Bom,Não existe,Perfeito estado,Seca,Perfeito estado,Não há placas,60 km/h,Única,"3655, AV CONSELHEIRO AGUIAR, Recife, Pernambuco, Brasil",-8.1141184,-34.8933999
7862,2019-09-10 19:26:00,SEM VÍTIMA,BOA VIAGEM,RUA GENERAL EDSON AMANCIO RAMALHO, ,321.0,CIDADE,ABALROAMENTO TRANSVERSAL,2.0,1.0,1.0,1.0,1.0,1.0,1.0,1.0,1.0,0.0,1.0,Cruzamento,Bom,Sem defeito,Perfeito estado,Seca,Perfeito estado,R-6a,60 km/h,Dupla," , RUA GENERAL EDSON AMANCIO RAMALHO, Recife, Pernambuco, Brasil",-8.1246035,-34.9014107
5701,2019-07-01 14:22:00,SEM VÍTIMA,BOA VIAGEM,RUA JORNALISTA ADETH LEITE, ,321.0,SUBURBIO,ABALROAMENTO LONGITUDINAL,2.0,1.0,1.0,1.0,1.0,1.0,1.0,1.0,1.0,0.0,1.0,Longo da via,Bom,Sem defeito,Perfeito estado,Seca,Perfeito estado,Não há placas,30 km/h,Única," , RUA JORNALISTA ADETH LEITE, Recife, Pernambuco, Brasil",-8.10204,-34.887888
7861,2019-09-10 18:33:00,COM VÍTIMA,BOA VIAGEM,RUA BARAO DE SOUZA LEAO, ,321.0,CIDADE,COLISÃO COM CICLISTA,1.0,1.0,1.0,1.0,1.0,1.0,1.0,1.0,1.0,2.0,1.0,Longo da via,Bom,Sem defeito,Perfeito estado,Seca,Perfeito estado,Não há placas,30 km/h,Única," , RUA BARAO DE SOUZA LEAO, Recife, Pernambuco, Brasil",-8.1325905,-34.9149303
8739,2019-10-05 06:36:00,SEM VÍTIMA,BOA VIAGEM,AV BOA VIAGEM,6500,321.0,CIDADE,COLISÃO,1.0,1.0,1.0,1.0,1.0,1.0,1.0,1.0,1.0,0.0,1.0,Longo da via,Bom,Sem defeito,Perfeito estado,Seca,Perfeito estado,Não há placas,30 km/h,Única,"6500, AV BOA VIAGEM, Recife, Pernambuco, Brasil",-8.14558195,-34.90611134091529
3684,2019-04-26 16:28:00,SEM VÍTIMA,BOA VIAGEM,AV BOA VIAGEM, ,84.0,CIDADE,COLISÃO TRASEIRA,1.0,1.0,1.0,1.0,1.0,1.0,1.0,1.0,1.0,0.0,1.0,Longo da via,Bom,Sem defeito,Perfeito estado,Seca,Perfeito estado,Placas Pare,50 km/h,Única," , AV BOA VIAGEM, Recife, Pernambuco, Brasil",-8.0906381,-34.8817684
7196,2019-08-20 11:45:00,SEM VÍTIMA,BOA VIAGEM,RUA PADRE CARAPUCEIRO, ,542.0,SUBURBIO,ABALROAMENTO LONGITUDINAL,1.0,1.0,1.0,1.0,1.0,1.0,1.0,1.0,1.0,0.0,1.0,Longo da via,Bom,Sem defeito,Perfeito estado,Seca,Perfeito estado,R-6a,50 km/h,Única," , RUA PADRE CARAPUCEIRO, Recife, Pernambuco, Brasil",-8.1167685,-34.9024596
8738,2019-10-05 04:04:00,SEM VÍTIMA,BOA VIAGEM,RUA RIBEIRO DE BRITO,1326,542.0,SUBURBIO,ABALROAMENTO TRANSVERSAL,2.0,1.0,1.0,1.0,1.0,1.0,1.0,1.0,1.0,0.0,1.0,Cruzamento,Bom,Não existe,Perfeito estado,Seca,Perfeito estado,R-6a,50 km/h,Única,"1326, RUA RIBEIRO DE BRITO, Recife, Pernambuco, Brasil",-8.1229545,-34.9045403
9941,2019-11-07 11:53:00,COM VÍTIMA,BOA VIAGEM,RUA AVIADOR SEVERIANO LINS,394,542.0,SUBURBIO,COLISÃO TRASEIRA,1.0,1.0,1.0,1.0,1.0,1.0,1.0,1.0,1.0,1.0,1.0,Cruzamento,Bom,Não existe,Perfeito estado,Seca,Perfeito estado,Outras,20 km/h,Dupla,"394, RUA AVIADOR SEVERIANO LINS, Recife, Pernambuco, Brasil",-8.1095139,-34.8942159
9942,2019-11-07 12:35:00,SEM VÍTIMA,BOA VIAGEM,RUA BRUNO VELOSO, ,542.0,SUBURBIO,COLISÃO,2.0,1.0,1.0,1.0,1.0,1.0,1.0,1.0,1.0,0.0,1.0,Cruzamento,Bom,Não existe,Perfeito estado,Seca,Perfeito estado,Outras,20 km/h,Dupla," , RUA BRUNO VELOSO, Recife, Pernambuco, Brasil",-8.1213716,-34.9011717
7197,2019-08-20 12:15:00,COM VÍTIMA,BOA VIAGEM,AV CONSELHEIRO AGUIAR,3423,542.0,CIDADE,ABALROAMENTO LONGITUDINAL,1.0,1.0,1.0,1.0,1.0,1.0,1.0,1.0,1.0,1.0,1.0,Longo da via,Bom,Não existe,Não existente,Seca,Perfeito estado,Não há placas,60 km/h,Única,"3423, AV CONSELHEIRO AGUIAR, Recife, Pernambuco, Brasil",-8.1191321,-34.89605856898582
7853,2019-09-10 14:23:00,SEM VÍTIMA,BOA VIAGEM,RUA BARAO DE SOUZA LEAO, ,542.0,CIDADE,ABALROAMENTO LONGITUDINAL,2.0,1.0,1.0,1.0,1.0,1.0,1.0,1.0,1.0,0.0,1.0,Cruzamento,Bom,Sem defeito,Perfeito estado,Seca,Perfeito estado,Outras,60 km/h,Única," , RUA BARAO DE SOUZA LEAO, Recife, Pernambuco, Brasil",-8.1325905,-34.9149303
8193,2019-09-19 20:47:00,SEM VÍTIMA,BOA VIAGEM,RUA ANTONIO FALCAO, ,542.0,CIDADE,COLISÃO,2.0,1.0,1.0,1.0,1.0,1.0,1.0,1.0,1.0,0.0,1.0,Cruzamento,Bom,Sem defeito,Perfeito estado,Seca,Perfeito estado,Outras,60 km/h,Única," , RUA ANTONIO FALCAO, Recife, Pernambuco, Brasil",-8.1133174,-34.9001629
7202,2019-08-20 14:29:00,SEM VÍTIMA,BOA VIAGEM,RUA ERNESTO DE PAULA SANTOS, ,542.0,CIDADE,ABALROAMENTO LONGITUDINAL,2.0,1.0,1.0,1.0,1.0,1.0,1.0,1.0,1.0,0.0,1.0,Longo da via,Bom,Não existe,Perfeito estado,Seca,Perfeito estado,Outras,60 km/h,Única," , RUA ERNESTO DE PAULA SANTOS, Recife, Pernambuco, Brasil",-8.1250569,-34.8982175
7203,2019-08-20 15:19:00,SEM VÍTIMA,BOA VIAGEM,AV DES JOSE NEVES,63,542.0,SUBURBIO,CHOQUE VEÍCULO PARADO,2.0,1.0,1.0,1.0,1.0,1.0,1.0,1.0,1.0,0.0,1.0,Longo da via,Bom,Não existe,Perfeito estado,Seca,Perfeito estado,Não há placas,60 km/h,Dupla,"63, AV DES JOSE NEVES, Recife, Pernambuco, Brasil",-8.1216967,-34.9144343
7852,2019-09-10 13:45:00,SEM VÍTIMA,BOA VIAGEM,AV BOA VIAGEM,5030,542.0,CIDADE,COLISÃO TRASEIRA,2.0,1.0,1.0,1.0,1.0,1.0,1.0,1.0,1.0,0.0,1.0,Longo da via,Bom,Sem defeito,Perfeito estado,Seca,Perfeito estado,Não há placas,60 km/h,Única,"5030, AV BOA VIAGEM, Recife, Pernambuco, Brasil",-8.1330036,-34.9010344
7207,2019-08-20 17:13:00,SEM VÍTIMA,BOA VIAGEM,RUA VISCONDE DE JEQUITINHONHA, ,542.0,SUBURBIO,ABALROAMENTO TRANSVERSAL,2.0,1.0,1.0,1.0,1.0,1.0,1.0,1.0,1.0,0.0,1.0,Longo da via,Bom,Não existe,Perfeito estado,Seca,Perfeito estado,Não há placas,60 km/h,Única," , RUA VISCONDE DE JEQUITINHONHA, Recife, Pernambuco, Brasil",-8.1337535,-34.9025533
3631,2019-04-25 14:19:00,SEM VÍTIMA,BOA VIAGEM,RUA BRUNO VELOSO, ,338.0,SUBURBIO,ABALROAMENTO LONGITUDINAL,1.0,1.0,1.0,1.0,1.0,1.0,1.0,1.0,1.0,0.0,1.0,Longo da via,Chuvoso,Sem defeito,Perfeito estado,Molhada,Perfeito estado,Outras,60 km/h,Única," , RUA BRUNO VELOSO, Recife, Pernambuco, Brasil",-8.1213716,-34.9011717
8733,2019-10-04 21:15:00,SEM VÍTIMA,BOA VIAGEM,RUA CRUZEIRO DO FORTE, ,338.0,SUBURBIO,ABALROAMENTO LONGITUDINAL,2.0,1.0,1.0,1.0,1.0,1.0,1.0,1.0,1.0,0.0,1.0,Longo da via,Bom,Não existe,Perfeito estado,Seca,Perfeito estado,Outras,60 km/h,Única," , RUA CRUZEIRO DO FORTE, Recife, Pernambuco, Brasil",-8.1378817,-34.9106482
3627,2019-04-25 12:32:00,SEM VÍTIMA,BOA VIAGEM,AV ENGENHEIRO DOMINGOS FERREIRA,2324,139.0,SUBURBIO,COLISÃO TRASEIRA,3.0,1.0,1.0,1.0,1.0,1.0,1.0,1.0,1.0,0.0,1.0,Longo da via,Chuvoso,Sem defeito,Perfeito estado,Molhada,Perfeito estado,R-6a,60 km/h,Única,"2324, AV ENGENHEIRO DOMINGOS FERREIRA, Recife, Pernambuco, Brasil",-8.1106429,-34.8927541
5716,2019-07-02 07:23:00,SEM VÍTIMA,BOA VIAGEM,AVENIDA CELSO FURTADO (VIA MANGUE), ,139.0,CIDADE,COLISÃO,2.0,1.0,1.0,1.0,1.0,1.0,1.0,1.0,1.0,0.0,1.0,Longo da via,Chuvoso,Sem defeito,Perfeito estado,Molhada,Perfeito estado,R-6a,60 km/h,Única," , AVENIDA CELSO FURTADO (VIA MANGUE), Recife, Pernambuco, Brasil",-8.1106429,-34.8927541
9937,2019-11-07 09:10:00,SEM VÍTIMA,BOA VIAGEM,AV ENGENHEIRO DOMINGOS FERREIRA,2986,139.0,SUBURBIO,COLISÃO TRASEIRA,2.0,1.0,1.0,1.0,1.0,1.0,1.0,1.0,1.0,0.0,1.0,Longo da via,Bom,Não existe,Perfeito estado,Seca,Perfeito estado,Outras,60 km/h,Dupla,"2986, AV ENGENHEIRO DOMINGOS FERREIRA, Recife, Pernambuco, Brasil",-8.1149297,-34.8953308