,data_hora,natureza_acidente,bairro,endereco,numero,num_semaforo,sentido_via,tipo,auto,moto,ciclom,ciclista,pedestre,onibus,caminhao,viatura,outros,vitimas,vitimasfatais,acidente_verificado,tempo_clima,situacao_semaforo,sinalizacao,condicao_via,conservacao_via,situacao_placa,velocidade_max_via,mao_direcao,end,latitude,longitude
1052,2019-02-07 22:24:00,SEM VÍTIMA,BOA VIAGEM,AV ENGENHEIRO DOMINGOS FERREIRA, ,158.0,SUBURBIO,ABALROAMENTO LONGITUDINAL,1.0,2.0,1.0,1.0,1.0,1.0,1.0,1.0,1.0,0.0,1.0,Cruzamento,Bom,Sem defeito,Ilegível,Seca,Perfeito estado,Outras,40 km/h,Única," , AV ENGENHEIRO DOMINGOS FERREIRA, Recife, Pernambuco, Brasil",-8.1155752,-34.8954699
165,2019-01-07 16:41:00,SEM VÍTIMA,BOA VIAGEM,AV CONSELHEIRO AGUIAR, ,158.0,CIDADE,COLISÃO TRASEIRA,2.0,2.0,1.0,1.0,1.0,1.0,1.0,1.0,1.0,0.0,1.0,Longo da via,Bom,Não existe,Perfeito estado,Seca,Perfeito estado,R-6b,40 km/h,Única," , AV CONSELHEIRO AGUIAR, Recife, Pernambuco, Brasil",-8.1017679,-34.8870824
12007,2019-12-28 17:03:00,SEM VÍTIMA,BOA VIAGEM,RUA DES JOAO PAES,561,158.0,CIDADE,ABALROAMENTO LONGITUDINAL,2.0,2.0,1.0,1.0,1.0,1.0,1.0,1.0,1.0,0.0,1.0,Cruzamento,Bom,Não existe,Ilegível,Seca,Perfeito estado,R-6b,40 km/h,Única,"561, RUA DES JOAO PAES, Recife, Pernambuco, Brasil",-8.1017679,-34.8870824
708,2019-01-28 16:05:00,SEM VÍTIMA,BOA VIAGEM,RUA FRANCISCO DA CUNHA,995,158.0,CIDADE,ABALROAMENTO TRANSVERSAL,2.0,2.0,1.0,1.0,1.0,1.0,1.0,1.0,1.0,0.0,1.0,Longo da via,Bom,Não existe,Perfeito estado,Seca,Perfeito estado,Não há placas,40 km/h,Única,"995, RUA FRANCISCO DA CUNHA, Recife, Pernambuco, Brasil",-8.1165739,-34.8973661
10976,2019-12-03 15:45:00,SEM VÍTIMA,BOA VIAGEM,AV BOA VIAGEM,500,158.0,CIDADE,ABALROAMENTO LONGITUDINAL,3.0,2.0,1.0,1.0,1.0,1.0,1.0,1.0,1.0,0.0,1.0,Longo da via,Bom,Não existe,Perfeito estado,Seca,Perfeito estado,Não há placas,60 km/h,Única,"500, AV BOA VIAGEM, Recife, Pernambuco, Brasil",-8.0961237,-34.8834564
11946,2019-12-26 19:07:00,SEM VÍTIMA,BOA VIAGEM,RUA JOAO CARDOSO AIRES,327,158.0,SUBURBIO,COLISÃO FRONTAL,2.0,2.0,1.0,1.0,1.0,1.0,1.0,1.0,1.0,0.0,1.0,Cruzamento,Bom,Sem defeito,Perfeito estado,Seca,Perfeito estado,R-6a,60 km/h,Única,"327, RUA JOAO CARDOSO AIRES, Recife, Pernambuco, Brasil",-8.1429463,-34.9076618
162,2019-01-07 16:03:00,SEM VÍTIMA,BOA VIAGEM,RUA VISCONDE DE JEQUITINHONHA,1503,158.0,SUBURBIO,ABALROAMENTO TRANSVERSAL,1.0,1.0,1.0,1.0,1.0,1.0,1.0,1.0,1.0,0.0,1.0,Longo da via,Bom,Não existe,Perfeito estado,Seca,Perfeito estado,Não há placas,60 km/h,Única,"1503, RUA VISCONDE DE JEQUITINHONHA, Recife, Pernambuco, Brasil",-8.1358365,-34.9028138
11290,2019-12-10 08:37:00,SEM VÍTIMA,BOA VIAGEM,AV ARMINDO MOURA,3594,258.0,SUBURBIO,COLISÃO TRASEIRA,2.0,1.0,1.0,1.0,1.0,1.0,1.0,1.0,1.0,0.0,1.0,Cruzamento,Bom,Sem defeito,Perfeito estado,Seca,Perfeito estado,R-6a,40 km/h,Dupla,"3594, AV ARMINDO MOURA, Recife, Pernambuco, Brasil",-8.1500885,-34.9105132
11812,2019-12-22 19:38:00,SEM VÍTIMA,BOA VIAGEM,RUA BRUNO VELOSO, ,335.0,SUBURBIO,COLISÃO,2.0,1.0,1.0,1.0,1.0,1.0,1.0,1.0,1.0,0.0,1.0,Cruzamento,Bom,Sem defeito,Perfeito estado,Seca,Perfeito estado,R-6a,40 km/h,Dupla," , RUA BRUNO VELOSO, Recife, Pernambuco, Brasil",-8.1213716,-34.9011717
1053,2019-02-08 07:14:00,SEM VÍTIMA,BOA VIAGEM,RUA DOS NAVEGANTES,435,335.0,SUBURBIO,COLISÃO,2.0,1.0,1.0,1.0,1.0,1.0,1.0,1.0,1.0,0.0,1.0,Cruzamento,Bom,Sem defeito,Perfeito estado,Seca,Perfeito estado,R-6a,40 km/h,Dupla,"435, RUA DOS NAVEGANTES, Recife, Pernambuco, Brasil",-8.1199395,-34.8957061
10990,2019-12-03 20:32:00,COM VÍTIMA,BOA VIAGEM,AV ENGENHEIRO DOMINGOS FERREIRA, ,145.0,SUBURBIO,ABALROAMENTO LONGITUDINAL,1.0,1.0,1.0,1.0,1.0,2.0,1.0,1.0,1.0,7.0,1.0,Cruzamento,Bom,Sem defeito,Perfeito estado,Seca,Perfeito estado,R-25d,40 km/h,Única," , AV ENGENHEIRO DOMINGOS FERREIRA, Recife, Pernambuco, Brasil",-8.1155752,-34.8954699
167,2019-01-07 17:57:00,SEM VÍTIMA,BOA VIAGEM,RUA VISCONDE DE JEQUITINHONHA, ,145.0,SUBURBIO,COLISÃO,1.0,1.0,1.0,1.0,1.0,2.0,1.0,1.0,1.0,0.0,1.0,Cruzamento,Bom,Sem defeito,Perfeito estado,Seca,Perfeito estado,R-25d,40 km/h,Única," , RUA VISCONDE DE JEQUITINHONHA, Recife, Pernambuco, Brasil",-8.1337535,-34.9025533
11016,2019-12-04 11:29:00,SEM VÍTIMA,BOA VIAGEM,RUA ERNESTO DE PAULA SANTOS, ,145.0,SUBURBIO,COLISÃO,1.0,1.0,1.0,1.0,1.0,2.0,1.0,1.0,1.0,0.0,1.0,Cruzamento,Bom,Sem defeito,Perfeito estado,Seca,Perfeito estado,R-25d,40 km/h,Única," , RUA ERNESTO DE PAULA SANTOS, Recife, Pernambuco, Brasil",-8.1250569,-34.8982175
11943,2019-12-26 17:43:00,SEM VÍTIMA,BOA VIAGEM,RUA ANTONIO PASSOS,51,145.0,CIDADE,ABALROAMENTO LONGITUDINAL,2.0,1.0,1.0,1.0,1.0,2.0,1.0,1.0,1.0,0.0,1.0,Longo da via,Bom,Não existe,Perfeito estado,Seca,Perfeito estado,Não há placas,40 km/h,Única,"51, RUA ANTONIO PASSOS, Recife, Pernambuco, Brasil",-8.1345709,-34.9044586
2118,2019-03-12 08:46:00,SEM VÍTIMA,BOA VIAGEM,RUA PROFESSOR JOAO MEDEIROS, ,183.0,CIDADE,COLISÃO TRASEIRA,1.0,1.0,1.0,1.0,1.0,2.0,1.0,1.0,1.0,0.0,1.0,Cruzamento,Chuvoso,Sem defeito,Perfeito estado,Molhada,Perfeito estado,Não há placas,40 km/h,Dupla," , RUA PROFESSOR JOAO MEDEIROS, Recife, Pernambuco, Brasil",-8.1345709,-34.9044586
10996,2019-12-04 01:40:00,SEM VÍTIMA,BOA VIAGEM,AV BOA VIAGEM,3296,547.0,CIDADE,COLISÃO TRASEIRA,2.0,1.0,1.0,1.0,1.0,2.0,1.0,1.0,1.0,0.0,1.0,Longo da via,Bom,Sem defeito,Perfeito estado,Seca,Perfeito estado,Não há placas,40 km/h,Única,"3296, AV BOA VIAGEM, Recife, Pernambuco, Brasil",-8.1184744,-34.894629218446724
697,2019-01-28 00:07:00,SEM VÍTIMA,BOA VIAGEM,AV BOA VIAGEM,5130,547.0,CIDADE,CHOQUE VEÍCULO PARADO,2.0,1.0,1.0,1.0,1.0,2.0,1.0,1.0,1.0,0.0,1.0,Longo da via,Bom,Sem defeito,Perfeito estado,Seca,Perfeito estado,Não há placas,40 km/h,Única,"5130, AV BOA VIAGEM, Recife, Pernambuco, Brasil",-8.1339131,-34.9010717
699,2019-01-28 07:01:00,COM VÍTIMA,BOA VIAGEM,AV RECIFE, ,547.0,AEROPORTO,CAPOTAMENTO,1.0,1.0,1.0,1.0,1.0,2.0,1.0,1.0,1.0,1.0,1.0,Longo da via,Chuvoso,Não existe,Perfeito estado,Molhada,Perfeito estado,Não há placas,60 km/h,Dupla," , AV RECIFE, Recife, Pernambuco, Brasil",-8.1160254,-34.923929
375,2019-01-15 07:32:00,SEM VÍTIMA,BOA VIAGEM,AV BOA VIAGEM,3296,547.0,SUBURBIO,COLISÃO TRASEIRA,2.0,1.0,1.0,1.0,1.0,2.0,1.0,1.0,1.0,0.0,1.0,Longo da via,Bom,Sem defeito,Perfeito estado,Seca,Perfeito estado,Outras,60 km/h,Única,"3296, AV BOA VIAGEM, Recife, Pernambuco, Brasil",-8.1184744,-34.894629218446724
1746,2019-02-27 16:17:00,SEM VÍTIMA,BOA VIAGEM,RUA ANTONIO FALCAO,552,547.0,SUBURBIO,ABALROAMENTO LONGITUDINAL,1.0,1.0,1.0,1.0,1.0,2.0,1.0,1.0,1.0,0.0,1.0,Longo da via,Bom,Sem defeito,Ilegível,Seca,Perfeito estado,Não há placas,60 km/h,Única,"552, RUA ANTONIO FALCAO, Recife, Pernambuco, Brasil",-8.1144501,-34.8976769
472,2019-01-19 09:28:00,COM VÍTIMA,BOA VIAGEM,AV CONSELHEIRO AGUIAR,680,547.0,SUBURBIO,COLISÃO,1.0,1.0,1.0,1.0,1.0,2.0,1.0,1.0,1.0,1.0,1.0,Longo da via,Bom,Sem defeito,Ilegível,Seca,Perfeito estado,Não há placas,60 km/h,Única,"680, AV CONSELHEIRO AGUIAR, Recife, Pernambuco, Brasil",-8.0964286,-34.8850755
10795,2019-11-29 12:48:00,COM VÍTIMA,BOA VIAGEM,AV DOM JOAO VI, ,547.0,SUBURBIO,COLISÃO TRASEIRA,2.0,1.0,1.0,1.0,1.0,2.0,1.0,1.0,1.0,1.0,1.0,Longo da via,Bom,Não existe,Perfeito estado,Seca,Perfeito estado,Não há placas,60 km/h,Única," , AV DOM JOAO VI, Recife, Pernambuco, Brasil",-8.1181195,-34.9061879
1055,2019-02-08 08:18:00,SEM VÍTIMA,BOA VIAGEM,AV DOM JOAO VI, ,547.0,CIDADE,ABALROAMENTO LONGITUDINAL,2.0,1.0,1.0,1.0,1.0,2.0,1.0,1.0,1.0,0.0,1.0,Longo da via,Bom,Não existe,Perfeito estado,Seca,Perfeito estado,Não há placas,60 km/h,Dupla," , AV DOM JOAO VI, Recife, Pernambuco, Brasil",-8.1181195,-34.9061879
169,2019-01-07 21:42:00,SEM VÍTIMA,BOA VIAGEM,RUA BARAO DE SOUZA LEAO,514,547.0,CIDADE,ABALROAMENTO TRANSVERSAL,2.0,1.0,1.0,1.0,1.0,2.0,1.0,1.0,1.0,0.0,1.0,Longo da via,Bom,Não existe,Perfeito estado,Seca,Perfeito estado,Outras,60 km/h,Única,"514, RUA BARAO DE SOUZA LEAO, Recife, Pernambuco, Brasil",-8.1314395,-34.9047112
63,2019-01-03 10:55:00,SEM VÍTIMA,BOA VIAGEM,AV CONSELHEIRO AGUIAR,3231,547.0,CIDADE,COLISÃO,2.0,1.0,1.0,1.0,1.0,2.0,1.0,1.0,1.0,0.0,1.0,Longo da via,Bom,Não existe,Perfeito estado,Seca,Perfeito estado,Outras,60 km/h,Única,"3231, AV CONSELHEIRO AGUIAR, Recife, Pernambuco, Brasil",-8.1176302,-34.8951403
10992,2019-12-03 21:58:00,SEM VÍTIMA,BOA VIAGEM,RUA ANTONIO FALCAO,472,547.0,CIDADE,COLISÃO,1.0,1.0,1.0,1.0,1.0,1.0,1.0,1.0,1.0,0.0,1.0,Longo da via,Bom,Não existe,Perfeito estado,Seca,Perfeito estado,Outras,60 km/h,Única,"472, RUA ANTONIO FALCAO, Recife, Pernambuco, Brasil",-8.1128662,-34.9011461
11748,2019-12-20 17:34:00,SEM VÍTIMA,BOA VIAGEM,RUA RIBEIRO DE BRITO, ,547.0,SUBURBIO,COLISÃO,1.0,1.0,1.0,1.0,1.0,1.0,1.0,1.0,1.0,0.0,1.0,Cruzamento,Bom,Sem defeito,Perfeito estado,Seca,Perfeito estado,Não há placas,10 km/h,Única," , RUA RIBEIRO DE BRITO, Recife, Pernambuco, Brasil",-8.1235605,-34.8998419
2104,2019-03-11 17:51:00,SEM VÍTIMA,BOA VIAGEM,RUA BARAO DE SOUZA LEAO,698,547.0,SUBURBIO,COLISÃO,1.0,1.0,1.0,1.0,1.0,1.0,1.0,1.0,1.0,0.0,1.0,Cruzamento,Bom,Sem defeito,Perfeito estado,Seca,Perfeito estado,Não há placas,10 km/h,Única,"698, RUA BARAO DE SOUZA LEAO, Recife, Pernambuco, Brasil",-8.1316695,-34.9064815
2102,2019-03-11 15:49:00,SEM VÍTIMA,BOA VIAGEM,RUA DOM JOSE LOPES,1200,547.0,SUBURBIO,COLISÃO,2.0,1.0,1.0,1.0,1.0,1.0,1.0,1.0,1.0,0.0,1.0,Cruzamento,Bom,Sem defeito,Perfeito estado,Seca,Perfeito estado,Não há placas,10 km/h,Única,"1200, RUA DOM JOSE LOPES, Recife, Pernambuco, Brasil",-8.127134,-34.909755388369135
711,2019-01-28 18:35:00,SEM VÍTIMA,BOA VIAGEM,AV DOM JOAO VI, ,547.0,SUBURBIO,COLISÃO,2.0,1.0,1.0,1.0,1.0,1.0,1.0,1.0,1.0,0.0,1.0,Cruzamento,Bom,Sem defeito,Perfeito estado,Seca,Perfeito estado,Não há placas,10 km/h,Única," , AV DOM JOAO VI, Recife, Pernambuco, Brasil",-8.1181195,-34.9061879
10964,2019-12-03 11:08:00,SEM VÍTIMA,BOA VIAGEM,AV ENGENHEIRO DOMINGOS FERREIRA,3405,547.0,SUBURBIO,COLISÃO TRASEIRA,2.0,1.0,1.0,1.0,1.0,1.0,1.0,1.0,1.0,0.0,1.0,Longo da via,Bom,Não existe,Perfeito estado,Seca,Perfeito estado,Não há placas,60 km/h,Única,"3405, AV ENGENHEIRO DOMINGOS FERREIRA, Recife, Pernambuco, Brasil",-8.1187939,-34.89700401827547
10820,2019-11-29 18:03:00,COM VÍTIMA,BOA VIAGEM,AVENIDA CELSO FURTADO (VIA MANGUE), ,547.0,SUBURBIO,COLISÃO,1.0,1.0,1.0,1.0,1.0,1.0,1.0,1.0,1.0,1.0,1.0,Longo da via,Bom,Não existe,Perfeito estado,Seca,Perfeito estado,Não há placas,60 km/h,Única," , AVENIDA CELSO FURTADO (VIA MANGUE), Recife, Pernambuco, Brasil",-8.1187939,-34.89700401827547
11437,2019-12-13 08:19:00,SEM VÍTIMA,BOA VIAGEM,RUA ERNESTO DE PAULA SANTOS,465,547.0,SUBURBIO,ABALROAMENTO LONGITUDINAL,2.0,1.0,1.0,1.0,1.0,1.0,1.0,1.0,1.0,0.0,1.0,Cruzamento,Bom,Não existe,Perfeito estado,Seca,Perfeito estado,Não há placas,60 km/h,Única,"465, RUA ERNESTO DE PAULA SANTOS, Recife, Pernambuco, Brasil",-8.1244986,-34.9080945
1307,2019-02-15 07:14:00,SEM VÍTIMA,BOA VIAGEM,RUA VISCONDE DE JEQUITINHONHA,609,547.0,SUBURBIO,COLISÃO TRASEIRA,3.0,1.0,1.0,1.0,1.0,1.0,1.0,1.0,1.0,0.0,1.0,Cruzamento,Bom,Não existe,Perfeito estado,Seca,Perfeito estado,Placas Pare,60 km/h,Única,"609, RUA VISCONDE DE JEQUITINHONHA, Recife, Pernambuco, Brasil",-8.1263238,-34.9035147
11591,2019-12-17 11:01:00,SEM VÍTIMA,BOA VIAGEM,RUA DOS NAVEGANTES,1979,547.0,SUBURBIO,ABALROAMENTO LONGITUDINAL,2.0,1.0,1.0,1.0,1.0,1.0,1.0,1.0,1.0,0.0,1.0,Longo da via,Bom,Não existe,Não existente,Seca,Perfeito estado,Não há placas,30 km/h,Única,"1979, RUA DOS NAVEGANTES, Recife, Pernambuco, Brasil",-8.11554795,-34.89343984540939
66,2019-01-03 12:57:00,COM VÍTIMA,BOA VIAGEM,AV CONSELHEIRO AGUIAR,3197,547.0,CIDADE,COLISÃO,1.0,1.0,1.0,1.0,1.0,1.0,1.0,1.0,1.0,1.0,1.0,Cruzamento,Bom,Não existe,Perfeito estado,Seca,Perfeito estado,Placas Pare,30 km/h,Única,"3197, AV CONSELHEIRO AGUIAR, Recife, Pernambuco, Brasil",-8.1172943,-34.8951035
11439,2019-12-13 09:19:00,SEM VÍTIMA,BOA VIAGEM,RUA ERNESTO DE PAULA SANTOS, ,547.0,CIDADE,ABALROAMENTO LONGITUDINAL,2.0,1.0,1.0,1.0,1.0,1.0,1.0,1.0,1.0,0.0,1.0,Cruzamento,Bom,Não existe,Incompleta,Seca,Perfeito estado,Não há placas,30 km/h,Única," , RUA ERNESTO DE PAULA SANTOS, Recife, Pernambuco, Brasil",-8.1250569,-34.8982175
11289,2019-12-10 08:26:00,SEM VÍTIMA,BOA VIAGEM,RUA BARAO DE SOUZA LEAO,831,547.0,CIDADE,COLISÃO,2.0,1.0,1.0,1.0,1.0,1.0,1.0,1.0,1.0,0.0,1.0,Cruzamento,Bom,Não existe,Incompleta,Seca,Perfeito estado,Não há placas,30 km/h,Única,"831, RUA BARAO DE SOUZA LEAO, Recife, Pernambuco, Brasil",-8.1325179,-34.9079472
723,2019-01-29 10:11:00,SEM VÍTIMA,BOA VIAGEM,RUA PROFESSOR JOAO MEDEIROS,323,547.0,CIDADE,COLISÃO,1.0,1.0,1.0,1.0,1.0,1.0,1.0,1.0,1.0,0.0,1.0,Cruzamento,Bom,Não existe,Incompleta,Seca,Perfeito estado,Não há placas,30 km/h,Única,"323, RUA PROFESSOR JOAO MEDEIROS, Recife, Pernambuco, Brasil",-8.1325179,-34.9079472
725,2019-01-29 10:48:00,SEM VÍTIMA,BOA VIAGEM,AV CONSELHEIRO AGUIAR,2255,143.0,SUBURBIO,ABALROAMENTO LONGITUDINAL,2.0,1.0,1.0,1.0,1.0,1.0,1.0,1.0,1.0,0.0,1.0,Cruzamento,Bom,Sem defeito,Perfeito estado,Seca,Perfeito estado,Outras,60 km/h,Única,"2255, AV CONSELHEIRO AGUIAR, Recife, Pernambuco, Brasil",-8.1096433,-34.8904069
1834,2019-03-01 17:07:00,SEM VÍTIMA,BOA VIAGEM,RUA BARAO DE SOUZA LEAO, ,143.0,SUBURBIO,COLISÃO,2.0,1.0,1.0,1.0,1.0,1.0,1.0,1.0,1.0,0.0,1.0,Cruzamento,Bom,Sem defeito,Perfeito estado,Seca,Perfeito estado,Outras,60 km/h,Única," , RUA BARAO DE SOUZA LEAO, Recife, Pernambuco, Brasil",-8.1325905,-34.9149303
2079,2019-03-11 09:57:00,SEM VÍTIMA,BOA VIAGEM,RUA FRANCISCO DA CUNHA,1747,143.0,CIDADE,CHOQUE VEÍCULO PARADO,2.0,1.0,1.0,1.0,1.0,1.0,1.0,1.0,1.0,0.0,1.0,Longo da via,Bom,Não existe,Incompleta,Seca,Perfeito estado,Placas Pare,60 km/h,Única,"1747, RUA FRANCISCO DA CUNHA, Recife, Pernambuco, Brasil",-8.1195613,-34.899039
144,2019-01-07 12:05:00,SEM VÍTIMA,BOA VIAGEM,RUA VISCONDE DE JEQUITINHONHA, ,154.0,SUBURBIO,ABALROAMENTO LONGITUDINAL,2.0,1.0,1.0,1.0,1.0,1.0,1.0,1.0,1.0,0.0,1.0,Cruzamento,Bom,Sem defeito,Incompleta,Seca,Perfeito estado,Não há placas,60 km/h,Única," , RUA VISCONDE DE JEQUITINHONHA, Recife, Pernambuco, Brasil",-8.1337535,-34.9025533
1002,2019-02-06 19:02:00,COM VÍTIMA,BOA VIAGEM,AV CONSELHEIRO AGUIAR, ,154.0,SUBURBIO,COLISÃO,2.0,1.0,1.0,1.0,1.0,1.0,1.0,1.0,1.0,1.0,1.0,Cruzamento,Bom,Sem defeito,Incompleta,Seca,Perfeito estado,Não há placas,60 km/h,Única," , AV CONSELHEIRO AGUIAR, Recife, Pernambuco, Brasil",-8.1017679,-34.8870824
730,2019-01-29 12:19:00,SEM VÍTIMA,BOA VIAGEM,AV GOVERNADOR TORRES GALVAO,355,154.0,SUBURBIO,COLISÃO,2.0,1.0,1.0,1.0,1.0,1.0,1.0,1.0,1.0,0.0,1.0,Cruzamento,Bom,Sem defeito,Incompleta,Seca,Perfeito estado,Não há placas,60 km/h,Única,"355, AV GOVERNADOR TORRES GALVAO, Recife, Pernambuco, Brasil",-8.131712,-34.9410332
10929,2019-12-02 15:54:00,SEM VÍTIMA,BOA VIAGEM,RUA ERNESTO DE PAULA SANTOS,561,154.0,SUBURBIO,ABALROAMENTO LONGITUDINAL,2.0,1.0,1.0,1.0,1.0,1.0,1.0,1.0,1.0,0.0,1.0,Longo da via,Bom,Não existe,Perfeito estado,Seca,Perfeito estado,Placas Pare,60 km/h,Única,"561, RUA ERNESTO DE PAULA SANTOS, Recife, Pernambuco, Brasil",-8.124578,-34.902285
12004,2019-12-28 13:51:00,SEM VÍTIMA,BOA VIAGEM,RUA CRUZEIRO DO FORTE,84,154.0,SUBURBIO,ABALROAMENTO LONGITUDINAL,2.0,1.0,1.0,1.0,1.0,1.0,1.0,1.0,1.0,0.0,1.0,Cruzamento,Bom,Não existe,Incompleta,Seca,Perfeito estado,Não há placas,60 km/h,Dupla,"84, RUA CRUZEIRO DO FORTE, Recife, Pernambuco, Brasil",-8.138079,-34.9099092
11942,2019-12-26 17:24:00,SEM VÍTIMA,BOA VIAGEM,RUA PADRE CARAPUCEIRO, ,154.0,SUBURBIO,COLISÃO TRASEIRA,1.0,1.0,1.0,1.0,1.0,1.0,1.0,1.0,1.0,0.0,1.0,Longo da via,Bom,Não existe,Perfeito estado,Seca,Perfeito estado,Não há placas,30 km/h,Única," , RUA PADRE CARAPUCEIRO, Recife, Pernambuco, Brasil",-8.1167685,-34.9024596
717,2019-01-29 00:02:00,SEM VÍTIMA,BOA VIAGEM,AV DES JOSE NEVES, ,154.0,SUBURBIO,COLISÃO TRASEIRA,2.0,1.0,1.0,1.0,1.0,1.0,1.0,1.0,1.0,0.0,1.0,Outros,Chuvoso,Não existe,Perfeito estado,Molhada,Perfeito estado,Não há placas,30 km/h,Única," , AV DES JOSE NEVES, Recife, Pernambuco, Brasil",-8.142685,-34.9180258
1813,2019-03-01 09:43:00,COM VÍTIMA,BOA VIAGEM,AV ENGENHEIRO DOMINGOS FERREIRA, ,380.0,SUBURBIO,COLISÃO TRASEIRA,1.0,1.0,1.0,1.0,1.0,1.0,1.0,1.0,1.0,1.0,1.0,Longo da via,Bom,Sem defeito,Perfeito estado,Seca,Perfeito estado,R-19,60 km/h,Única," , AV ENGENHEIRO DOMINGOS FERREIRA, Recife, Pernambuco, Brasil",-8.1155752,-34.8954699
11430,2019-12-13 01:22:00,COM VÍTIMA,BOA VIAGEM,AV CONSELHEIRO AGUIAR, ,546.0,CIDADE,ABALROAMENTO TRANSVERSAL,2.0,1.0,1.0,1.0,1.0,1.0,1.0,1.0,1.0,4.0,1.0,Cruzamento,Bom,Sem defeito,Perfeito estado,Seca,Perfeito estado,Não há placas,60 km/h,Única," , AV CONSELHEIRO AGUIAR, Recife, Pernambuco, Brasil",-8.1017679,-34.8870824
1782,2019-02-28 13:30:00,COM VÍTIMA,BOA VIAGEM,AV ARMINDO MOURA,500,546.0,CIDADE,ABALROAMENTO LONGITUDINAL,1.0,1.0,1.0,1.0,1.0,1.0,1.0,1.0,1.0,1.0,1.0,Longo da via,Bom,Não existe,Perfeito estado,Seca,Perfeito estado,Não há placas,40 km/h,Única,"500, AV ARMINDO MOURA, Recife, Pernambuco, Brasil",-8.1500885,-34.9105132
10963,2019-12-03 10:03:00,SEM VÍTIMA,BOA VIAGEM,AV DOM JOAO VI, ,670.0,CIDADE,ABALROAMENTO LONGITUDINAL,2.0,1.0,1.0,1.0,1.0,1.0,1.0,1.0,1.0,0.0,1.0,Longo da via,Bom,Sem defeito,Não existente,Seca,Mal iluminada,Não há placas,40 km/h,Única," , AV DOM JOAO VI, Recife, Pernambuco, Brasil",-8.1181195,-34.9061879
11811,2019-12-22 18:54:00,SEM VÍTIMA,BOA VIAGEM,RUA VISCONDE DE JEQUITINHONHA,850,670.0,CIDADE,COLISÃO,1.0,1.0,1.0,1.0,1.0,1.0,1.0,1.0,1.0,0.0,1.0,Longo da via,Bom,Sem defeito,Não existente,Seca,Mal iluminada,Não há placas,40 km/h,Única,"850, RUA VISCONDE DE JEQUITINHONHA, Recife, Pernambuco, Brasil",-8.1365593,-34.9040212
1793,2019-02-28 17:47:00,COM VÍTIMA,BOA VIAGEM,AVENIDA CELSO FURTADO (VIA MANGUE), ,670.0,SUBURBIO,ABALROAMENTO LONGITUDINAL,1.0,1.0,1.0,1.0,1.0,1.0,1.0,1.0,1.0,1.0,1.0,Longo da via,Bom,Não existe,Perfeito estado,Seca,Perfeito estado,Não há placas,60 km/h,Única," , AVENIDA CELSO FURTADO (VIA MANGUE), Recife, Pernambuco, Brasil",-8.1365593,-34.9040212
10806,2019-11-29 15:34:00,COM VÍTIMA,BOA VIAGEM,AV ENGENHEIRO DOMINGOS FERREIRA, ,303.0,SUBURBIO,ABALROAMENTO LONGITUDINAL,1.0,1.0,1.0,1.0,1.0,1.0,1.0,1.0,1.0,1.0,1.0,Cruzamento,Bom,Sem defeito,Perfeito estado,Seca,Perfeito estado,Outras,60 km/h,Única," , AV ENGENHEIRO DOMINGOS FERREIRA, Recife, Pernambuco, Brasil",-8.1155752,-34.8954699
1797,2019-02-28 20:40:00,SEM VÍTIMA,BOA VIAGEM,RUA JACK AYRES, ,303.0,SUBURBIO,ABALROAMENTO TRANSVERSAL,1.0,1.0,1.0,1.0,1.0,1.0,1.0,1.0,1.0,0.0,1.0,Cruzamento,Bom,Não existe,Perfeito estado,Seca,Perfeito estado,Placas Pare,60 km/h,Única," , RUA JACK AYRES, Recife, Pernambuco, Brasil",-8.1194148,-34.9012385
2094,2019-03-11 14:18:00,SEM VÍTIMA,BOA VIAGEM,AV ENGENHEIRO DOMINGOS FERREIRA, ,216.0,SUBURBIO,ABALROAMENTO LONGITUDINAL,1.0,1.0,1.0,1.0,1.0,2.0,1.0,1.0,1.0,0.0,1.0,Cruzamento,Bom,Sem defeito,Perfeito estado,Seca,Perfeito estado,Outras,60 km/h,Única," , AV ENGENHEIRO DOMINGOS FERREIRA, Recife, Pernambuco, Brasil",-8.1155752,-34.8954699
11877,2019-12-24 13:24:00,SEM VÍTIMA,BOA VIAGEM,RUA VISCONDE DE JEQUITINHONHA,3800,216.0,SUBURBIO,ABALROAMENTO LONGITUDINAL,2.0,1.0,1.0,1.0,1.0,2.0,1.0,1.0,1.0,0.0,1.0,Longo da via,Bom,Não existe,Perfeito estado,Seca,Mal conservada,Não há placas,60 km/h,Única,"3800, RUA VISCONDE DE JEQUITINHONHA, Recife, Pernambuco, Brasil",-8.1383153,-34.9037576
10946,2019-12-03 00:43:00,SEM VÍTIMA,BOA VIAGEM,RUA VISCONDE DE JEQUITINHONHA, ,129.0,SUBURBIO,COLISÃO TRASEIRA,2.0,1.0,1.0,1.0,1.0,2.0,1.0,1.0,1.0,0.0,1.0,Cruzamento,Bom,Sem defeito,Perfeito estado,Seca,Perfeito estado,Não há placas,60 km/h,Única," , RUA VISCONDE DE JEQUITINHONHA, Recife, Pernambuco, Brasil",-8.1337535,-34.9025533
1028,2019-02-07 15:41:00,SEM VÍTIMA,BOA VIAGEM,RUA PROFESSOR AUGUSTO LINS E SILVA, ,129.0,SUBURBIO,ABALROAMENTO TRANSVERSAL,2.0,1.0,1.0,1.0,1.0,2.0,1.0,1.0,1.0,0.0,1.0,Cruzamento,Bom,Não existe,Perfeito estado,Seca,Perfeito estado,Não há placas,40 km/h,Dupla," , RUA PROFESSOR AUGUSTO LINS E SILVA, Recife, Pernambuco, Brasil",-8.1411075,-34.9063036