,data_hora,natureza_acidente,bairro,endereco,numero,num_semaforo,sentido_via,tipo,auto,moto,ciclom,ciclista,pedestre,onibus,caminhao,viatura,outros,vitimas,vitimasfatais,acidente_verificado,tempo_clima,situacao_semaforo,sinalizacao,condicao_via,conservacao_via,situacao_placa,velocidade_max_via,mao_direcao,end,latitude,longitude
692,2019-01-27 21:22:00,COM VÍTIMA,BOA VIAGEM,RUA RIBEIRO DE BRITO, ,331.0,SUBURBIO,ABALROAMENTO LONGITUDINAL,1.0,1.0,1.0,1.0,1.0,1.0,1.0,1.0,1.0,1.0,1.0,Cruzamento,Bom,Sem defeito,Perfeito estado,Seca,Perfeito estado,R-6a,40 km/h,Única," , RUA RIBEIRO DE BRITO, Recife, Pernambuco, Brasil",-8.1235605,-34.8998419
1714,2019-02-26 20:48:00,SEM VÍTIMA,BOA VIAGEM,AV DOM JOAO VI, ,639.0,SUBURBIO,COLISÃO TRASEIRA,2.0,1.0,1.0,1.0,1.0,1.0,1.0,1.0,1.0,0.0,1.0,Longo da via,Bom,Sem defeito,Perfeito estado,Seca,Perfeito estado,Outras,40 km/h,Dupla," , AV DOM JOAO VI, Recife, Pernambuco, Brasil",-8.1181195,-34.9061879
2140,2019-03-12 18:01:00,SEM VÍTIMA,BOA VIAGEM,RUA TENENTE DOMINGOS DE BRITO, ,639.0,SUBURBIO,COLISÃO,2.0,1.0,1.0,1.0,1.0,1.0,1.0,1.0,1.0,0.0,1.0,Longo da via,Bom,Sem defeito,Perfeito estado,Seca,Perfeito estado,Outras,40 km/h,Dupla," , RUA TENENTE DOMINGOS DE BRITO, Recife, Pernambuco, Brasil",-8.1229682,-34.9052196
11408,2019-12-12 13:58:00,SEM VÍTIMA,BOA VIAGEM,RUA DR JOAO GUILHERME DE P SOBRINHO,940,639.0,SUBURBIO,ABALROAMENTO LONGITUDINAL,2.0,1.0,1.0,1.0,1.0,1.0,1.0,1.0,1.0,0.0,1.0,Longo da via,Bom,Não existe,Não existente,Seca,Mal conservada,R-6a,40 km/h,Única,"940, RUA DR JOAO GUILHERME DE P SOBRINHO, Recife, Pernambuco, Brasil",-8.1229682,-34.9052196
11826,2019-12-23 08:10:00,COM VÍTIMA,BOA VIAGEM,RUA VISCONDE DE JEQUITINHONHA, ,258.0,SUBURBIO,ABALROAMENTO TRANSVERSAL,1.0,1.0,1.0,1.0,1.0,1.0,1.0,1.0,1.0,1.0,1.0,Cruzamento,Bom,Sem defeito,Perfeito estado,Seca,Perfeito estado,Não há placas,40 km/h,Dupla," , RUA VISCONDE DE JEQUITINHONHA, Recife, Pernambuco, Brasil",-8.1337535,-34.9025533
1094,2019-02-08 20:25:00,COM VÍTIMA,BOA VIAGEM,AV BOA VIAGEM, ,258.0,CIDADE,COLISÃO TRASEIRA,2.0,1.0,1.0,1.0,1.0,1.0,1.0,1.0,1.0,2.0,1.0,Longo da via,Bom,Não existe,Perfeito estado,Seca,Perfeito estado,Não há placas,40 km/h,Única," , AV BOA VIAGEM, Recife, Pernambuco, Brasil",-8.0906381,-34.8817684
11054,2019-12-04 21:40:00,SEM VÍTIMA,BOA VIAGEM,RUA SETUBAL, ,258.0,CIDADE,CHOQUE VEÍCULO PARADO,1.0,1.0,1.0,1.0,1.0,1.0,1.0,1.0,1.0,0.0,1.0,Longo da via,Bom,Não existe,Não existente,Seca,Perfeito estado,Não há placas,40 km/h,Dupla," , RUA SETUBAL, Recife, Pernambuco, Brasil",-8.1368012,-34.9026047
11616,2019-12-17 16:54:00,SEM VÍTIMA,BOA VIAGEM,RUA COSMORAMA,350,258.0,CIDADE,COLISÃO,2.0,1.0,1.0,1.0,1.0,1.0,1.0,1.0,1.0,0.0,1.0,Longo da via,Bom,Não existe,Não existente,Seca,Perfeito estado,Não há placas,40 km/h,Dupla,"350, RUA COSMORAMA, Recife, Pernambuco, Brasil",-8.1402156,-34.9107984
11404,2019-12-12 13:23:00,SEM VÍTIMA,BOA VIAGEM,RUA RIBEIRO DE BRITO, ,155.0,CIDADE,ABALROAMENTO LONGITUDINAL,2.0,1.0,1.0,1.0,1.0,1.0,1.0,1.0,1.0,0.0,1.0,Cruzamento,Bom,Sem defeito,Perfeito estado,Seca,Perfeito estado,R-6a,40 km/h,Única," , RUA RIBEIRO DE BRITO, Recife, Pernambuco, Brasil",-8.1235605,-34.8998419
11881,2019-12-24 14:46:00,SEM VÍTIMA,BOA VIAGEM,AV DOM JOAO VI, ,543.0,SUBURBIO,COLISÃO TRASEIRA,2.0,1.0,1.0,1.0,1.0,1.0,1.0,1.0,1.0,0.0,1.0,Longo da via,Bom,Sem defeito,Perfeito estado,Seca,Perfeito estado,R-6a,40 km/h,Dupla," , AV DOM JOAO VI, Recife, Pernambuco, Brasil",-8.1181195,-34.9061879
11737,2019-12-20 14:08:00,SEM VÍTIMA,BOA VIAGEM,RUA ERNESTO DE PAULA SANTOS,316,304.0,SUBURBIO,ABALROAMENTO LONGITUDINAL,2.0,1.0,1.0,1.0,1.0,1.0,1.0,1.0,1.0,0.0,1.0,Longo da via,Bom,Sem defeito,Perfeito estado,Seca,Perfeito estado,Não há placas,40 km/h,Única,"316, RUA ERNESTO DE PAULA SANTOS, Recife, Pernambuco, Brasil",-8.1248125,-34.8995609
11048,2019-12-04 18:50:00,SEM VÍTIMA,BOA VIAGEM,AV ENGENHEIRO DOMINGOS FERREIRA, ,304.0,SUBURBIO,COLISÃO,1.0,1.0,1.0,1.0,1.0,1.0,1.0,1.0,1.0,0.0,1.0,Longo da via,Bom,Sem defeito,Perfeito estado,Seca,Perfeito estado,Não há placas,40 km/h,Única," , AV ENGENHEIRO DOMINGOS FERREIRA, Recife, Pernambuco, Brasil",-8.1155752,-34.8954699
1987,2019-03-08 09:54:00,SEM VÍTIMA,BOA VIAGEM,AV FERNANDO SIMOES BARBOSA,874,304.0,SUBURBIO,ABALROAMENTO LONGITUDINAL,1.0,1.0,1.0,1.0,1.0,1.0,1.0,1.0,1.0,0.0,1.0,Longo da via,Bom,Não existe,Perfeito estado,Seca,Perfeito estado,Não há placas,40 km/h,Dupla,"874, AV FERNANDO SIMOES BARBOSA, Recife, Pernambuco, Brasil",-8.1253927,-34.9019502
1696,2019-02-26 09:39:00,COM VÍTIMA,BOA VIAGEM,RUA JOAO CARDOSO AIRES, ,478.0,CIDADE,ABALROAMENTO LONGITUDINAL,1.0,1.0,1.0,1.0,1.0,1.0,1.0,1.0,1.0,2.0,1.0,Cruzamento,Bom,Sem defeito,Perfeito estado,Seca,Perfeito estado,Não há placas,40 km/h,Única," , RUA JOAO CARDOSO AIRES, Recife, Pernambuco, Brasil",-8.1398987,-34.9138228
1430,2019-02-19 12:24:00,SEM VÍTIMA,BOA VIAGEM,RUA RIBEIRO DE BRITO, ,147.0,SUBURBIO,COLISÃO TRASEIRA,1.0,1.0,1.0,1.0,1.0,1.0,1.0,1.0,1.0,0.0,1.0,Cruzamento,Bom,Sem defeito,Perfeito estado,Seca,Perfeito estado,R-6a,50 km/h,Única," , RUA RIBEIRO DE BRITO, Recife, Pernambuco, Brasil",-8.1235605,-34.8998419
1701,2019-02-26 13:47:00,SEM VÍTIMA,BOA VIAGEM,RUA JOSE MARIA DE MIRANDA, ,147.0,SUBURBIO,ABALROAMENTO LONGITUDINAL,2.0,1.0,1.0,1.0,1.0,1.0,1.0,1.0,1.0,0.0,1.0,Cruzamento,Bom,Não existe,Perfeito estado,Seca,Perfeito estado,Placas Pare,50 km/h,Dupla," , RUA JOSE MARIA DE MIRANDA, Recife, Pernambuco, Brasil",-8.1086696,-34.8927574
10788,2019-11-29 11:13:00,SEM VÍTIMA,BOA VIAGEM,RUA TENENTE JOAO CICERO, ,147.0,SUBURBIO,ABALROAMENTO TRANSVERSAL,2.0,1.0,1.0,1.0,1.0,1.0,1.0,1.0,1.0,0.0,1.0,Cruzamento,Bom,Não existe,Perfeito estado,Seca,Perfeito estado,Placas Pare,50 km/h,Única," , RUA TENENTE JOAO CICERO, Recife, Pernambuco, Brasil",-8.111654,-34.8971319
11889,2019-12-24 18:16:00,SEM VÍTIMA,BOA VIAGEM,RUA ERNESTO DE PAULA SANTOS,75,147.0,SUBURBIO,ABALROAMENTO LONGITUDINAL,2.0,1.0,1.0,1.0,1.0,1.0,1.0,1.0,1.0,0.0,1.0,Cruzamento,Bom,Não existe,Perfeito estado,Seca,Perfeito estado,Placas Pare,50 km/h,Única,"75, RUA ERNESTO DE PAULA SANTOS, Recife, Pernambuco, Brasil",-8.1253704,-34.8977972
180,2019-01-08 08:57:00,SEM VÍTIMA,BOA VIAGEM,RUA BALTAZAR PASSOS,6432,149.0,CIDADE,ABALROAMENTO LONGITUDINAL,1.0,1.0,1.0,1.0,1.0,1.0,1.0,1.0,1.0,0.0,1.0,Cruzamento,Bom,Sem defeito,Perfeito estado,Seca,Perfeito estado,Não há placas,30 km/h,Única,"6432, RUA BALTAZAR PASSOS, Recife, Pernambuco, Brasil",-8.1417529,-34.9120711
362,2019-01-14 15:27:00,SEM VÍTIMA,BOA VIAGEM,RUA ANTONIO FALCAO, ,149.0,CIDADE,COLISÃO TRASEIRA,2.0,1.0,1.0,1.0,1.0,1.0,1.0,1.0,1.0,0.0,1.0,Longo da via,Bom,Não existe,Perfeito estado,Seca,Perfeito estado,Placas Pare,30 km/h,Única," , RUA ANTONIO FALCAO, Recife, Pernambuco, Brasil",-8.1133174,-34.9001629
681,2019-01-27 03:04:00,SEM VÍTIMA,BOA VIAGEM,AV HELIO FALCAO,575,149.0,CIDADE,COLISÃO,2.0,1.0,1.0,1.0,1.0,1.0,1.0,1.0,1.0,0.0,1.0,Longo da via,Bom,Não existe,Perfeito estado,Seca,Perfeito estado,Placas Pare,30 km/h,Única,"575, AV HELIO FALCAO, Recife, Pernambuco, Brasil",-8.1257782,-34.9025183
1000,2019-02-06 18:38:00,COM VÍTIMA,BOA VIAGEM,AV CONSELHEIRO AGUIAR, ,149.0,CIDADE,ABALROAMENTO TRANSVERSAL,2.0,1.0,1.0,1.0,1.0,1.0,1.0,1.0,1.0,1.0,1.0,Longo da via,Bom,Não existe,Perfeito estado,Seca,Perfeito estado,Outras,30 km/h,Única," , AV CONSELHEIRO AGUIAR, Recife, Pernambuco, Brasil",-8.1017679,-34.8870824
999,2019-02-06 18:21:00,SEM VÍTIMA,BOA VIAGEM,AV BOA VIAGEM, ,149.0,CIDADE,COLISÃO,1.0,1.0,1.0,1.0,1.0,1.0,1.0,1.0,1.0,0.0,1.0,Longo da via,Bom,Não existe,Perfeito estado,Seca,Perfeito estado,Outras,30 km/h,Única," , AV BOA VIAGEM, Recife, Pernambuco, Brasil",-8.0906381,-34.8817684
1387,2019-02-18 03:41:00,SEM VÍTIMA,BOA VIAGEM,AV BOA VIAGEM, ,149.0,CIDADE,COLISÃO,1.0,1.0,1.0,1.0,1.0,1.0,1.0,1.0,1.0,0.0,1.0,Longo da via,Bom,Não existe,Perfeito estado,Seca,Perfeito estado,Outras,30 km/h,Única," , AV BOA VIAGEM, Recife, Pernambuco, Brasil",-8.0906381,-34.8817684
11495,2019-12-14 13:28:00,SEM VÍTIMA,BOA VIAGEM,AV BOA VIAGEM,7058,149.0,CIDADE,COLISÃO,2.0,1.0,1.0,1.0,1.0,1.0,1.0,1.0,1.0,0.0,1.0,Longo da via,Bom,Não existe,Perfeito estado,Seca,Perfeito estado,Outras,30 km/h,Única,"7058, AV BOA VIAGEM, Recife, Pernambuco, Brasil",-8.1072276,-34.8878628
1948,2019-03-07 09:49:00,SEM VÍTIMA,BOA VIAGEM,RUA COSMORAMA,175,149.0,CIDADE,COLISÃO TRASEIRA,2.0,1.0,1.0,1.0,1.0,1.0,1.0,1.0,1.0,0.0,1.0,Longo da via,Bom,Não existe,Perfeito estado,Seca,Perfeito estado,R-6a,30 km/h,Dupla,"175, RUA COSMORAMA, Recife, Pernambuco, Brasil",-8.1402156,-34.9107984
1950,2019-03-07 11:00:00,SEM VÍTIMA,BOA VIAGEM,AV CONSELHEIRO AGUIAR, ,149.0,CIDADE,ABALROAMENTO LONGITUDINAL,2.0,1.0,1.0,1.0,1.0,1.0,1.0,1.0,1.0,0.0,1.0,Longo da via,Bom,Não existe,Perfeito estado,Seca,Perfeito estado,R-6a,60 km/h,Única," , AV CONSELHEIRO AGUIAR, Recife, Pernambuco, Brasil",-8.1017679,-34.8870824
878,2019-02-02 15:23:00,SEM VÍTIMA,BOA VIAGEM,AV FERNANDO SIMOES BARBOSA, ,335.0,CIDADE,ABALROAMENTO TRANSVERSAL,2.0,1.0,1.0,1.0,1.0,1.0,1.0,1.0,1.0,0.0,1.0,Cruzamento,Bom,Sem defeito,Perfeito estado,Seca,Perfeito estado,R-6a,60 km/h,Única," , AV FERNANDO SIMOES BARBOSA, Recife, Pernambuco, Brasil",-8.124269,-34.9016293
87,2019-01-04 16:00:00,SEM VÍTIMA,BOA VIAGEM,RUA TENENTE JOAO CICERO, ,335.0,SUBURBIO,ABALROAMENTO TRANSVERSAL,1.0,1.0,1.0,1.0,1.0,1.0,1.0,1.0,1.0,0.0,1.0,Longo da via,Bom,Não existe,Perfeito estado,Seca,Perfeito estado,Não há placas,60 km/h,Dupla," , RUA TENENTE JOAO CICERO, Recife, Pernambuco, Brasil",-8.111654,-34.8971319
106,2019-01-05 10:51:00,SEM VÍTIMA,BOA VIAGEM,RUA CAPITAO ZUZINHA, ,433.0,SUBURBIO,ABALROAMENTO LONGITUDINAL,1.0,1.0,1.0,1.0,1.0,1.0,1.0,1.0,1.0,0.0,1.0,Longo da via,Bom,Sem defeito,Perfeito estado,Seca,Perfeito estado,R-4a,60 km/h,Única," , RUA CAPITAO ZUZINHA, Recife, Pernambuco, Brasil",-8.1339194,-34.9047854
1955,2019-03-07 13:25:00,SEM VÍTIMA,BOA VIAGEM,AV ENGENHEIRO DOMINGOS FERREIRA, ,433.0,CIDADE,ABALROAMENTO LONGITUDINAL,1.0,1.0,1.0,1.0,1.0,1.0,1.0,1.0,1.0,0.0,1.0,Longo da via,Bom,Sem defeito,Perfeito estado,Seca,Perfeito estado,R-4a,60 km/h,Única," , AV ENGENHEIRO DOMINGOS FERREIRA, Recife, Pernambuco, Brasil",-8.1155752,-34.8954699
10886,2019-12-02 07:02:00,SEM VÍTIMA,BOA VIAGEM,RUA JOAO CARDOSO AIRES,971,433.0,CIDADE,ABALROAMENTO TRANSVERSAL,1.0,1.0,1.0,1.0,1.0,1.0,1.0,1.0,1.0,0.0,1.0,Cruzamento,Bom,Não existe,Perfeito estado,Seca,Perfeito estado,Placas Pare,30 km/h,Dupla,"971, RUA JOAO CARDOSO AIRES, Recife, Pernambuco, Brasil",-8.1401176,-34.9136922
2015,2019-03-08 15:57:00,SEM VÍTIMA,BOA VIAGEM,RUA RIBEIRO DE BRITO,4060,433.0,SUBURBIO,ABALROAMENTO LONGITUDINAL,2.0,1.0,1.0,1.0,1.0,1.0,1.0,1.0,1.0,0.0,1.0,Longo da via,Bom,Sem defeito,Perfeito estado,Seca,Perfeito estado,R-6a,30 km/h,Única,"4060, RUA RIBEIRO DE BRITO, Recife, Pernambuco, Brasil",-8.1229545,-34.9045403
11547,2019-12-16 09:40:00,SEM VÍTIMA,BOA VIAGEM,RUA RIBEIRO DE BRITO,465,433.0,CIDADE,ABALROAMENTO TRANSVERSAL,2.0,1.0,1.0,1.0,1.0,1.0,1.0,1.0,1.0,0.0,1.0,Cruzamento,Bom,Não existe,Não existente,Seca,Perfeito estado,Não há placas,30 km/h,Única,"465, RUA RIBEIRO DE BRITO, Recife, Pernambuco, Brasil",-8.1235641,-34.9012072
2012,2019-03-08 15:04:00,SEM VÍTIMA,BOA VIAGEM,RUA TENENTE DOMINGOS DE BRITO,443,433.0,CIDADE,COLISÃO TRASEIRA,2.0,1.0,1.0,1.0,1.0,1.0,1.0,1.0,1.0,0.0,1.0,Longo da via,Bom,Não existe,Não existente,Seca,Perfeito estado,Não há placas,30 km/h,Única,"443, RUA TENENTE DOMINGOS DE BRITO, Recife, Pernambuco, Brasil",-8.1219739,-34.9052324
2010,2019-03-08 14:30:00,SEM VÍTIMA,BOA VIAGEM,AV ENGENHEIRO DOMINGOS FERREIRA, ,545.0,SUBURBIO,COLISÃO TRASEIRA,2.0,1.0,1.0,1.0,1.0,1.0,1.0,1.0,1.0,0.0,1.0,Longo da via,Bom,Sem defeito,Perfeito estado,Seca,Perfeito estado,R-6a,60 km/h,Única," , AV ENGENHEIRO DOMINGOS FERREIRA, Recife, Pernambuco, Brasil",-8.1155752,-34.8954699
11545,2019-12-16 09:01:00,SEM VÍTIMA,BOA VIAGEM,AV FERNANDO SIMOES BARBOSA, ,332.0,SUBURBIO,ABALROAMENTO LONGITUDINAL,1.0,1.0,1.0,1.0,1.0,1.0,1.0,1.0,1.0,0.0,1.0,Longo da via,Bom,Sem defeito,Perfeito estado,Seca,Perfeito estado,R-6a,60 km/h,Única," , AV FERNANDO SIMOES BARBOSA, Recife, Pernambuco, Brasil",-8.124269,-34.9016293
1957,2019-03-07 14:11:00,SEM VÍTIMA,BOA VIAGEM,AV ENGENHEIRO DOMINGOS FERREIRA,90,332.0,SUBURBIO,ABALROAMENTO LONGITUDINAL,2.0,1.0,1.0,1.0,1.0,1.0,1.0,1.0,1.0,0.0,1.0,Longo da via,Bom,Não existe,Perfeito estado,Seca,Perfeito estado,R-6a,60 km/h,Única,"90, AV ENGENHEIRO DOMINGOS FERREIRA, Recife, Pernambuco, Brasil",-8.1289251,-34.9019489
801,2019-01-31 12:30:00,SEM VÍTIMA,BOA VIAGEM,RUA JOSE TRAJANO,50,332.0,SUBURBIO,ABALROAMENTO TRANSVERSAL,2.0,1.0,1.0,1.0,1.0,1.0,1.0,1.0,1.0,0.0,1.0,Longo da via,Bom,Não existe,Perfeito estado,Seca,Perfeito estado,Não há placas,60 km/h,Única,"50, RUA JOSE TRAJANO, Recife, Pernambuco, Brasil",-8.1207422,-34.8979497
889,2019-02-03 13:46:00,SEM VÍTIMA,BOA VIAGEM,RUA PADRE BERNADINO PESSOA,663,332.0,SUBURBIO,ABALROAMENTO TRANSVERSAL,2.0,1.0,1.0,1.0,1.0,1.0,1.0,1.0,1.0,0.0,1.0,Cruzamento,Chuvoso,Não existe,Perfeito estado,Molhada,Perfeito estado,Outras,60 km/h,Única,"663, RUA PADRE BERNADINO PESSOA, Recife, Pernambuco, Brasil",-8.1207422,-34.8979497
2009,2019-03-08 14:09:00,SEM VÍTIMA,BOA VIAGEM,AV BOA VIAGEM, ,84.0,CIDADE,COLISÃO TRASEIRA,2.0,1.0,1.0,1.0,1.0,1.0,1.0,1.0,1.0,0.0,1.0,Longo da via,Bom,Sem defeito,Perfeito estado,Seca,Perfeito estado,Outras,60 km/h,Única," , AV BOA VIAGEM, Recife, Pernambuco, Brasil",-8.0906381,-34.8817684
11778,2019-12-21 13:35:00,SEM VÍTIMA,BOA VIAGEM,RUA RAYMUNDO GOMES GONDIN,350,84.0,CIDADE,COLISÃO,2.0,1.0,1.0,1.0,1.0,1.0,1.0,1.0,1.0,0.0,1.0,Longo da via,Bom,Sem defeito,Perfeito estado,Seca,Perfeito estado,Outras,60 km/h,Única,"350, RUA RAYMUNDO GOMES GONDIN, Recife, Pernambuco, Brasil",-8.1283706,-34.906103
424,2019-01-17 09:37:00,SEM VÍTIMA,BOA VIAGEM,RUA CAPITAO ZUZINHA,170,84.0,SUBURBIO,ABALROAMENTO LONGITUDINAL,1.0,1.0,1.0,1.0,1.0,1.0,1.0,1.0,1.0,0.0,1.0,Longo da via,Bom,Não existe,Perfeito estado,Seca,Perfeito estado,Outras,60 km/h,Única,"170, RUA CAPITAO ZUZINHA, Recife, Pernambuco, Brasil",-8.1335058,-34.9043722
782,2019-01-30 20:41:00,SEM VÍTIMA,BOA VIAGEM,AV FERNANDO SIMOES BARBOSA, ,84.0,SUBURBIO,COLISÃO,2.0,1.0,1.0,1.0,1.0,1.0,1.0,1.0,1.0,0.0,1.0,Longo da via,Bom,Não existe,Perfeito estado,Seca,Perfeito estado,Outras,60 km/h,Única," , AV FERNANDO SIMOES BARBOSA, Recife, Pernambuco, Brasil",-8.124269,-34.9016293
912,2019-02-04 15:06:00,SEM VÍTIMA,BOA VIAGEM,RUA PROF PEDRO AUGUSTO CARNEIRO LEAO, ,84.0,SUBURBIO,COLISÃO,2.0,1.0,1.0,1.0,1.0,1.0,1.0,1.0,1.0,0.0,1.0,Longo da via,Bom,Não existe,Perfeito estado,Seca,Perfeito estado,Outras,60 km/h,Única," , RUA PROF PEDRO AUGUSTO CARNEIRO LEAO, Recife, Pernambuco, Brasil",-8.115832,-34.9088893
909,2019-02-04 12:52:00,COM VÍTIMA,BOA VIAGEM,AV VINTE DE JANEIRO,1156,84.0,CIDADE,COLISÃO FRONTAL,1.0,1.0,1.0,1.0,1.0,1.0,1.0,1.0,1.0,1.0,1.0,Cruzamento,Bom,Não existe,Incompleta,Seca,Mal conservada,Placas Pare,60 km/h,Dupla,"1156, AV VINTE DE JANEIRO, Recife, Pernambuco, Brasil",-8.1378905,-34.9142263
11553,2019-12-16 12:39:00,SEM VÍTIMA,BOA VIAGEM,AV ENGENHEIRO DOMINGOS FERREIRA, ,84.0,SUBURBIO,ABALROAMENTO LONGITUDINAL,1.0,1.0,1.0,1.0,1.0,1.0,1.0,1.0,1.0,0.0,1.0,Longo da via,Bom,Não existe,Perfeito estado,Seca,Perfeito estado,Placas Pare,60 km/h,Única," , AV ENGENHEIRO DOMINGOS FERREIRA, Recife, Pernambuco, Brasil",-8.1155752,-34.8954699
285,2019-01-11 14:45:00,SEM VÍTIMA,BOA VIAGEM,RUA DO SA LEITAO,26,84.0,SUBURBIO,COLISÃO,1.0,1.0,1.0,1.0,1.0,1.0,1.0,1.0,1.0,0.0,1.0,Longo da via,Bom,Não existe,Perfeito estado,Seca,Perfeito estado,Placas Pare,60 km/h,Única,"26, RUA DO SA LEITAO, Recife, Pernambuco, Brasil",-8.1155752,-34.8954699
11887,2019-12-24 16:11:00,COM VÍTIMA,BOA VIAGEM,RUA FRANCISCO DA CUNHA,440,84.0,CIDADE,ABALROAMENTO TRANSVERSAL,1.0,1.0,1.0,1.0,1.0,1.0,1.0,1.0,1.0,1.0,1.0,Cruzamento,Bom,Não existe,Incompleta,Seca,Perfeito estado,Placas Pare,60 km/h,Única,"440, RUA FRANCISCO DA CUNHA, Recife, Pernambuco, Brasil",-8.1119002,-34.8951274
10898,2019-12-02 09:25:00,SEM VÍTIMA,BOA VIAGEM,AV CONSELHEIRO AGUIAR,1472,84.0,CIDADE,COLISÃO,1.0,1.0,1.0,1.0,1.0,1.0,1.0,1.0,1.0,0.0,1.0,Cruzamento,Bom,Não existe,Incompleta,Seca,Perfeito estado,Placas Pare,60 km/h,Única,"1472, AV CONSELHEIRO AGUIAR, Recife, Pernambuco, Brasil",-8.10319965,-34.888209426873246
11551,2019-12-16 11:28:00,SEM VÍTIMA,BOA VIAGEM,RUA RIO AZUL, ,437.0,CIDADE,COLISÃO TRASEIRA,2.0,1.0,1.0,1.0,1.0,1.0,1.0,1.0,1.0,0.0,1.0,Longo da via,Bom,Sem defeito,Perfeito estado,Seca,Perfeito estado,Não há placas,40 km/h,Única," , RUA RIO AZUL, Recife, Pernambuco, Brasil",-8.1354176,-34.9089632
906,2019-02-04 10:58:00,SEM VÍTIMA,BOA VIAGEM,RUA FRANCISCO DA CUNHA,293,437.0,CIDADE,COLISÃO,2.0,1.0,1.0,1.0,1.0,1.0,1.0,1.0,1.0,0.0,1.0,Longo da via,Bom,Sem defeito,Perfeito estado,Seca,Perfeito estado,Não há placas,40 km/h,Única,"293, RUA FRANCISCO DA CUNHA, Recife, Pernambuco, Brasil",-8.1104721,-34.893872
10895,2019-12-02 08:31:00,SEM VÍTIMA,BOA VIAGEM,RUA VIRIATO CORREIA,39,437.0,CIDADE,COLISÃO,2.0,1.0,1.0,1.0,1.0,1.0,1.0,1.0,1.0,0.0,1.0,Longo da via,Bom,Sem defeito,Perfeito estado,Seca,Perfeito estado,Não há placas,40 km/h,Única,"39, RUA VIRIATO CORREIA, Recife, Pernambuco, Brasil",-8.1336186,-34.9087895
901,2019-02-04 07:55:00,SEM VÍTIMA,BOA VIAGEM,RUA PROFESSOR JOSE BRANDAO,135,437.0,CIDADE,COLISÃO,2.0,1.0,1.0,1.0,1.0,1.0,1.0,1.0,1.0,0.0,1.0,Longo da via,Bom,Sem defeito,Perfeito estado,Seca,Perfeito estado,Não há placas,40 km/h,Única,"135, RUA PROFESSOR JOSE BRANDAO, Recife, Pernambuco, Brasil",-8.1133636,-34.8923311
2031,2019-03-09 09:13:00,COM VÍTIMA,BOA VIAGEM,AV DOM JOAO VI, ,437.0,SUBURBIO,CHOQUE OBJETO FIXO,2.0,1.0,1.0,1.0,1.0,1.0,1.0,1.0,1.0,1.0,1.0,Longo da via,Chuvoso,Não existe,Perfeito estado,Molhada,Perfeito estado,Não há placas,50 km/h,Única," , AV DOM JOAO VI, Recife, Pernambuco, Brasil",-8.1181195,-34.9061879
900,2019-02-04 07:42:00,SEM VÍTIMA,BOA VIAGEM,RUA VISCONDE DE JEQUITINHONHA, ,437.0,SUBURBIO,COLISÃO TRASEIRA,2.0,1.0,1.0,1.0,1.0,1.0,1.0,1.0,1.0,0.0,1.0,Longo da via,Chuvoso,Sem defeito,Perfeito estado,Molhada,Perfeito estado,Não há placas,50 km/h,Dupla," , RUA VISCONDE DE JEQUITINHONHA, Recife, Pernambuco, Brasil",-8.1337535,-34.9025533
2029,2019-03-09 07:59:00,SEM VÍTIMA,BOA VIAGEM,AV ENGENHEIRO DOMINGOS FERREIRA,2200,484.0,SUBURBIO,ABALROAMENTO TRANSVERSAL,2.0,1.0,1.0,1.0,1.0,1.0,1.0,1.0,1.0,0.0,1.0,Cruzamento,Bom,Com defeito,Ilegível,Seca,Perfeito estado,Não há placas,50 km/h,Única,"2200, AV ENGENHEIRO DOMINGOS FERREIRA, Recife, Pernambuco, Brasil",-8.108877,-34.8917433
2027,2019-03-09 07:29:00,SEM VÍTIMA,BOA VIAGEM,AV ENGENHEIRO DOMINGOS FERREIRA,3042,145.0,SUBURBIO,ABALROAMENTO LONGITUDINAL,2.0,1.0,1.0,1.0,1.0,1.0,1.0,1.0,1.0,0.0,1.0,Cruzamento,Bom,Sem defeito,Perfeito estado,Seca,Perfeito estado,Outras,60 km/h,Única,"3042, AV ENGENHEIRO DOMINGOS FERREIRA, Recife, Pernambuco, Brasil",-8.1154275,-34.8957992
2022,2019-03-08 19:02:00,SEM VÍTIMA,BOA VIAGEM,RUA CAPITAO ZUZINHA, ,437.0,CIDADE,COLISÃO TRASEIRA,2.0,1.0,1.0,1.0,1.0,1.0,1.0,1.0,1.0,0.0,1.0,Longo da via,Bom,Sem defeito,Perfeito estado,Seca,Perfeito estado,Não há placas,60 km/h,Única," , RUA CAPITAO ZUZINHA, Recife, Pernambuco, Brasil",-8.1339194,-34.9047854
916,2019-02-04 15:21:00,SEM VÍTIMA,BOA VIAGEM,AV DOM JOAO VI, ,639.0,CIDADE,COLISÃO,2.0,1.0,1.0,1.0,1.0,1.0,1.0,1.0,1.0,0.0,1.0,Longo da via,Bom,Sem defeito,Perfeito estado,Seca,Perfeito estado,Não há placas,60 km/h,Única," , AV DOM JOAO VI, Recife, Pernambuco, Brasil",-8.1181195,-34.9061879
10885,2019-12-02 01:39:00,SEM VÍTIMA,BOA VIAGEM,AV ENGENHEIRO DOMINGOS FERREIRA, ,216.0,SUBURBIO,ABALROAMENTO TRANSVERSAL,2.0,1.0,1.0,1.0,1.0,1.0,1.0,1.0,1.0,0.0,1.0,Cruzamento,Bom,Sem defeito,Perfeito estado,Seca,Perfeito estado,R-6a,60 km/h,Única," , AV ENGENHEIRO DOMINGOS FERREIRA, Recife, Pernambuco, Brasil",-8.1155752,-34.8954699