,data_hora,natureza_acidente,bairro,endereco,numero,num_semaforo,sentido_via,tipo,auto,moto,ciclom,ciclista,pedestre,onibus,caminhao,viatura,outros,vitimas,vitimasfatais,acidente_verificado,tempo_clima,situacao_semaforo,sinalizacao,condicao_via,conservacao_via,situacao_placa,velocidade_max_via,mao_direcao,end,latitude,longitude
2006,2019-03-08 13:57:00,SEM VÍTIMA,BOA VIAGEM,AV CONSELHEIRO AGUIAR,4189,147.0,CIDADE,ABALROAMENTO LONGITUDINAL,2.0,1.0,1.0,1.0,1.0,1.0,1.0,1.0,1.0,0.0,1.0,Longo da via,Bom,Sem defeito,Perfeito estado,Seca,Perfeito estado,R-6a,60 km/h,Única,"4189, AV CONSELHEIRO AGUIAR, Recife, Pernambuco, Brasil",-8.1240729,-34.8982526
11536,2019-12-16 07:17:00,COM VÍTIMA,BOA VIAGEM,AV ENGENHEIRO DOMINGOS FERREIRA, ,216.0,SUBURBIO,ABALROAMENTO TRANSVERSAL,1.0,1.0,1.0,1.0,1.0,1.0,1.0,1.0,1.0,1.0,1.0,Cruzamento,Chuvoso,Sem defeito,Perfeito estado,Molhada,Perfeito estado,Não há placas,60 km/h,Única," , AV ENGENHEIRO DOMINGOS FERREIRA, Recife, Pernambuco, Brasil",-8.1155752,-34.8954699
437,2019-01-17 16:05:00,SEM VÍTIMA,BOA VIAGEM,AV CONSELHEIRO AGUIAR, ,216.0,SUBURBIO,ABALROAMENTO LONGITUDINAL,2.0,1.0,1.0,1.0,1.0,1.0,1.0,1.0,1.0,0.0,1.0,Longo da via,Bom,Não existe,Perfeito estado,Seca,Perfeito estado,Não há placas,60 km/h,Única," , AV CONSELHEIRO AGUIAR, Recife, Pernambuco, Brasil",-8.1017679,-34.8870824
10857,2019-11-30 23:42:00,SEM VÍTIMA,BOA VIAGEM,AV ENGENHEIRO DOMINGOS FERREIRA,4367,128.0,SUBURBIO,COLISÃO FRONTAL,2.0,1.0,1.0,1.0,1.0,1.0,1.0,1.0,1.0,0.0,1.0,Longo da via,Bom,Sem defeito,Perfeito estado,Seca,Perfeito estado,Não há placas,60 km/h,Única,"4367, AV ENGENHEIRO DOMINGOS FERREIRA, Recife, Pernambuco, Brasil",-8.1281925,-34.9012243
11234,2019-12-08 20:11:00,COM VÍTIMA,BOA VIAGEM,RUA DOS NAVEGANTES,3440,128.0,SUBURBIO,COLISÃO,1.0,1.0,1.0,1.0,1.0,1.0,1.0,1.0,1.0,1.0,1.0,Longo da via,Bom,Sem defeito,Perfeito estado,Seca,Perfeito estado,Não há placas,60 km/h,Única,"3440, RUA DOS NAVEGANTES, Recife, Pernambuco, Brasil",-8.1199395,-34.8957061
846,2019-02-01 16:13:00,SEM VÍTIMA,BOA VIAGEM,RUA DOS NAVEGANTES,768,128.0,SUBURBIO,COLISÃO,1.0,1.0,1.0,1.0,1.0,1.0,1.0,1.0,1.0,0.0,1.0,Longo da via,Bom,Sem defeito,Perfeito estado,Seca,Perfeito estado,Não há placas,60 km/h,Única,"768, RUA DOS NAVEGANTES, Recife, Pernambuco, Brasil",-8.1199395,-34.8957061
1322,2019-02-15 14:08:00,SEM VÍTIMA,BOA VIAGEM,RUA MARIA CAROLINA, ,128.0,SUBURBIO,ABALROAMENTO TRANSVERSAL,2.0,1.0,1.0,1.0,1.0,1.0,1.0,1.0,1.0,0.0,1.0,Cruzamento,Bom,Não existe,Perfeito estado,Seca,Perfeito estado,Placas Pare,60 km/h,Única," , RUA MARIA CAROLINA, Recife, Pernambuco, Brasil",-8.1148918,-34.8950364
11990,2019-12-28 03:53:00,SEM VÍTIMA,BOA VIAGEM,AV ENGENHEIRO DOMINGOS FERREIRA, ,595.0,SUBURBIO,ABALROAMENTO TRANSVERSAL,2.0,1.0,1.0,1.0,1.0,1.0,1.0,1.0,1.0,0.0,1.0,Cruzamento,Bom,Sem defeito,Perfeito estado,Seca,Perfeito estado,Não há placas,60 km/h,Única," , AV ENGENHEIRO DOMINGOS FERREIRA, Recife, Pernambuco, Brasil",-8.1155752,-34.8954699
11992,2019-12-28 07:50:00,SEM VÍTIMA,BOA VIAGEM,RUA ANTONIO FALCAO,55,595.0,SUBURBIO,ABALROAMENTO TRANSVERSAL,2.0,1.0,1.0,1.0,1.0,1.0,1.0,1.0,1.0,0.0,1.0,Cruzamento,Bom,Não existe,Perfeito estado,Seca,Perfeito estado,Placas Pare,60 km/h,Única,"55, RUA ANTONIO FALCAO, Recife, Pernambuco, Brasil",-8.1169199,-34.8936101
844,2019-02-01 15:06:00,SEM VÍTIMA,BOA VIAGEM,AV ENGENHEIRO DOMINGOS FERREIRA,1000,595.0,SUBURBIO,COLISÃO TRASEIRA,4.0,1.0,1.0,1.0,1.0,1.0,1.0,1.0,1.0,0.0,1.0,Longo da via,Bom,Não existe,Perfeito estado,Seca,Perfeito estado,Não há placas,60 km/h,Dupla,"1000, AV ENGENHEIRO DOMINGOS FERREIRA, Recife, Pernambuco, Brasil",-8.118197,-34.8970498
822,2019-01-31 21:04:00,SEM VÍTIMA,BOA VIAGEM,AV CONSELHEIRO AGUIAR, ,127.0,SUBURBIO,COLISÃO TRASEIRA,2.0,1.0,1.0,1.0,1.0,1.0,1.0,1.0,1.0,0.0,1.0,Longo da via,Bom,Sem defeito,Perfeito estado,Seca,Perfeito estado,Outras,60 km/h,Única," , AV CONSELHEIRO AGUIAR, Recife, Pernambuco, Brasil",-8.1017679,-34.8870824
842,2019-02-01 14:18:00,SEM VÍTIMA,BOA VIAGEM,AV DES JOSE NEVES,907,580.0,SUBURBIO,COLISÃO TRASEIRA,1.0,1.0,1.0,1.0,1.0,1.0,1.0,1.0,1.0,0.0,1.0,Longo da via,Bom,Sem defeito,Perfeito estado,Seca,Perfeito estado,Outras,60 km/h,Dupla,"907, AV DES JOSE NEVES, Recife, Pernambuco, Brasil",-8.1216967,-34.9144343
10862,2019-12-01 11:58:00,COM VÍTIMA,BOA VIAGEM,RUA DR VICENTE GOMES, ,580.0,SUBURBIO,COLISÃO,1.0,1.0,1.0,1.0,1.0,1.0,1.0,1.0,1.0,1.0,1.0,Longo da via,Bom,Sem defeito,Perfeito estado,Seca,Perfeito estado,Outras,60 km/h,Dupla," , RUA DR VICENTE GOMES, Recife, Pernambuco, Brasil",-8.1216967,-34.9144343
11524,2019-12-15 15:55:00,SEM VÍTIMA,BOA VIAGEM,RUA PADRE CARAPUCEIRO, ,580.0,SUBURBIO,ABALROAMENTO TRANSVERSAL,1.0,1.0,1.0,1.0,1.0,1.0,1.0,1.0,1.0,0.0,1.0,Cruzamento,Bom,Não existe,Incompleta,Seca,Perfeito estado,Outras,40 km/h,Única," , RUA PADRE CARAPUCEIRO, Recife, Pernambuco, Brasil",-8.1167685,-34.9024596
1321,2019-02-15 12:59:00,SEM VÍTIMA,BOA VIAGEM,AV ENGENHEIRO DOMINGOS FERREIRA, ,338.0,SUBURBIO,COLISÃO,2.0,1.0,1.0,1.0,1.0,1.0,1.0,1.0,1.0,0.0,1.0,Cruzamento,Bom,Não existe,Incompleta,Seca,Perfeito estado,Outras,40 km/h,Única," , AV ENGENHEIRO DOMINGOS FERREIRA, Recife, Pernambuco, Brasil",-8.1155752,-34.8954699
10861,2019-12-01 06:53:00,SEM VÍTIMA,BOA VIAGEM,RUA SETUBAL, ,338.0,SUBURBIO,COLISÃO,2.0,1.0,1.0,1.0,1.0,1.0,1.0,1.0,1.0,0.0,1.0,Cruzamento,Bom,Não existe,Incompleta,Seca,Perfeito estado,Outras,40 km/h,Única," , RUA SETUBAL, Recife, Pernambuco, Brasil",-8.1368012,-34.9026047
11771,2019-12-21 11:25:00,SEM VÍTIMA,BOA VIAGEM,RUA SETUBAL,542,338.0,SUBURBIO,ABALROAMENTO LONGITUDINAL,2.0,1.0,1.0,1.0,1.0,1.0,1.0,1.0,1.0,0.0,1.0,Longo da via,Bom,Não existe,Não existente,Seca,Perfeito estado,Outras,40 km/h,Única,"542, RUA SETUBAL, Recife, Pernambuco, Brasil",-8.1356179,-34.9026428
11995,2019-12-28 09:14:00,SEM VÍTIMA,BOA VIAGEM,RUA ERNESTO DE PAULA SANTOS,1235,338.0,CIDADE,ABALROAMENTO LONGITUDINAL,1.0,1.0,1.0,1.0,1.0,1.0,1.0,1.0,1.0,0.0,1.0,Longo da via,Bom,Sem defeito,Perfeito estado,Seca,Perfeito estado,Placas Dê a preferência,40 km/h,Única,"1235, RUA ERNESTO DE PAULA SANTOS, Recife, Pernambuco, Brasil",-8.1243685,-34.90619533631805
854,2019-02-01 18:11:00,SEM VÍTIMA,BOA VIAGEM,RUA PADRE CABRAL, ,338.0,SUBURBIO,ABALROAMENTO TRANSVERSAL,2.0,1.0,1.0,1.0,1.0,1.0,1.0,1.0,1.0,0.0,1.0,Longo da via,Bom,Não existe,Perfeito estado,Seca,Perfeito estado,Placas Pare,20 km/h,Dupla," , RUA PADRE CABRAL, Recife, Pernambuco, Brasil",-8.1344649,-34.9079666
10869,2019-12-01 13:46:00,COM VÍTIMA,BOA VIAGEM,RUA PROFESSOR JOAO MEDEIROS, ,338.0,SUBURBIO,ABALROAMENTO LONGITUDINAL,1.0,1.0,1.0,1.0,1.0,1.0,1.0,1.0,1.0,1.0,1.0,Longo da via,Bom,Não existe,Perfeito estado,Seca,Perfeito estado,Não há placas,20 km/h,Única," , RUA PROFESSOR JOAO MEDEIROS, Recife, Pernambuco, Brasil",-8.1344649,-34.9079666
261,2019-01-10 19:13:00,SEM VÍTIMA,BOA VIAGEM,AV BOA VIAGEM, ,338.0,CIDADE,CHOQUE VEÍCULO PARADO,3.0,1.0,1.0,1.0,1.0,1.0,1.0,1.0,1.0,0.0,1.0,Longo da via,Bom,Não existe,Perfeito estado,Seca,Perfeito estado,Outras,20 km/h,Única," , AV BOA VIAGEM, Recife, Pernambuco, Brasil",-8.0906381,-34.8817684
871,2019-02-02 08:46:00,SEM VÍTIMA,BOA VIAGEM,AV ENGENHEIRO DOMINGOS FERREIRA,3704,338.0,SUBURBIO,ABALROAMENTO LONGITUDINAL,1.0,1.0,1.0,1.0,1.0,1.0,1.0,1.0,1.0,0.0,1.0,Longo da via,Bom,Não existe,Perfeito estado,Seca,Perfeito estado,Outras,60 km/h,Única,"3704, AV ENGENHEIRO DOMINGOS FERREIRA, Recife, Pernambuco, Brasil",-8.1204706,-34.8987361
11505,2019-12-14 18:40:00,SEM VÍTIMA,BOA VIAGEM,RUA RIBEIRO DE BRITO,1326,338.0,SUBURBIO,ABALROAMENTO TRANSVERSAL,2.0,1.0,1.0,1.0,1.0,1.0,1.0,1.0,1.0,0.0,1.0,Longo da via,Bom,Não existe,Perfeito estado,Seca,Perfeito estado,Não há placas,60 km/h,Única,"1326, RUA RIBEIRO DE BRITO, Recife, Pernambuco, Brasil",-8.1229545,-34.9045403
11235,2019-12-08 20:34:00,SEM VÍTIMA,BOA VIAGEM,AV BOA VIAGEM,58,84.0,SUBURBIO,CHOQUE VEÍCULO PARADO,3.0,1.0,1.0,1.0,1.0,1.0,1.0,1.0,1.0,0.0,1.0,Longo da via,Bom,Sem defeito,Perfeito estado,Seca,Perfeito estado,Não há placas,60 km/h,Única,"58, AV BOA VIAGEM, Recife, Pernambuco, Brasil",-8.1072276,-34.8878628
2004,2019-03-08 13:32:00,SEM VÍTIMA,BOA VIAGEM,RUA ELADIO RAMOS,99,84.0,SUBURBIO,ABALROAMENTO TRANSVERSAL,2.0,1.0,1.0,1.0,1.0,1.0,1.0,1.0,1.0,0.0,1.0,Cruzamento,Bom,Não existe,Perfeito estado,Seca,Perfeito estado,Não há placas,60 km/h,Dupla,"99, RUA ELADIO RAMOS, Recife, Pernambuco, Brasil",-8.13218,-34.9121668
10850,2019-11-30 17:36:00,SEM VÍTIMA,BOA VIAGEM,AV DOM JOAO VI, ,639.0,SUBURBIO,COLISÃO,1.0,1.0,1.0,1.0,1.0,1.0,1.0,1.0,1.0,0.0,1.0,Cruzamento,Bom,Não existe,Perfeito estado,Seca,Perfeito estado,Não há placas,60 km/h,Dupla," , AV DOM JOAO VI, Recife, Pernambuco, Brasil",-8.1181195,-34.9061879
10880,2019-12-01 19:15:00,SEM VÍTIMA,BOA VIAGEM,RUA ERNESTO DE PAULA SANTOS,357,217.0,CIDADE,COLISÃO TRASEIRA,2.0,1.0,1.0,1.0,1.0,1.0,1.0,1.0,1.0,0.0,1.0,Longo da via,Bom,Sem defeito,Perfeito estado,Seca,Perfeito estado,Não há placas,60 km/h,Única,"357, RUA ERNESTO DE PAULA SANTOS, Recife, Pernambuco, Brasil",-8.1248125,-34.8995609
10876,2019-12-01 18:00:00,SEM VÍTIMA,BOA VIAGEM,RUA ERNESTO DE PAULA SANTOS,927,217.0,CIDADE,COLISÃO TRASEIRA,2.0,1.0,1.0,1.0,1.0,1.0,1.0,1.0,1.0,0.0,1.0,Longo da via,Bom,Não existe,Perfeito estado,Seca,Perfeito estado,Outras,60 km/h,Única,"927, RUA ERNESTO DE PAULA SANTOS, Recife, Pernambuco, Brasil",-8.1243477,-34.9056488
1967,2019-03-07 17:43:00,SEM VÍTIMA,BOA VIAGEM,RUA DHALIA,303,217.0,CIDADE,ABALROAMENTO TRANSVERSAL,2.0,1.0,1.0,1.0,1.0,1.0,1.0,1.0,1.0,0.0,1.0,Longo da via,Bom,Não existe,Perfeito estado,Seca,Perfeito estado,Não há placas,40 km/h,Única,"303, RUA DHALIA, Recife, Pernambuco, Brasil",-8.119228,-34.8998141
10855,2019-11-30 22:48:00,SEM VÍTIMA,BOA VIAGEM,RUA RIBEIRO DE BRITO,1326,217.0,SUBURBIO,ABALROAMENTO LONGITUDINAL,3.0,1.0,1.0,1.0,1.0,1.0,1.0,1.0,1.0,0.0,1.0,Longo da via,Bom,Não existe,Perfeito estado,Seca,Perfeito estado,Não há placas,40 km/h,Única,"1326, RUA RIBEIRO DE BRITO, Recife, Pernambuco, Brasil",-8.1229545,-34.9045403
433,2019-01-17 14:03:00,SEM VÍTIMA,BOA VIAGEM,AV ENGENHEIRO DOMINGOS FERREIRA, ,217.0,SUBURBIO,COLISÃO TRASEIRA,2.0,1.0,1.0,1.0,1.0,1.0,1.0,1.0,1.0,0.0,1.0,Longo da via,Bom,Sem defeito,Perfeito estado,Seca,Perfeito estado,Não há placas,40 km/h,Única," , AV ENGENHEIRO DOMINGOS FERREIRA, Recife, Pernambuco, Brasil",-8.1155752,-34.8954699
10875,2019-12-01 17:49:00,SEM VÍTIMA,BOA VIAGEM,AV CONSELHEIRO AGUIAR,576,217.0,CIDADE,ABALROAMENTO LONGITUDINAL,1.0,1.0,1.0,1.0,1.0,1.0,1.0,1.0,1.0,0.0,1.0,Cruzamento,Bom,Sem defeito,Perfeito estado,Seca,Perfeito estado,Não há placas,40 km/h,Única,"576, AV CONSELHEIRO AGUIAR, Recife, Pernambuco, Brasil",-8.095567,-34.8848448
11508,2019-12-14 21:35:00,SEM VÍTIMA,BOA VIAGEM,AV CONSELHEIRO AGUIAR,3595,217.0,CIDADE,COLISÃO TRASEIRA,2.0,1.0,1.0,1.0,1.0,1.0,1.0,1.0,1.0,0.0,1.0,Longo da via,Bom,Não existe,Perfeito estado,Seca,Perfeito estado,R-6a,60 km/h,Única,"3595, AV CONSELHEIRO AGUIAR, Recife, Pernambuco, Brasil",-8.12006115,-34.89649379043994
1970,2019-03-07 18:43:00,SEM VÍTIMA,BOA VIAGEM,AV DOM JOAO VI, ,217.0,CIDADE,COLISÃO TRASEIRA,2.0,1.0,1.0,1.0,1.0,1.0,1.0,1.0,1.0,0.0,1.0,Longo da via,Bom,Não existe,Perfeito estado,Seca,Perfeito estado,Não há placas,60 km/h,Dupla," , AV DOM JOAO VI, Recife, Pernambuco, Brasil",-8.1181195,-34.9061879
1998,2019-03-08 11:35:00,SEM VÍTIMA,BOA VIAGEM,RUA DOS NAVEGANTES,4470,217.0,SUBURBIO,ABALROAMENTO LONGITUDINAL,2.0,1.0,1.0,1.0,1.0,1.0,1.0,1.0,1.0,0.0,1.0,Longo da via,Bom,Não existe,Perfeito estado,Seca,Perfeito estado,Placas Pare,60 km/h,Única,"4470, RUA DOS NAVEGANTES, Recife, Pernambuco, Brasil",-8.1199395,-34.8957061
1977,2019-03-07 23:29:00,SEM VÍTIMA,BOA VIAGEM,AV ENGENHEIRO DOMINGOS FERREIRA, ,545.0,SUBURBIO,ABALROAMENTO TRANSVERSAL,1.0,1.0,1.0,1.0,1.0,1.0,1.0,1.0,1.0,0.0,1.0,Cruzamento,Bom,Sem defeito,Perfeito estado,Seca,Perfeito estado,Outras,50 km/h,Única," , AV ENGENHEIRO DOMINGOS FERREIRA, Recife, Pernambuco, Brasil",-8.1155752,-34.8954699
1373,2019-02-17 11:59:00,SEM VÍTIMA,BOA VIAGEM,RUA ERNESTO DE PAULA SANTOS,451,329.0,SUBURBIO,ABALROAMENTO TRANSVERSAL,1.0,1.0,1.0,1.0,1.0,1.0,1.0,1.0,1.0,0.0,1.0,Cruzamento,Bom,Sem defeito,Perfeito estado,Seca,Perfeito estado,Outras,60 km/h,Única,"451, RUA ERNESTO DE PAULA SANTOS, Recife, Pernambuco, Brasil",-8.1245804,-34.9012949
919,2019-02-04 18:09:00,COM VÍTIMA,BOA VIAGEM,AV DOM JOAO VI, ,639.0,SUBURBIO,COLISÃO TRASEIRA,3.0,1.0,1.0,1.0,1.0,1.0,1.0,1.0,1.0,1.0,1.0,Cruzamento,Bom,Sem defeito,Perfeito estado,Seca,Perfeito estado,Outras,60 km/h,Única," , AV DOM JOAO VI, Recife, Pernambuco, Brasil",-8.1181195,-34.9061879
780,2019-01-30 19:10:00,COM VÍTIMA,BOA VIAGEM,RUA DR LUIZ INACIO PESSOA DE MELO,390,639.0,CIDADE,COLISÃO COM CICLISTA,1.0,1.0,1.0,1.0,1.0,1.0,1.0,1.0,1.0,1.0,1.0,Longo da via,Bom,Não existe,Incompleta,Seca,Perfeito estado,Não há placas,30 km/h,Dupla,"390, RUA DR LUIZ INACIO PESSOA DE MELO, Recife, Pernambuco, Brasil",-8.1181195,-34.9061879
11968,2019-12-27 13:56:00,COM VÍTIMA,BOA VIAGEM,AVENIDA CELSO FURTADO (VIA MANGUE), ,639.0,CIDADE,CHOQUE OBJETO FIXO,1.0,1.0,1.0,1.0,1.0,1.0,1.0,1.0,1.0,1.0,1.0,Longo da via,Bom,Não existe,Perfeito estado,Seca,Perfeito estado,Não há placas,60 km/h,Dupla," , AVENIDA CELSO FURTADO (VIA MANGUE), Recife, Pernambuco, Brasil",-8.1181195,-34.9061879
2063,2019-03-10 11:38:00,SEM VÍTIMA,BOA VIAGEM,AV ENGENHEIRO DOMINGOS FERREIRA, ,639.0,SUBURBIO,ABALROAMENTO TRANSVERSAL,2.0,1.0,1.0,1.0,1.0,1.0,1.0,1.0,1.0,0.0,1.0,Longo da via,Bom,Sem defeito,Perfeito estado,Seca,Perfeito estado,Outras,60 km/h,Dupla," , AV ENGENHEIRO DOMINGOS FERREIRA, Recife, Pernambuco, Brasil",-8.1155752,-34.8954699
11583,2019-12-17 09:35:00,SEM VÍTIMA,BOA VIAGEM,RUA VISCONDE DE JEQUITINHONHA, ,129.0,SUBURBIO,COLISÃO,2.0,1.0,1.0,1.0,1.0,1.0,1.0,1.0,1.0,0.0,1.0,Longo da via,Bom,Sem defeito,Perfeito estado,Seca,Perfeito estado,Outras,60 km/h,Dupla," , RUA VISCONDE DE JEQUITINHONHA, Recife, Pernambuco, Brasil",-8.1337535,-34.9025533
1885,2019-03-03 16:58:00,SEM VÍTIMA,BOA VIAGEM,RUA PROFESSOR AUGUSTO LINS E SILVA,536,129.0,SUBURBIO,ABALROAMENTO LONGITUDINAL,2.0,1.0,1.0,1.0,1.0,1.0,1.0,1.0,1.0,0.0,1.0,Longo da via,Bom,Não existe,Perfeito estado,Seca,Perfeito estado,Não há placas,60 km/h,Dupla,"536, RUA PROFESSOR AUGUSTO LINS E SILVA, Recife, Pernambuco, Brasil",-8.1404598,-34.9062742
405,2019-01-16 11:46:00,SEM VÍTIMA,BOA VIAGEM,AV BOA VIAGEM,3672,129.0,CIDADE,COLISÃO TRASEIRA,2.0,1.0,1.0,1.0,1.0,1.0,1.0,1.0,1.0,0.0,1.0,Longo da via,Bom,Sem defeito,Perfeito estado,Seca,Perfeito estado,Não há placas,60 km/h,Única,"3672, AV BOA VIAGEM, Recife, Pernambuco, Brasil",-8.1216608,-34.896226
962,2019-02-05 17:36:00,SEM VÍTIMA,BOA VIAGEM,RUA RIBEIRO DE BRITO,554,332.0,SUBURBIO,ABALROAMENTO LONGITUDINAL,2.0,1.0,1.0,1.0,1.0,1.0,1.0,1.0,1.0,0.0,1.0,Cruzamento,Bom,Sem defeito,Perfeito estado,Seca,Perfeito estado,Não há placas,60 km/h,Única,"554, RUA RIBEIRO DE BRITO, Recife, Pernambuco, Brasil",-8.1231567,-34.9018103
406,2019-01-16 12:11:00,SEM VÍTIMA,BOA VIAGEM,RUA ERNESTO DE PAULA SANTOS,275,332.0,CIDADE,ABALROAMENTO LONGITUDINAL,1.0,1.0,1.0,1.0,1.0,1.0,1.0,1.0,1.0,0.0,1.0,Longo da via,Bom,Sem defeito,Perfeito estado,Seca,Perfeito estado,Outras,60 km/h,Única,"275, RUA ERNESTO DE PAULA SANTOS, Recife, Pernambuco, Brasil",-8.1250193,-34.8996666
130,2019-01-06 18:29:00,COM VÍTIMA,BOA VIAGEM,AV ENGENHEIRO DOMINGOS FERREIRA,2784,144.0,SUBURBIO,COLISÃO TRASEIRA,1.0,1.0,1.0,1.0,1.0,1.0,1.0,1.0,1.0,2.0,1.0,Longo da via,Bom,Sem defeito,Perfeito estado,Seca,Perfeito estado,Não há placas,60 km/h,Única,"2784, AV ENGENHEIRO DOMINGOS FERREIRA, Recife, Pernambuco, Brasil",-8.1137326,-34.8945946
407,2019-01-16 14:05:00,SEM VÍTIMA,BOA VIAGEM,AV BOA VIAGEM,2454,144.0,CIDADE,ABALROAMENTO LONGITUDINAL,1.0,1.0,1.0,1.0,1.0,1.0,1.0,1.0,1.0,0.0,1.0,Longo da via,Bom,Sem defeito,Perfeito estado,Seca,Perfeito estado,Não há placas,60 km/h,Única,"2454, AV BOA VIAGEM, Recife, Pernambuco, Brasil",-8.1120548,-34.890582969598526
255,2019-01-10 16:47:00,SEM VÍTIMA,BOA VIAGEM,AV ENGENHEIRO DOMINGOS FERREIRA,3190,144.0,SUBURBIO,ABALROAMENTO LONGITUDINAL,1.0,1.0,1.0,1.0,1.0,1.0,1.0,1.0,1.0,0.0,1.0,Longo da via,Bom,Não existe,Perfeito estado,Seca,Perfeito estado,Outras,50 km/h,Única,"3190, AV ENGENHEIRO DOMINGOS FERREIRA, Recife, Pernambuco, Brasil",-8.1168277,-34.8964983
71,2019-01-03 16:04:00,SEM VÍTIMA,BOA VIAGEM,AV BOA VIAGEM,6592,190.0,CIDADE,ABALROAMENTO TRANSVERSAL,2.0,1.0,1.0,1.0,1.0,1.0,1.0,1.0,1.0,0.0,1.0,Cruzamento,Bom,Sem defeito,Perfeito estado,Seca,Perfeito estado,Não há placas,50 km/h,Única,"6592, AV BOA VIAGEM, Recife, Pernambuco, Brasil",-8.1464081,-34.9061177
11579,2019-12-17 06:57:00,SEM VÍTIMA,BOA VIAGEM,AV ENGENHEIRO DOMINGOS FERREIRA, ,216.0,SUBURBIO,ABALROAMENTO LONGITUDINAL,1.0,1.0,1.0,1.0,1.0,1.0,1.0,1.0,1.0,0.0,1.0,Cruzamento,Bom,Sem defeito,Perfeito estado,Seca,Perfeito estado,Não há placas,60 km/h,Única," , AV ENGENHEIRO DOMINGOS FERREIRA, Recife, Pernambuco, Brasil",-8.1155752,-34.8954699
959,2019-02-05 16:42:00,SEM VÍTIMA,BOA VIAGEM,RUA FRANCISCO DA CUNHA, ,216.0,SUBURBIO,ABALROAMENTO TRANSVERSAL,2.0,1.0,1.0,1.0,1.0,1.0,1.0,1.0,1.0,0.0,1.0,Cruzamento,Chuvoso,Não existe,Perfeito estado,Molhada,Perfeito estado,Placas Pare,60 km/h,Única," , RUA FRANCISCO DA CUNHA, Recife, Pernambuco, Brasil",-8.1104721,-34.893872
126,2019-01-06 06:06:00,SEM VÍTIMA,BOA VIAGEM,AV ENGENHEIRO DOMINGOS FERREIRA,50,216.0,SUBURBIO,ABALROAMENTO TRANSVERSAL,1.0,1.0,1.0,1.0,1.0,1.0,1.0,1.0,1.0,0.0,1.0,Longo da via,Chuvoso,Não existe,Perfeito estado,Molhada,Perfeito estado,Outras,60 km/h,Única,"50, AV ENGENHEIRO DOMINGOS FERREIRA, Recife, Pernambuco, Brasil",-8.0907659,-34.88491
952,2019-02-05 15:09:00,SEM VÍTIMA,BOA VIAGEM,AV ENGENHEIRO DOMINGOS FERREIRA, ,216.0,SUBURBIO,COLISÃO,2.0,1.0,1.0,1.0,1.0,1.0,1.0,1.0,1.0,0.0,1.0,Longo da via,Chuvoso,Não existe,Perfeito estado,Molhada,Perfeito estado,Outras,60 km/h,Única," , AV ENGENHEIRO DOMINGOS FERREIRA, Recife, Pernambuco, Brasil",-8.1155752,-34.8954699
969,2019-02-05 20:20:00,COM VÍTIMA,BOA VIAGEM,RUA JOAO CARDOSO AIRES,764,216.0,SUBURBIO,ABALROAMENTO TRANSVERSAL,1.0,1.0,1.0,1.0,1.0,1.0,1.0,1.0,1.0,2.0,1.0,Cruzamento,Bom,Não existe,Perfeito estado,Seca,Perfeito estado,Outras,40 km/h,Única,"764, RUA JOAO CARDOSO AIRES, Recife, Pernambuco, Brasil",-8.1398987,-34.9138228
1895,2019-03-04 10:11:00,COM VÍTIMA,BOA VIAGEM,AV DES JOSE NEVES, ,567.0,CIDADE,ABALROAMENTO LONGITUDINAL,1.0,1.0,1.0,1.0,1.0,1.0,1.0,1.0,1.0,2.0,1.0,Cruzamento,Chuvoso,Sem defeito,Perfeito estado,Molhada,Perfeito estado,Outras,40 km/h,Única," , AV DES JOSE NEVES, Recife, Pernambuco, Brasil",-8.142685,-34.9180258
11792,2019-12-21 22:24:00,SEM VÍTIMA,BOA VIAGEM,AV ENGENHEIRO DOMINGOS FERREIRA, ,567.0,CIDADE,ABALROAMENTO TRANSVERSAL,2.0,1.0,1.0,1.0,1.0,1.0,1.0,1.0,1.0,0.0,1.0,Cruzamento,Bom,Não existe,Perfeito estado,Seca,Perfeito estado,Outras,40 km/h,Única," , AV ENGENHEIRO DOMINGOS FERREIRA, Recife, Pernambuco, Brasil",-8.1155752,-34.8954699
738,2019-01-29 15:27:00,SEM VÍTIMA,BOA VIAGEM,AV CONSELHEIRO AGUIAR, ,567.0,CIDADE,COLISÃO,1.0,1.0,1.0,1.0,1.0,1.0,1.0,1.0,1.0,0.0,1.0,Cruzamento,Bom,Não existe,Perfeito estado,Seca,Perfeito estado,Outras,40 km/h,Única," , AV CONSELHEIRO AGUIAR, Recife, Pernambuco, Brasil",-8.1017679,-34.8870824
10922,2019-12-02 15:09:00,COM VÍTIMA,BOA VIAGEM,AV ENGENHEIRO DOMINGOS FERREIRA, ,567.0,SUBURBIO,COLISÃO TRASEIRA,1.0,3.0,1.0,1.0,1.0,1.0,1.0,1.0,1.0,2.0,1.0,Longo da via,Bom,Não existe,Perfeito estado,Seca,Perfeito estado,R-32,40 km/h,Única," , AV ENGENHEIRO DOMINGOS FERREIRA, Recife, Pernambuco, Brasil",-8.1155752,-34.8954699