,data_hora,natureza_acidente,bairro,endereco,numero,num_semaforo,sentido_via,tipo,auto,moto,ciclom,ciclista,pedestre,onibus,caminhao,viatura,outros,vitimas,vitimasfatais,acidente_verificado,tempo_clima,situacao_semaforo,sinalizacao,condicao_via,conservacao_via,situacao_placa,velocidade_max_via,mao_direcao,end,latitude,longitude
10921,2019-12-02 15:02:00,SEM VÍTIMA,BOA VIAGEM,RUA BARAO DE SOUZA LEAO, ,567.0,SUBURBIO,ABALROAMENTO LONGITUDINAL,1.0,3.0,1.0,1.0,1.0,2.0,1.0,1.0,1.0,0.0,1.0,Longo da via,Bom,Sem defeito,Perfeito estado,Seca,Perfeito estado,Outras,40 km/h,Única," , RUA BARAO DE SOUZA LEAO, Recife, Pernambuco, Brasil",-8.1325905,-34.9149303
2072,2019-03-11 07:14:00,SEM VÍTIMA,BOA VIAGEM,RUA DR VICENTE GOMES,228,60.0,CIDADE,ABALROAMENTO LONGITUDINAL,1.0,3.0,1.0,1.0,1.0,1.0,1.0,1.0,1.0,0.0,1.0,Cruzamento,Bom,Sem defeito,Perfeito estado,Seca,Perfeito estado,Não há placas,40 km/h,Única,"228, RUA DR VICENTE GOMES, Recife, Pernambuco, Brasil",-8.1325905,-34.9149303
394,2019-01-15 16:57:00,SEM VÍTIMA,BOA VIAGEM,AV DOM JOAO VI, ,60.0,SUBURBIO,CHOQUE OBJETO FIXO,1.0,3.0,1.0,1.0,1.0,1.0,1.0,1.0,1.0,0.0,1.0,Longo da via,Bom,Não existe,Perfeito estado,Seca,Perfeito estado,Não há placas,40 km/h,Única," , AV DOM JOAO VI, Recife, Pernambuco, Brasil",-8.1181195,-34.9061879
10826,2019-11-29 19:46:00,SEM VÍTIMA,BOA VIAGEM,RUA RIO AZUL, ,437.0,SUBURBIO,ABALROAMENTO LONGITUDINAL,2.0,3.0,1.0,1.0,1.0,1.0,1.0,1.0,1.0,0.0,1.0,Cruzamento,Bom,Sem defeito,Perfeito estado,Seca,Perfeito estado,Outras,40 km/h,Única," , RUA RIO AZUL, Recife, Pernambuco, Brasil",-8.1354176,-34.9089632
10920,2019-12-02 14:48:00,SEM VÍTIMA,BOA VIAGEM,RUA RIBEIRO DE BRITO,241,155.0,CIDADE,COLISÃO TRASEIRA,2.0,3.0,1.0,1.0,1.0,1.0,1.0,1.0,1.0,0.0,1.0,Longo da via,Bom,Sem defeito,Perfeito estado,Seca,Perfeito estado,Não há placas,40 km/h,Única,"241, RUA RIBEIRO DE BRITO, Recife, Pernambuco, Brasil",-8.1238227,-34.8995457
283,2019-01-11 13:50:00,SEM VÍTIMA,BOA VIAGEM,RUA JOSE MARIA DE MIRANDA,226,155.0,CIDADE,ABALROAMENTO TRANSVERSAL,1.0,1.0,1.0,1.0,1.0,1.0,1.0,1.0,1.0,0.0,1.0,Longo da via,Bom,Não existe,Perfeito estado,Seca,Perfeito estado,Não há placas,40 km/h,Única,"226, RUA JOSE MARIA DE MIRANDA, Recife, Pernambuco, Brasil",-8.1086696,-34.8927574
137,2019-01-07 08:30:00,COM VÍTIMA,BOA VIAGEM,RUA VISCONDE DE JEQUITINHONHA, ,154.0,SUBURBIO,ABALROAMENTO LONGITUDINAL,1.0,1.0,1.0,1.0,1.0,1.0,1.0,1.0,1.0,1.0,1.0,Cruzamento,Bom,Sem defeito,Incompleta,Seca,Perfeito estado,Outras,40 km/h,Única," , RUA VISCONDE DE JEQUITINHONHA, Recife, Pernambuco, Brasil",-8.1337535,-34.9025533
1865,2019-03-02 14:39:00,SEM VÍTIMA,BOA VIAGEM,AV FERNANDO SIMOES BARBOSA, ,321.0,SUBURBIO,ABALROAMENTO LONGITUDINAL,2.0,1.0,1.0,1.0,1.0,1.0,1.0,1.0,1.0,0.0,1.0,Cruzamento,Bom,Sem defeito,Perfeito estado,Seca,Perfeito estado,R-6a,40 km/h,Dupla," , AV FERNANDO SIMOES BARBOSA, Recife, Pernambuco, Brasil",-8.124269,-34.9016293
10829,2019-11-30 01:43:00,SEM VÍTIMA,BOA VIAGEM,RUA PADRE BERNADINO PESSOA,2055,321.0,SUBURBIO,CHOQUE VEÍCULO PARADO,2.0,1.0,1.0,1.0,1.0,1.0,1.0,1.0,1.0,0.0,1.0,Longo da via,Bom,Não existe,Perfeito estado,Seca,Perfeito estado,Não há placas,40 km/h,Única,"2055, RUA PADRE BERNADINO PESSOA, Recife, Pernambuco, Brasil",-8.124269,-34.9016293
136,2019-01-07 08:19:00,SEM VÍTIMA,BOA VIAGEM,RUA VISCONDE DE JEQUITINHONHA,336,321.0,SUBURBIO,ABALROAMENTO TRANSVERSAL,2.0,1.0,1.0,1.0,1.0,1.0,1.0,1.0,1.0,0.0,1.0,Longo da via,Bom,Não existe,Perfeito estado,Seca,Perfeito estado,Não há placas,60 km/h,Única,"336, RUA VISCONDE DE JEQUITINHONHA, Recife, Pernambuco, Brasil",-8.1318442,-34.9032045
11801,2019-12-22 11:51:00,SEM VÍTIMA,BOA VIAGEM,RUA MARQUES DE VALENCA, ,321.0,SUBURBIO,ABALROAMENTO LONGITUDINAL,1.0,1.0,1.0,1.0,1.0,1.0,1.0,1.0,1.0,0.0,1.0,Cruzamento,Bom,Sem defeito,Perfeito estado,Seca,Perfeito estado,Placas Pare,60 km/h,Dupla," , RUA MARQUES DE VALENCA, Recife, Pernambuco, Brasil",-8.1291088,-34.9031607
737,2019-01-29 14:56:00,SEM VÍTIMA,BOA VIAGEM,RUA DES JOAO PAES, ,321.0,SUBURBIO,ABALROAMENTO TRANSVERSAL,1.0,1.0,1.0,1.0,1.0,1.0,1.0,1.0,1.0,0.0,1.0,Cruzamento,Bom,Não existe,Incompleta,Seca,Perfeito estado,Placas Pare,60 km/h,Única," , RUA DES JOAO PAES, Recife, Pernambuco, Brasil",-8.1291088,-34.9031607
985,2019-02-06 10:06:00,SEM VÍTIMA,BOA VIAGEM,RUA BARAO DE SOUZA LEAO, ,321.0,SUBURBIO,COLISÃO,2.0,1.0,1.0,1.0,1.0,1.0,1.0,1.0,1.0,0.0,1.0,Cruzamento,Bom,Não existe,Incompleta,Seca,Perfeito estado,Placas Pare,60 km/h,Única," , RUA BARAO DE SOUZA LEAO, Recife, Pernambuco, Brasil",-8.1325905,-34.9149303
1870,2019-03-02 17:03:00,SEM VÍTIMA,BOA VIAGEM,RUA FRANCISCO CORREIA DE MORAES, ,321.0,SUBURBIO,COLISÃO,1.0,1.0,1.0,1.0,1.0,1.0,1.0,1.0,1.0,0.0,1.0,Cruzamento,Bom,Não existe,Incompleta,Seca,Perfeito estado,Placas Pare,60 km/h,Única," , RUA FRANCISCO CORREIA DE MORAES, Recife, Pernambuco, Brasil",-8.1256534,-34.9124883
133,2019-01-07 02:13:00,SEM VÍTIMA,BOA VIAGEM,AV CONSELHEIRO AGUIAR, ,125.0,CIDADE,ABALROAMENTO TRANSVERSAL,2.0,1.0,1.0,1.0,1.0,1.0,1.0,1.0,1.0,0.0,1.0,Cruzamento,Chuvoso,Sem defeito,Perfeito estado,Molhada,Perfeito estado,Outras,60 km/h,Única," , AV CONSELHEIRO AGUIAR, Recife, Pernambuco, Brasil",-8.1017679,-34.8870824
781,2019-01-30 19:39:00,SEM VÍTIMA,BOA VIAGEM,RUA ANTONIO FALCAO, ,648.0,SUBURBIO,ABALROAMENTO TRANSVERSAL,2.0,1.0,1.0,1.0,1.0,1.0,1.0,1.0,1.0,0.0,1.0,Cruzamento,Bom,Sem defeito,Perfeito estado,Seca,Perfeito estado,R-6a,60 km/h,Única," , RUA ANTONIO FALCAO, Recife, Pernambuco, Brasil",-8.1133174,-34.9001629
2054,2019-03-09 18:29:00,SEM VÍTIMA,BOA VIAGEM,AV CONSELHEIRO AGUIAR,S/N,648.0,SUBURBIO,COLISÃO,1.0,1.0,1.0,1.0,1.0,1.0,1.0,1.0,1.0,0.0,1.0,Cruzamento,Bom,Sem defeito,Perfeito estado,Seca,Perfeito estado,R-6a,60 km/h,Única,"S/N, AV CONSELHEIRO AGUIAR, Recife, Pernambuco, Brasil",-8.1141184,-34.8933999
11474,2019-12-13 21:56:00,SEM VÍTIMA,BOA VIAGEM,RUA CAMBOIM,481,648.0,CIDADE,CAPOTAMENTO,2.0,1.0,1.0,1.0,1.0,1.0,1.0,1.0,1.0,0.0,1.0,Cruzamento,Bom,Não existe,Perfeito estado,Seca,Perfeito estado,Placas Pare,60 km/h,Dupla,"481, RUA CAMBOIM, Recife, Pernambuco, Brasil",-8.1342272,-34.9125432
12001,2019-12-28 11:07:00,SEM VÍTIMA,BOA VIAGEM,RUA BALTAZAR PASSOS,515,648.0,CIDADE,ABALROAMENTO TRANSVERSAL,2.0,1.0,1.0,1.0,1.0,1.0,1.0,1.0,1.0,0.0,1.0,Cruzamento,Bom,Não existe,Ilegível,Seca,Perfeito estado,Placas Pare,60 km/h,Única,"515, RUA BALTAZAR PASSOS, Recife, Pernambuco, Brasil",-8.1430628,-34.9096042
1919,2019-03-06 02:05:00,SEM VÍTIMA,BOA VIAGEM,AV ENGENHEIRO DOMINGOS FERREIRA, ,545.0,SUBURBIO,ABALROAMENTO TRANSVERSAL,1.0,1.0,1.0,1.0,1.0,1.0,1.0,1.0,1.0,0.0,1.0,Cruzamento,Bom,Sem defeito,Perfeito estado,Seca,Perfeito estado,Outras,60 km/h,Única," , AV ENGENHEIRO DOMINGOS FERREIRA, Recife, Pernambuco, Brasil",-8.1155752,-34.8954699
11981,2019-12-27 18:13:00,SEM VÍTIMA,BOA VIAGEM,RUA BARAO DE SOUZA LEAO, ,545.0,CIDADE,ABALROAMENTO TRANSVERSAL,1.0,1.0,1.0,1.0,1.0,1.0,1.0,1.0,1.0,0.0,1.0,Cruzamento,Bom,Sem defeito,Perfeito estado,Seca,Perfeito estado,Outras,60 km/h,Única," , RUA BARAO DE SOUZA LEAO, Recife, Pernambuco, Brasil",-8.1325905,-34.9149303
2043,2019-03-09 12:13:00,COM VÍTIMA,BOA VIAGEM,AV BOA VIAGEM,500,545.0,CIDADE,COLISÃO,1.0,1.0,1.0,1.0,1.0,1.0,1.0,1.0,1.0,1.0,1.0,Cruzamento,Bom,Sem defeito,Perfeito estado,Seca,Perfeito estado,Outras,60 km/h,Única,"500, AV BOA VIAGEM, Recife, Pernambuco, Brasil",-8.0961237,-34.8834564
771,2019-01-30 15:41:00,SEM VÍTIMA,BOA VIAGEM,RUA DOS NAVEGANTES,3962,545.0,SUBURBIO,ABALROAMENTO TRANSVERSAL,2.0,1.0,1.0,1.0,1.0,1.0,1.0,1.0,1.0,0.0,1.0,Longo da via,Bom,Não existe,Perfeito estado,Seca,Perfeito estado,Placas Pare,60 km/h,Única,"3962, RUA DOS NAVEGANTES, Recife, Pernambuco, Brasil",-8.1199395,-34.8957061
2041,2019-03-09 11:01:00,SEM VÍTIMA,BOA VIAGEM,AV ENGENHEIRO DOMINGOS FERREIRA, ,200.0,SUBURBIO,COLISÃO,1.0,1.0,1.0,1.0,1.0,1.0,1.0,1.0,1.0,0.0,1.0,Longo da via,Bom,Não existe,Perfeito estado,Seca,Perfeito estado,Placas Pare,60 km/h,Única," , AV ENGENHEIRO DOMINGOS FERREIRA, Recife, Pernambuco, Brasil",-8.1155752,-34.8954699
2040,2019-03-09 10:57:00,SEM VÍTIMA,BOA VIAGEM,AV ENGENHEIRO DOMINGOS FERREIRA,200,200.0,SUBURBIO,ABALROAMENTO LONGITUDINAL,1.0,1.0,1.0,1.0,1.0,1.0,1.0,1.0,1.0,0.0,1.0,Cruzamento,Bom,Sem defeito,Perfeito estado,Seca,Perfeito estado,Outras,60 km/h,Única,"200, AV ENGENHEIRO DOMINGOS FERREIRA, Recife, Pernambuco, Brasil",-8.118197,-34.8970498
927,2019-02-04 20:39:00,SEM VÍTIMA,BOA VIAGEM,AV ENGENHEIRO DOMINGOS FERREIRA, ,128.0,SUBURBIO,CHOQUE VEÍCULO PARADO,1.0,1.0,1.0,1.0,1.0,1.0,1.0,1.0,1.0,0.0,1.0,Longo da via,Bom,Sem defeito,Perfeito estado,Seca,Perfeito estado,Não há placas,60 km/h,Única," , AV ENGENHEIRO DOMINGOS FERREIRA, Recife, Pernambuco, Brasil",-8.1155752,-34.8954699
2037,2019-03-09 10:10:00,SEM VÍTIMA,BOA VIAGEM,RUA DOS NAVEGANTES,1847,128.0,SUBURBIO,ABALROAMENTO TRANSVERSAL,2.0,1.0,1.0,1.0,1.0,1.0,1.0,1.0,1.0,0.0,1.0,Cruzamento,Bom,Não existe,Ilegível,Seca,Perfeito estado,Placas Pare,60 km/h,Única,"1847, RUA DOS NAVEGANTES, Recife, Pernambuco, Brasil",-8.1167325,-34.89415604245872
448,2019-01-18 07:25:00,SEM VÍTIMA,BOA VIAGEM,AV BOA VIAGEM,3906,128.0,SUBURBIO,ABALROAMENTO LONGITUDINAL,2.0,1.0,1.0,1.0,1.0,1.0,1.0,1.0,1.0,0.0,1.0,Longo da via,Bom,Não existe,Perfeito estado,Seca,Perfeito estado,Outras,60 km/h,Única,"3906, AV BOA VIAGEM, Recife, Pernambuco, Brasil",-8.1237812,-34.8969356
11997,2019-12-28 10:17:00,SEM VÍTIMA,BOA VIAGEM,RUA ANTONIO PASSOS,200,128.0,SUBURBIO,ABALROAMENTO TRANSVERSAL,2.0,1.0,1.0,1.0,1.0,1.0,1.0,1.0,1.0,0.0,1.0,Cruzamento,Bom,Não existe,Perfeito estado,Seca,Perfeito estado,Placas Pare,30 km/h,Única,"200, RUA ANTONIO PASSOS, Recife, Pernambuco, Brasil",-8.135485450000001,-34.90510073765715
10901,2019-12-02 10:43:00,SEM VÍTIMA,BOA VIAGEM,AV CONSELHEIRO AGUIAR, ,128.0,SUBURBIO,COLISÃO,2.0,1.0,1.0,1.0,1.0,1.0,1.0,1.0,1.0,0.0,1.0,Cruzamento,Bom,Não existe,Perfeito estado,Seca,Perfeito estado,Placas Pare,30 km/h,Única," , AV CONSELHEIRO AGUIAR, Recife, Pernambuco, Brasil",-8.1017679,-34.8870824
1931,2019-03-06 16:03:00,SEM VÍTIMA,BOA VIAGEM,RUA VISCONDE DE JEQUITINHONHA, ,128.0,SUBURBIO,COLISÃO TRASEIRA,3.0,1.0,1.0,1.0,1.0,1.0,1.0,1.0,1.0,0.0,1.0,Longo da via,Bom,Sem defeito,Perfeito estado,Seca,Perfeito estado,Não há placas,30 km/h,Única," , RUA VISCONDE DE JEQUITINHONHA, Recife, Pernambuco, Brasil",-8.1337535,-34.9025533
1932,2019-03-06 16:48:00,SEM VÍTIMA,BOA VIAGEM,AV CONSELHEIRO AGUIAR, ,2.0,CIDADE,COLISÃO TRASEIRA,3.0,1.0,1.0,1.0,1.0,1.0,1.0,1.0,1.0,0.0,1.0,Longo da via,Bom,Sem defeito,Perfeito estado,Seca,Perfeito estado,R-6a,30 km/h,Única," , AV CONSELHEIRO AGUIAR, Recife, Pernambuco, Brasil",-8.1017679,-34.8870824
446,2019-01-17 21:54:00,SEM VÍTIMA,BOA VIAGEM,AV BOA VIAGEM, ,121.0,CIDADE,COLISÃO TRASEIRA,2.0,1.0,1.0,1.0,1.0,1.0,1.0,1.0,1.0,0.0,1.0,Longo da via,Bom,Com defeito,Perfeito estado,Seca,Perfeito estado,Outras,30 km/h,Única," , AV BOA VIAGEM, Recife, Pernambuco, Brasil",-8.0906381,-34.8817684
11480,2019-12-14 07:45:00,SEM VÍTIMA,BOA VIAGEM,AV ENGENHEIRO DOMINGOS FERREIRA, ,545.0,CIDADE,ABALROAMENTO TRANSVERSAL,3.0,1.0,1.0,1.0,1.0,1.0,1.0,1.0,1.0,0.0,1.0,Cruzamento,Bom,Sem defeito,Perfeito estado,Seca,Perfeito estado,Não há placas,60 km/h,Única," , AV ENGENHEIRO DOMINGOS FERREIRA, Recife, Pernambuco, Brasil",-8.1155752,-34.8954699
1896,2019-03-04 12:10:00,COM VÍTIMA,BOA VIAGEM,AV BOA VIAGEM,3056,545.0,CIDADE,COLISÃO,1.0,1.0,1.0,1.0,1.0,1.0,1.0,1.0,1.0,1.0,1.0,Cruzamento,Bom,Sem defeito,Perfeito estado,Seca,Perfeito estado,Não há placas,60 km/h,Única,"3056, AV BOA VIAGEM, Recife, Pernambuco, Brasil",-8.11664795,-34.893366811638614
11237,2019-12-08 21:34:00,COM VÍTIMA,BOA VIAGEM,RUA RIBEIRO DE BRITO,397,545.0,SUBURBIO,COLISÃO,1.0,1.0,1.0,1.0,1.0,1.0,1.0,1.0,1.0,1.0,1.0,Longo da via,Bom,Não existe,Não existente,Seca,Perfeito estado,Não há placas,60 km/h,Única,"397, RUA RIBEIRO DE BRITO, Recife, Pernambuco, Brasil",-8.1236644,-34.9005615
1316,2019-02-15 11:08:00,SEM VÍTIMA,BOA VIAGEM,RUA BARAO DE SOUZA LEAO,221,545.0,SUBURBIO,ABALROAMENTO LONGITUDINAL,2.0,1.0,1.0,1.0,1.0,1.0,1.0,1.0,1.0,0.0,1.0,Longo da via,Bom,Sem defeito,Perfeito estado,Seca,Perfeito estado,R-6a,60 km/h,Única,"221, RUA BARAO DE SOUZA LEAO, Recife, Pernambuco, Brasil",-8.132465,-34.9021043
761,2019-01-30 12:13:00,SEM VÍTIMA,BOA VIAGEM,AVENIDA CELSO FURTADO (VIA MANGUE), ,545.0,SUBURBIO,ABALROAMENTO LONGITUDINAL,2.0,1.0,1.0,1.0,1.0,1.0,1.0,1.0,1.0,0.0,1.0,Viaduto,Bom,Não existe,Perfeito estado,Seca,Perfeito estado,Não há placas,60 km/h,Única," , AVENIDA CELSO FURTADO (VIA MANGUE), Recife, Pernambuco, Brasil",-8.132465,-34.9021043
10911,2019-12-02 13:02:00,SEM VÍTIMA,BOA VIAGEM,RUA RIBEIRO DE BRITO, ,545.0,SUBURBIO,ABALROAMENTO LONGITUDINAL,2.0,1.0,1.0,1.0,1.0,1.0,1.0,1.0,1.0,0.0,1.0,Longo da via,Bom,Não existe,Perfeito estado,Seca,Perfeito estado,Não há placas,40 km/h,Única," , RUA RIBEIRO DE BRITO, Recife, Pernambuco, Brasil",-8.1235605,-34.8998419
1900,2019-03-04 16:27:00,SEM VÍTIMA,BOA VIAGEM,RUA CORONEL BENEDITO CHAVES, ,545.0,SUBURBIO,COLISÃO,2.0,1.0,1.0,1.0,1.0,1.0,1.0,1.0,1.0,0.0,1.0,Longo da via,Bom,Não existe,Perfeito estado,Seca,Perfeito estado,Não há placas,40 km/h,Única," , RUA CORONEL BENEDITO CHAVES, Recife, Pernambuco, Brasil",-8.1275819,-34.9026923
10909,2019-12-02 12:09:00,SEM VÍTIMA,BOA VIAGEM,RUA FRANCISCO DA CUNHA, ,545.0,CIDADE,ABALROAMENTO TRANSVERSAL,2.0,1.0,1.0,1.0,1.0,1.0,1.0,1.0,1.0,0.0,1.0,Cruzamento,Bom,Não existe,Incompleta,Seca,Perfeito estado,Placas Pare,30 km/h,Única," , RUA FRANCISCO DA CUNHA, Recife, Pernambuco, Brasil",-8.1104721,-34.893872
11978,2019-12-27 16:52:00,SEM VÍTIMA,BOA VIAGEM,AV ENGENHEIRO DOMINGOS FERREIRA,2238,545.0,CIDADE,COLISÃO,2.0,1.0,1.0,1.0,1.0,1.0,1.0,1.0,1.0,0.0,1.0,Cruzamento,Bom,Não existe,Incompleta,Seca,Perfeito estado,Placas Pare,30 km/h,Única,"2238, AV ENGENHEIRO DOMINGOS FERREIRA, Recife, Pernambuco, Brasil",-8.1098679,-34.892293
1906,2019-03-05 11:06:00,SEM VÍTIMA,BOA VIAGEM,RUA DOS NAVEGANTES,2313,545.0,CIDADE,COLISÃO,1.0,1.0,1.0,1.0,1.0,1.0,1.0,1.0,1.0,0.0,1.0,Cruzamento,Bom,Não existe,Incompleta,Seca,Perfeito estado,Placas Pare,30 km/h,Única,"2313, RUA DOS NAVEGANTES, Recife, Pernambuco, Brasil",-8.11296,-34.891901
11280,2019-12-09 21:52:00,SEM VÍTIMA,BOA VIAGEM,RUA DOS NAVEGANTES,2111,545.0,SUBURBIO,CHOQUE VEÍCULO PARADO,1.0,1.0,1.0,1.0,1.0,1.0,1.0,1.0,1.0,0.0,1.0,Longo da via,Bom,Não existe,Perfeito estado,Seca,Perfeito estado,Outras,30 km/h,Única,"2111, RUA DOS NAVEGANTES, Recife, Pernambuco, Brasil",-8.114359050000001,-34.89292198125
1907,2019-03-05 13:50:00,SEM VÍTIMA,BOA VIAGEM,AV BOA VIAGEM, ,112.0,CIDADE,ABALROAMENTO LONGITUDINAL,2.0,1.0,1.0,1.0,1.0,1.0,1.0,1.0,1.0,0.0,1.0,Longo da via,Bom,Sem defeito,Perfeito estado,Seca,Perfeito estado,Outras,30 km/h,Única," , AV BOA VIAGEM, Recife, Pernambuco, Brasil",-8.0906381,-34.8817684
11478,2019-12-14 03:39:00,SEM VÍTIMA,BOA VIAGEM,AV BOA VIAGEM,5274,438.0,CIDADE,CHOQUE VEÍCULO PARADO,3.0,1.0,1.0,1.0,1.0,1.0,1.0,1.0,1.0,0.0,1.0,Longo da via,Bom,Sem defeito,Perfeito estado,Seca,Perfeito estado,Não há placas,30 km/h,Única,"5274, AV BOA VIAGEM, Recife, Pernambuco, Brasil",-8.135226,-34.9017662
1908,2019-03-05 14:08:00,SEM VÍTIMA,BOA VIAGEM,RUA VISCONDE DE JEQUITINHONHA,433,433.0,CIDADE,ABALROAMENTO LONGITUDINAL,2.0,1.0,1.0,1.0,1.0,1.0,1.0,1.0,1.0,0.0,1.0,Cruzamento,Bom,Sem defeito,Perfeito estado,Seca,Perfeito estado,Placas Pare,30 km/h,Única,"433, RUA VISCONDE DE JEQUITINHONHA, Recife, Pernambuco, Brasil",-8.1383153,-34.9037576
284,2019-01-11 14:19:00,SEM VÍTIMA,BOA VIAGEM,AV FERNANDO SIMOES BARBOSA, ,332.0,SUBURBIO,ABALROAMENTO LONGITUDINAL,2.0,1.0,1.0,1.0,1.0,1.0,1.0,1.0,1.0,0.0,1.0,Cruzamento,Bom,Sem defeito,Perfeito estado,Seca,Perfeito estado,Placas Pare,30 km/h,Dupla," , AV FERNANDO SIMOES BARBOSA, Recife, Pernambuco, Brasil",-8.124269,-34.9016293
411,2019-01-16 16:11:00,SEM VÍTIMA,BOA VIAGEM,RUA DES JOAO PAES,655,332.0,SUBURBIO,ABALROAMENTO LONGITUDINAL,2.0,1.0,1.0,1.0,1.0,1.0,1.0,1.0,1.0,0.0,1.0,Longo da via,Bom,Não existe,Perfeito estado,Seca,Perfeito estado,R-6a,30 km/h,Única,"655, RUA DES JOAO PAES, Recife, Pernambuco, Brasil",-8.124269,-34.9016293
10907,2019-12-02 11:30:00,SEM VÍTIMA,BOA VIAGEM,RUA BRUNO VELOSO, ,332.0,CIDADE,ABALROAMENTO LONGITUDINAL,1.0,1.0,1.0,1.0,1.0,1.0,1.0,1.0,1.0,0.0,1.0,Longo da via,Bom,Não existe,Incompleta,Seca,Perfeito estado,Não há placas,30 km/h,Dupla," , RUA BRUNO VELOSO, Recife, Pernambuco, Brasil",-8.1213716,-34.9011717
1910,2019-03-05 16:03:00,SEM VÍTIMA,BOA VIAGEM,RUA PROFESSOR JOSE BRANDAO, ,332.0,SUBURBIO,ABALROAMENTO TRANSVERSAL,3.0,1.0,1.0,1.0,1.0,1.0,1.0,1.0,1.0,0.0,1.0,Cruzamento,Bom,Não existe,Perfeito estado,Seca,Perfeito estado,Placas Pare,30 km/h,Dupla," , RUA PROFESSOR JOSE BRANDAO, Recife, Pernambuco, Brasil",-8.1134177,-34.8918794
2047,2019-03-09 14:30:00,SEM VÍTIMA,BOA VIAGEM,AV BOA VIAGEM,2234,332.0,SUBURBIO,COLISÃO,2.0,1.0,1.0,1.0,1.0,1.0,1.0,1.0,1.0,0.0,1.0,Cruzamento,Bom,Não existe,Perfeito estado,Seca,Perfeito estado,Placas Pare,30 km/h,Dupla,"2234, AV BOA VIAGEM, Recife, Pernambuco, Brasil",-8.1103247,-34.8895897
12002,2019-12-28 11:26:00,COM VÍTIMA,BOA VIAGEM,RUA DES JOAO PAES,1000,332.0,SUBURBIO,ABALROAMENTO LONGITUDINAL,1.0,1.0,1.0,1.0,1.0,1.0,1.0,1.0,1.0,1.0,1.0,Longo da via,Bom,Não existe,Perfeito estado,Seca,Perfeito estado,R-6a,30 km/h,Única,"1000, RUA DES JOAO PAES, Recife, Pernambuco, Brasil",-8.1103247,-34.8895897
349,2019-01-14 09:03:00,SEM VÍTIMA,BOA VIAGEM,RUA COSMORAMA,1060,332.0,SUBURBIO,ABALROAMENTO LONGITUDINAL,1.0,1.0,1.0,1.0,1.0,1.0,1.0,1.0,1.0,0.0,1.0,Cruzamento,Bom,Não existe,Perfeito estado,Seca,Perfeito estado,Não há placas,30 km/h,Dupla,"1060, RUA COSMORAMA, Recife, Pernambuco, Brasil",-8.1402156,-34.9107984
1088,2019-02-08 18:39:00,SEM VÍTIMA,BOA VIAGEM,RUA BARAO DE SOUZA LEAO, ,159.0,SUBURBIO,ABALROAMENTO LONGITUDINAL,1.0,1.0,1.0,1.0,1.0,1.0,1.0,1.0,1.0,0.0,1.0,Longo da via,Bom,Sem defeito,Perfeito estado,Seca,Perfeito estado,Outras,30 km/h,Dupla," , RUA BARAO DE SOUZA LEAO, Recife, Pernambuco, Brasil",-8.1325905,-34.9149303
558,2019-01-22 12:26:00,SEM VÍTIMA,BOA VIAGEM,RUA VISCONDE DE JEQUITINHONHA, ,129.0,SUBURBIO,COLISÃO,2.0,1.0,1.0,1.0,1.0,1.0,1.0,1.0,1.0,0.0,1.0,Longo da via,Bom,Sem defeito,Perfeito estado,Seca,Perfeito estado,Outras,30 km/h,Dupla," , RUA VISCONDE DE JEQUITINHONHA, Recife, Pernambuco, Brasil",-8.1337535,-34.9025533
1603,2019-02-23 13:33:00,SEM VÍTIMA,BOA VIAGEM,AV BOA VIAGEM,6500,129.0,SUBURBIO,COLISÃO,2.0,1.0,1.0,1.0,1.0,1.0,1.0,1.0,1.0,0.0,1.0,Longo da via,Bom,Sem defeito,Perfeito estado,Seca,Perfeito estado,Outras,30 km/h,Dupla,"6500, AV BOA VIAGEM, Recife, Pernambuco, Brasil",-8.14558195,-34.90611134091529
331,2019-01-13 07:21:00,SEM VÍTIMA,BOA VIAGEM,AV BOA VIAGEM,2080,117.0,SUBURBIO,ABALROAMENTO LONGITUDINAL,2.0,1.0,1.0,1.0,1.0,1.0,1.0,1.0,1.0,0.0,1.0,Longo da via,Bom,Sem defeito,Perfeito estado,Seca,Perfeito estado,R-6a,60 km/h,Única,"2080, AV BOA VIAGEM, Recife, Pernambuco, Brasil",-8.1090539,-34.8892361
11264,2019-12-09 15:49:00,COM VÍTIMA,BOA VIAGEM,AV FERNANDO SIMOES BARBOSA, ,544.0,SUBURBIO,ABALROAMENTO TRANSVERSAL,1.0,1.0,1.0,1.0,1.0,1.0,1.0,1.0,1.0,1.0,1.0,Cruzamento,Bom,Sem defeito,Perfeito estado,Seca,Perfeito estado,Outras,60 km/h,Dupla," , AV FERNANDO SIMOES BARBOSA, Recife, Pernambuco, Brasil",-8.124269,-34.9016293
2172,2019-03-13 14:06:00,COM VÍTIMA,BOA VIAGEM,AVENIDA CELSO FURTADO (VIA MANGUE), ,544.0,SUBURBIO,CHOQUE OBJETO FIXO,1.0,1.0,1.0,1.0,1.0,1.0,1.0,1.0,1.0,1.0,1.0,Longo da via,Bom,Não existe,Perfeito estado,Seca,Perfeito estado,Não há placas,60 km/h,Única," , AVENIDA CELSO FURTADO (VIA MANGUE), Recife, Pernambuco, Brasil",-8.124269,-34.9016293
500,2019-01-21 06:39:00,SEM VÍTIMA,BOA VIAGEM,AV BOA VIAGEM,4298,544.0,SUBURBIO,COLISÃO,1.0,1.0,1.0,1.0,1.0,1.0,1.0,1.0,1.0,0.0,1.0,Longo da via,Bom,Não existe,Perfeito estado,Seca,Perfeito estado,Não há placas,60 km/h,Única,"4298, AV BOA VIAGEM, Recife, Pernambuco, Brasil",-8.1269718,-34.8978561