,data_hora,natureza_acidente,bairro,endereco,numero,num_semaforo,sentido_via,tipo,auto,moto,ciclom,ciclista,pedestre,onibus,caminhao,viatura,outros,vitimas,vitimasfatais,acidente_verificado,tempo_clima,situacao_semaforo,sinalizacao,condicao_via,conservacao_via,situacao_placa,velocidade_max_via,mao_direcao,end,latitude,longitude
11856,2019-12-23 19:37:00,SEM VÍTIMA,BOA VIAGEM,RUA RIBEIRO DE BRITO,1326,114.0,CIDADE,ABALROAMENTO TRANSVERSAL,2.0,1.0,1.0,1.0,1.0,1.0,1.0,1.0,1.0,0.0,1.0,Longo da via,Bom,Não existe,Incompleta,Seca,Perfeito estado,Outras,60 km/h,Única,"1326, RUA RIBEIRO DE BRITO, Recife, Pernambuco, Brasil",-8.1229545,-34.9045403
274,2019-01-11 10:10:00,COM VÍTIMA,BOA VIAGEM,AVENIDA CELSO FURTADO (VIA MANGUE), ,114.0,SUBURBIO,CHOQUE OBJETO FIXO,1.0,1.0,1.0,1.0,1.0,1.0,1.0,1.0,1.0,1.0,1.0,Viaduto,Bom,Não existe,Perfeito estado,Seca,Perfeito estado,Não há placas,60 km/h,Dupla," , AVENIDA CELSO FURTADO (VIA MANGUE), Recife, Pernambuco, Brasil",-8.1229545,-34.9045403
11169,2019-12-07 04:29:00,SEM VÍTIMA,BOA VIAGEM,AV DOM JOAO VI, ,114.0,SUBURBIO,CHOQUE OBJETO FIXO,1.0,1.0,1.0,1.0,1.0,1.0,1.0,1.0,1.0,0.0,1.0,Viaduto,Bom,Não existe,Incompleta,Seca,Perfeito estado,Outras,60 km/h,Única," , AV DOM JOAO VI, Recife, Pernambuco, Brasil",-8.1181195,-34.9061879
1572,2019-02-22 17:10:00,SEM VÍTIMA,BOA VIAGEM,RUA DOS NAVEGANTES,2563,114.0,SUBURBIO,COLISÃO TRASEIRA,2.0,1.0,1.0,1.0,1.0,1.0,1.0,1.0,1.0,0.0,1.0,Longo da via,Bom,Não existe,Ilegível,Seca,Perfeito estado,Outras,60 km/h,Única,"2563, RUA DOS NAVEGANTES, Recife, Pernambuco, Brasil",-8.1108583,-34.8908947
313,2019-01-12 13:33:00,SEM VÍTIMA,BOA VIAGEM,AV CONSELHEIRO AGUIAR,3355,114.0,CIDADE,ABALROAMENTO LONGITUDINAL,2.0,1.0,1.0,1.0,1.0,1.0,1.0,1.0,1.0,0.0,1.0,Longo da via,Chuvoso,Não existe,Perfeito estado,Molhada,Perfeito estado,R-6a,60 km/h,Única,"3355, AV CONSELHEIRO AGUIAR, Recife, Pernambuco, Brasil",-8.11868875,-34.89579293693887
11909,2019-12-26 02:48:00,SEM VÍTIMA,BOA VIAGEM,RUA DEZ DE JULHO,205,572.0,SUBURBIO,ABALROAMENTO TRANSVERSAL,2.0,1.0,1.0,1.0,1.0,1.0,1.0,1.0,1.0,0.0,1.0,Cruzamento,Bom,Intermitente,Perfeito estado,Seca,Perfeito estado,R-6a,60 km/h,Única,"205, RUA DEZ DE JULHO, Recife, Pernambuco, Brasil",-8.1344982,-34.9148101
1216,2019-02-12 17:45:00,SEM VÍTIMA,BOA VIAGEM,RUA ERNESTO DE PAULA SANTOS, ,304.0,SUBURBIO,COLISÃO TRASEIRA,4.0,1.0,1.0,1.0,1.0,1.0,1.0,1.0,1.0,0.0,1.0,Cruzamento,Bom,Sem defeito,Incompleta,Seca,Perfeito estado,Não há placas,60 km/h,Única," , RUA ERNESTO DE PAULA SANTOS, Recife, Pernambuco, Brasil",-8.1250569,-34.8982175
11900,2019-12-25 11:59:00,SEM VÍTIMA,BOA VIAGEM,AV BOA VIAGEM, ,304.0,SUBURBIO,COLISÃO,2.0,1.0,1.0,1.0,1.0,1.0,1.0,1.0,1.0,0.0,1.0,Cruzamento,Bom,Sem defeito,Incompleta,Seca,Perfeito estado,Não há placas,60 km/h,Única," , AV BOA VIAGEM, Recife, Pernambuco, Brasil",-8.0906381,-34.8817684
11720,2019-12-20 09:25:00,SEM VÍTIMA,BOA VIAGEM,RUA CAPITAO ZUZINHA,22,433.0,SUBURBIO,ABALROAMENTO LONGITUDINAL,1.0,1.0,1.0,1.0,1.0,1.0,1.0,1.0,1.0,0.0,1.0,Cruzamento,Nublado,Sem defeito,Perfeito estado,Seca,Perfeito estado,Não há placas,60 km/h,Única,"22, RUA CAPITAO ZUZINHA, Recife, Pernambuco, Brasil",-8.1329827,-34.9031208
11699,2019-12-19 15:38:00,SEM VÍTIMA,BOA VIAGEM,AV FERNANDO SIMOES BARBOSA, ,433.0,SUBURBIO,COLISÃO,1.0,1.0,1.0,1.0,1.0,1.0,1.0,1.0,1.0,0.0,1.0,Cruzamento,Nublado,Sem defeito,Perfeito estado,Seca,Perfeito estado,Não há placas,60 km/h,Única," , AV FERNANDO SIMOES BARBOSA, Recife, Pernambuco, Brasil",-8.124269,-34.9016293
11203,2019-12-08 01:34:00,COM VÍTIMA,BOA VIAGEM,RUA PROFESSOR JULIO FERREIRA DE MELO,474,433.0,SUBURBIO,CHOQUE OBJETO FIXO,2.0,1.0,1.0,1.0,1.0,1.0,1.0,1.0,1.0,1.0,1.0,Longo da via,Bom,Não existe,Incompleta,Seca,Mal iluminada,Outras,60 km/h,Única,"474, RUA PROFESSOR JULIO FERREIRA DE MELO, Recife, Pernambuco, Brasil",-8.1159501,-34.8990398
11861,2019-12-23 23:21:00,COM VÍTIMA,BOA VIAGEM,AV BOA VIAGEM,2846,433.0,CIDADE,COLISÃO TRASEIRA,1.0,1.0,1.0,1.0,1.0,1.0,1.0,1.0,1.0,2.0,1.0,Longo da via,Bom,Sem defeito,Perfeito estado,Seca,Perfeito estado,Outras,60 km/h,Única,"2846, AV BOA VIAGEM, Recife, Pernambuco, Brasil",-8.115133,-34.8922839
1445,2019-02-19 19:15:00,SEM VÍTIMA,BOA VIAGEM,AV BOA VIAGEM, ,548.0,CIDADE,ABALROAMENTO LONGITUDINAL,2.0,1.0,1.0,1.0,1.0,1.0,1.0,1.0,1.0,0.0,1.0,Longo da via,Bom,Sem defeito,Perfeito estado,Seca,Perfeito estado,Não há placas,60 km/h,Única," , AV BOA VIAGEM, Recife, Pernambuco, Brasil",-8.0906381,-34.8817684
598,2019-01-23 16:04:00,SEM VÍTIMA,BOA VIAGEM,AV ENGENHEIRO DOMINGOS FERREIRA,5025,548.0,CIDADE,ABALROAMENTO LONGITUDINAL,2.0,1.0,1.0,1.0,1.0,1.0,1.0,1.0,1.0,0.0,1.0,Longo da via,Bom,Sem defeito,Perfeito estado,Seca,Perfeito estado,Outras,60 km/h,Única,"5025, AV ENGENHEIRO DOMINGOS FERREIRA, Recife, Pernambuco, Brasil",-8.118197,-34.8970498
12054,2019-12-31 07:31:00,SEM VÍTIMA,BOA VIAGEM,AV ENGENHEIRO DOMINGOS FERREIRA, ,548.0,SUBURBIO,ABALROAMENTO LONGITUDINAL,1.0,1.0,1.0,1.0,1.0,1.0,1.0,1.0,1.0,0.0,1.0,Longo da via,Chuvoso,Sem defeito,Perfeito estado,Molhada,Perfeito estado,Não há placas,60 km/h,Única," , AV ENGENHEIRO DOMINGOS FERREIRA, Recife, Pernambuco, Brasil",-8.1155752,-34.8954699
499,2019-01-20 22:35:00,SEM VÍTIMA,BOA VIAGEM,RUA BALTAZAR PASSOS, ,548.0,CIDADE,CHOQUE OBJETO FIXO,1.0,1.0,1.0,1.0,1.0,1.0,1.0,1.0,1.0,0.0,1.0,Cruzamento,Bom,Não existe,Perfeito estado,Seca,Perfeito estado,Não há placas,60 km/h,Única," , RUA BALTAZAR PASSOS, Recife, Pernambuco, Brasil",-8.1417639,-34.9120463
2270,2019-03-15 17:04:00,SEM VÍTIMA,BOA VIAGEM,AV FERNANDO SIMOES BARBOSA, ,548.0,CIDADE,COLISÃO,1.0,1.0,1.0,1.0,1.0,1.0,1.0,1.0,1.0,0.0,1.0,Cruzamento,Bom,Não existe,Perfeito estado,Seca,Perfeito estado,Não há placas,60 km/h,Única," , AV FERNANDO SIMOES BARBOSA, Recife, Pernambuco, Brasil",-8.124269,-34.9016293
11141,2019-12-06 13:30:00,SEM VÍTIMA,BOA VIAGEM,AV BOA VIAGEM,4000,548.0,CIDADE,ABALROAMENTO LONGITUDINAL,2.0,1.0,1.0,1.0,1.0,1.0,1.0,1.0,1.0,0.0,1.0,Longo da via,Bom,Não existe,Perfeito estado,Seca,Perfeito estado,Não há placas,60 km/h,Única,"4000, AV BOA VIAGEM, Recife, Pernambuco, Brasil",-8.1245238,-34.89729735
11313,2019-12-10 15:37:00,COM VÍTIMA,BOA VIAGEM,RUA DOS NAVEGANTES,3962,548.0,SUBURBIO,ABALROAMENTO TRANSVERSAL,1.0,1.0,1.0,1.0,1.0,1.0,1.0,1.0,1.0,1.0,1.0,Cruzamento,Bom,Não existe,Perfeito estado,Seca,Perfeito estado,Placas Pare,60 km/h,Única,"3962, RUA DOS NAVEGANTES, Recife, Pernambuco, Brasil",-8.1199395,-34.8957061
1245,2019-02-13 13:50:00,SEM VÍTIMA,BOA VIAGEM,AV FERNANDO SIMOES BARBOSA, ,548.0,SUBURBIO,COLISÃO,1.0,1.0,1.0,1.0,1.0,1.0,1.0,1.0,1.0,0.0,1.0,Cruzamento,Bom,Não existe,Perfeito estado,Seca,Perfeito estado,Placas Pare,60 km/h,Única," , AV FERNANDO SIMOES BARBOSA, Recife, Pernambuco, Brasil",-8.124269,-34.9016293
1553,2019-02-22 10:42:00,SEM VÍTIMA,BOA VIAGEM,AV CONSELHEIRO AGUIAR,70,419.0,SUBURBIO,COLISÃO,1.0,1.0,1.0,1.0,1.0,1.0,1.0,1.0,1.0,0.0,1.0,Cruzamento,Bom,Não existe,Perfeito estado,Seca,Perfeito estado,Placas Pare,60 km/h,Única,"70, AV CONSELHEIRO AGUIAR, Recife, Pernambuco, Brasil",-8.1314085,-34.9016655
518,2019-01-21 11:40:00,SEM VÍTIMA,BOA VIAGEM,AV ENGENHEIRO DOMINGOS FERREIRA, ,419.0,SUBURBIO,COLISÃO TRASEIRA,4.0,1.0,1.0,1.0,1.0,1.0,1.0,1.0,1.0,0.0,1.0,Longo da via,Bom,Sem defeito,Perfeito estado,Seca,Perfeito estado,Não há placas,60 km/h,Única," , AV ENGENHEIRO DOMINGOS FERREIRA, Recife, Pernambuco, Brasil",-8.1155752,-34.8954699
12024,2019-12-29 16:13:00,SEM VÍTIMA,BOA VIAGEM,RUA RIBEIRO DE BRITO,1326,419.0,SUBURBIO,COLISÃO,2.0,1.0,1.0,1.0,1.0,1.0,1.0,1.0,1.0,0.0,1.0,Longo da via,Bom,Sem defeito,Perfeito estado,Seca,Perfeito estado,Não há placas,60 km/h,Única,"1326, RUA RIBEIRO DE BRITO, Recife, Pernambuco, Brasil",-8.1229545,-34.9045403
2212,2019-03-14 14:07:00,SEM VÍTIMA,BOA VIAGEM,AVENIDA CELSO FURTADO (VIA MANGUE), ,419.0,CIDADE,ABALROAMENTO LONGITUDINAL,1.0,1.0,1.0,1.0,1.0,1.0,1.0,1.0,1.0,0.0,1.0,Longo da via,Bom,Não existe,Perfeito estado,Seca,Perfeito estado,Não há placas,60 km/h,Dupla," , AVENIDA CELSO FURTADO (VIA MANGUE), Recife, Pernambuco, Brasil",-8.1229545,-34.9045403
1289,2019-02-14 16:18:00,COM VÍTIMA,BOA VIAGEM,AV BOA VIAGEM,5030,483.0,CIDADE,COLISÃO COM CICLISTA,1.0,1.0,1.0,1.0,1.0,1.0,1.0,1.0,1.0,1.0,1.0,Longo da via,Bom,Sem defeito,Perfeito estado,Seca,Perfeito estado,Não há placas,60 km/h,Única,"5030, AV BOA VIAGEM, Recife, Pernambuco, Brasil",-8.1330036,-34.9010344
1554,2019-02-22 10:52:00,SEM VÍTIMA,BOA VIAGEM,AV ENGENHEIRO DOMINGOS FERREIRA, ,483.0,SUBURBIO,ABALROAMENTO LONGITUDINAL,2.0,1.0,1.0,1.0,1.0,1.0,1.0,1.0,1.0,0.0,1.0,Cruzamento,Bom,Sem defeito,Perfeito estado,Seca,Perfeito estado,Outras,60 km/h,Única," , AV ENGENHEIRO DOMINGOS FERREIRA, Recife, Pernambuco, Brasil",-8.1155752,-34.8954699
1510,2019-02-21 10:05:00,SEM VÍTIMA,BOA VIAGEM,RUA ANTONIO FALCAO,455,483.0,SUBURBIO,COLISÃO,1.0,1.0,1.0,1.0,1.0,1.0,1.0,1.0,1.0,0.0,1.0,Cruzamento,Bom,Sem defeito,Perfeito estado,Seca,Perfeito estado,Outras,60 km/h,Única,"455, RUA ANTONIO FALCAO, Recife, Pernambuco, Brasil",-8.1128662,-34.9011461
11214,2019-12-08 12:50:00,SEM VÍTIMA,BOA VIAGEM,RUA BARAO DE SOUZA LEAO, ,419.0,SUBURBIO,ABALROAMENTO LONGITUDINAL,2.0,1.0,1.0,1.0,1.0,1.0,1.0,1.0,1.0,0.0,1.0,Longo da via,Bom,Sem defeito,Perfeito estado,Seca,Mal conservada,Não há placas,60 km/h,Única," , RUA BARAO DE SOUZA LEAO, Recife, Pernambuco, Brasil",-8.1325905,-34.9149303
11843,2019-12-23 13:47:00,SEM VÍTIMA,BOA VIAGEM,RUA LE PARC,100,419.0,SUBURBIO,ABALROAMENTO TRANSVERSAL,1.0,1.0,1.0,1.0,1.0,1.0,1.0,1.0,1.0,0.0,1.0,Longo da via,Bom,Não existe,Incompleta,Seca,Perfeito estado,Outras,60 km/h,Dupla,"100, RUA LE PARC, Recife, Pernambuco, Brasil",-8.1105241,-34.9043509
621,2019-01-24 13:17:00,SEM VÍTIMA,BOA VIAGEM,AV CONSELHEIRO AGUIAR,919,419.0,SUBURBIO,COLISÃO,2.0,1.0,1.0,1.0,1.0,1.0,1.0,1.0,1.0,0.0,1.0,Longo da via,Bom,Não existe,Incompleta,Seca,Perfeito estado,Outras,60 km/h,Dupla,"919, AV CONSELHEIRO AGUIAR, Recife, Pernambuco, Brasil",-8.0987279,-34.8855802
11894,2019-12-25 04:59:00,COM VÍTIMA,BOA VIAGEM,RUA PROFESSOR ARNALDO CARNEIRO LEAO, ,544.0,SUBURBIO,COLISÃO TRASEIRA,1.0,1.0,1.0,1.0,1.0,1.0,1.0,1.0,1.0,2.0,1.0,Longo da via,Bom,Sem defeito,Perfeito estado,Seca,Perfeito estado,Não há placas,60 km/h,Única," , RUA PROFESSOR ARNALDO CARNEIRO LEAO, Recife, Pernambuco, Brasil",-8.1162746,-34.900874
11637,2019-12-18 10:43:00,SEM VÍTIMA,BOA VIAGEM,AV BOA VIAGEM,2388,123.0,SUBURBIO,ABALROAMENTO LONGITUDINAL,1.0,1.0,1.0,1.0,1.0,1.0,1.0,1.0,1.0,0.0,1.0,Longo da via,Bom,Sem defeito,Perfeito estado,Seca,Perfeito estado,Não há placas,60 km/h,Única,"2388, AV BOA VIAGEM, Recife, Pernambuco, Brasil",-8.111608,-34.8901219
44,2019-01-02 18:56:00,SEM VÍTIMA,BOA VIAGEM,RUA PROFESSOR JOAO MEDEIROS, ,335.0,CIDADE,ABALROAMENTO LONGITUDINAL,2.0,1.0,1.0,1.0,1.0,1.0,1.0,1.0,1.0,0.0,1.0,Cruzamento,Bom,Sem defeito,Perfeito estado,Seca,Perfeito estado,Não há placas,60 km/h,Única," , RUA PROFESSOR JOAO MEDEIROS, Recife, Pernambuco, Brasil",-8.111608,-34.8901219
11109,2019-12-05 22:04:00,SEM VÍTIMA,BOA VIAGEM,RUA MARQUES DE VALENCA,85,335.0,CIDADE,CHOQUE OBJETO FIXO,1.0,1.0,1.0,1.0,1.0,1.0,1.0,1.0,1.0,0.0,1.0,Cruzamento,Bom,Sem defeito,Perfeito estado,Seca,Perfeito estado,Não há placas,60 km/h,Única,"85, RUA MARQUES DE VALENCA, Recife, Pernambuco, Brasil",-8.1292307,-34.9034287
11167,2019-12-06 23:34:00,SEM VÍTIMA,BOA VIAGEM,RUA SETUBAL,156,414.0,CIDADE,ABALROAMENTO LONGITUDINAL,2.0,1.0,1.0,1.0,1.0,1.0,1.0,1.0,1.0,0.0,1.0,Longo da via,Bom,Sem defeito,Perfeito estado,Seca,Perfeito estado,Não há placas,60 km/h,Única,"156, RUA SETUBAL, Recife, Pernambuco, Brasil",-8.1322109,-34.9017455
1130,2019-02-10 16:31:00,SEM VÍTIMA,BOA VIAGEM,AV CONSELHEIRO AGUIAR,1700,414.0,CIDADE,ABALROAMENTO LONGITUDINAL,2.0,1.0,1.0,1.0,1.0,1.0,1.0,1.0,1.0,0.0,1.0,Longo da via,Bom,Não existe,Perfeito estado,Seca,Perfeito estado,R-6a,60 km/h,Única,"1700, AV CONSELHEIRO AGUIAR, Recife, Pernambuco, Brasil",-8.1049229,-34.8887738
1630,2019-02-24 15:52:00,SEM VÍTIMA,BOA VIAGEM,RUA BALTAZAR PASSOS, ,556.0,CIDADE,ABALROAMENTO TRANSVERSAL,2.0,1.0,1.0,1.0,1.0,1.0,1.0,1.0,1.0,0.0,1.0,Cruzamento,Bom,Sem defeito,Perfeito estado,Seca,Perfeito estado,R-6a,60 km/h,Dupla," , RUA BALTAZAR PASSOS, Recife, Pernambuco, Brasil",-8.1417639,-34.9120463
1349,2019-02-16 07:50:00,SEM VÍTIMA,BOA VIAGEM,AV ENGENHEIRO DOMINGOS FERREIRA,311,556.0,SUBURBIO,CHOQUE VEÍCULO PARADO,1.0,1.0,1.0,1.0,1.0,1.0,1.0,1.0,1.0,0.0,1.0,Longo da via,Bom,Não existe,Perfeito estado,Seca,Perfeito estado,R-6a,60 km/h,Única,"311, AV ENGENHEIRO DOMINGOS FERREIRA, Recife, Pernambuco, Brasil",-8.0963878,-34.8863012
11890,2019-12-24 18:56:00,SEM VÍTIMA,BOA VIAGEM,RUA TENENTE DOMINGOS DE BRITO, ,331.0,SUBURBIO,ABALROAMENTO LONGITUDINAL,1.0,1.0,1.0,1.0,1.0,1.0,1.0,1.0,1.0,0.0,1.0,Longo da via,Bom,Sem defeito,Não existente,Seca,Mal conservada,Não há placas,60 km/h,Única," , RUA TENENTE DOMINGOS DE BRITO, Recife, Pernambuco, Brasil",-8.1229682,-34.9052196
1468,2019-02-20 13:06:00,SEM VÍTIMA,BOA VIAGEM,AV FERNANDO SIMOES BARBOSA, ,331.0,SUBURBIO,ABALROAMENTO LONGITUDINAL,1.0,1.0,1.0,1.0,1.0,1.0,1.0,1.0,1.0,0.0,1.0,Cruzamento,Bom,Sem defeito,Perfeito estado,Seca,Perfeito estado,Outras,60 km/h,Única," , AV FERNANDO SIMOES BARBOSA, Recife, Pernambuco, Brasil",-8.124269,-34.9016293
1642,2019-02-25 07:33:00,SEM VÍTIMA,BOA VIAGEM,AV DES JOSE NEVES, ,476.0,CIDADE,COLISÃO TRASEIRA,2.0,1.0,1.0,1.0,1.0,1.0,1.0,1.0,1.0,0.0,1.0,Longo da via,Bom,Sem defeito,Perfeito estado,Seca,Perfeito estado,Não há placas,60 km/h,Dupla," , AV DES JOSE NEVES, Recife, Pernambuco, Brasil",-8.142685,-34.9180258
11295,2019-12-10 12:02:00,SEM VÍTIMA,BOA VIAGEM,AV LINO JORDAO,1320,476.0,SUBURBIO,CHOQUE VEÍCULO PARADO,1.0,1.0,1.0,1.0,1.0,1.0,1.0,1.0,1.0,0.0,1.0,Longo da via,Bom,Não existe,Perfeito estado,Seca,Perfeito estado,Não há placas,60 km/h,Dupla,"1320, AV LINO JORDAO, Recife, Pernambuco, Brasil",-8.1431324,-34.9149586
1359,2019-02-16 14:44:00,SEM VÍTIMA,BOA VIAGEM,AV BOA VIAGEM, ,476.0,SUBURBIO,ABALROAMENTO LONGITUDINAL,3.0,1.0,1.0,1.0,1.0,1.0,1.0,1.0,1.0,0.0,1.0,Longo da via,Bom,Sem defeito,Perfeito estado,Seca,Perfeito estado,Placas Pare,60 km/h,Única," , AV BOA VIAGEM, Recife, Pernambuco, Brasil",-8.0906381,-34.8817684
11386,2019-12-12 09:12:00,SEM VÍTIMA,BOA VIAGEM,RUA AMALIA BERNARDINO DE SOUZA,1326,476.0,SUBURBIO,ABALROAMENTO LONGITUDINAL,1.0,1.0,1.0,1.0,1.0,1.0,1.0,1.0,1.0,0.0,1.0,Longo da via,Bom,Não existe,Não existente,Seca,Perfeito estado,Não há placas,30 km/h,Dupla,"1326, RUA AMALIA BERNARDINO DE SOUZA, Recife, Pernambuco, Brasil",-8.1242876,-34.9083994
2,2019-01-01 14:20:00,SEM VÍTIMA,BOA VIAGEM,AV ENGENHEIRO DOMINGOS FERREIRA, ,476.0,SUBURBIO,COLISÃO,2.0,1.0,1.0,1.0,1.0,1.0,1.0,1.0,1.0,0.0,1.0,Longo da via,Bom,Não existe,Não existente,Seca,Perfeito estado,Não há placas,30 km/h,Dupla," , AV ENGENHEIRO DOMINGOS FERREIRA, Recife, Pernambuco, Brasil",-8.1155752,-34.8954699
207,2019-01-09 07:49:00,COM VÍTIMA,BOA VIAGEM,AVENIDA CELSO FURTADO (VIA MANGUE), ,476.0,SUBURBIO,ABALROAMENTO LONGITUDINAL,1.0,1.0,1.0,1.0,1.0,1.0,1.0,1.0,1.0,1.0,1.0,Longo da via,Bom,Não existe,Perfeito estado,Seca,Perfeito estado,Não há placas,60 km/h,Dupla," , AVENIDA CELSO FURTADO (VIA MANGUE), Recife, Pernambuco, Brasil",-8.1155752,-34.8954699
2177,2019-03-13 16:37:00,SEM VÍTIMA,BOA VIAGEM,RUA SA E SOUZA,326,476.0,CIDADE,ABALROAMENTO LONGITUDINAL,1.0,1.0,1.0,1.0,1.0,1.0,1.0,1.0,1.0,0.0,1.0,Longo da via,Bom,Não existe,Perfeito estado,Seca,Perfeito estado,R-6a,60 km/h,Dupla,"326, RUA SA E SOUZA, Recife, Pernambuco, Brasil",-8.1348709,-34.906224
11725,2019-12-23 15:18:00,SEM VÍTIMA,BOA VIAGEM,RUA RIBEIRO DE BRITO,405,476.0,CIDADE,COLISÃO TRASEIRA,2.0,1.0,1.0,1.0,1.0,1.0,1.0,1.0,1.0,0.0,1.0,Longo da via,Bom,Não existe,Perfeito estado,Seca,Perfeito estado,R-6a,60 km/h,Única,"405, RUA RIBEIRO DE BRITO, Recife, Pernambuco, Brasil",-8.1236457,-34.9006859
578,2019-01-22 21:43:00,SEM VÍTIMA,BOA VIAGEM,RUA PADRE CABRAL, ,476.0,CIDADE,ACID. DE PERCURSO,2.0,1.0,1.0,1.0,1.0,1.0,1.0,1.0,1.0,0.0,1.0,Longo da via,Bom,Não existe,Perfeito estado,Seca,Perfeito estado,R-6a,60 km/h,Única," , RUA PADRE CABRAL, Recife, Pernambuco, Brasil",-8.1344649,-34.9079666
2189,2019-03-13 20:14:00,SEM VÍTIMA,BOA VIAGEM,RUA SYLO BITTENCOURT,40,476.0,CIDADE,ABALROAMENTO LONGITUDINAL,1.0,1.0,1.0,1.0,1.0,1.0,1.0,1.0,1.0,0.0,1.0,Longo da via,Bom,Não existe,Não existente,Seca,Mal conservada,Não há placas,60 km/h,Única,"40, RUA SYLO BITTENCOURT, Recife, Pernambuco, Brasil",-8.1327612,-34.9083178
634,2019-01-25 08:48:00,SEM VÍTIMA,BOA VIAGEM,RUA DR RAUL LAFAYETTE,122,476.0,SUBURBIO,ABALROAMENTO LONGITUDINAL,2.0,1.0,1.0,1.0,1.0,1.0,1.0,1.0,1.0,0.0,1.0,Longo da via,Bom,Não existe,Não existente,Seca,Perfeito estado,Não há placas,60 km/h,Única,"122, RUA DR RAUL LAFAYETTE, Recife, Pernambuco, Brasil",-8.1327612,-34.9083178
277,2019-01-25 08:48:00,SEM VÍTIMA,BOA VIAGEM,AV BOA VIAGEM, ,149.0,SUBURBIO,ABALROAMENTO LONGITUDINAL,2.0,1.0,1.0,1.0,1.0,1.0,1.0,1.0,1.0,0.0,1.0,Cruzamento,Bom,Sem defeito,Perfeito estado,Seca,Perfeito estado,Não há placas,60 km/h,Única," , AV BOA VIAGEM, Recife, Pernambuco, Brasil",-8.0906381,-34.8817684
488,2019-01-20 04:19:00,SEM VÍTIMA,BOA VIAGEM,AV ENGENHEIRO DOMINGOS FERREIRA,4060,155.0,SUBURBIO,ABALROAMENTO TRANSVERSAL,2.0,1.0,1.0,1.0,1.0,1.0,1.0,1.0,1.0,0.0,1.0,Longo da via,Bom,Sem defeito,Perfeito estado,Seca,Perfeito estado,Outras,60 km/h,Única,"4060, AV ENGENHEIRO DOMINGOS FERREIRA, Recife, Pernambuco, Brasil",-8.1237117,-34.9002339
2296,2019-03-16 14:47:00,SEM VÍTIMA,BOA VIAGEM,AV ENGENHEIRO DOMINGOS FERREIRA, ,155.0,SUBURBIO,COLISÃO,1.0,1.0,1.0,1.0,1.0,1.0,1.0,1.0,1.0,0.0,1.0,Longo da via,Bom,Sem defeito,Perfeito estado,Seca,Perfeito estado,Outras,60 km/h,Única," , AV ENGENHEIRO DOMINGOS FERREIRA, Recife, Pernambuco, Brasil",-8.1155752,-34.8954699
225,2019-01-09 22:10:00,SEM VÍTIMA,BOA VIAGEM,RUA CORONEL ANIZIO RODRIGUES COELHO,871,155.0,SUBURBIO,ABALROAMENTO TRANSVERSAL,2.0,1.0,1.0,1.0,1.0,1.0,1.0,1.0,1.0,0.0,1.0,Cruzamento,Bom,Não existe,Perfeito estado,Seca,Perfeito estado,Placas Pare,60 km/h,Única,"871, RUA CORONEL ANIZIO RODRIGUES COELHO, Recife, Pernambuco, Brasil",-8.1269288,-34.9068801
11164,2019-12-06 22:10:00,SEM VÍTIMA,BOA VIAGEM,AV CONSELHEIRO AGUIAR, ,155.0,CIDADE,ABALROAMENTO LONGITUDINAL,1.0,1.0,1.0,1.0,1.0,1.0,1.0,1.0,1.0,0.0,1.0,Longo da via,Bom,Sem defeito,Perfeito estado,Seca,Perfeito estado,Não há placas,60 km/h,Única," , AV CONSELHEIRO AGUIAR, Recife, Pernambuco, Brasil",-8.1017679,-34.8870824
11209,2019-12-06 22:10:00,COM VÍTIMA,BOA VIAGEM,AV BOA VIAGEM,3278,547.0,CIDADE,ABALROAMENTO LONGITUDINAL,2.0,1.0,1.0,1.0,1.0,1.0,1.0,1.0,1.0,1.0,1.0,Cruzamento,Bom,Sem defeito,Perfeito estado,Seca,Perfeito estado,Outras,40 km/h,Única,"3278, AV BOA VIAGEM, Recife, Pernambuco, Brasil",-8.1183404,-34.8943869
2239,2019-03-15 09:44:00,SEM VÍTIMA,BOA VIAGEM,RUA VISCONDE DE JEQUITINHONHA, ,298.0,CIDADE,ABALROAMENTO LONGITUDINAL,2.0,1.0,1.0,1.0,1.0,1.0,1.0,1.0,1.0,0.0,1.0,Longo da via,Bom,Sem defeito,Perfeito estado,Seca,Perfeito estado,Não há placas,40 km/h,Única," , RUA VISCONDE DE JEQUITINHONHA, Recife, Pernambuco, Brasil",-8.1337535,-34.9025533
1225,2019-02-12 20:12:00,COM VÍTIMA,BOA VIAGEM,RUA DR LUIZ CORREA DE OLIVEIRA,111,298.0,SUBURBIO,ABALROAMENTO LONGITUDINAL,1.0,1.0,1.0,1.0,1.0,1.0,1.0,1.0,1.0,2.0,1.0,Longo da via,Bom,Não existe,Perfeito estado,Seca,Perfeito estado,Placas Pare,40 km/h,Dupla,"111, RUA DR LUIZ CORREA DE OLIVEIRA, Recife, Pernambuco, Brasil",-8.1337535,-34.9025533
588,2019-01-23 10:20:00,SEM VÍTIMA,BOA VIAGEM,AV ENGENHEIRO DOMINGOS FERREIRA,3160,298.0,SUBURBIO,ABALROAMENTO LONGITUDINAL,1.0,1.0,1.0,1.0,1.0,1.0,1.0,1.0,1.0,0.0,1.0,Longo da via,Bom,Sem defeito,Perfeito estado,Seca,Perfeito estado,Outras,40 km/h,Única,"3160, AV ENGENHEIRO DOMINGOS FERREIRA, Recife, Pernambuco, Brasil",-8.1165797,-34.8963341