,data_hora,natureza_acidente,bairro,endereco,numero,num_semaforo,sentido_via,tipo,auto,moto,ciclom,ciclista,pedestre,onibus,caminhao,viatura,outros,vitimas,vitimasfatais,acidente_verificado,tempo_clima,situacao_semaforo,sinalizacao,condicao_via,conservacao_via,situacao_placa,velocidade_max_via,mao_direcao,end,latitude,longitude
46,2019-01-02 23:21:00,SEM VÍTIMA,BOA VIAGEM,AV ENGENHEIRO DOMINGOS FERREIRA, ,298.0,SUBURBIO,COLISÃO TRASEIRA,2.0,1.0,1.0,1.0,1.0,1.0,1.0,1.0,1.0,0.0,1.0,Longo da via,Bom,Não existe,Perfeito estado,Seca,Perfeito estado,Outras,40 km/h,Única," , AV ENGENHEIRO DOMINGOS FERREIRA, Recife, Pernambuco, Brasil",-8.1155752,-34.8954699
532,2019-01-21 17:39:00,SEM VÍTIMA,BOA VIAGEM,AV CONSELHEIRO AGUIAR, ,147.0,SUBURBIO,COLISÃO,1.0,1.0,1.0,1.0,1.0,1.0,1.0,1.0,1.0,0.0,1.0,Longo da via,Bom,Não existe,Perfeito estado,Seca,Perfeito estado,Outras,40 km/h,Única," , AV CONSELHEIRO AGUIAR, Recife, Pernambuco, Brasil",-8.1017679,-34.8870824
586,2019-01-23 10:04:00,SEM VÍTIMA,BOA VIAGEM,AV FERNANDO SIMOES BARBOSA,406,147.0,SUBURBIO,ABALROAMENTO TRANSVERSAL,1.0,1.0,1.0,1.0,1.0,1.0,1.0,1.0,1.0,0.0,1.0,Longo da via,Bom,Sem defeito,Perfeito estado,Seca,Perfeito estado,Outras,40 km/h,Dupla,"406, AV FERNANDO SIMOES BARBOSA, Recife, Pernambuco, Brasil",-8.1213907,-34.9019337
2244,2019-03-15 10:05:00,SEM VÍTIMA,BOA VIAGEM,RUA BARAO DE SOUZA LEAO, ,476.0,SUBURBIO,ABALROAMENTO TRANSVERSAL,2.0,1.0,1.0,1.0,1.0,1.0,1.0,1.0,1.0,0.0,1.0,Cruzamento,Bom,Sem defeito,Incompleta,Seca,Perfeito estado,Não há placas,40 km/h,Única," , RUA BARAO DE SOUZA LEAO, Recife, Pernambuco, Brasil",-8.1325905,-34.9149303
11321,2019-12-10 17:51:00,SEM VÍTIMA,BOA VIAGEM,AV ENGENHEIRO DOMINGOS FERREIRA,3746,476.0,SUBURBIO,ABALROAMENTO LONGITUDINAL,1.0,1.0,1.0,1.0,1.0,1.0,1.0,1.0,1.0,0.0,1.0,Longo da via,Bom,Não existe,Perfeito estado,Seca,Perfeito estado,Não há placas,60 km/h,Única,"3746, AV ENGENHEIRO DOMINGOS FERREIRA, Recife, Pernambuco, Brasil",-8.1212014,-34.899149
1234,2019-02-13 08:30:00,SEM VÍTIMA,BOA VIAGEM,RUA RIO AZUL,443,476.0,SUBURBIO,COLISÃO,2.0,1.0,1.0,1.0,1.0,1.0,1.0,1.0,1.0,0.0,1.0,Longo da via,Bom,Não existe,Perfeito estado,Seca,Perfeito estado,Não há placas,60 km/h,Única,"443, RUA RIO AZUL, Recife, Pernambuco, Brasil",-8.1354176,-34.9089632
581,2019-01-23 08:05:00,SEM VÍTIMA,BOA VIAGEM,RUA ERNESTO DE PAULA SANTOS, ,113.0,SUBURBIO,ABALROAMENTO LONGITUDINAL,1.0,1.0,1.0,1.0,1.0,1.0,1.0,1.0,1.0,0.0,1.0,Longo da via,Bom,Sem defeito,Perfeito estado,Seca,Perfeito estado,Outras,60 km/h,Única," , RUA ERNESTO DE PAULA SANTOS, Recife, Pernambuco, Brasil",-8.1250569,-34.8982175
1,2019-01-01 01:37:00,SEM VÍTIMA,BOA VIAGEM,RUA PADRE BERNADINO PESSOA, ,113.0,SUBURBIO,ABALROAMENTO TRANSVERSAL,2.0,1.0,1.0,1.0,1.0,1.0,1.0,1.0,1.0,0.0,1.0,Cruzamento,Bom,Não existe,Perfeito estado,Seca,Perfeito estado,Não há placas,60 km/h,Única," , RUA PADRE BERNADINO PESSOA, Recife, Pernambuco, Brasil",-8.1250569,-34.8982175
21,2019-01-02 08:42:00,SEM VÍTIMA,BOA VIAGEM,AV CONSELHEIRO AGUIAR,1140,113.0,SUBURBIO,ABALROAMENTO LONGITUDINAL,2.0,1.0,1.0,1.0,1.0,1.0,1.0,1.0,1.0,0.0,1.0,Longo da via,Bom,Não existe,Perfeito estado,Seca,Perfeito estado,Não há placas,60 km/h,Única,"1140, AV CONSELHEIRO AGUIAR, Recife, Pernambuco, Brasil",-8.1002945,-34.8866648
24,2019-01-02 09:22:00,SEM VÍTIMA,BOA VIAGEM,RUA JOSE DA SILVA LUCENA,18,113.0,SUBURBIO,COLISÃO,1.0,1.0,1.0,1.0,1.0,1.0,1.0,1.0,1.0,0.0,1.0,Longo da via,Bom,Não existe,Perfeito estado,Seca,Perfeito estado,Não há placas,60 km/h,Única,"18, RUA JOSE DA SILVA LUCENA, Recife, Pernambuco, Brasil",-8.1127728,-34.9112329
275,2019-01-11 10:16:00,SEM VÍTIMA,BOA VIAGEM,AV ENGENHEIRO DOMINGOS FERREIRA, ,129.0,SUBURBIO,ABALROAMENTO LONGITUDINAL,2.0,1.0,1.0,1.0,1.0,1.0,1.0,1.0,1.0,0.0,1.0,Cruzamento,Bom,Sem defeito,Perfeito estado,Seca,Perfeito estado,Não há placas,60 km/h,Única," , AV ENGENHEIRO DOMINGOS FERREIRA, Recife, Pernambuco, Brasil",-8.1155752,-34.8954699
1479,2019-02-20 15:35:00,SEM VÍTIMA,BOA VIAGEM,RUA RIO AZUL, ,129.0,CIDADE,ABALROAMENTO LONGITUDINAL,2.0,1.0,1.0,1.0,1.0,1.0,1.0,1.0,1.0,0.0,1.0,Longo da via,Bom,Não existe,Incompleta,Seca,Perfeito estado,Não há placas,60 km/h,Única," , RUA RIO AZUL, Recife, Pernambuco, Brasil",-8.1354176,-34.9089632
1277,2019-02-14 11:40:00,SEM VÍTIMA,BOA VIAGEM,RUA MARIA CAROLINA, ,129.0,CIDADE,COLISÃO,2.0,1.0,1.0,1.0,1.0,1.0,1.0,1.0,1.0,0.0,1.0,Longo da via,Bom,Não existe,Incompleta,Seca,Perfeito estado,Não há placas,60 km/h,Única," , RUA MARIA CAROLINA, Recife, Pernambuco, Brasil",-8.1148918,-34.8950364
12053,2019-12-31 03:59:00,COM VÍTIMA,BOA VIAGEM,AV ENGENHEIRO DOMINGOS FERREIRA,2655,550.0,SUBURBIO,CHOQUE OBJETO FIXO,1.0,1.0,1.0,1.0,1.0,1.0,1.0,1.0,1.0,1.0,1.0,Longo da via,Bom,Sem defeito,Perfeito estado,Seca,Perfeito estado,Não há placas,60 km/h,Única,"2655, AV ENGENHEIRO DOMINGOS FERREIRA, Recife, Pernambuco, Brasil",-8.1129799,-34.8935114
1473,2019-02-20 14:36:00,SEM VÍTIMA,BOA VIAGEM,AV DES JOSE NEVES,90,550.0,SUBURBIO,ABALROAMENTO TRANSVERSAL,3.0,1.0,1.0,1.0,1.0,1.0,1.0,1.0,1.0,0.0,1.0,Longo da via,Bom,Não existe,Perfeito estado,Seca,Perfeito estado,R-6a,60 km/h,Dupla,"90, AV DES JOSE NEVES, Recife, Pernambuco, Brasil",-8.1216967,-34.9144343
10770,2019-11-28 19:22:00,SEM VÍTIMA,BOA VIAGEM,RUA VISCONDE DE JEQUITINHONHA,1656,550.0,SUBURBIO,COLISÃO,1.0,1.0,1.0,1.0,1.0,1.0,1.0,1.0,1.0,0.0,1.0,Longo da via,Bom,Não existe,Perfeito estado,Seca,Perfeito estado,R-6a,60 km/h,Dupla,"1656, RUA VISCONDE DE JEQUITINHONHA, Recife, Pernambuco, Brasil",-8.1358949,-34.9038632
10775,2019-11-29 00:35:00,SEM VÍTIMA,BOA VIAGEM,AV MARECHAL JUAREZ TAVORA, ,478.0,SUBURBIO,ABALROAMENTO TRANSVERSAL,2.0,1.0,1.0,1.0,1.0,1.0,1.0,1.0,1.0,0.0,1.0,Cruzamento,Chuvoso,Intermitente,Perfeito estado,Molhada,Mal iluminada,Não há placas,30 km/h,Única," , AV MARECHAL JUAREZ TAVORA, Recife, Pernambuco, Brasil",-8.139106,-34.9086925
10769,2019-11-28 19:07:00,SEM VÍTIMA,BOA VIAGEM,RUA PEDRO PAES MENDONCA,120,478.0,SUBURBIO,ABALROAMENTO LONGITUDINAL,1.0,1.0,1.0,1.0,1.0,1.0,1.0,1.0,1.0,0.0,1.0,Longo da via,Bom,Sem defeito,Perfeito estado,Seca,Perfeito estado,R-6a,40 km/h,Única,"120, RUA PEDRO PAES MENDONCA, Recife, Pernambuco, Brasil",-8.1141532,-34.9028232
11305,2019-12-10 14:18:00,SEM VÍTIMA,BOA VIAGEM,RUA JOSE MARIA DE MIRANDA, ,478.0,SUBURBIO,ABALROAMENTO TRANSVERSAL,2.0,1.0,1.0,1.0,1.0,1.0,1.0,1.0,1.0,0.0,1.0,Cruzamento,Bom,Não existe,Perfeito estado,Seca,Perfeito estado,Placas Pare,40 km/h,Única," , RUA JOSE MARIA DE MIRANDA, Recife, Pernambuco, Brasil",-8.1086696,-34.8927574
507,2019-01-21 08:44:00,SEM VÍTIMA,BOA VIAGEM,RUA AMAZONAS,1177,478.0,CIDADE,ABALROAMENTO LONGITUDINAL,2.0,1.0,1.0,1.0,1.0,1.0,1.0,1.0,1.0,0.0,1.0,Longo da via,Bom,Não existe,Perfeito estado,Seca,Perfeito estado,Placas Pare,40 km/h,Única,"1177, RUA AMAZONAS, Recife, Pernambuco, Brasil",-8.099475,-34.8852336
11702,2019-12-19 17:43:00,SEM VÍTIMA,BOA VIAGEM,AV DOM JOAO VI, ,478.0,CIDADE,COLISÃO TRASEIRA,2.0,1.0,1.0,1.0,1.0,1.0,1.0,1.0,1.0,0.0,1.0,Longo da via,Bom,Não existe,Perfeito estado,Seca,Perfeito estado,Outras,40 km/h,Dupla," , AV DOM JOAO VI, Recife, Pernambuco, Brasil",-8.1181195,-34.9061879
1467,2019-02-20 12:17:00,SEM VÍTIMA,BOA VIAGEM,AV CONSELHEIRO AGUIAR,3150,478.0,CIDADE,COLISÃO TRASEIRA,2.0,1.0,1.0,1.0,1.0,1.0,1.0,1.0,1.0,0.0,1.0,Longo da via,Bom,Sem defeito,Perfeito estado,Seca,Perfeito estado,Outras,40 km/h,Única,"3150, AV CONSELHEIRO AGUIAR, Recife, Pernambuco, Brasil",-8.1166078,-34.895207
41,2019-01-02 16:03:00,SEM VÍTIMA,BOA VIAGEM,RUA TENENTE DOMINGOS DE BRITO, ,330.0,CIDADE,ABALROAMENTO TRANSVERSAL,3.0,1.0,1.0,1.0,1.0,1.0,1.0,1.0,1.0,0.0,1.0,Cruzamento,Bom,Sem defeito,Perfeito estado,Seca,Perfeito estado,Outras,40 km/h,Única," , RUA TENENTE DOMINGOS DE BRITO, Recife, Pernambuco, Brasil",-8.1229682,-34.9052196
1370,2019-02-17 04:28:00,SEM VÍTIMA,BOA VIAGEM,AV BOA VIAGEM,618,330.0,CIDADE,CHOQUE VEÍCULO PARADO,2.0,1.0,1.0,1.0,1.0,1.0,1.0,1.0,1.0,0.0,1.0,Longo da via,Bom,Não existe,Perfeito estado,Seca,Perfeito estado,Outras,40 km/h,Única,"618, AV BOA VIAGEM, Recife, Pernambuco, Brasil",-8.0969887,-34.883621
272,2019-01-11 09:14:00,SEM VÍTIMA,BOA VIAGEM,AV BOA VIAGEM,3232,330.0,SUBURBIO,ABALROAMENTO LONGITUDINAL,2.0,1.0,1.0,1.0,1.0,1.0,1.0,1.0,1.0,0.0,1.0,Longo da via,Bom,Sem defeito,Perfeito estado,Seca,Perfeito estado,Outras,60 km/h,Única,"3232, AV BOA VIAGEM, Recife, Pernambuco, Brasil",-8.11815275,-34.89416928012183
11215,2019-12-08 12:59:00,SEM VÍTIMA,BOA VIAGEM,RUA DEZ DE JULHO, ,330.0,SUBURBIO,ABALROAMENTO LONGITUDINAL,2.0,1.0,1.0,1.0,1.0,1.0,1.0,1.0,1.0,0.0,1.0,Cruzamento,Bom,Não existe,Não existente,Seca,Perfeito estado,Não há placas,60 km/h,Única," , RUA DEZ DE JULHO, Recife, Pernambuco, Brasil",-8.1347718,-34.9135475
1146,2019-02-11 09:32:00,SEM VÍTIMA,BOA VIAGEM,RUA BARAO DE MONTE ALTO,117,330.0,SUBURBIO,ABALROAMENTO LONGITUDINAL,1.0,1.0,1.0,1.0,1.0,1.0,1.0,1.0,1.0,0.0,1.0,Longo da via,Bom,Não existe,Não existente,Seca,Mal conservada,Não há placas,60 km/h,Dupla,"117, RUA BARAO DE MONTE ALTO, Recife, Pernambuco, Brasil",-8.1260668,-34.9163098
1532,2019-02-21 18:11:00,SEM VÍTIMA,BOA VIAGEM,AV ENGENHEIRO DOMINGOS FERREIRA,2800,144.0,SUBURBIO,COLISÃO,1.0,1.0,1.0,1.0,1.0,1.0,1.0,1.0,1.0,0.0,1.0,Longo da via,Bom,Não existe,Não existente,Seca,Mal conservada,Não há placas,60 km/h,Dupla,"2800, AV ENGENHEIRO DOMINGOS FERREIRA, Recife, Pernambuco, Brasil",-8.1138508,-34.8946709
1613,2019-02-23 17:10:00,SEM VÍTIMA,BOA VIAGEM,RUA AMALIA BERNARDINO DE SOUZA,532,144.0,CIDADE,COLISÃO FRONTAL,1.0,1.0,1.0,1.0,1.0,1.0,1.0,1.0,1.0,0.0,1.0,Longo da via,Bom,Não existe,Não existente,Seca,Perfeito estado,Não há placas,60 km/h,Dupla,"532, RUA AMALIA BERNARDINO DE SOUZA, Recife, Pernambuco, Brasil",-8.1242876,-34.9083994
10766,2019-11-28 18:09:00,SEM VÍTIMA,BOA VIAGEM,AV FERNANDO SIMOES BARBOSA, ,144.0,SUBURBIO,ABALROAMENTO LONGITUDINAL,1.0,1.0,1.0,1.0,1.0,1.0,1.0,1.0,1.0,0.0,1.0,Longo da via,Bom,Sem defeito,Perfeito estado,Seca,Perfeito estado,Não há placas,60 km/h,Dupla," , AV FERNANDO SIMOES BARBOSA, Recife, Pernambuco, Brasil",-8.124269,-34.9016293
276,2019-01-11 11:29:00,SEM VÍTIMA,BOA VIAGEM,AV CONSELHEIRO AGUIAR,4734,144.0,CIDADE,ABALROAMENTO LONGITUDINAL,2.0,1.0,1.0,1.0,1.0,1.0,1.0,1.0,1.0,0.0,1.0,Longo da via,Bom,Não existe,Perfeito estado,Seca,Perfeito estado,Não há placas,60 km/h,Única,"4734, AV CONSELHEIRO AGUIAR, Recife, Pernambuco, Brasil",-8.128528,-34.9006639
1236,2019-02-13 09:22:00,SEM VÍTIMA,BOA VIAGEM,RUA RAUL AZEDO,1441,240.0,SUBURBIO,ABALROAMENTO LONGITUDINAL,2.0,1.0,1.0,1.0,1.0,1.0,1.0,1.0,1.0,0.0,1.0,Longo da via,Chuvoso,Sem defeito,Perfeito estado,Molhada,Perfeito estado,Outras,60 km/h,Única,"1441, RUA RAUL AZEDO, Recife, Pernambuco, Brasil",-8.1033263,-34.8871291
1264,2019-02-14 07:17:00,COM VÍTIMA,BOA VIAGEM,AV ENGENHEIRO DOMINGOS FERREIRA,3738,240.0,SUBURBIO,ATROPELAMENTO,2.0,1.0,1.0,1.0,1.0,1.0,1.0,1.0,1.0,1.0,1.0,Longo da via,Bom,Não existe,Perfeito estado,Seca,Perfeito estado,Outras,60 km/h,Dupla,"3738, AV ENGENHEIRO DOMINGOS FERREIRA, Recife, Pernambuco, Brasil",-8.118197,-34.8970498
11706,2019-12-19 19:45:00,COM VÍTIMA,BOA VIAGEM,AV CONSELHEIRO AGUIAR,4510,241.0,CIDADE,COLISÃO TRASEIRA,2.0,1.0,1.0,1.0,1.0,1.0,1.0,1.0,1.0,1.0,1.0,Cruzamento,Bom,Sem defeito,Perfeito estado,Seca,Perfeito estado,Outras,60 km/h,Única,"4510, AV CONSELHEIRO AGUIAR, Recife, Pernambuco, Brasil",-8.1266753,-34.8999797
11716,2019-12-20 08:23:00,SEM VÍTIMA,BOA VIAGEM,RUA JOAO CARDOSO AIRES,647,241.0,SUBURBIO,ABALROAMENTO LONGITUDINAL,2.0,1.0,1.0,1.0,1.0,1.0,1.0,1.0,1.0,0.0,1.0,Cruzamento,Bom,Não existe,Perfeito estado,Seca,Perfeito estado,Placas Pare,60 km/h,Única,"647, RUA JOAO CARDOSO AIRES, Recife, Pernambuco, Brasil",-8.141563,-34.9106726
2229,2019-03-15 07:08:00,SEM VÍTIMA,BOA VIAGEM,AV CONSELHEIRO AGUIAR, ,6.0,CIDADE,ABALROAMENTO LONGITUDINAL,2.0,1.0,1.0,1.0,1.0,1.0,1.0,1.0,1.0,0.0,1.0,Cruzamento,Bom,Sem defeito,Perfeito estado,Seca,Perfeito estado,R-6a,60 km/h,Única," , AV CONSELHEIRO AGUIAR, Recife, Pernambuco, Brasil",-8.1017679,-34.8870824
11907,2019-12-25 22:10:00,SEM VÍTIMA,BOA VIAGEM,AV ENGENHEIRO DOMINGOS FERREIRA, ,550.0,CIDADE,ABALROAMENTO TRANSVERSAL,2.0,1.0,1.0,1.0,1.0,1.0,1.0,1.0,1.0,0.0,1.0,Cruzamento,Bom,Sem defeito,Perfeito estado,Seca,Perfeito estado,R-6a,60 km/h,Única," , AV ENGENHEIRO DOMINGOS FERREIRA, Recife, Pernambuco, Brasil",-8.1155752,-34.8954699
11112,2019-12-05 22:44:00,SEM VÍTIMA,BOA VIAGEM,RUA RIBEIRO DE BRITO,1111,550.0,SUBURBIO,COLISÃO TRASEIRA,3.0,1.0,1.0,1.0,1.0,1.0,1.0,1.0,1.0,0.0,1.0,Longo da via,Bom,Não existe,Perfeito estado,Seca,Perfeito estado,R-6a,60 km/h,Única,"1111, RUA RIBEIRO DE BRITO, Recife, Pernambuco, Brasil",-8.1229545,-34.9045403
11166,2019-12-06 22:43:00,SEM VÍTIMA,BOA VIAGEM,AV ENGENHEIRO DOMINGOS FERREIRA,3704,550.0,SUBURBIO,COLISÃO,3.0,1.0,1.0,1.0,1.0,2.0,1.0,1.0,1.0,0.0,1.0,Longo da via,Bom,Não existe,Perfeito estado,Seca,Perfeito estado,R-6a,60 km/h,Única,"3704, AV ENGENHEIRO DOMINGOS FERREIRA, Recife, Pernambuco, Brasil",-8.1204706,-34.8987361
11859,2019-12-23 20:32:00,SEM VÍTIMA,BOA VIAGEM,AV ENGENHEIRO DOMINGOS FERREIRA,801,550.0,SUBURBIO,CHOQUE OBJETO FIXO,1.0,1.0,1.0,1.0,1.0,2.0,1.0,1.0,1.0,0.0,1.0,Longo da via,Bom,Não existe,Perfeito estado,Seca,Perfeito estado,Não há placas,60 km/h,Única,"801, AV ENGENHEIRO DOMINGOS FERREIRA, Recife, Pernambuco, Brasil",-8.0969413,-34.8855947
11297,2019-12-10 12:46:00,SEM VÍTIMA,BOA VIAGEM,AV ENGENHEIRO DOMINGOS FERREIRA, ,155.0,SUBURBIO,COLISÃO TRASEIRA,2.0,1.0,1.0,1.0,1.0,2.0,1.0,1.0,1.0,0.0,1.0,Cruzamento,Bom,Sem defeito,Perfeito estado,Seca,Perfeito estado,R-6a,60 km/h,Única," , AV ENGENHEIRO DOMINGOS FERREIRA, Recife, Pernambuco, Brasil",-8.1155752,-34.8954699
1485,2019-02-20 17:40:00,SEM VÍTIMA,BOA VIAGEM,RUA BALTAZAR PASSOS, ,154.0,SUBURBIO,COLISÃO,2.0,1.0,1.0,1.0,1.0,2.0,1.0,1.0,1.0,0.0,1.0,Cruzamento,Bom,Sem defeito,Perfeito estado,Seca,Perfeito estado,Outras,60 km/h,Dupla," , RUA BALTAZAR PASSOS, Recife, Pernambuco, Brasil",-8.1417639,-34.9120463
11298,2019-12-10 12:48:00,COM VÍTIMA,BOA VIAGEM,RUA RIO AZUL,232A,437.0,SUBURBIO,ATROPELAMENTO,2.0,1.0,1.0,1.0,1.0,2.0,1.0,1.0,1.0,1.0,1.0,Longo da via,Bom,Sem defeito,Perfeito estado,Seca,Perfeito estado,Não há placas,60 km/h,Dupla,"232A, RUA RIO AZUL, Recife, Pernambuco, Brasil",-8.1354176,-34.9089632
10771,2019-11-28 19:43:00,SEM VÍTIMA,BOA VIAGEM,RUA VISCONDE DE JEQUITINHONHA,66,437.0,SUBURBIO,ABALROAMENTO LONGITUDINAL,1.0,1.0,1.0,1.0,1.0,1.0,1.0,1.0,1.0,0.0,1.0,Longo da via,Bom,Não existe,Perfeito estado,Seca,Perfeito estado,Placas Dê a preferência,60 km/h,Única,"66, RUA VISCONDE DE JEQUITINHONHA, Recife, Pernambuco, Brasil",-8.1294054,-34.90280474338728
1132,2019-02-10 18:32:00,SEM VÍTIMA,BOA VIAGEM,RUA JOSE TRAJANO,351,437.0,SUBURBIO,COLISÃO,2.0,1.0,1.0,1.0,1.0,1.0,1.0,1.0,1.0,0.0,1.0,Longo da via,Bom,Não existe,Perfeito estado,Seca,Perfeito estado,Placas Dê a preferência,60 km/h,Única,"351, RUA JOSE TRAJANO, Recife, Pernambuco, Brasil",-8.1208062,-34.9007253
11868,2019-12-24 11:02:00,SEM VÍTIMA,BOA VIAGEM,RUA FRANCISCO DA CUNHA,440,437.0,SUBURBIO,ABALROAMENTO TRANSVERSAL,2.0,1.0,1.0,1.0,1.0,1.0,1.0,1.0,1.0,0.0,1.0,Cruzamento,Bom,Não existe,Incompleta,Seca,Perfeito estado,Placas Pare,60 km/h,Única,"440, RUA FRANCISCO DA CUNHA, Recife, Pernambuco, Brasil",-8.1119002,-34.8951274
1133,2019-02-10 19:09:00,COM VÍTIMA,BOA VIAGEM,RUA COSMORAMA, ,437.0,SUBURBIO,ABALROAMENTO TRANSVERSAL,1.0,1.0,1.0,1.0,1.0,1.0,1.0,1.0,1.0,1.0,1.0,Cruzamento,Bom,Sem defeito,Perfeito estado,Seca,Perfeito estado,R-4a,60 km/h,Dupla," , RUA COSMORAMA, Recife, Pernambuco, Brasil",-8.138079,-34.9099092
1487,2019-02-20 18:25:00,SEM VÍTIMA,BOA VIAGEM,AV ENGENHEIRO DOMINGOS FERREIRA,4255,437.0,SUBURBIO,COLISÃO TRASEIRA,3.0,1.0,1.0,1.0,1.0,1.0,1.0,1.0,1.0,0.0,1.0,Longo da via,Bom,Não existe,Perfeito estado,Seca,Perfeito estado,R-6a,60 km/h,Única,"4255, AV ENGENHEIRO DOMINGOS FERREIRA, Recife, Pernambuco, Brasil",-8.126129,-34.9005057
11732,2019-12-20 12:58:00,SEM VÍTIMA,BOA VIAGEM,RUA BARAO DE AGUA BRANCA, ,437.0,SUBURBIO,COLISÃO,2.0,1.0,1.0,1.0,1.0,1.0,1.0,1.0,1.0,0.0,1.0,Longo da via,Bom,Não existe,Perfeito estado,Seca,Perfeito estado,R-6a,60 km/h,Única," , RUA BARAO DE AGUA BRANCA, Recife, Pernambuco, Brasil",-8.1124101,-34.9047579
1448,2019-02-19 23:53:00,SEM VÍTIMA,BOA VIAGEM,AV BOA VIAGEM, ,149.0,CIDADE,ABALROAMENTO TRANSVERSAL,2.0,1.0,1.0,1.0,1.0,1.0,1.0,1.0,1.0,0.0,1.0,Cruzamento,Bom,Sem defeito,Perfeito estado,Seca,Perfeito estado,Não há placas,60 km/h,Única," , AV BOA VIAGEM, Recife, Pernambuco, Brasil",-8.0906381,-34.8817684
1267,2019-02-14 08:18:00,SEM VÍTIMA,BOA VIAGEM,RUA AMALIA BERNARDINO DE SOUZA,1328,149.0,CIDADE,COLISÃO,2.0,1.0,1.0,1.0,1.0,1.0,1.0,1.0,1.0,0.0,1.0,Cruzamento,Bom,Sem defeito,Perfeito estado,Seca,Perfeito estado,Não há placas,60 km/h,Única,"1328, RUA AMALIA BERNARDINO DE SOUZA, Recife, Pernambuco, Brasil",-8.1242876,-34.9083994
11184,2019-12-07 12:37:00,SEM VÍTIMA,BOA VIAGEM,RUA DHALIA, ,149.0,CIDADE,COLISÃO,2.0,1.0,1.0,1.0,1.0,1.0,1.0,1.0,1.0,0.0,1.0,Cruzamento,Bom,Sem defeito,Perfeito estado,Seca,Perfeito estado,Não há placas,60 km/h,Única," , RUA DHALIA, Recife, Pernambuco, Brasil",-8.1193263,-34.8990466
12058,2019-12-31 13:39:00,SEM VÍTIMA,BOA VIAGEM,RUA TENENTE DOMINGOS DE BRITO,1002,149.0,CIDADE,COLISÃO,1.0,1.0,1.0,1.0,1.0,1.0,1.0,1.0,1.0,0.0,1.0,Cruzamento,Bom,Sem defeito,Perfeito estado,Seca,Perfeito estado,Não há placas,60 km/h,Única,"1002, RUA TENENTE DOMINGOS DE BRITO, Recife, Pernambuco, Brasil",-8.1219739,-34.9052324
11157,2019-12-06 19:21:00,SEM VÍTIMA,BOA VIAGEM,RUA CAPITAO ZUZINHA, ,149.0,CIDADE,ABALROAMENTO LONGITUDINAL,1.0,1.0,1.0,1.0,1.0,1.0,1.0,1.0,1.0,0.0,1.0,Longo da via,Bom,Sem defeito,Perfeito estado,Seca,Perfeito estado,Não há placas,60 km/h,Única," , RUA CAPITAO ZUZINHA, Recife, Pernambuco, Brasil",-8.1339194,-34.9047854
11375,2019-12-11 20:09:00,SEM VÍTIMA,BOA VIAGEM,RUA BARAO DE SOUZA LEAO, ,149.0,SUBURBIO,ABALROAMENTO LONGITUDINAL,1.0,1.0,1.0,1.0,1.0,1.0,1.0,1.0,1.0,0.0,1.0,Longo da via,Bom,Não existe,Perfeito estado,Seca,Perfeito estado,Não há placas,60 km/h,Única," , RUA BARAO DE SOUZA LEAO, Recife, Pernambuco, Brasil",-8.1325905,-34.9149303
3378,2019-04-16 13:26:00,SEM VÍTIMA,BOA VISTA,RUA DO HOSPICIO,362,149.0,CIDADE,ABALROAMENTO LONGITUDINAL,1.0,1.0,1.0,1.0,1.0,1.0,1.0,1.0,1.0,0.0,1.0,Longo da via,Bom,Sem defeito,Perfeito estado,Seca,Perfeito estado,R-6a,60 km/h,Única,"362, RUA DO HOSPICIO, Recife, Pernambuco, Brasil",-8.05981765,-34.88350846291685
11168,2019-12-07 02:16:00,SEM VÍTIMA,BOA VISTA,RUA DOM BOSCO,908,294.0,SUBURBIO,ABALROAMENTO LONGITUDINAL,2.0,1.0,1.0,1.0,1.0,1.0,1.0,1.0,1.0,0.0,1.0,Longo da via,Bom,Sem defeito,Perfeito estado,Seca,Perfeito estado,Outras,60 km/h,Única,"908, RUA DOM BOSCO, Recife, Pernambuco, Brasil",-8.058094,-34.894090990672964
8006,2019-09-14 15:20:00,SEM VÍTIMA,BOA VISTA,RUA DO HOSPICIO,875,294.0,CIDADE,ABALROAMENTO LONGITUDINAL,1.0,1.0,1.0,1.0,1.0,1.0,1.0,1.0,1.0,0.0,1.0,Longo da via,Bom,Sem defeito,Perfeito estado,Seca,Perfeito estado,Outras,60 km/h,Dupla,"875, RUA DO HOSPICIO, Recife, Pernambuco, Brasil",-8.055188600000001,-34.88272402139066
7074,2019-08-16 11:07:00,COM VÍTIMA,BOA VISTA,AV GOVERNADOR CARLOS DE LIMA CAVALCANTI, ,27.0,SUBURBIO,COLISÃO TRASEIRA,1.0,1.0,1.0,1.0,1.0,1.0,1.0,1.0,1.0,1.0,1.0,Cruzamento,Chuvoso,Sem defeito,Perfeito estado,Molhada,Perfeito estado,R-6a,60 km/h,Dupla," , AV GOVERNADOR CARLOS DE LIMA CAVALCANTI, Recife, Pernambuco, Brasil",-8.0562075,-34.8964065
7942,2019-09-12 19:30:00,COM VÍTIMA,BOA VISTA,AV GOVERNADOR AGAMENON MAGALHAES, ,27.0,SUBURBIO,COLISÃO TRASEIRA,1.0,1.0,1.0,1.0,1.0,2.0,1.0,1.0,1.0,2.0,1.0,Viaduto,Bom,Não existe,Perfeito estado,Seca,Perfeito estado,R-6a,60 km/h,Dupla," , AV GOVERNADOR AGAMENON MAGALHAES, Recife, Pernambuco, Brasil",-8.0615339,-34.8974443