,data_hora,natureza_acidente,bairro,endereco,numero,num_semaforo,sentido_via,tipo,auto,moto,ciclom,ciclista,pedestre,onibus,caminhao,viatura,outros,vitimas,vitimasfatais,acidente_verificado,tempo_clima,situacao_semaforo,sinalizacao,condicao_via,conservacao_via,situacao_placa,velocidade_max_via,mao_direcao,end,latitude,longitude
1298,2019-02-14 18:51:00,SEM VÍTIMA,BOA VISTA,RUA DOM BOSCO,779,173.0,CIDADE,COLISÃO,2.0,1.0,1.0,1.0,1.0,1.0,1.0,1.0,1.0,0.0,1.0,Cruzamento,Bom,Sem defeito,Perfeito estado,Seca,Perfeito estado,Não há placas,60 km/h,Única,"779, RUA DOM BOSCO, Recife, Pernambuco, Brasil",-8.05919495,-34.89440055797083
9824,2019-11-04 11:57:00,SEM VÍTIMA,BOA VISTA,RUA HENRIQUE DIAS, ,68.0,CIDADE,ABALROAMENTO LONGITUDINAL,1.0,1.0,1.0,1.0,1.0,1.0,1.0,1.0,1.0,0.0,1.0,Cruzamento,Bom,Sem defeito,Perfeito estado,Seca,Perfeito estado,Não há placas,60 km/h,Única," , RUA HENRIQUE DIAS, Recife, Pernambuco, Brasil",-8.0588832,-34.897815
5082,2019-06-10 18:25:00,COM VÍTIMA,BOA VISTA,RUA AURORA, ,162.0,CIDADE,COLISÃO TRASEIRA,1.0,1.0,1.0,1.0,1.0,1.0,1.0,1.0,1.0,1.0,1.0,Longo da via,Bom,Sem defeito,Perfeito estado,Seca,Perfeito estado,Não há placas,60 km/h,Única," , RUA AURORA, Recife, Pernambuco, Brasil",-8.0171094,-35.0225571
9822,2019-11-04 11:04:00,SEM VÍTIMA,BOA VISTA,AV CONDE DA BOA VISTA,428,162.0,SUBURBIO,ABALROAMENTO LONGITUDINAL,1.0,1.0,1.0,1.0,1.0,1.0,1.0,1.0,1.0,0.0,1.0,Longo da via,Bom,Não existe,Incompleta,Seca,Mal conservada,Outras,60 km/h,Dupla,"428, AV CONDE DA BOA VISTA, Recife, Pernambuco, Brasil",-8.059750300000001,-34.88487951039514
7151,2019-08-19 10:05:00,SEM VÍTIMA,BOA VISTA,RUA DO PRINCIPE,640,162.0,SUBURBIO,COLISÃO,2.0,1.0,1.0,1.0,1.0,1.0,1.0,1.0,1.0,0.0,1.0,Longo da via,Bom,Não existe,Incompleta,Seca,Mal conservada,Outras,60 km/h,Dupla,"640, RUA DO PRINCIPE, Recife, Pernambuco, Brasil",-8.0578135,-34.8834359
7150,2019-08-19 09:54:00,SEM VÍTIMA,BOA VISTA,RUA DO PRINCIPE,658,162.0,SUBURBIO,ABALROAMENTO LONGITUDINAL,2.0,1.0,1.0,1.0,1.0,1.0,1.0,1.0,1.0,0.0,1.0,Cruzamento,Bom,Não existe,Perfeito estado,Seca,Perfeito estado,Não há placas,40 km/h,Única,"658, RUA DO PRINCIPE, Recife, Pernambuco, Brasil",-8.05516675,-34.88871623202405
9773,2019-11-02 16:24:00,SEM VÍTIMA,BOA VISTA,RUA DA SOLEDADE,259,162.0,CIDADE,COLISÃO TRASEIRA,2.0,1.0,1.0,1.0,1.0,1.0,1.0,1.0,1.0,0.0,1.0,Longo da via,Bom,Sem defeito,Perfeito estado,Seca,Perfeito estado,Outras,40 km/h,Única,"259, RUA DA SOLEDADE, Recife, Pernambuco, Brasil",-8.0580402,-34.89029420316943
9813,2019-11-04 08:57:00,SEM VÍTIMA,BOA VISTA,RUA DOM BOSCO,895,294.0,CIDADE,ABALROAMENTO LONGITUDINAL,1.0,1.0,1.0,1.0,1.0,1.0,1.0,1.0,1.0,0.0,1.0,Longo da via,Bom,Sem defeito,Perfeito estado,Seca,Perfeito estado,Outras,40 km/h,Única,"895, RUA DOM BOSCO, Recife, Pernambuco, Brasil",-8.0583084,-34.89481306777108
252,2019-01-10 16:30:00,SEM VÍTIMA,BOA VISTA,AV GOVERNADOR AGAMENON MAGALHAES, ,294.0,OLINDA,COLISÃO,1.0,1.0,1.0,1.0,1.0,1.0,1.0,1.0,1.0,0.0,1.0,Longo da via,Bom,Sem defeito,Perfeito estado,Seca,Perfeito estado,Outras,40 km/h,Única," , AV GOVERNADOR AGAMENON MAGALHAES, Recife, Pernambuco, Brasil",-8.0615339,-34.8974443
3990,2019-05-06 12:14:00,SEM VÍTIMA,BOA VISTA,RUA AURORA, ,22.0,SUBURBIO,ABALROAMENTO LONGITUDINAL,1.0,1.0,1.0,1.0,1.0,1.0,1.0,1.0,1.0,0.0,1.0,Cruzamento,Bom,Sem defeito,Perfeito estado,Seca,Perfeito estado,Outras,40 km/h,Única," , RUA AURORA, Recife, Pernambuco, Brasil",-8.0171094,-35.0225571
1181,2019-02-11 20:28:00,SEM VÍTIMA,BOA VISTA,AV GOVERNADOR AGAMENON MAGALHAES, ,22.0,SUBURBIO,COLISÃO,2.0,1.0,1.0,1.0,1.0,1.0,1.0,1.0,1.0,0.0,1.0,Cruzamento,Bom,Sem defeito,Perfeito estado,Seca,Perfeito estado,Outras,40 km/h,Única," , AV GOVERNADOR AGAMENON MAGALHAES, Recife, Pernambuco, Brasil",-8.0615339,-34.8974443
6813,2019-08-08 18:06:00,SEM VÍTIMA,BOA VISTA,AV CONDE DA BOA VISTA, ,22.0,SUBURBIO,ABALROAMENTO LONGITUDINAL,2.0,1.0,1.0,1.0,1.0,1.0,1.0,1.0,1.0,0.0,1.0,Longo da via,Bom,Não existe,Ilegível,Seca,Perfeito estado,Não há placas,40 km/h,Dupla," , AV CONDE DA BOA VISTA, Recife, Pernambuco, Brasil",-8.0601316,-34.885166
3481,2019-04-20 08:25:00,SEM VÍTIMA,BOA VISTA,RUA GERVASIO PIRES, ,24.0,SUBURBIO,ABALROAMENTO TRANSVERSAL,2.0,1.0,1.0,1.0,1.0,1.0,1.0,1.0,1.0,0.0,1.0,Cruzamento,Chuvoso,Sem defeito,Perfeito estado,Molhada,Perfeito estado,R-6a,40 km/h,Única," , RUA GERVASIO PIRES, Recife, Pernambuco, Brasil",-8.0573689,-34.8850721
11440,2019-12-13 09:20:00,SEM VÍTIMA,BOA VISTA,AV CONDE DA BOA VISTA, ,24.0,SUBURBIO,COLISÃO COM CICLISTA,1.0,1.0,1.0,1.0,1.0,1.0,1.0,1.0,1.0,0.0,1.0,Longo da via,Bom,Não existe,Perfeito estado,Seca,Perfeito estado,Não há placas,40 km/h,Dupla," , AV CONDE DA BOA VISTA, Recife, Pernambuco, Brasil",-8.0601316,-34.885166
1830,2019-03-01 16:14:00,SEM VÍTIMA,BOA VISTA,AV CONDE DA BOA VISTA, ,24.0,SUBURBIO,ABALROAMENTO LONGITUDINAL,1.0,1.0,1.0,1.0,1.0,1.0,1.0,1.0,1.0,0.0,1.0,Longo da via,Bom,Não existe,Perfeito estado,Seca,Perfeito estado,Não há placas,40 km/h,Dupla," , AV CONDE DA BOA VISTA, Recife, Pernambuco, Brasil",-8.0601316,-34.885166
11151,2019-12-06 17:01:00,COM VÍTIMA,BOA VISTA,PRC OSWALDO CRUZ, ,24.0,SUBURBIO,ABALROAMENTO LONGITUDINAL,1.0,1.0,1.0,1.0,1.0,1.0,1.0,1.0,1.0,1.0,1.0,Longo da via,Bom,Não existe,Não existente,Seca,Perfeito estado,Outras,40 km/h,Única," , PRC OSWALDO CRUZ, Recife, Pernambuco, Brasil",-8.0601316,-34.885166
8912,2019-10-09 17:02:00,SEM VÍTIMA,BOA VISTA,RUA GONCALVES MAIA,1000,24.0,SUBURBIO,ABALROAMENTO LONGITUDINAL,2.0,1.0,1.0,1.0,1.0,1.0,1.0,1.0,1.0,0.0,1.0,Longo da via,Bom,Não existe,Perfeito estado,Seca,Perfeito estado,Outras,40 km/h,Dupla,"1000, RUA GONCALVES MAIA, Recife, Pernambuco, Brasil",-8.056723,-34.8926715
7809,2019-09-09 15:22:00,COM VÍTIMA,BOA VISTA,RUA DO HOSPICIO, ,24.0,SUBURBIO,ATROPELAMENTO,2.0,1.0,1.0,1.0,1.0,1.0,1.0,1.0,1.0,1.0,1.0,Longo da via,Bom,Não existe,Perfeito estado,Seca,Perfeito estado,Outras,40 km/h,Dupla," , RUA DO HOSPICIO, Recife, Pernambuco, Brasil",-8.0544217,-34.8818867
1825,2019-03-01 13:27:00,SEM VÍTIMA,BOA VISTA,RUA GERVASIO PIRES,130,24.0,SUBURBIO,COLISÃO,2.0,2.0,1.0,1.0,1.0,1.0,1.0,1.0,1.0,0.0,1.0,Longo da via,Bom,Não existe,Perfeito estado,Seca,Perfeito estado,Outras,40 km/h,Dupla,"130, RUA GERVASIO PIRES, Recife, Pernambuco, Brasil",-8.0534333,-34.882608
4652,2019-05-28 12:50:00,SEM VÍTIMA,BOA VISTA,RUA DOM BOSCO, ,24.0,SUBURBIO,ABALROAMENTO LONGITUDINAL,2.0,2.0,1.0,1.0,1.0,1.0,1.0,1.0,1.0,0.0,1.0,Longo da via,Bom,Não existe,Perfeito estado,Seca,Perfeito estado,R-6a,40 km/h,Única," , RUA DOM BOSCO, Recife, Pernambuco, Brasil",-8.0551501,-34.8956937
1822,2019-03-01 12:52:00,SEM VÍTIMA,BOA VISTA,AV CONDE DA BOA VISTA, ,24.0,SUBURBIO,COLISÃO TRASEIRA,2.0,2.0,1.0,1.0,1.0,1.0,1.0,1.0,1.0,0.0,1.0,Longo da via,Chuvoso,Não existe,Perfeito estado,Molhada,Perfeito estado,R-6a,40 km/h,Dupla," , AV CONDE DA BOA VISTA, Recife, Pernambuco, Brasil",-8.0601316,-34.885166
6680,2019-08-04 17:23:00,SEM VÍTIMA,BOA VISTA,RUA AURORA, ,579.0,SUBURBIO,ABALROAMENTO LONGITUDINAL,1.0,2.0,1.0,1.0,1.0,1.0,1.0,1.0,1.0,0.0,1.0,Longo da via,Bom,Sem defeito,Perfeito estado,Seca,Perfeito estado,Não há placas,40 km/h,Única," , RUA AURORA, Recife, Pernambuco, Brasil",-8.0171094,-35.0225571
7246,2019-08-21 19:41:00,COM VÍTIMA,BOA VISTA,RUA JOSE DE ALENCAR, ,579.0,CIDADE,ABALROAMENTO TRANSVERSAL,1.0,1.0,1.0,1.0,1.0,1.0,1.0,1.0,1.0,1.0,1.0,Cruzamento,Bom,Não existe,Perfeito estado,Seca,Perfeito estado,Placas Pare,30 km/h,Única," , RUA JOSE DE ALENCAR, Recife, Pernambuco, Brasil",-8.1125257,-34.956528
4079,2019-05-09 09:35:00,SEM VÍTIMA,BOA VISTA,RUA SILVA RAMOS,71,579.0,CIDADE,CHOQUE VEÍCULO PARADO,2.0,1.0,1.0,1.0,1.0,1.0,1.0,1.0,1.0,0.0,1.0,Longo da via,Bom,Não existe,Incompleta,Seca,Perfeito estado,Não há placas,30 km/h,Dupla,"71, RUA SILVA RAMOS, Recife, Pernambuco, Brasil",-8.0557568,-34.896836313807526
5364,2019-06-19 12:28:00,SEM VÍTIMA,BOA VISTA,RUA CARLOS PORTO CARREIRO,55,579.0,CIDADE,COLISÃO,2.0,1.0,1.0,1.0,1.0,1.0,1.0,1.0,1.0,0.0,1.0,Longo da via,Bom,Não existe,Incompleta,Seca,Perfeito estado,Não há placas,30 km/h,Dupla,"55, RUA CARLOS PORTO CARREIRO, Recife, Pernambuco, Brasil",-8.0554888,-34.8960321
10028,2019-11-09 08:33:00,SEM VÍTIMA,BOA VISTA,RUA DR BANDEIRA FILHO, ,173.0,SUBURBIO,ABALROAMENTO LONGITUDINAL,1.0,1.0,1.0,1.0,1.0,1.0,1.0,1.0,1.0,0.0,1.0,Cruzamento,Bom,Sem defeito,Perfeito estado,Seca,Perfeito estado,Outras,30 km/h,Única," , RUA DR BANDEIRA FILHO, Recife, Pernambuco, Brasil",-8.0554888,-34.8960321
9679,2019-10-31 08:17:00,SEM VÍTIMA,BOA VISTA,RUA DO HOSPICIO, ,31.0,SUBURBIO,COLISÃO TRASEIRA,1.0,1.0,1.0,1.0,1.0,1.0,1.0,1.0,1.0,0.0,1.0,Longo da via,Bom,Sem defeito,Perfeito estado,Seca,Perfeito estado,Não há placas,30 km/h,Dupla," , RUA DO HOSPICIO, Recife, Pernambuco, Brasil",-8.0544217,-34.8818867
1559,2019-02-22 13:17:00,SEM VÍTIMA,BOA VISTA,AV MANOEL BORBA, ,31.0,CIDADE,ABALROAMENTO LONGITUDINAL,2.0,1.0,1.0,1.0,1.0,1.0,1.0,1.0,1.0,0.0,1.0,Cruzamento,Bom,Sem defeito,Perfeito estado,Seca,Perfeito estado,R-6a,30 km/h,Única," , AV MANOEL BORBA, Recife, Pernambuco, Brasil",-8.0594093,-34.8939765
8059,2019-09-16 13:53:00,SEM VÍTIMA,BOA VISTA,AV JOAO DE BARROS, ,31.0,CIDADE,COLISÃO,1.0,2.0,1.0,1.0,1.0,1.0,1.0,1.0,1.0,0.0,1.0,Cruzamento,Bom,Sem defeito,Perfeito estado,Seca,Perfeito estado,R-6a,30 km/h,Única," , AV JOAO DE BARROS, Recife, Pernambuco, Brasil",-8.0379305,-34.8915966
1422,2019-02-19 07:52:00,SEM VÍTIMA,BOA VISTA,RUA JOAO LIRA,143,31.0,CIDADE,COLISÃO,2.0,2.0,1.0,1.0,1.0,1.0,1.0,1.0,1.0,0.0,1.0,Cruzamento,Bom,Sem defeito,Perfeito estado,Seca,Perfeito estado,R-6a,30 km/h,Única,"143, RUA JOAO LIRA, Recife, Pernambuco, Brasil",-8.0562763,-34.8804193
3525,2019-04-22 10:40:00,SEM VÍTIMA,BOA VISTA,RUA AURORA, ,579.0,SUBURBIO,ABALROAMENTO LONGITUDINAL,1.0,2.0,1.0,1.0,1.0,1.0,1.0,1.0,1.0,0.0,1.0,Cruzamento,Bom,Sem defeito,Perfeito estado,Seca,Perfeito estado,Outras,30 km/h,Única," , RUA AURORA, Recife, Pernambuco, Brasil",-8.0171094,-35.0225571
1008,2019-02-07 08:21:00,SEM VÍTIMA,BOA VISTA,RUA JOAO LIRA, ,579.0,SUBURBIO,ABALROAMENTO LONGITUDINAL,2.0,2.0,1.0,1.0,1.0,1.0,1.0,1.0,1.0,0.0,1.0,Longo da via,Bom,Não existe,Perfeito estado,Seca,Perfeito estado,Não há placas,30 km/h,Única," , RUA JOAO LIRA, Recife, Pernambuco, Brasil",-8.0562763,-34.8804193
7802,2019-09-09 12:51:00,SEM VÍTIMA,BOA VISTA,RUA AURORA,186,579.0,SUBURBIO,ABALROAMENTO LONGITUDINAL,1.0,2.0,1.0,1.0,1.0,1.0,1.0,1.0,1.0,0.0,1.0,Longo da via,Bom,Não existe,Incompleta,Seca,Mal conservada,Outras,30 km/h,Única,"186, RUA AURORA, Recife, Pernambuco, Brasil",-8.0171094,-35.0225571
10052,2019-11-09 16:30:00,SEM VÍTIMA,BOA VISTA,PRC DA REPUBLICA, ,579.0,SUBURBIO,ABALROAMENTO LONGITUDINAL,2.0,2.0,1.0,1.0,1.0,1.0,1.0,1.0,1.0,0.0,1.0,Longo da via,Bom,Não existe,Perfeito estado,Seca,Perfeito estado,Outras,30 km/h,Única," , PRC DA REPUBLICA, Recife, Pernambuco, Brasil",-8.0171094,-35.0225571
8908,2019-10-09 15:46:00,SEM VÍTIMA,BOA VISTA,RUA DO PRINCIPE,563,466.0,CIDADE,COLISÃO TRASEIRA,2.0,2.0,1.0,1.0,1.0,1.0,1.0,1.0,1.0,0.0,1.0,Longo da via,Bom,Sem defeito,Perfeito estado,Seca,Perfeito estado,Não há placas,30 km/h,Única,"563, RUA DO PRINCIPE, Recife, Pernambuco, Brasil",-8.0576206,-34.8848645
1872,2019-03-02 17:49:00,COM VÍTIMA,BOA VISTA,AV CONDE DA BOA VISTA, ,25.0,CIDADE,ATROPELAMENTO,2.0,2.0,1.0,1.0,1.0,1.0,1.0,1.0,1.0,1.0,1.0,Cruzamento,Bom,Sem defeito,Incompleta,Seca,Perfeito estado,R-6c,60 km/h,Dupla," , AV CONDE DA BOA VISTA, Recife, Pernambuco, Brasil",-8.0601316,-34.885166
11967,2019-12-27 13:54:00,SEM VÍTIMA,BOA VISTA,AV GOVERNADOR CARLOS DE LIMA CAVALCANTI, ,27.0,CIDADE,COLISÃO TRASEIRA,2.0,2.0,1.0,1.0,1.0,1.0,1.0,1.0,1.0,0.0,1.0,Longo da via,Bom,Sem defeito,Perfeito estado,Seca,Perfeito estado,Não há placas,40 km/h,Dupla," , AV GOVERNADOR CARLOS DE LIMA CAVALCANTI, Recife, Pernambuco, Brasil",-8.0562075,-34.8964065
11455,2019-12-13 14:41:00,SEM VÍTIMA,BOA VISTA,RUA DO PRINCIPE,482,27.0,CIDADE,COLISÃO TRASEIRA,2.0,2.0,1.0,1.0,1.0,1.0,1.0,1.0,1.0,0.0,1.0,Longo da via,Bom,Não existe,Perfeito estado,Seca,Perfeito estado,Não há placas,40 km/h,Única,"482, RUA DO PRINCIPE, Recife, Pernambuco, Brasil",-8.0559659,-34.8873687
8893,2019-10-09 12:40:00,SEM VÍTIMA,BOA VISTA,RUA GENERAL JOAQUIM INACIO, ,653.0,SUBURBIO,ABALROAMENTO LONGITUDINAL,1.0,2.0,1.0,1.0,1.0,1.0,1.0,1.0,1.0,0.0,1.0,Longo da via,Bom,Sem defeito,Perfeito estado,Seca,Perfeito estado,R-6a,40 km/h,Única," , RUA GENERAL JOAQUIM INACIO, Recife, Pernambuco, Brasil",-8.0559659,-34.8873687
4867,2019-06-04 13:02:00,SEM VÍTIMA,BOA VISTA,AV VISCONDE DE SUASSUNA, ,653.0,SUBURBIO,ABALROAMENTO LONGITUDINAL,1.0,1.0,1.0,1.0,1.0,1.0,1.0,1.0,1.0,0.0,1.0,Longo da via,Bom,Não existe,Perfeito estado,Seca,Perfeito estado,Não há placas,40 km/h,Única," , AV VISCONDE DE SUASSUNA, Recife, Pernambuco, Brasil",-8.0530762,-34.885506
11319,2019-12-10 17:40:00,SEM VÍTIMA,BOA VISTA,RUA DO HOSPICIO, ,653.0,SUBURBIO,COLISÃO TRASEIRA,2.0,1.0,1.0,1.0,1.0,1.0,1.0,1.0,1.0,0.0,1.0,Longo da via,Bom,Não existe,Perfeito estado,Seca,Perfeito estado,Outras,40 km/h,Dupla," , RUA DO HOSPICIO, Recife, Pernambuco, Brasil",-8.0544217,-34.8818867
9660,2019-10-30 18:10:00,SEM VÍTIMA,BOA VISTA,RUA PRINCESA IZABEL, ,653.0,CIDADE,ABALROAMENTO LONGITUDINAL,2.0,1.0,1.0,1.0,1.0,1.0,1.0,1.0,1.0,0.0,1.0,Longo da via,Bom,Sem defeito,Perfeito estado,Seca,Perfeito estado,R-6a,40 km/h,Única," , RUA PRINCESA IZABEL, Recife, Pernambuco, Brasil",-8.1236018,-35.0916404
5420,2019-06-21 10:50:00,SEM VÍTIMA,BOA VISTA,RUA DAS NINFAS,269,653.0,CIDADE,ABALROAMENTO LONGITUDINAL,2.0,1.0,1.0,1.0,1.0,1.0,1.0,1.0,1.0,0.0,1.0,Cruzamento,Bom,Não existe,Incompleta,Seca,Perfeito estado,Placas Pare,40 km/h,Dupla,"269, RUA DAS NINFAS, Recife, Pernambuco, Brasil",-8.0580482,-34.891397701031714
8161,2019-09-18 20:02:00,COM VÍTIMA,BOA VISTA,RUA JOAO FERNANDES VIEIRA,145,653.0,CIDADE,ABALROAMENTO TRANSVERSAL,1.0,1.0,1.0,1.0,1.0,1.0,1.0,1.0,1.0,1.0,1.0,Esquina,Bom,Não existe,Perfeito estado,Seca,Perfeito estado,R-6a,30 km/h,Única,"145, RUA JOAO FERNANDES VIEIRA, Recife, Pernambuco, Brasil",-8.0520569,-34.8946539
150,2019-01-07 13:24:00,SEM VÍTIMA,BOA VISTA,RUA BARAO DE SAO BORJA, ,653.0,SUBURBIO,COLISÃO FRONTAL,2.0,1.0,1.0,1.0,1.0,1.0,1.0,1.0,1.0,0.0,1.0,Cruzamento,Bom,Não existe,Ilegível,Seca,Perfeito estado,Placas Pare,30 km/h,Única," , RUA BARAO DE SAO BORJA, Recife, Pernambuco, Brasil",-8.0620111,-34.8879149
10072,2019-11-10 12:21:00,SEM VÍTIMA,BOA VISTA,AV MANOEL BORBA, ,653.0,SUBURBIO,ABALROAMENTO TRANSVERSAL,2.0,1.0,1.0,1.0,1.0,1.0,1.0,1.0,1.0,0.0,1.0,Cruzamento,Bom,Não existe,Perfeito estado,Seca,Perfeito estado,Placas Pare,30 km/h,Única," , AV MANOEL BORBA, Recife, Pernambuco, Brasil",-8.0594093,-34.8939765
9672,2019-10-31 06:56:00,COM VÍTIMA,BOA VISTA,PRC CHORA MENINO,89,653.0,SUBURBIO,ABALROAMENTO LONGITUDINAL,2.0,1.0,1.0,1.0,1.0,1.0,1.0,1.0,1.0,1.0,1.0,Longo da via,Bom,Sem defeito,Não existente,Seca,Perfeito estado,Não há placas,30 km/h,Única,"89, PRC CHORA MENINO, Recife, Pernambuco, Brasil",-8.0594093,-34.8939765
1218,2019-02-12 17:59:00,SEM VÍTIMA,BOA VISTA,RUA BARAO DE SAO BORJA, ,653.0,SUBURBIO,ABALROAMENTO LONGITUDINAL,1.0,1.0,1.0,1.0,1.0,1.0,1.0,1.0,1.0,0.0,1.0,Longo da via,Bom,Não existe,Não existente,Seca,Mal iluminada,Não há placas,30 km/h,Única," , RUA BARAO DE SAO BORJA, Recife, Pernambuco, Brasil",-8.0620111,-34.8879149
7084,2019-08-16 14:33:00,VÍTIMA FATAL,BOA VISTA,AV CONDE DA BOA VISTA, ,653.0,CIDADE,ATROPELAMENTO,1.0,1.0,1.0,1.0,1.0,1.0,1.0,1.0,1.0,1.0,1.0,Não informado,Bom,Não existe,Não existente,Seca,Perfeito estado,Não há placas,30 km/h,Única," , AV CONDE DA BOA VISTA, Recife, Pernambuco, Brasil",-8.0601316,-34.885166
7798,2019-09-09 12:22:00,SEM VÍTIMA,BOA VISTA,AV CONDE DA BOA VISTA, ,653.0,SUBURBIO,ABALROAMENTO LONGITUDINAL,1.0,1.0,1.0,1.0,1.0,1.0,1.0,1.0,1.0,0.0,1.0,Cruzamento,Bom,Sem defeito,Incompleta,Seca,Perfeito estado,Não há placas,30 km/h,Dupla," , AV CONDE DA BOA VISTA, Recife, Pernambuco, Brasil",-8.0601316,-34.885166
5410,2019-06-20 18:47:00,SEM VÍTIMA,BOA VISTA,RUA AURORA,703,653.0,SUBURBIO,ABALROAMENTO LONGITUDINAL,1.0,1.0,1.0,1.0,1.0,1.0,1.0,1.0,1.0,0.0,1.0,Longo da via,Bom,Sem defeito,Perfeito estado,Seca,Perfeito estado,Outras,30 km/h,Dupla,"703, RUA AURORA, Recife, Pernambuco, Brasil",-8.0171094,-35.0225571
4091,2019-05-09 16:33:00,SEM VÍTIMA,BOA VISTA,RUA DO RIACHUELO, ,92.0,SUBURBIO,ABALROAMENTO LONGITUDINAL,1.0,1.0,1.0,1.0,1.0,1.0,1.0,1.0,1.0,0.0,1.0,Longo da via,Bom,Sem defeito,Perfeito estado,Seca,Perfeito estado,Não há placas,30 km/h,Única," , RUA DO RIACHUELO, Recife, Pernambuco, Brasil",-8.0607874,-34.8809775
1001,2019-02-06 18:44:00,COM VÍTIMA,BOA VISTA,RUA JOSE DE ALENCAR,264,92.0,SUBURBIO,ABALROAMENTO TRANSVERSAL,2.0,1.0,1.0,1.0,1.0,1.0,1.0,1.0,1.0,1.0,1.0,Cruzamento,Bom,Não existe,Perfeito estado,Seca,Perfeito estado,Placas Pare,30 km/h,Única,"264, RUA JOSE DE ALENCAR, Recife, Pernambuco, Brasil",-8.0611113,-34.888851694990706
7262,2019-08-22 09:56:00,SEM VÍTIMA,BOA VISTA,RUA DOM BOSCO, ,92.0,SUBURBIO,COLISÃO TRASEIRA,1.0,1.0,1.0,1.0,1.0,1.0,1.0,1.0,1.0,0.0,1.0,Longo da via,Bom,Não existe,Perfeito estado,Seca,Perfeito estado,Outras,30 km/h,Única," , RUA DOM BOSCO, Recife, Pernambuco, Brasil",-8.0551501,-34.8956937
5400,2019-06-20 12:45:00,SEM VÍTIMA,BOA VISTA,AV GOVERNADOR AGAMENON MAGALHAES, ,75.0,SUBURBIO,COLISÃO TRASEIRA,2.0,1.0,1.0,1.0,1.0,1.0,1.0,1.0,1.0,0.0,1.0,Cruzamento,Bom,Sem defeito,Perfeito estado,Seca,Perfeito estado,Outras,60 km/h,Dupla," , AV GOVERNADOR AGAMENON MAGALHAES, Recife, Pernambuco, Brasil",-8.0615339,-34.8974443
3431,2019-04-17 18:19:00,SEM VÍTIMA,BOA VISTA,RUA AURORA,573,75.0,SUBURBIO,COLISÃO,2.0,1.0,1.0,1.0,1.0,1.0,1.0,1.0,1.0,0.0,1.0,Cruzamento,Bom,Sem defeito,Perfeito estado,Seca,Perfeito estado,Outras,60 km/h,Dupla,"573, RUA AURORA, Recife, Pernambuco, Brasil",-8.0171094,-35.0225571
11149,2019-12-06 15:55:00,COM VÍTIMA,BOA VISTA,AV CONDE DA BOA VISTA, ,75.0,CIDADE,ATROPELAMENTO,2.0,1.0,1.0,1.0,2.0,1.0,1.0,1.0,1.0,2.0,1.0,Longo da via,Bom,Não existe,Ilegível,Seca,Perfeito estado,Não há placas,60 km/h,Dupla," , AV CONDE DA BOA VISTA, Recife, Pernambuco, Brasil",-8.0601316,-34.885166
10945,2019-12-02 23:51:00,SEM VÍTIMA,BOA VISTA,RUA SETE DE SETEMBRO, ,75.0,CIDADE,COLISÃO,2.0,1.0,1.0,1.0,2.0,1.0,1.0,1.0,1.0,0.0,1.0,Longo da via,Bom,Não existe,Ilegível,Seca,Perfeito estado,Não há placas,60 km/h,Dupla," , RUA SETE DE SETEMBRO, Recife, Pernambuco, Brasil",-8.059757,-34.8825793
11147,2019-12-06 14:53:00,SEM VÍTIMA,BOA VISTA,AV MANOEL BORBA,545,75.0,CIDADE,ABALROAMENTO LONGITUDINAL,1.0,1.0,1.0,1.0,2.0,1.0,1.0,1.0,1.0,0.0,1.0,Cruzamento,Bom,Sem defeito,Perfeito estado,Seca,Perfeito estado,Não há placas,60 km/h,Única,"545, AV MANOEL BORBA, Recife, Pernambuco, Brasil",-8.0595999,-34.8903705
4937,2019-06-06 06:28:00,COM VÍTIMA,BOA VISTA,AV CONDE DA BOA VISTA,1377,299.0,CIDADE,ABALROAMENTO TRANSVERSAL,1.0,1.0,1.0,1.0,2.0,1.0,1.0,1.0,1.0,5.0,1.0,Cruzamento,Bom,Sem defeito,Perfeito estado,Seca,Perfeito estado,Não há placas,60 km/h,Dupla,"1377, AV CONDE DA BOA VISTA, Recife, Pernambuco, Brasil",-8.05677235,-34.89290642379245
7840,2019-09-10 10:34:00,SEM VÍTIMA,BOA VISTA,AV MANOEL BORBA,99,299.0,SUBURBIO,COLISÃO TRASEIRA,2.0,1.0,1.0,1.0,2.0,1.0,1.0,1.0,1.0,0.0,1.0,Longo da via,Bom,Não existe,Perfeito estado,Seca,Perfeito estado,R-6a,60 km/h,Única,"99, AV MANOEL BORBA, Recife, Pernambuco, Brasil",-8.0616935,-34.886730666623976
9699,2019-10-31 16:52:00,SEM VÍTIMA,BOA VISTA,RUA NUNES MACHADO, ,299.0,SUBURBIO,COLISÃO,2.0,1.0,1.0,1.0,2.0,1.0,1.0,1.0,1.0,0.0,1.0,Longo da via,Bom,Não existe,Perfeito estado,Seca,Perfeito estado,R-6a,60 km/h,Única," , RUA NUNES MACHADO, Recife, Pernambuco, Brasil",-8.0556218,-34.8895781
3608,2019-04-24 18:02:00,COM VÍTIMA,BOA VISTA,AV VISCONDE DE SUASSUNA,651,299.0,SUBURBIO,ABALROAMENTO LONGITUDINAL,2.0,1.0,1.0,1.0,2.0,1.0,1.0,1.0,1.0,1.0,1.0,Cruzamento,Chuvoso,Não existe,Perfeito estado,Molhada,Perfeito estado,Placas Pare,60 km/h,Única,"651, AV VISCONDE DE SUASSUNA, Recife, Pernambuco, Brasil",-8.05195805,-34.8875945358224