,data_hora,natureza_acidente,bairro,endereco,numero,num_semaforo,sentido_via,tipo,auto,moto,ciclom,ciclista,pedestre,onibus,caminhao,viatura,outros,vitimas,vitimasfatais,acidente_verificado,tempo_clima,situacao_semaforo,sinalizacao,condicao_via,conservacao_via,situacao_placa,velocidade_max_via,mao_direcao,end,latitude,longitude
8967,2019-10-11 11:00:00,SEM VÍTIMA,BOA VISTA,RUA DOM BOSCO,1104,27.0,SUBURBIO,ABALROAMENTO TRANSVERSAL,2.0,1.0,1.0,1.0,2.0,1.0,1.0,1.0,1.0,0.0,1.0,Longo da via,Bom,Sem defeito,Perfeito estado,Seca,Perfeito estado,Outras,60 km/h,Única,"1104, RUA DOM BOSCO, Recife, Pernambuco, Brasil",-8.056227,-34.895095309312325
328,2019-01-12 19:02:00,SEM VÍTIMA,BOA VISTA,RUA DOM BOSCO, ,27.0,SUBURBIO,COLISÃO,2.0,1.0,1.0,1.0,2.0,1.0,1.0,1.0,1.0,0.0,1.0,Longo da via,Bom,Sem defeito,Perfeito estado,Seca,Perfeito estado,Outras,60 km/h,Única," , RUA DOM BOSCO, Recife, Pernambuco, Brasil",-8.0551501,-34.8956937
3614,2019-04-24 20:38:00,SEM VÍTIMA,BOA VISTA,AV LINS PETIT,75,27.0,SUBURBIO,ABALROAMENTO LONGITUDINAL,2.0,1.0,1.0,1.0,2.0,1.0,1.0,1.0,1.0,0.0,1.0,Longo da via,Bom,Não existe,Perfeito estado,Seca,Perfeito estado,Outras,60 km/h,Dupla,"75, AV LINS PETIT, Recife, Pernambuco, Brasil",-8.0601093,-34.89435110615728
1193,2019-02-12 09:10:00,SEM VÍTIMA,BOA VISTA,AV JOAO DE BARROS,589,27.0,CIDADE,ABALROAMENTO LONGITUDINAL,2.0,1.0,1.0,1.0,2.0,1.0,1.0,1.0,1.0,0.0,1.0,Longo da via,Bom,Não existe,Perfeito estado,Seca,Perfeito estado,Outras,60 km/h,Única,"589, AV JOAO DE BARROS, Recife, Pernambuco, Brasil",-8.0379305,-34.8915966
5290,2019-06-17 07:36:00,SEM VÍTIMA,BOA VISTA,PRC PARQUE AMORIM,34,173.0,SUBURBIO,COLISÃO TRASEIRA,2.0,1.0,1.0,1.0,2.0,1.0,1.0,1.0,1.0,0.0,1.0,Longo da via,Chuvoso,Sem defeito,Perfeito estado,Molhada,Perfeito estado,Não há placas,30 km/h,Única,"34, PRC PARQUE AMORIM, Recife, Pernambuco, Brasil",-8.0379305,-34.8915966
1043,2019-02-07 18:37:00,COM VÍTIMA,BOA VISTA,RUA JOAO FERNANDES VIEIRA,356,173.0,SUBURBIO,ATROPELAMENTO,1.0,1.0,1.0,1.0,1.0,1.0,1.0,1.0,1.0,1.0,1.0,Longo da via,Bom,Sem defeito,Perfeito estado,Seca,Perfeito estado,Outras,40 km/h,Única,"356, RUA JOAO FERNANDES VIEIRA, Recife, Pernambuco, Brasil",-8.0532671,-34.891763255468575
4026,2019-05-07 21:50:00,SEM VÍTIMA,BOA VISTA,RUA DO GIRIQUITI, ,173.0,SUBURBIO,COLISÃO,2.0,1.0,1.0,1.0,1.0,1.0,1.0,1.0,1.0,0.0,1.0,Longo da via,Bom,Sem defeito,Perfeito estado,Seca,Perfeito estado,Outras,40 km/h,Única," , RUA DO GIRIQUITI, Recife, Pernambuco, Brasil",-8.059917,-34.8880243
1759,2019-02-27 20:14:00,COM VÍTIMA,BOA VISTA,AV CONDE DA BOA VISTA,719,173.0,CIDADE,ATROPELAMENTO,2.0,1.0,1.0,1.0,1.0,1.0,1.0,1.0,1.0,1.0,1.0,Longo da via,Bom,Não existe,Perfeito estado,Seca,Perfeito estado,Não há placas,40 km/h,Dupla,"719, AV CONDE DA BOA VISTA, Recife, Pernambuco, Brasil",-8.0601316,-34.885166
4023,2019-05-07 19:58:00,COM VÍTIMA,BOA VISTA,RUA BARAO DE SAO BORJA,161,173.0,SUBURBIO,ABALROAMENTO TRANSVERSAL,3.0,1.0,1.0,1.0,1.0,1.0,1.0,1.0,1.0,1.0,1.0,Cruzamento,Chuvoso,Não existe,Perfeito estado,Molhada,Perfeito estado,Outras,40 km/h,Única,"161, RUA BARAO DE SAO BORJA, Recife, Pernambuco, Brasil",-8.061221849999999,-34.88918608947184
4954,2019-06-06 12:13:00,COM VÍTIMA,BOA VISTA,RUA JOSE DE ALENCAR,137,173.0,SUB/CID,ABALROAMENTO LONGITUDINAL,1.0,1.0,1.0,1.0,1.0,1.0,1.0,1.0,1.0,1.0,1.0,Cruzamento,Bom,Não existe,Perfeito estado,Seca,Perfeito estado,Placas Pare,30 km/h,Única,"137, RUA JOSE DE ALENCAR, Recife, Pernambuco, Brasil",-8.1125257,-34.956528
4955,2019-06-06 12:48:00,SEM VÍTIMA,BOA VISTA,RUA JOSE DE ALENCAR,165,173.0,SUBURBIO,ABALROAMENTO LONGITUDINAL,2.0,1.0,1.0,1.0,1.0,1.0,1.0,1.0,1.0,0.0,1.0,Longo da via,Bom,Não existe,Perfeito estado,Seca,Perfeito estado,Outras,30 km/h,Única,"165, RUA JOSE DE ALENCAR, Recife, Pernambuco, Brasil",-8.1125257,-34.956528
4956,2019-06-06 13:00:00,SEM VÍTIMA,BOA VISTA,RUA JOSE DE ALENCAR, ,173.0,SUBURBIO,COLISÃO,2.0,1.0,1.0,1.0,1.0,1.0,1.0,1.0,1.0,0.0,1.0,Longo da via,Bom,Não existe,Perfeito estado,Seca,Perfeito estado,Outras,30 km/h,Única," , RUA JOSE DE ALENCAR, Recife, Pernambuco, Brasil",-8.1125257,-34.956528
7846,2019-09-10 12:02:00,COM VÍTIMA,BOA VISTA,AV CONDE DA BOA VISTA, ,27.0,SUBURBIO,ABALROAMENTO TRANSVERSAL,2.0,1.0,1.0,1.0,1.0,1.0,1.0,1.0,1.0,1.0,1.0,Cruzamento,Bom,Sem defeito,Perfeito estado,Seca,Perfeito estado,Não há placas,30 km/h,Dupla," , AV CONDE DA BOA VISTA, Recife, Pernambuco, Brasil",-8.0601316,-34.885166
7932,2019-09-12 13:59:00,SEM VÍTIMA,BOA VISTA,RUA DO HOSPICIO, ,27.0,CIDADE,ABALROAMENTO LONGITUDINAL,1.0,1.0,1.0,1.0,1.0,1.0,1.0,1.0,1.0,0.0,1.0,Longo da via,Bom,Não existe,Não existente,Seca,Mal conservada,Outras,30 km/h,Única," , RUA DO HOSPICIO, Recife, Pernambuco, Brasil",-8.0544217,-34.8818867
1750,2019-02-27 17:47:00,SEM VÍTIMA,BOA VISTA,AV MONTEVIDEU,172,27.0,SUBURBIO,ABALROAMENTO TRANSVERSAL,1.0,1.0,1.0,1.0,1.0,1.0,1.0,1.0,1.0,0.0,1.0,Longo da via,Bom,Não existe,Perfeito estado,Seca,Perfeito estado,Não há placas,30 km/h,Única,"172, AV MONTEVIDEU, Recife, Pernambuco, Brasil",-8.0506028,-34.89321961413438
4002,2019-05-06 22:19:00,SEM VÍTIMA,BOA VISTA,RUA GERVASIO PIRES,271,27.0,SUBURBIO,COLISÃO TRASEIRA,2.0,1.0,1.0,1.0,1.0,1.0,1.0,1.0,1.0,0.0,1.0,Longo da via,Bom,Sem defeito,Perfeito estado,Seca,Perfeito estado,R-6a,30 km/h,Única,"271, RUA GERVASIO PIRES, Recife, Pernambuco, Brasil",-8.0598489,-34.8867102
9703,2019-10-31 18:39:00,SEM VÍTIMA,BOA VISTA,RUA NUNES MACHADO, ,27.0,CIDADE,COLISÃO TRASEIRA,2.0,1.0,1.0,1.0,1.0,1.0,1.0,1.0,1.0,0.0,1.0,Longo da via,Bom,Não existe,Incompleta,Seca,Perfeito estado,Outras,30 km/h,Única," , RUA NUNES MACHADO, Recife, Pernambuco, Brasil",-8.0556218,-34.8895781
11318,2019-12-10 16:39:00,SEM VÍTIMA,BOA VISTA,AV GOVERNADOR AGAMENON MAGALHAES, ,27.0,CIDADE,COLISÃO,1.0,1.0,1.0,1.0,1.0,1.0,1.0,1.0,1.0,0.0,1.0,Longo da via,Bom,Não existe,Incompleta,Seca,Perfeito estado,Outras,30 km/h,Única," , AV GOVERNADOR AGAMENON MAGALHAES, Recife, Pernambuco, Brasil",-8.0615339,-34.8974443
9165,2019-10-16 11:11:00,COM VÍTIMA,BOA VISTA,AV CONDE DA BOA VISTA,1379,27.0,SUBURBIO,ATROPELAMENTO,1.0,1.0,1.0,1.0,1.0,1.0,1.0,1.0,1.0,1.0,1.0,Longo da via,Bom,Não existe,Perfeito estado,Seca,Perfeito estado,R-6c,30 km/h,Dupla,"1379, AV CONDE DA BOA VISTA, Recife, Pernambuco, Brasil",-8.0601316,-34.885166
4045,2019-05-08 13:00:00,SEM VÍTIMA,BOA VISTA,RUA MONTE CASTELO,87,27.0,SUBURBIO,COLISÃO TRASEIRA,3.0,1.0,1.0,1.0,1.0,1.0,1.0,1.0,1.0,0.0,1.0,Longo da via,Chuvoso,Não existe,Incompleta,Molhada,Perfeito estado,Não há placas,30 km/h,Única,"87, RUA MONTE CASTELO, Recife, Pernambuco, Brasil",-8.050258849999999,-34.89091020487885
3537,2019-04-22 17:29:00,SEM VÍTIMA,BOA VISTA,AV GOVERNADOR AGAMENON MAGALHAES, ,27.0,SUBURBIO,ABALROAMENTO LONGITUDINAL,1.0,1.0,1.0,1.0,1.0,1.0,1.0,1.0,1.0,0.0,1.0,Longo da via,Bom,Sem defeito,Perfeito estado,Seca,Perfeito estado,Outras,60 km/h,Dupla," , AV GOVERNADOR AGAMENON MAGALHAES, Recife, Pernambuco, Brasil",-8.0615339,-34.8974443
8941,2019-10-10 13:03:00,SEM VÍTIMA,BOA VISTA,RUA JORNALISTA EDMUNDO BITENCOURT, ,27.0,SUBURBIO,COLISÃO,2.0,1.0,1.0,1.0,1.0,1.0,1.0,1.0,1.0,0.0,1.0,Longo da via,Bom,Sem defeito,Perfeito estado,Seca,Perfeito estado,Outras,60 km/h,Dupla," , RUA JORNALISTA EDMUNDO BITENCOURT, Recife, Pernambuco, Brasil",-8.0639099,-34.890752
4662,2019-05-28 14:04:00,SEM VÍTIMA,BOA VISTA,RUA JOSE DE ALENCAR,725,27.0,CIDADE,ABALROAMENTO TRANSVERSAL,2.0,1.0,1.0,1.0,1.0,1.0,1.0,1.0,1.0,0.0,1.0,Longo da via,Bom,Não existe,Não existente,Seca,Perfeito estado,R-6a,60 km/h,Dupla,"725, RUA JOSE DE ALENCAR, Recife, Pernambuco, Brasil",-8.0645029,-34.89114647815036
10010,2019-11-08 16:26:00,SEM VÍTIMA,BOA VISTA,RUA DA AURORA, ,27.0,SUBURBIO,ABALROAMENTO LONGITUDINAL,2.0,1.0,1.0,1.0,1.0,1.0,1.0,1.0,1.0,0.0,1.0,Longo da via,Bom,Não existe,Perfeito estado,Seca,Mal conservada,Outras,60 km/h,Única," , RUA DA AURORA, Recife, Pernambuco, Brasil",-8.0576918,-34.8788536
4914,2019-06-05 12:41:00,SEM VÍTIMA,BOA VISTA,RUA DO HOSPICIO, ,27.0,SUBURBIO,COLISÃO TRASEIRA,2.0,1.0,1.0,1.0,1.0,1.0,1.0,1.0,1.0,0.0,1.0,Longo da via,Chuvoso,Não existe,Perfeito estado,Molhada,Perfeito estado,Outras,60 km/h,Única," , RUA DO HOSPICIO, Recife, Pernambuco, Brasil",-8.0544217,-34.8818867
1801,2019-02-28 22:29:00,SEM VÍTIMA,BOA VISTA,PRC PARQUE AMORIM, ,27.0,SUBURBIO,COLISÃO,2.0,1.0,1.0,1.0,1.0,1.0,1.0,1.0,1.0,0.0,1.0,Longo da via,Chuvoso,Não existe,Perfeito estado,Molhada,Perfeito estado,Outras,60 km/h,Única," , PRC PARQUE AMORIM, Recife, Pernambuco, Brasil",-8.0544217,-34.8818867
4916,2019-06-05 13:57:00,SEM VÍTIMA,BOA VISTA,RUA JOAQUIM DE BRITO, ,27.0,SUBURBIO,COLISÃO,2.0,1.0,1.0,1.0,1.0,1.0,1.0,1.0,1.0,0.0,1.0,Longo da via,Chuvoso,Não existe,Perfeito estado,Molhada,Perfeito estado,Outras,60 km/h,Única," , RUA JOAQUIM DE BRITO, Recife, Pernambuco, Brasil",-8.0621563,-34.892752
10949,2019-12-03 06:33:00,SEM VÍTIMA,BOA VISTA,RUA JOSE DE ALENCAR,264,27.0,SUBURBIO,COLISÃO,2.0,1.0,1.0,1.0,1.0,1.0,1.0,1.0,1.0,0.0,1.0,Longo da via,Chuvoso,Não existe,Perfeito estado,Molhada,Perfeito estado,Outras,60 km/h,Única,"264, RUA JOSE DE ALENCAR, Recife, Pernambuco, Brasil",-8.0611113,-34.888851694990706
5336,2019-06-18 16:24:00,COM VÍTIMA,BOA VISTA,AV CONDE DA BOA VISTA, ,27.0,CIDADE,ATROPELAMENTO,1.0,1.0,1.0,1.0,1.0,1.0,1.0,1.0,1.0,1.0,1.0,Longo da via,Bom,Não existe,Não existente,Seca,Perfeito estado,Não há placas,60 km/h,Dupla," , AV CONDE DA BOA VISTA, Recife, Pernambuco, Brasil",-8.0601316,-34.885166
5310,2019-06-17 21:52:00,SEM VÍTIMA,BOA VISTA,AV MANOEL BORBA, ,29.0,CIDADE,ABALROAMENTO TRANSVERSAL,1.0,1.0,1.0,1.0,1.0,1.0,1.0,1.0,1.0,0.0,1.0,Cruzamento,Chuvoso,Com defeito,Não existente,Molhada,Perfeito estado,Não há placas,60 km/h,Única," , AV MANOEL BORBA, Recife, Pernambuco, Brasil",-8.0594093,-34.8939765
11951,2019-12-27 06:42:00,COM VÍTIMA,BOA VISTA,RUA PRINCESA IZABEL, ,29.0,CIDADE,COLISÃO COM CICLISTA,1.0,1.0,1.0,1.0,1.0,1.0,1.0,1.0,1.0,1.0,1.0,Cruzamento,Chuvoso,Com defeito,Não existente,Molhada,Perfeito estado,Não há placas,60 km/h,Única," , RUA PRINCESA IZABEL, Recife, Pernambuco, Brasil",-8.1236018,-35.0916404
9991,2019-11-08 11:38:00,SEM VÍTIMA,BOA VISTA,RUA DO HOSPICIO,51,29.0,CIDADE,ABALROAMENTO LONGITUDINAL,2.0,1.0,1.0,1.0,1.0,1.0,1.0,1.0,1.0,0.0,1.0,Longo da via,Bom,Não existe,Não existente,Seca,Perfeito estado,Outras,60 km/h,Única,"51, RUA DO HOSPICIO, Recife, Pernambuco, Brasil",-8.061937050000001,-34.88540311056879
10961,2019-12-03 09:40:00,SEM VÍTIMA,BOA VISTA,RUA DO HOSPICIO, ,31.0,CIDADE,COLISÃO TRASEIRA,1.0,1.0,1.0,1.0,1.0,1.0,1.0,1.0,1.0,0.0,1.0,Longo da via,Bom,Sem defeito,Perfeito estado,Seca,Perfeito estado,Não há placas,60 km/h,Dupla," , RUA DO HOSPICIO, Recife, Pernambuco, Brasil",-8.0544217,-34.8818867
8148,2019-09-18 15:11:00,COM VÍTIMA,BOA VISTA,RUA DO HOSPICIO, ,31.0,CIDADE,COLISÃO,1.0,1.0,1.0,1.0,1.0,1.0,1.0,1.0,1.0,1.0,1.0,Cruzamento,Bom,Sem defeito,Perfeito estado,Seca,Perfeito estado,Não há placas,60 km/h,Dupla," , RUA DO HOSPICIO, Recife, Pernambuco, Brasil",-8.0544217,-34.8818867
4919,2019-06-05 14:30:00,SEM VÍTIMA,BOA VISTA,RUA AURORA, ,210.0,CIDADE,ABALROAMENTO LONGITUDINAL,2.0,1.0,1.0,1.0,1.0,1.0,1.0,1.0,1.0,0.0,1.0,Longo da via,Bom,Sem defeito,Perfeito estado,Seca,Perfeito estado,Não há placas,60 km/h,Única," , RUA AURORA, Recife, Pernambuco, Brasil",-8.0171094,-35.0225571
7226,2019-08-21 09:43:00,SEM VÍTIMA,BOA VISTA,TRV CORREIA NETO,573,210.0,SUBURBIO,COLISÃO TRASEIRA,2.0,1.0,1.0,1.0,1.0,1.0,1.0,1.0,1.0,0.0,1.0,Longo da via,Bom,Não existe,Perfeito estado,Seca,Perfeito estado,Não há placas,60 km/h,Única,"573, TRV CORREIA NETO, Recife, Pernambuco, Brasil",-8.0171094,-35.0225571
9168,2019-10-16 12:16:00,SEM VÍTIMA,BOA VISTA,AV GOVERNADOR AGAMENON MAGALHAES, ,210.0,SUBURBIO,COLISÃO TRASEIRA,3.0,1.0,1.0,1.0,1.0,1.0,1.0,1.0,1.0,0.0,1.0,Longo da via,Bom,Não existe,Perfeito estado,Seca,Perfeito estado,Não há placas,60 km/h,Dupla," , AV GOVERNADOR AGAMENON MAGALHAES, Recife, Pernambuco, Brasil",-8.0615339,-34.8974443
1039,2019-02-07 18:06:00,SEM VÍTIMA,BOA VISTA,RUA DO HOSPICIO, ,210.0,SUBURBIO,COLISÃO,2.0,1.0,1.0,1.0,1.0,1.0,1.0,1.0,1.0,0.0,1.0,Longo da via,Bom,Não existe,Perfeito estado,Seca,Perfeito estado,Não há placas,60 km/h,Dupla," , RUA DO HOSPICIO, Recife, Pernambuco, Brasil",-8.0544217,-34.8818867
3589,2019-04-24 07:58:00,SEM VÍTIMA,BOA VISTA,AV JOAO DE BARROS, ,210.0,CIDADE,ABALROAMENTO TRANSVERSAL,1.0,1.0,1.0,1.0,1.0,1.0,1.0,1.0,1.0,0.0,1.0,Longo da via,Nublado,Não existe,Não existente,Seca,Perfeito estado,Não há placas,60 km/h,Única," , AV JOAO DE BARROS, Recife, Pernambuco, Brasil",-8.0379305,-34.8915966
1775,2019-02-28 09:54:00,SEM VÍTIMA,BOA VISTA,RUA DO PRINCIPE, ,176.0,CIDADE,COLISÃO,1.0,2.0,1.0,1.0,1.0,1.0,1.0,1.0,1.0,0.0,1.0,Longo da via,Nublado,Não existe,Não existente,Seca,Perfeito estado,Não há placas,60 km/h,Única," , RUA DO PRINCIPE, Recife, Pernambuco, Brasil",-8.0578135,-34.8834359
7235,2019-08-21 14:29:00,SEM VÍTIMA,BOA VISTA,AV MONTEVIDEU,644,176.0,CIDADE,ABALROAMENTO LONGITUDINAL,2.0,2.0,1.0,1.0,1.0,1.0,1.0,1.0,1.0,0.0,1.0,Longo da via,Bom,Não existe,Perfeito estado,Seca,Perfeito estado,Outras,60 km/h,Única,"644, AV MONTEVIDEU, Recife, Pernambuco, Brasil",-8.0517656,-34.8938861
10253,2019-11-14 13:22:00,SEM VÍTIMA,BOA VISTA,RUA DO HOSPICIO,737,176.0,CIDADE,ABALROAMENTO LONGITUDINAL,1.0,2.0,1.0,1.0,1.0,1.0,1.0,1.0,1.0,0.0,1.0,Longo da via,Bom,Não existe,Perfeito estado,Seca,Perfeito estado,R-6a,60 km/h,Única,"737, RUA DO HOSPICIO, Recife, Pernambuco, Brasil",-8.0561996,-34.88327259936866
9345,2019-10-22 09:20:00,SEM VÍTIMA,BOA VISTA,RUA JOAO FERNANDES VIEIRA,769,176.0,CIDADE,ABALROAMENTO LONGITUDINAL,2.0,2.0,1.0,1.0,1.0,1.0,1.0,1.0,1.0,0.0,1.0,Longo da via,Bom,Não existe,Não existente,Seca,Perfeito estado,Não há placas,60 km/h,Única,"769, RUA JOAO FERNANDES VIEIRA, Recife, Pernambuco, Brasil",-8.05261335,-34.89468090338728
68,2019-01-03 14:28:00,SEM VÍTIMA,BOA VISTA,RUA JOSE DE ALENCAR,646,176.0,CIDADE,ABALROAMENTO LONGITUDINAL,2.0,2.0,1.0,1.0,1.0,1.0,1.0,1.0,1.0,0.0,1.0,Cruzamento,Bom,Não existe,Incompleta,Seca,Perfeito estado,Placas Pare,30 km/h,Dupla,"646, RUA JOSE DE ALENCAR, Recife, Pernambuco, Brasil",-8.0638389,-34.890863
731,2019-01-29 12:19:00,SEM VÍTIMA,BOA VISTA,RUA AURORA, ,176.0,CIDADE,ABALROAMENTO LONGITUDINAL,2.0,2.0,1.0,1.0,1.0,1.0,1.0,1.0,1.0,0.0,1.0,Longo da via,Bom,Sem defeito,Perfeito estado,Seca,Perfeito estado,Outras,30 km/h,Única," , RUA AURORA, Recife, Pernambuco, Brasil",-8.0171094,-35.0225571
6524,2019-07-31 09:59:00,SEM VÍTIMA,BOA VISTA,RUA GERVASIO PIRES,179,169.0,CIDADE,COLISÃO,3.0,2.0,1.0,1.0,1.0,1.0,1.0,1.0,1.0,0.0,1.0,Longo da via,Bom,Sem defeito,Perfeito estado,Seca,Perfeito estado,Outras,30 km/h,Única,"179, RUA GERVASIO PIRES, Recife, Pernambuco, Brasil",-8.060551,-34.8871846319214
5901,2019-07-08 14:59:00,SEM VÍTIMA,BOA VISTA,RUA JOSE DE ALENCAR,522,169.0,CIDADE,ABALROAMENTO TRANSVERSAL,2.0,2.0,1.0,1.0,1.0,1.0,1.0,1.0,1.0,0.0,1.0,Cruzamento,Bom,Não existe,Perfeito estado,Seca,Perfeito estado,Placas Pare,30 km/h,Única,"522, RUA JOSE DE ALENCAR, Recife, Pernambuco, Brasil",-8.0629351,-34.890089068428296
2501,2019-03-21 20:03:00,SEM VÍTIMA,BOA VISTA,RUA JOSE DE ALENCAR,137,169.0,SUBURBIO,ABALROAMENTO LONGITUDINAL,2.0,2.0,1.0,1.0,1.0,1.0,1.0,1.0,1.0,0.0,1.0,Cruzamento,Bom,Não existe,Perfeito estado,Seca,Perfeito estado,Não há placas,30 km/h,Única,"137, RUA JOSE DE ALENCAR, Recife, Pernambuco, Brasil",-8.1125257,-34.956528
2879,2019-04-02 06:25:00,SEM VÍTIMA,BOA VISTA,RUA DO PRINCIPE, ,41.0,SUBURBIO,ABALROAMENTO LONGITUDINAL,1.0,2.0,1.0,1.0,1.0,1.0,1.0,1.0,1.0,0.0,1.0,Cruzamento,Bom,Sem defeito,Perfeito estado,Seca,Perfeito estado,Não há placas,60 km/h,Única," , RUA DO PRINCIPE, Recife, Pernambuco, Brasil",-8.0578135,-34.8834359
7634,2019-09-03 16:35:00,SEM VÍTIMA,BOA VISTA,RUA JOSE DE ALENCAR, ,725.0,SUBURBIO,COLISÃO,2.0,2.0,1.0,1.0,1.0,1.0,1.0,1.0,1.0,0.0,1.0,Cruzamento,Bom,Sem defeito,Perfeito estado,Seca,Perfeito estado,Não há placas,60 km/h,Única," , RUA JOSE DE ALENCAR, Recife, Pernambuco, Brasil",-8.1125257,-34.956528
10373,2019-11-18 13:15:00,SEM VÍTIMA,BOA VISTA,AV CONDE DA BOA VISTA, ,23.0,CIDADE,ABALROAMENTO LONGITUDINAL,2.0,1.0,1.0,1.0,1.0,1.0,1.0,1.0,1.0,0.0,1.0,Longo da via,Bom,Sem defeito,Incompleta,Seca,Outros,Outras,60 km/h,Dupla," , AV CONDE DA BOA VISTA, Recife, Pernambuco, Brasil",-8.0601316,-34.885166
8298,2019-09-23 10:09:00,SEM VÍTIMA,BOA VISTA,AV JOAO DE BARROS, ,23.0,CIDADE,COLISÃO TRASEIRA,1.0,1.0,1.0,1.0,1.0,1.0,1.0,1.0,1.0,0.0,1.0,Longo da via,Bom,Não existe,Perfeito estado,Seca,Perfeito estado,Não há placas,60 km/h,Única," , AV JOAO DE BARROS, Recife, Pernambuco, Brasil",-8.0379305,-34.8915966
2896,2019-04-02 14:05:00,SEM VÍTIMA,BOA VISTA,RUA HENRIQUE DIAS,895A,23.0,CIDADE,ABALROAMENTO TRANSVERSAL,1.0,1.0,1.0,1.0,1.0,1.0,1.0,1.0,1.0,0.0,1.0,Longo da via,Bom,Não existe,Perfeito estado,Seca,Perfeito estado,Não há placas,60 km/h,Única,"895A, RUA HENRIQUE DIAS, Recife, Pernambuco, Brasil",-8.0588746,-34.8977438
455,2019-01-18 10:57:00,SEM VÍTIMA,BOA VISTA,RUA HENRIQUE DIAS,255,23.0,CIDADE,ABALROAMENTO LONGITUDINAL,1.0,1.0,1.0,1.0,1.0,1.0,1.0,1.0,1.0,0.0,1.0,Longo da via,Bom,Não existe,Ilegível,Seca,Mal conservada,Não há placas,60 km/h,Única,"255, RUA HENRIQUE DIAS, Recife, Pernambuco, Brasil",-8.0590011,-34.89686919066797
453,2019-01-18 10:10:00,SEM VÍTIMA,BOA VISTA,RUA DR BANDEIRA FILHO, ,173.0,SUBURBIO,COLISÃO TRASEIRA,1.0,1.0,1.0,1.0,1.0,1.0,1.0,1.0,1.0,0.0,1.0,Longo da via,Bom,Não existe,Perfeito estado,Seca,Perfeito estado,Outras,60 km/h,Única," , RUA DR BANDEIRA FILHO, Recife, Pernambuco, Brasil",-8.0590011,-34.89686919066797
6434,2019-07-27 14:23:00,SEM VÍTIMA,BOA VISTA,AV GOVERNADOR AGAMENON MAGALHAES, ,37.0,SUBURBIO,ABALROAMENTO LONGITUDINAL,1.0,1.0,1.0,1.0,1.0,1.0,1.0,1.0,1.0,0.0,1.0,Longo da via,Bom,Sem defeito,Perfeito estado,Seca,Perfeito estado,Outras,60 km/h,Dupla," , AV GOVERNADOR AGAMENON MAGALHAES, Recife, Pernambuco, Brasil",-8.0615339,-34.8974443
8299,2019-09-23 10:58:00,SEM VÍTIMA,BOA VISTA,PRC PARQUE AMORIM, ,173.0,SUBURBIO,COLISÃO TRASEIRA,1.0,1.0,1.0,1.0,1.0,1.0,1.0,1.0,1.0,0.0,1.0,Longo da via,Bom,Sem defeito,Perfeito estado,Seca,Perfeito estado,R-6a,60 km/h,Única," , PRC PARQUE AMORIM, Recife, Pernambuco, Brasil",-8.0615339,-34.8974443
7633,2019-09-03 16:31:00,SEM VÍTIMA,BOA VISTA,RUA DO PRINCIPE,500,173.0,CIDADE,ABALROAMENTO LONGITUDINAL,1.0,1.0,1.0,1.0,1.0,1.0,1.0,1.0,1.0,0.0,1.0,Longo da via,Bom,Não existe,Perfeito estado,Seca,Perfeito estado,R-6a,60 km/h,Única,"500, RUA DO PRINCIPE, Recife, Pernambuco, Brasil",-8.05582375,-34.88738735
10365,2019-11-18 11:09:00,SEM VÍTIMA,BOA VISTA,AV GOVERNADOR AGAMENON MAGALHAES, ,173.0,CIDADE,COLISÃO,2.0,1.0,1.0,1.0,1.0,1.0,1.0,1.0,1.0,0.0,1.0,Longo da via,Bom,Não existe,Perfeito estado,Seca,Perfeito estado,R-6a,60 km/h,Única," , AV GOVERNADOR AGAMENON MAGALHAES, Recife, Pernambuco, Brasil",-8.0615339,-34.8974443
12033,2019-12-30 09:39:00,SEM VÍTIMA,BOA VISTA,PRC PARQUE AMORIM, ,173.0,SUBURBIO,ABALROAMENTO LONGITUDINAL,1.0,1.0,1.0,1.0,1.0,1.0,1.0,1.0,1.0,0.0,1.0,Longo da via,Bom,Não existe,Perfeito estado,Seca,Perfeito estado,Outras,40 km/h,Única," , PRC PARQUE AMORIM, Recife, Pernambuco, Brasil",-8.0615339,-34.8974443
11760,2019-12-20 22:55:00,COM VÍTIMA,BOA VISTA,AV CONDE DA BOA VISTA, ,173.0,SUBURBIO,COLISÃO,1.0,1.0,1.0,1.0,1.0,1.0,1.0,1.0,1.0,1.0,1.0,Longo da via,Bom,Não existe,Perfeito estado,Seca,Perfeito estado,Outras,40 km/h,Única," , AV CONDE DA BOA VISTA, Recife, Pernambuco, Brasil",-8.0601316,-34.885166
6188,2019-07-18 11:34:00,SEM VÍTIMA,BOA VISTA,AV CONDE DA BOA VISTA, ,173.0,CIDADE,COLISÃO TRASEIRA,1.0,1.0,1.0,1.0,1.0,1.0,1.0,1.0,1.0,0.0,1.0,Longo da via,Bom,Não existe,Incompleta,Seca,Perfeito estado,Outras,40 km/h,Dupla," , AV CONDE DA BOA VISTA, Recife, Pernambuco, Brasil",-8.0601316,-34.885166