,data_hora,natureza_acidente,bairro,endereco,numero,num_semaforo,sentido_via,tipo,auto,moto,ciclom,ciclista,pedestre,onibus,caminhao,viatura,outros,vitimas,vitimasfatais,acidente_verificado,tempo_clima,situacao_semaforo,sinalizacao,condicao_via,conservacao_via,situacao_placa,velocidade_max_via,mao_direcao,end,latitude,longitude
5767,2019-07-03 18:13:00,COM VÍTIMA,BOMBA DO HEMETÉRIO,RUA BOMBA DO HEMETERIO,127,306.0,CIDADE,ABALROAMENTO TRANSVERSAL,1.0,1.0,1.0,1.0,1.0,1.0,1.0,1.0,1.0,1.0,1.0,Cruzamento,Bom,Não existe,Perfeito estado,Seca,Perfeito estado,Não há placas,40 km/h,Dupla,"127, RUA BOMBA DO HEMETERIO, Recife, Pernambuco, Brasil",-8.0206518,-34.9020015
3463,2019-04-18 19:05:00,SEM VÍTIMA,BOMBA DO HEMETÉRIO,RUA BOMBA DO HEMETERIO,203,306.0,SUBURBIO,ABALROAMENTO LONGITUDINAL,1.0,1.0,1.0,1.0,1.0,1.0,1.0,1.0,1.0,0.0,1.0,Longo da via,Bom,Não existe,Perfeito estado,Seca,Perfeito estado,Não há placas,30 km/h,Dupla,"203, RUA BOMBA DO HEMETERIO, Recife, Pernambuco, Brasil",-8.0206518,-34.9020015
5705,2019-07-01 16:40:00,COM VÍTIMA,BOMBA DO HEMETÉRIO,RUA CORREGO DO EUCLIDES,104,306.0,SUBURBIO,ATROPELAMENTO,1.0,1.0,1.0,1.0,1.0,1.0,1.0,1.0,1.0,1.0,1.0,Longo da via,Bom,Não existe,Perfeito estado,Seca,Perfeito estado,Não há placas,30 km/h,Dupla,"104, RUA CORREGO DO EUCLIDES, Recife, Pernambuco, Brasil",-8.0182872,-34.9115994
676,2019-01-26 18:24:00,SEM VÍTIMA,BOMBA DO HEMETÉRIO,RUA BOMBA DO HEMETERIO, ,306.0,SUBURBIO,COLISÃO,1.0,1.0,1.0,1.0,1.0,1.0,1.0,1.0,1.0,0.0,1.0,Longo da via,Bom,Não existe,Perfeito estado,Seca,Perfeito estado,Não há placas,30 km/h,Dupla," , RUA BOMBA DO HEMETERIO, Recife, Pernambuco, Brasil",-8.0235395,-34.8981907
10514,2019-11-21 22:11:00,COM VÍTIMA,BOMBA DO HEMETÉRIO,RUA BOMBA DO HEMETERIO,138,306.0,SUBURBIO,ABALROAMENTO TRANSVERSAL,1.0,1.0,1.0,1.0,1.0,1.0,1.0,1.0,1.0,1.0,1.0,Cruzamento,Bom,Não existe,Ilegível,Seca,Mal conservada,R-6a,30 km/h,Dupla,"138, RUA BOMBA DO HEMETERIO, Recife, Pernambuco, Brasil",-8.0206518,-34.9020015
9333,2019-10-21 19:09:00,SEM VÍTIMA,BOMBA DO HEMETÉRIO,RUA CHA DE ALEGRIA, ,306.0,SUBURBIO,CHOQUE VEÍCULO PARADO,1.0,1.0,1.0,1.0,1.0,1.0,1.0,1.0,1.0,0.0,1.0,Longo da via,Bom,Não existe,Perfeito estado,Seca,Perfeito estado,Não há placas,30 km/h,Dupla," , RUA CHA DE ALEGRIA, Recife, Pernambuco, Brasil",-8.0204604,-34.9034013
6172,2019-07-17 21:41:00,SEM VÍTIMA,BOMBA DO HEMETÉRIO,EST VELHA DE AGUA FRIA,343,306.0,SUBURBIO,COLISÃO TRASEIRA,2.0,1.0,1.0,1.0,1.0,1.0,1.0,1.0,1.0,0.0,1.0,Longo da via,Chuvoso,Não existe,Não existente,Molhada,Perfeito estado,Não há placas,60 km/h,Única,"343, EST VELHA DE AGUA FRIA, Recife, Pernambuco, Brasil",-8.0204604,-34.9034013
10606,2019-11-24 12:32:00,SEM VÍTIMA,BOMBA DO HEMETÉRIO,RUA CORREGO JOSE GRANDE,135,306.0,SUBURBIO,ABALROAMENTO LONGITUDINAL,2.0,1.0,1.0,1.0,1.0,1.0,1.0,1.0,1.0,0.0,1.0,Longo da via,Bom,Não existe,Não existente,Seca,Perfeito estado,Não há placas,60 km/h,Dupla,"135, RUA CORREGO JOSE GRANDE, Recife, Pernambuco, Brasil",-8.0143043,-34.9094211
2946,2019-04-04 07:14:00,COM VÍTIMA,BOMBA DO HEMETÉRIO,RUA BOMBA DO HEMETERIO,155,306.0,CIDADE,ABALROAMENTO LONGITUDINAL,1.0,1.0,1.0,1.0,1.0,1.0,1.0,1.0,1.0,1.0,1.0,Longo da via,Bom,Não existe,Perfeito estado,Seca,Perfeito estado,Não há placas,60 km/h,Dupla,"155, RUA BOMBA DO HEMETERIO, Recife, Pernambuco, Brasil",-8.0206518,-34.9020015
11240,2019-12-09 02:44:00,SEM VÍTIMA,BOMBA DO HEMETÉRIO,RUA BOMBA DO HEMETERIO,135,306.0,SUBURBIO,COLISÃO TRASEIRA,2.0,1.0,1.0,1.0,1.0,1.0,1.0,1.0,1.0,0.0,1.0,Longo da via,Bom,Não existe,Perfeito estado,Seca,Mal iluminada,Não há placas,40 km/h,Dupla,"135, RUA BOMBA DO HEMETERIO, Recife, Pernambuco, Brasil",-8.0206518,-34.9020015
6668,2019-08-04 09:36:00,COM VÍTIMA,BOMBA DO HEMETÉRIO,RUA SAO SEBASTIAO,130,306.0,SUBURBIO,ACID. DE PERCURSO,2.0,1.0,1.0,1.0,1.0,1.0,1.0,1.0,1.0,1.0,1.0,Longo da via,Bom,Não existe,Perfeito estado,Seca,Mal iluminada,Não há placas,40 km/h,Dupla,"130, RUA SAO SEBASTIAO, Recife, Pernambuco, Brasil",-7.9900324,-34.9073811
2328,2019-03-17 20:09:00,COM VÍTIMA,BOMBA DO HEMETÉRIO,RUA JACYARA,408,306.0,SUBURBIO,COLISÃO FRONTAL,2.0,1.0,1.0,1.0,1.0,1.0,1.0,1.0,1.0,1.0,1.0,Cruzamento,Bom,Não existe,Perfeito estado,Seca,Perfeito estado,Não há placas,40 km/h,Dupla,"408, RUA JACYARA, Recife, Pernambuco, Brasil",-8.020941,-34.9001843
3138,2019-04-09 16:10:00,SEM VÍTIMA,BOMBA DO HEMETÉRIO,RUA PADRE OLIVEIRA,237,306.0,SUBURBIO,ABALROAMENTO LONGITUDINAL,1.0,1.0,1.0,1.0,1.0,1.0,1.0,1.0,1.0,0.0,1.0,Longo da via,Bom,Não existe,Não existente,Seca,Perfeito estado,Não há placas,40 km/h,Dupla,"237, RUA PADRE OLIVEIRA, Recife, Pernambuco, Brasil",-8.020941,-34.9001843
263,2019-01-10 19:31:00,SEM VÍTIMA,BOMBA DO HEMETÉRIO,RUA PADRE OLIVEIRA, ,306.0,CIDADE,CHOQUE OBJETO FIXO,1.0,1.0,1.0,1.0,1.0,1.0,1.0,1.0,1.0,0.0,1.0,Longo da via,Bom,Não existe,Perfeito estado,Seca,Perfeito estado,Não há placas,40 km/h,Dupla," , nan, Recife, Pernambuco, Brasil",-8.0584933,-34.8848193
2963,2019-04-04 14:21:00,SEM VÍTIMA,BOMBA DO HEMETÉRIO,RUA BOMBA DO HEMETERIO,560,306.0,CIDADE,COLISÃO,1.0,1.0,1.0,1.0,1.0,1.0,1.0,1.0,1.0,0.0,1.0,Longo da via,Bom,Não existe,Perfeito estado,Seca,Perfeito estado,Não há placas,40 km/h,Dupla,"560, RUA BOMBA DO HEMETERIO, Recife, Pernambuco, Brasil",-8.0206518,-34.9020015
3660,2019-04-26 08:55:00,SEM VÍTIMA,BOMBA DO HEMETÉRIO,RUA CHA DE ALEGRIA,219,306.0,SUBURBIO,ABALROAMENTO LONGITUDINAL,1.0,1.0,1.0,1.0,1.0,1.0,1.0,1.0,1.0,0.0,1.0,Longo da via,Bom,Não existe,Perfeito estado,Seca,Perfeito estado,Outras,30 km/h,Dupla,"219, RUA CHA DE ALEGRIA, Recife, Pernambuco, Brasil",-8.0204604,-34.9034013
6708,2019-08-05 16:01:00,SEM VÍTIMA,BOMBA DO HEMETÉRIO,RUA CORREGO DO EUCLIDES,596,306.0,SUBURBIO,ABALROAMENTO LONGITUDINAL,1.0,1.0,1.0,1.0,1.0,1.0,1.0,1.0,1.0,0.0,1.0,Longo da via,Bom,Não existe,Perfeito estado,Seca,Perfeito estado,Outras,30 km/h,Dupla,"596, RUA CORREGO DO EUCLIDES, Recife, Pernambuco, Brasil",-8.0182872,-34.9115994
6715,2019-08-06 03:44:00,COM VÍTIMA,BOMBA DO HEMETÉRIO,EST VELHA DE AGUA FRIA,1780,306.0,SUBURBIO,CHOQUE OBJETO FIXO,1.0,1.0,1.0,1.0,1.0,1.0,1.0,1.0,1.0,1.0,1.0,Longo da via,Bom,Não existe,Perfeito estado,Seca,Perfeito estado,Outras,30 km/h,Dupla,"1780, EST VELHA DE AGUA FRIA, Recife, Pernambuco, Brasil",-8.0182872,-34.9115994
4625,2019-05-27 15:37:00,SEM VÍTIMA,BOMBA DO HEMETÉRIO,AV NORTE,5154,306.0,SUBURBIO,COLISÃO,1.0,1.0,1.0,1.0,1.0,1.0,1.0,1.0,1.0,0.0,1.0,Longo da via,Bom,Não existe,Perfeito estado,Seca,Perfeito estado,Outras,30 km/h,Dupla,"5154, AV NORTE, Recife, Pernambuco, Brasil",-8.027844,-34.903102
815,2019-01-31 17:18:00,SEM VÍTIMA,BOMBA DO HEMETÉRIO,RUA BOMBA DO HEMETERIO,1293,306.0,SUBURBIO,ABALROAMENTO LONGITUDINAL,1.0,1.0,1.0,1.0,1.0,1.0,1.0,1.0,1.0,0.0,1.0,Longo da via,Bom,Sem defeito,Perfeito estado,Seca,Perfeito estado,Não há placas,60 km/h,Dupla,"1293, RUA BOMBA DO HEMETERIO, Recife, Pernambuco, Brasil",-8.0206518,-34.9020015
1300,2019-02-14 19:02:00,COM VÍTIMA,BOMBA DO HEMETÉRIO,RUA BOMBA DO HEMETERIO, ,306.0,SUBURBIO,ATROPELAMENTO,1.0,1.0,1.0,1.0,1.0,1.0,1.0,1.0,1.0,1.0,1.0,Longo da via,Bom,Sem defeito,Perfeito estado,Seca,Perfeito estado,Não há placas,60 km/h,Dupla," , RUA BOMBA DO HEMETERIO, Recife, Pernambuco, Brasil",-8.0235395,-34.8981907
11232,2019-12-08 19:31:00,COM VÍTIMA,BOMBA DO HEMETÉRIO,RUA CHA DE ALEGRIA, ,306.0,SUBURBIO,COLISÃO,2.0,1.0,1.0,1.0,1.0,1.0,1.0,1.0,1.0,1.0,1.0,Longo da via,Bom,Sem defeito,Perfeito estado,Seca,Perfeito estado,Não há placas,60 km/h,Dupla," , RUA CHA DE ALEGRIA, Recife, Pernambuco, Brasil",-8.0204604,-34.9034013
3920,2019-05-03 12:26:00,COM VÍTIMA,BOMBA DO HEMETÉRIO,RUA BOMBA DO HEMETERIO,1293,306.0,CIDADE,ATROPELAMENTO,2.0,1.0,1.0,1.0,1.0,1.0,1.0,1.0,1.0,1.0,1.0,Longo da via,Bom,Não existe,Perfeito estado,Seca,Perfeito estado,Não há placas,60 km/h,Dupla,"1293, RUA BOMBA DO HEMETERIO, Recife, Pernambuco, Brasil",-8.0206518,-34.9020015
2142,2019-03-12 18:25:00,COM VÍTIMA,BOMBA DO HEMETÉRIO,RUA DR EUDES COSTA,284,306.0,SUBURBIO,ABALROAMENTO LONGITUDINAL,1.0,1.0,1.0,1.0,1.0,1.0,1.0,1.0,1.0,1.0,1.0,Longo da via,Bom,Não existe,Perfeito estado,Seca,Perfeito estado,Não há placas,40 km/h,Dupla,"284, RUA DR EUDES COSTA, Recife, Pernambuco, Brasil",-8.0206518,-34.9020015
9024,2019-10-12 20:55:00,COM VÍTIMA,BOMBA DO HEMETÉRIO,RUA BOMBA DO HEMETERIO,405,306.0,SUBURBIO,ABALROAMENTO TRANSVERSAL,2.0,1.0,1.0,1.0,1.0,1.0,1.0,1.0,1.0,1.0,1.0,Longo da via,Bom,Não existe,Perfeito estado,Seca,Perfeito estado,Outras,40 km/h,Dupla,"405, RUA BOMBA DO HEMETERIO, Recife, Pernambuco, Brasil",-8.0206518,-34.9020015
8995,2019-10-11 20:08:00,SEM VÍTIMA,BOMBA DO HEMETÉRIO,RUA CHA DE ALEGRIA,164,306.0,SUBURBIO,COLISÃO,1.0,1.0,1.0,1.0,1.0,1.0,1.0,1.0,1.0,0.0,1.0,Longo da via,Bom,Não existe,Perfeito estado,Seca,Perfeito estado,Outras,40 km/h,Dupla,"164, RUA CHA DE ALEGRIA, Recife, Pernambuco, Brasil",-8.0204604,-34.9034013
1303,2019-02-14 20:59:00,SEM VÍTIMA,BOMBA DO HEMETÉRIO,RUA PADRE OLIVEIRA, ,306.0,SUBURBIO,COLISÃO,1.0,1.0,1.0,1.0,1.0,1.0,1.0,1.0,1.0,0.0,1.0,Longo da via,Bom,Não existe,Perfeito estado,Seca,Perfeito estado,Outras,40 km/h,Dupla," , RUA PADRE OLIVEIRA, Recife, Pernambuco, Brasil",-8.0204604,-34.9034013
9256,2019-10-18 17:27:00,SEM VÍTIMA,BOMBA DO HEMETÉRIO,EST VELHA DE AGUA FRIA,1485,306.0,CIDADE,ABALROAMENTO LONGITUDINAL,1.0,1.0,1.0,1.0,1.0,1.0,1.0,1.0,1.0,0.0,1.0,Longo da via,Bom,Não existe,Perfeito estado,Seca,Perfeito estado,Outras,40 km/h,Única,"1485, EST VELHA DE AGUA FRIA, Recife, Pernambuco, Brasil",-8.0204604,-34.9034013
9847,2019-11-04 18:42:00,SEM VÍTIMA,BOMBA DO HEMETÉRIO,RUA TAMBOARA,72,306.0,CIDADE,ABALROAMENTO LONGITUDINAL,1.0,1.0,1.0,1.0,1.0,1.0,1.0,1.0,1.0,0.0,1.0,Longo da via,Bom,Não existe,Não existente,Seca,Perfeito estado,Não há placas,40 km/h,Dupla,"72, RUA TAMBOARA, Recife, Pernambuco, Brasil",-8.0177145,-34.9056869
14,2019-01-02 06:41:00,SEM VÍTIMA,BOMBA DO HEMETÉRIO,RUA PADRE OLIVEIRA,786,306.0,SUBURBIO,ABALROAMENTO LONGITUDINAL,1.0,1.0,1.0,1.0,1.0,1.0,1.0,1.0,1.0,0.0,1.0,Longo da via,Bom,Não existe,Perfeito estado,Seca,Perfeito estado,Não há placas,40 km/h,Dupla,"786, RUA PADRE OLIVEIRA, Recife, Pernambuco, Brasil",-8.0177145,-34.9056869
6720,2019-08-06 08:26:00,SEM VÍTIMA,BOMBA DO HEMETÉRIO,RUA BOMBA DO HEMETERIO,567,306.0,SUBURBIO,ABALROAMENTO LONGITUDINAL,2.0,1.0,1.0,1.0,1.0,1.0,1.0,1.0,1.0,0.0,1.0,Longo da via,Nublado,Não existe,Perfeito estado,Molhada,Perfeito estado,Não há placas,40 km/h,Dupla,"567, RUA BOMBA DO HEMETERIO, Recife, Pernambuco, Brasil",-8.0206518,-34.9020015
6762,2019-08-07 10:27:00,COM VÍTIMA,BOMBA DO HEMETÉRIO,COR DO BARTOLOMEU,563,306.0,SUBURBIO,CHOQUE OBJETO FIXO,2.0,1.0,1.0,1.0,1.0,1.0,1.0,1.0,1.0,1.0,1.0,Longo da via,Bom,Não existe,Perfeito estado,Seca,Perfeito estado,Placas Dê a preferência,40 km/h,Dupla,"563, COR DO BARTOLOMEU, Recife, Pernambuco, Brasil",-8.0206518,-34.9020015
4680,2019-05-29 07:51:00,SEM VÍTIMA,BOMBA DO HEMETÉRIO,RUA CHA DE ALEGRIA,235,306.0,SUBURBIO,COLISÃO TRASEIRA,2.0,1.0,1.0,1.0,1.0,1.0,1.0,1.0,1.0,0.0,1.0,Longo da via,Chuvoso,Não existe,Perfeito estado,Molhada,Perfeito estado,Outras,40 km/h,Dupla,"235, RUA CHA DE ALEGRIA, Recife, Pernambuco, Brasil",-8.0204604,-34.9034013
9965,2019-11-07 18:44:00,SEM VÍTIMA,BOMBA DO HEMETÉRIO,RUA CHA DE ALEGRIA,343,306.0,SUBURBIO,ABALROAMENTO LONGITUDINAL,1.0,1.0,1.0,1.0,1.0,1.0,1.0,1.0,1.0,0.0,1.0,Longo da via,Bom,Não existe,Incompleta,Seca,Mal conservada,R-6a,40 km/h,Dupla,"343, RUA CHA DE ALEGRIA, Recife, Pernambuco, Brasil",-8.0204604,-34.9034013
10314,2019-11-16 09:28:00,SEM VÍTIMA,BOMBA DO HEMETÉRIO,COR DA CALMA, ,306.0,SUBURBIO,ABALROAMENTO LONGITUDINAL,1.0,1.0,1.0,1.0,1.0,1.0,1.0,1.0,1.0,0.0,1.0,Longo da via,Bom,Não existe,Não existente,Seca,Mal conservada,Não há placas,40 km/h,Única," , COR DA CALMA, Recife, Pernambuco, Brasil",-8.0204604,-34.9034013
1949,2019-03-07 10:10:00,SEM VÍTIMA,BONGI,AV ENGENHEIRO ABDIAS DE CARVALHO, ,328.0,SUBURBIO,ABALROAMENTO LONGITUDINAL,1.0,1.0,1.0,1.0,1.0,1.0,1.0,1.0,1.0,0.0,1.0,Longo da via,Bom,Sem defeito,Perfeito estado,Seca,Perfeito estado,Não há placas,60 km/h,Única," , AV ENGENHEIRO ABDIAS DE CARVALHO, Recife, Pernambuco, Brasil",-8.0623704,-34.9319576
9184,2019-10-16 21:11:00,COM VÍTIMA,BONGI,AV ENGENHEIRO ABDIAS DE CARVALHO, ,58.0,SUBURBIO,ABALROAMENTO TRANSVERSAL,1.0,1.0,1.0,1.0,1.0,1.0,1.0,1.0,1.0,1.0,1.0,Cruzamento,Bom,Sem defeito,Perfeito estado,Seca,Perfeito estado,R-6a,50 km/h,Dupla," , AV ENGENHEIRO ABDIAS DE CARVALHO, Recife, Pernambuco, Brasil",-8.0623704,-34.9319576
857,2019-02-01 19:50:00,SEM VÍTIMA,BONGI,RUA HERCULES FLORENCE, ,58.0,SUBURBIO,ACID. DE PERCURSO,1.0,1.0,1.0,1.0,1.0,1.0,1.0,1.0,1.0,0.0,1.0,Cruzamento,Bom,Sem defeito,Perfeito estado,Seca,Perfeito estado,R-6a,50 km/h,Dupla," , RUA HERCULES FLORENCE, Recife, Pernambuco, Brasil",-8.0626158,-34.9146715
11872,2019-12-24 12:41:00,SEM VÍTIMA,BONGI,EST DO BONGI, ,233.0,SUBURBIO,COLISÃO TRASEIRA,1.0,1.0,1.0,1.0,1.0,1.0,1.0,1.0,1.0,0.0,1.0,Longo da via,Bom,Sem defeito,Perfeito estado,Seca,Perfeito estado,R-6a,40 km/h,Dupla," , EST DO BONGI, Recife, Pernambuco, Brasil",-8.06712115,-34.920112446793304
9228,2019-10-18 08:03:00,SEM VÍTIMA,BONGI,AV ENGENHEIRO ABDIAS DE CARVALHO, ,375.0,CIDADE,COLISÃO TRASEIRA,2.0,1.0,1.0,1.0,1.0,1.0,1.0,1.0,1.0,0.0,1.0,Longo da via,Bom,Sem defeito,Perfeito estado,Seca,Perfeito estado,R-6a,40 km/h,Dupla," , AV ENGENHEIRO ABDIAS DE CARVALHO, Recife, Pernambuco, Brasil",-8.0623704,-34.9319576
7971,2019-09-13 13:31:00,SEM VÍTIMA,BONGI,AV ENGENHEIRO ABDIAS DE CARVALHO,2800,375.0,SUBURBIO,COLISÃO TRASEIRA,1.0,1.0,1.0,1.0,1.0,1.0,1.0,1.0,1.0,0.0,1.0,Longo da via,Bom,Sem defeito,Perfeito estado,Seca,Perfeito estado,Outras,60 km/h,Única,"2800, AV ENGENHEIRO ABDIAS DE CARVALHO, Recife, Pernambuco, Brasil",-8.0601674,-34.9272559
3480,2019-04-20 08:25:00,SEM VÍTIMA,BONGI,AV ENGENHEIRO ABDIAS DE CARVALHO,240,375.0,SUBURBIO,COLISÃO,2.0,1.0,1.0,1.0,1.0,1.0,1.0,1.0,1.0,0.0,1.0,Longo da via,Bom,Sem defeito,Perfeito estado,Seca,Perfeito estado,Outras,60 km/h,Única,"240, AV ENGENHEIRO ABDIAS DE CARVALHO, Recife, Pernambuco, Brasil",-8.0617202,-34.9304282
9884,2019-11-05 16:54:00,COM VÍTIMA,BONGI,RUA CARLOS GOMES,932,375.0,SUBURBIO,ABALROAMENTO TRANSVERSAL,2.0,2.0,1.0,1.0,1.0,1.0,1.0,1.0,1.0,2.0,1.0,Cruzamento,Bom,Não existe,Incompleta,Seca,Perfeito estado,R-6a,60 km/h,Única,"932, RUA CARLOS GOMES, Recife, Pernambuco, Brasil",-8.063794,-34.9137606
5191,2019-06-14 07:23:00,SEM VÍTIMA,BONGI,EST DO BONGI, ,375.0,SUBURBIO,ABALROAMENTO LONGITUDINAL,2.0,2.0,1.0,1.0,1.0,1.0,1.0,1.0,1.0,0.0,1.0,Cruzamento,Bom,Não existe,Incompleta,Seca,Perfeito estado,Não há placas,60 km/h,Dupla," , EST DO BONGI, Recife, Pernambuco, Brasil",-8.06712115,-34.920112446793304
4836,2019-06-03 16:55:00,SEM VÍTIMA,BONGI,RUA ISAAC MARKMAN, ,375.0,SUBURBIO,ABALROAMENTO LONGITUDINAL,1.0,2.0,1.0,1.0,1.0,1.0,1.0,1.0,1.0,0.0,1.0,Cruzamento,Bom,Não existe,Perfeito estado,Seca,Perfeito estado,Outras,60 km/h,Dupla," , RUA ISAAC MARKMAN, Recife, Pernambuco, Brasil",-8.0648129,-34.9201079
7193,2019-08-20 10:57:00,SEM VÍTIMA,BONGI,RUA SERRA DA CANASTRA,310,375.0,SUBURBIO,COLISÃO,1.0,2.0,1.0,1.0,1.0,1.0,1.0,1.0,1.0,0.0,1.0,Cruzamento,Bom,Não existe,Perfeito estado,Seca,Perfeito estado,Outras,60 km/h,Dupla,"310, RUA SERRA DA CANASTRA, Recife, Pernambuco, Brasil",-8.0611494,-34.9304561
463,2019-01-18 15:04:00,SEM VÍTIMA,BONGI,RUA MARIA AUGUSTA,519,375.0,SUBURBIO,COLISÃO,2.0,2.0,1.0,1.0,1.0,1.0,1.0,1.0,1.0,0.0,1.0,Cruzamento,Bom,Não existe,Perfeito estado,Seca,Perfeito estado,Outras,60 km/h,Dupla,"519, RUA MARIA AUGUSTA, Recife, Pernambuco, Brasil",-8.0611494,-34.9304561
8364,2019-09-25 09:14:00,COM VÍTIMA,BONGI,RUA SANTA EDWIRGES,295,375.0,CIDADE,ABALROAMENTO TRANSVERSAL,1.0,1.0,1.0,1.0,1.0,1.0,1.0,1.0,1.0,1.0,1.0,Cruzamento,Bom,Não existe,Ilegível,Seca,Mal conservada,Outras,60 km/h,Única,"295, RUA SANTA EDWIRGES, Recife, Pernambuco, Brasil",-8.0626415,-34.9117027
38,2019-01-02 15:32:00,VÍTIMA FATAL,BONGI,EST DO BONGI,919,375.0,CIDADE,COLISÃO COM CICLISTA,1.0,1.0,1.0,1.0,1.0,1.0,1.0,1.0,1.0,1.0,1.0,Cruzamento,Bom,Sem defeito,Perfeito estado,Seca,Mal conservada,Outras,60 km/h,Dupla,"919, EST DO BONGI, Recife, Pernambuco, Brasil",-8.0626415,-34.9117027
3398,2019-04-16 21:02:00,SEM VÍTIMA,BONGI,AV ENGENHEIRO ABDIAS DE CARVALHO, ,375.0,SUBURBIO,COLISÃO TRASEIRA,3.0,1.0,1.0,1.0,1.0,1.0,1.0,1.0,1.0,0.0,1.0,Longo da via,Bom,Sem defeito,Perfeito estado,Seca,Perfeito estado,Outras,60 km/h,Dupla," , AV ENGENHEIRO ABDIAS DE CARVALHO, Recife, Pernambuco, Brasil",-8.0623704,-34.9319576
2670,2019-03-27 07:36:00,SEM VÍTIMA,BONGI,AV ENGENHEIRO ABDIAS DE CARVALHO, ,422.0,CIDADE,COLISÃO TRASEIRA,2.0,1.0,1.0,1.0,1.0,1.0,1.0,1.0,1.0,0.0,1.0,Longo da via,Chuvoso,Sem defeito,Perfeito estado,Molhada,Perfeito estado,Não há placas,60 km/h,Dupla," , AV ENGENHEIRO ABDIAS DE CARVALHO, Recife, Pernambuco, Brasil",-8.0623704,-34.9319576
9798,2019-11-03 20:43:00,SEM VÍTIMA,BONGI,RUA ISAAC MARKMAN,201,422.0,SUBURBIO,ABALROAMENTO LONGITUDINAL,1.0,1.0,1.0,1.0,1.0,1.0,1.0,1.0,1.0,0.0,1.0,Cruzamento,Bom,Não existe,Perfeito estado,Seca,Perfeito estado,Placas Pare,40 km/h,Dupla,"201, RUA ISAAC MARKMAN, Recife, Pernambuco, Brasil",-8.0655596,-34.9186101
11602,2019-12-17 12:32:00,SEM VÍTIMA,BONGI,RUA DELMIRO GOUVEIA, ,586.0,SUBURBIO,COLISÃO TRASEIRA,2.0,1.0,1.0,1.0,1.0,1.0,1.0,1.0,1.0,0.0,1.0,Longo da via,Bom,Sem defeito,Perfeito estado,Seca,Perfeito estado,Placas Pare,40 km/h,Dupla," , RUA DELMIRO GOUVEIA, Recife, Pernambuco, Brasil",-8.063085,-34.9314246
3407,2019-04-17 09:43:00,COM VÍTIMA,BONGI,TRV ESTRADA DO BONGI, ,586.0,SUBURBIO,COLISÃO,1.0,1.0,1.0,1.0,1.0,1.0,1.0,1.0,1.0,1.0,1.0,Longo da via,Bom,Sem defeito,Perfeito estado,Seca,Perfeito estado,Placas Pare,40 km/h,Dupla," , TRV ESTRADA DO BONGI, Recife, Pernambuco, Brasil",-8.063085,-34.9314246
11828,2019-12-23 09:46:00,SEM VÍTIMA,BONGI,AV ENGENHEIRO ABDIAS DE CARVALHO, ,586.0,SUBURBIO,COLISÃO,2.0,1.0,1.0,1.0,1.0,1.0,1.0,1.0,1.0,0.0,1.0,Longo da via,Bom,Sem defeito,Perfeito estado,Seca,Perfeito estado,Placas Pare,40 km/h,Dupla," , AV ENGENHEIRO ABDIAS DE CARVALHO, Recife, Pernambuco, Brasil",-8.0623704,-34.9319576
5107,2019-06-11 14:38:00,COM VÍTIMA,BONGI,RUA ITAPEMIRIM, ,586.0,SUBURBIO,ABALROAMENTO TRANSVERSAL,1.0,1.0,1.0,1.0,1.0,1.0,1.0,1.0,1.0,1.0,1.0,Longo da via,Bom,Não existe,Não existente,Seca,Perfeito estado,Não há placas,40 km/h,Dupla," , RUA ITAPEMIRIM, Recife, Pernambuco, Brasil",-8.0680221,-34.924315
1195,2019-02-12 09:41:00,COM VÍTIMA,BONGI,AV MANOEL GONCALVES DA LUZ,344,586.0,SUBURBIO,ATROPELAMENTO,1.0,1.0,1.0,1.0,1.0,1.0,1.0,1.0,1.0,1.0,1.0,Longo da via,Bom,Não existe,Perfeito estado,Seca,Perfeito estado,R-6a,40 km/h,Dupla,"344, AV MANOEL GONCALVES DA LUZ, Recife, Pernambuco, Brasil",-8.0680794,-34.9174783
6752,2019-08-06 20:16:00,SEM VÍTIMA,BONGI,AV MANOEL GONCALVES DA LUZ,429,586.0,SUBURBIO,ABALROAMENTO LONGITUDINAL,1.0,1.0,1.0,1.0,1.0,1.0,1.0,1.0,1.0,0.0,1.0,Longo da via,Bom,Não existe,Perfeito estado,Seca,Perfeito estado,R-6a,40 km/h,Dupla,"429, AV MANOEL GONCALVES DA LUZ, Recife, Pernambuco, Brasil",-8.0749813,-34.9183519
1840,2019-03-01 18:32:00,SEM VÍTIMA,BONGI,AV ENGENHEIRO ABDIAS DE CARVALHO, ,586.0,SUBURBIO,COLISÃO,2.0,1.0,1.0,1.0,1.0,1.0,1.0,1.0,1.0,0.0,1.0,Longo da via,Bom,Não existe,Perfeito estado,Seca,Perfeito estado,R-6a,40 km/h,Dupla," , AV ENGENHEIRO ABDIAS DE CARVALHO, Recife, Pernambuco, Brasil",-8.0623704,-34.9319576
1841,2019-03-01 19:00:00,SEM VÍTIMA,BONGI,AV CONSUL VILARES FRAGOSO, ,586.0,SUB/CID,ABALROAMENTO TRANSVERSAL,2.0,1.0,1.0,1.0,1.0,1.0,1.0,1.0,1.0,0.0,1.0,Cruzamento,Bom,Não existe,Perfeito estado,Seca,Perfeito estado,Placas Pare,40 km/h,Dupla," , AV CONSUL VILARES FRAGOSO, Recife, Pernambuco, Brasil",-8.0673165,-34.9231951
11419,2019-12-12 16:56:00,SEM VÍTIMA,BONGI,AV GENERAL SAN MARTIN,1083,586.0,SUB/CID,COLISÃO,2.0,1.0,1.0,1.0,1.0,1.0,1.0,1.0,1.0,0.0,1.0,Cruzamento,Bom,Não existe,Perfeito estado,Seca,Perfeito estado,Placas Pare,40 km/h,Dupla,"1083, AV GENERAL SAN MARTIN, Recife, Pernambuco, Brasil",-8.0590704,-34.924561364848145