,data_hora,natureza_acidente,bairro,endereco,numero,num_semaforo,sentido_via,tipo,auto,moto,ciclom,ciclista,pedestre,onibus,caminhao,viatura,outros,vitimas,vitimasfatais,acidente_verificado,tempo_clima,situacao_semaforo,sinalizacao,condicao_via,conservacao_via,situacao_placa,velocidade_max_via,mao_direcao,end,latitude,longitude
7376,2019-08-26 11:17:00,SEM VÍTIMA,BONGI,AV CONSUL VILARES FRAGOSO,445,586.0,SUB/CID,ABALROAMENTO TRANSVERSAL,1.0,1.0,1.0,1.0,1.0,1.0,1.0,1.0,1.0,0.0,1.0,Cruzamento,Bom,Não existe,Não existente,Seca,Mal conservada,Placas Pare,40 km/h,Dupla,"445, AV CONSUL VILARES FRAGOSO, Recife, Pernambuco, Brasil",-8.0673165,-34.9231951
4172,2019-05-12 22:21:00,COM VÍTIMA,BONGI,RUA DONA MARIA AUGUSTA NOGUEIRA,76,586.0,SUBURBIO,ATROPELAMENTO,1.0,1.0,1.0,1.0,1.0,1.0,1.0,1.0,1.0,1.0,1.0,Longo da via,Bom,Não existe,Perfeito estado,Seca,Perfeito estado,Não há placas,40 km/h,Dupla,"76, RUA DONA MARIA AUGUSTA NOGUEIRA, Recife, Pernambuco, Brasil",-8.0621511,-34.9217574
1386,2019-02-18 08:49:00,SEM VÍTIMA,BONGI,AV ENGENHEIRO ABDIAS DE CARVALHO, ,57.0,SUBURBIO,ABALROAMENTO LONGITUDINAL,2.0,1.0,1.0,1.0,1.0,1.0,1.0,1.0,1.0,0.0,1.0,Longo da via,Bom,Sem defeito,Perfeito estado,Seca,Perfeito estado,Não há placas,40 km/h,Dupla," , AV ENGENHEIRO ABDIAS DE CARVALHO, Recife, Pernambuco, Brasil",-8.0623704,-34.9319576
4566,2019-05-25 04:33:00,SEM VÍTIMA,BONGI,AV ENGENHEIRO ABDIAS DE CARVALHO, ,375.0,CIDADE,CHOQUE OBJETO FIXO,1.0,1.0,1.0,1.0,1.0,1.0,1.0,1.0,1.0,0.0,1.0,Longo da via,Bom,Sem defeito,Perfeito estado,Seca,Perfeito estado,R-6a,60 km/h,Dupla," , AV ENGENHEIRO ABDIAS DE CARVALHO, Recife, Pernambuco, Brasil",-8.0623704,-34.9319576
11713,2019-12-20 07:45:00,COM VÍTIMA,BONGI,AV ENGENHEIRO ABDIAS DE CARVALHO,2082,375.0,SUBURBIO,COLISÃO TRASEIRA,1.0,1.0,1.0,1.0,1.0,1.0,1.0,1.0,1.0,1.0,1.0,Longo da via,Bom,Não existe,Perfeito estado,Seca,Perfeito estado,Outras,60 km/h,Dupla,"2082, AV ENGENHEIRO ABDIAS DE CARVALHO, Recife, Pernambuco, Brasil",-8.0617202,-34.9304282
2842,2019-04-01 08:19:00,SEM VÍTIMA,BONGI,AV ENGENHEIRO ABDIAS DE CARVALHO, ,132.0,SUBURBIO,COLISÃO,2.0,1.0,1.0,1.0,1.0,1.0,1.0,1.0,1.0,0.0,1.0,Longo da via,Bom,Não existe,Perfeito estado,Seca,Perfeito estado,Outras,60 km/h,Dupla," , AV ENGENHEIRO ABDIAS DE CARVALHO, Recife, Pernambuco, Brasil",-8.0623704,-34.9319576
6395,2019-07-26 07:24:00,COM VÍTIMA,BONGI,AV GENERAL SAN MARTIN, ,58.0,SUBURBIO,COLISÃO COM CICLISTA,1.0,1.0,1.0,1.0,1.0,1.0,1.0,1.0,1.0,1.0,1.0,Longo da via,Chuvoso,Sem defeito,Perfeito estado,Molhada,Perfeito estado,Outras,60 km/h,Dupla," , AV GENERAL SAN MARTIN, Recife, Pernambuco, Brasil",-8.0713227,-34.9288578
9301,2019-10-20 16:23:00,SEM VÍTIMA,BONGI,RUA ALEXANDRE PADILHA,240 A,58.0,SUBURBIO,ABALROAMENTO TRANSVERSAL,1.0,1.0,1.0,1.0,1.0,1.0,1.0,1.0,1.0,0.0,1.0,Longo da via,Bom,Não existe,Não existente,Seca,Perfeito estado,Não há placas,30 km/h,Dupla,"240 A, RUA ALEXANDRE PADILHA, Recife, Pernambuco, Brasil",-8.0664321,-34.9176564
2445,2019-03-20 16:18:00,COM VÍTIMA,BONGI,AV ENGENHEIRO ABDIAS DE CARVALHO, ,534.0,CIDADE,ABALROAMENTO TRANSVERSAL,1.0,2.0,1.0,1.0,1.0,1.0,1.0,1.0,1.0,2.0,1.0,Cruzamento,Bom,Sem defeito,Perfeito estado,Seca,Perfeito estado,R-6a,30 km/h,Dupla," , AV ENGENHEIRO ABDIAS DE CARVALHO, Recife, Pernambuco, Brasil",-8.0623704,-34.9319576
271,2019-01-11 07:48:00,SEM VÍTIMA,BONGI,AV ENGENHEIRO ABDIAS DE CARVALHO, ,534.0,CIDADE,COLISÃO TRASEIRA,2.0,2.0,1.0,1.0,1.0,1.0,1.0,1.0,1.0,0.0,1.0,Longo da via,Bom,Sem defeito,Perfeito estado,Seca,Perfeito estado,R-6a,30 km/h,Dupla," , AV ENGENHEIRO ABDIAS DE CARVALHO, Recife, Pernambuco, Brasil",-8.0623704,-34.9319576
7382,2019-08-26 14:19:00,SEM VÍTIMA,BONGI,AV CONSUL VILARES FRAGOSO,36,534.0,CIDADE,ABALROAMENTO LONGITUDINAL,2.0,2.0,1.0,1.0,1.0,1.0,1.0,1.0,1.0,0.0,1.0,Cruzamento,Nublado,Não existe,Ilegível,Seca,Perfeito estado,Não há placas,30 km/h,Dupla,"36, AV CONSUL VILARES FRAGOSO, Recife, Pernambuco, Brasil",-8.0673165,-34.9231951
8427,2019-09-26 16:35:00,COM VÍTIMA,BONGI,AV ENGENHEIRO ABDIAS DE CARVALHO, ,534.0,CIDADE,COLISÃO COM CICLISTA,1.0,2.0,1.0,1.0,1.0,1.0,1.0,1.0,1.0,1.0,1.0,Cruzamento,Bom,Sem defeito,Perfeito estado,Seca,Perfeito estado,R-4a,30 km/h,Dupla," , AV ENGENHEIRO ABDIAS DE CARVALHO, Recife, Pernambuco, Brasil",-8.0623704,-34.9319576
9470,2019-10-25 11:55:00,SEM VÍTIMA,BONGI,AV ENGENHEIRO ABDIAS DE CARVALHO,1701,534.0,CIDADE,ABALROAMENTO LONGITUDINAL,1.0,2.0,1.0,1.0,1.0,1.0,1.0,1.0,1.0,0.0,1.0,Longo da via,Bom,Não existe,Perfeito estado,Seca,Perfeito estado,R-6a,60 km/h,Dupla,"1701, AV ENGENHEIRO ABDIAS DE CARVALHO, Recife, Pernambuco, Brasil",-8.0618764,-34.9214391
10123,2019-11-11 17:34:00,SEM VÍTIMA,BONGI,RUA ISAAC MARKMAN,432,534.0,CIDADE,ABALROAMENTO TRANSVERSAL,2.0,2.0,1.0,1.0,1.0,1.0,1.0,1.0,1.0,0.0,1.0,Longo da via,Bom,Não existe,Perfeito estado,Seca,Perfeito estado,Outras,60 km/h,Dupla,"432, RUA ISAAC MARKMAN, Recife, Pernambuco, Brasil",-8.0648129,-34.9201079
1766,2019-02-28 06:59:00,SEM VÍTIMA,BONGI,AV ENGENHEIRO ABDIAS DE CARVALHO, ,132.0,CIDADE,ABALROAMENTO TRANSVERSAL,2.0,2.0,1.0,1.0,1.0,1.0,1.0,1.0,1.0,0.0,1.0,Longo da via,Bom,Sem defeito,Perfeito estado,Seca,Perfeito estado,Não há placas,60 km/h,Dupla," , AV ENGENHEIRO ABDIAS DE CARVALHO, Recife, Pernambuco, Brasil",-8.0623704,-34.9319576
8944,2019-10-10 15:05:00,SEM VÍTIMA,BONGI,EST DO BONGI,225,132.0,CIDADE,COLISÃO,2.0,2.0,1.0,1.0,1.0,1.0,1.0,1.0,1.0,0.0,1.0,Longo da via,Bom,Sem defeito,Perfeito estado,Seca,Perfeito estado,Não há placas,60 km/h,Dupla,"225, EST DO BONGI, Recife, Pernambuco, Brasil",-8.06712115,-34.920112446793304
2550,2019-03-22 21:58:00,SEM VÍTIMA,BONGI,EST DO BONGI, ,132.0,SUBURBIO,ABALROAMENTO TRANSVERSAL,1.0,1.0,1.0,1.0,1.0,1.0,1.0,1.0,1.0,0.0,1.0,Longo da via,Bom,Não existe,Perfeito estado,Seca,Perfeito estado,Não há placas,30 km/h,Dupla," , EST DO BONGI, Recife, Pernambuco, Brasil",-8.06712115,-34.920112446793304
3565,2019-04-23 14:30:00,SEM VÍTIMA,BONGI,AV ENGENHEIRO ABDIAS DE CARVALHO,1399,132.0,SUBURBIO,COLISÃO,1.0,1.0,1.0,1.0,1.0,1.0,1.0,1.0,1.0,0.0,1.0,Longo da via,Bom,Não existe,Perfeito estado,Seca,Perfeito estado,Não há placas,30 km/h,Dupla,"1399, AV ENGENHEIRO ABDIAS DE CARVALHO, Recife, Pernambuco, Brasil",-8.0642208,-34.9366445
4739,2019-05-31 06:59:00,SEM VÍTIMA,BONGI,AV ENGENHEIRO ABDIAS DE CARVALHO, ,57.0,SUBURBIO,ABALROAMENTO LONGITUDINAL,1.0,1.0,1.0,1.0,1.0,1.0,1.0,1.0,1.0,0.0,1.0,Cruzamento,Bom,Sem defeito,Perfeito estado,Seca,Perfeito estado,Não há placas,60 km/h,Dupla," , AV ENGENHEIRO ABDIAS DE CARVALHO, Recife, Pernambuco, Brasil",-8.0623704,-34.9319576
4732,2019-05-30 17:28:00,COM VÍTIMA,BONGI,AV ENGENHEIRO ABDIAS DE CARVALHO,12,57.0,CIDADE,COLISÃO TRASEIRA,1.0,1.0,1.0,1.0,1.0,1.0,1.0,1.0,1.0,1.0,1.0,Cruzamento,Bom,Sem defeito,Perfeito estado,Seca,Perfeito estado,Não há placas,60 km/h,Dupla,"12, AV ENGENHEIRO ABDIAS DE CARVALHO, Recife, Pernambuco, Brasil",-8.0627505,-34.9134623
7699,2019-09-05 15:16:00,SEM VÍTIMA,BONGI,AV ENGENHEIRO ABDIAS DE CARVALHO, ,57.0,CIDADE,COLISÃO TRASEIRA,2.0,1.0,1.0,1.0,1.0,1.0,1.0,1.0,1.0,0.0,1.0,Longo da via,Bom,Sem defeito,Perfeito estado,Seca,Perfeito estado,Outras,60 km/h,Única," , AV ENGENHEIRO ABDIAS DE CARVALHO, Recife, Pernambuco, Brasil",-8.0623704,-34.9319576
6844,2019-08-09 12:58:00,SEM VÍTIMA,BONGI,AV GENERAL SAN MARTIN,1449,57.0,CIDADE,ABALROAMENTO LONGITUDINAL,1.0,1.0,1.0,1.0,1.0,1.0,1.0,1.0,1.0,0.0,1.0,Longo da via,Bom,Não existe,Perfeito estado,Seca,Perfeito estado,R-6a,60 km/h,Dupla,"1449, AV GENERAL SAN MARTIN, Recife, Pernambuco, Brasil",-8.0613552,-34.9259463
764,2019-01-30 12:44:00,SEM VÍTIMA,BONGI,RUA SANTA EDWIRGES,390,57.0,SUBURBIO,ABALROAMENTO LONGITUDINAL,1.0,1.0,1.0,1.0,1.0,1.0,1.0,1.0,1.0,0.0,1.0,Longo da via,Bom,Não existe,Perfeito estado,Seca,Perfeito estado,Outras,40 km/h,Única,"390, RUA SANTA EDWIRGES, Recife, Pernambuco, Brasil",-8.06465975,-34.912730251470606
4862,2019-06-04 11:17:00,SEM VÍTIMA,BONGI,AV ENGENHEIRO ABDIAS DE CARVALHO,899,57.0,CIDADE,ABALROAMENTO LONGITUDINAL,1.0,2.0,1.0,1.0,1.0,1.0,1.0,1.0,1.0,0.0,1.0,Longo da via,Bom,Não existe,Perfeito estado,Seca,Perfeito estado,Outras,40 km/h,Dupla,"899, AV ENGENHEIRO ABDIAS DE CARVALHO, Recife, Pernambuco, Brasil",-8.0617202,-34.9304282
1808,2019-03-01 07:56:00,SEM VÍTIMA,BONGI,AV MANOEL GONCALVES DA LUZ,473,57.0,SUBURBIO,CHOQUE VEÍCULO PARADO,1.0,2.0,1.0,1.0,1.0,1.0,1.0,1.0,1.0,0.0,1.0,Longo da via,Bom,Sem defeito,Perfeito estado,Seca,Perfeito estado,Outras,40 km/h,Dupla,"473, AV MANOEL GONCALVES DA LUZ, Recife, Pernambuco, Brasil",-8.0693766,-34.9174976
3530,2019-04-22 13:30:00,SEM VÍTIMA,BONGI,EST DO BONGI,761,57.0,CIDADE,COLISÃO,1.0,1.0,1.0,1.0,1.0,1.0,1.0,1.0,1.0,0.0,1.0,Longo da via,Bom,Sem defeito,Perfeito estado,Seca,Perfeito estado,Outras,40 km/h,Dupla,"761, EST DO BONGI, Recife, Pernambuco, Brasil",-8.06712115,-34.920112446793304
3503,2019-04-21 13:35:00,SEM VÍTIMA,BONGI,EST DOS REMEDIOS, ,52.0,SUBURBIO,ABALROAMENTO LONGITUDINAL,2.0,1.0,1.0,1.0,1.0,1.0,1.0,1.0,1.0,0.0,1.0,Cruzamento,Bom,Sem defeito,Perfeito estado,Seca,Perfeito estado,Outras,50 km/h,Única," , EST DOS REMEDIOS, Recife, Pernambuco, Brasil",-8.06712115,-34.920112446793304
5311,2019-06-17 22:05:00,SEM VÍTIMA,BONGI,AV ENGENHEIRO ABDIAS DE CARVALHO, ,52.0,SUBURBIO,ABALROAMENTO LONGITUDINAL,1.0,1.0,1.0,1.0,1.0,1.0,1.0,1.0,1.0,0.0,1.0,Longo da via,Chuvoso,Sem defeito,Perfeito estado,Molhada,Perfeito estado,R-6a,60 km/h,Dupla," , AV ENGENHEIRO ABDIAS DE CARVALHO, Recife, Pernambuco, Brasil",-8.0623704,-34.9319576
748,2019-01-30 09:33:00,SEM VÍTIMA,BONGI,AV ENGENHEIRO ABDIAS DE CARVALHO, ,327.0,CIDADE,COLISÃO TRASEIRA,1.0,1.0,1.0,1.0,1.0,1.0,1.0,1.0,1.0,0.0,1.0,Longo da via,Bom,Sem defeito,Perfeito estado,Seca,Perfeito estado,Outras,60 km/h,Dupla," , AV ENGENHEIRO ABDIAS DE CARVALHO, Recife, Pernambuco, Brasil",-8.0623704,-34.9319576
858,2019-02-01 19:56:00,COM VÍTIMA,BONGI,AV ENGENHEIRO ABDIAS DE CARVALHO, ,422.0,CIDADE,COLISÃO,1.0,1.0,1.0,1.0,1.0,1.0,1.0,1.0,1.0,1.0,1.0,Longo da via,Bom,Sem defeito,Perfeito estado,Seca,Perfeito estado,Outras,60 km/h,Dupla," , AV ENGENHEIRO ABDIAS DE CARVALHO, Recife, Pernambuco, Brasil",-8.0623704,-34.9319576
5675,2019-06-30 20:49:00,SEM VÍTIMA,BONGI,AV MANOEL GONCALVES DA LUZ,45,422.0,CIDADE,CHOQUE VEÍCULO PARADO,2.0,1.0,1.0,1.0,1.0,1.0,1.0,1.0,1.0,0.0,1.0,Longo da via,Chuvoso,Não existe,Incompleta,Molhada,Perfeito estado,Não há placas,40 km/h,Dupla,"45, AV MANOEL GONCALVES DA LUZ, Recife, Pernambuco, Brasil",-8.0749813,-34.9183519
5517,2019-06-25 16:35:00,SEM VÍTIMA,BONGI,AV ENGENHEIRO ABDIAS DE CARVALHO, ,422.0,SUBURBIO,ABALROAMENTO LONGITUDINAL,2.0,1.0,1.0,1.0,1.0,1.0,1.0,1.0,1.0,0.0,1.0,Cruzamento,Bom,Sem defeito,Perfeito estado,Seca,Perfeito estado,Outras,60 km/h,Única," , AV ENGENHEIRO ABDIAS DE CARVALHO, Recife, Pernambuco, Brasil",-8.0623704,-34.9319576
1018,2019-02-07 11:33:00,SEM VÍTIMA,BONGI,EST DO BONGI,947,422.0,CIDADE,COLISÃO TRASEIRA,3.0,1.0,1.0,1.0,1.0,1.0,1.0,1.0,1.0,0.0,1.0,Longo da via,Bom,Sem defeito,Perfeito estado,Seca,Perfeito estado,Outras,60 km/h,Dupla,"947, EST DO BONGI, Recife, Pernambuco, Brasil",-8.06712115,-34.920112446793304
11125,2019-12-06 10:39:00,SEM VÍTIMA,BONGI,RUA SANTA EDWIRGES,295,422.0,CIDADE,COLISÃO,1.0,1.0,1.0,1.0,1.0,1.0,1.0,1.0,1.0,0.0,1.0,Longo da via,Bom,Sem defeito,Perfeito estado,Seca,Perfeito estado,Outras,60 km/h,Dupla,"295, RUA SANTA EDWIRGES, Recife, Pernambuco, Brasil",-8.0626415,-34.9117027
6811,2019-08-08 18:01:00,SEM VÍTIMA,BONGI,EST DO BONGI, ,422.0,CIDADE,COLISÃO TRASEIRA,1.0,1.0,1.0,1.0,1.0,1.0,1.0,1.0,1.0,0.0,1.0,Longo da via,Bom,Não existe,Perfeito estado,Seca,Perfeito estado,Outras,30 km/h,Dupla," , EST DO BONGI, Recife, Pernambuco, Brasil",-8.06712115,-34.920112446793304
1019,2019-02-07 11:51:00,SEM VÍTIMA,BONGI,EST DO BONGI,931,422.0,CIDADE,COLISÃO,3.0,1.0,1.0,1.0,1.0,1.0,1.0,1.0,1.0,0.0,1.0,Longo da via,Bom,Não existe,Perfeito estado,Seca,Perfeito estado,Outras,30 km/h,Dupla,"931, EST DO BONGI, Recife, Pernambuco, Brasil",-8.06712115,-34.920112446793304
10800,2019-11-29 14:17:00,SEM VÍTIMA,BONGI,RUA DELMIRO GOUVEIA, ,422.0,CIDADE,ABALROAMENTO LONGITUDINAL,1.0,1.0,1.0,1.0,1.0,1.0,1.0,1.0,1.0,0.0,1.0,Longo da via,Bom,Não existe,Ilegível,Seca,Perfeito estado,R-3,30 km/h,Dupla," , RUA DELMIRO GOUVEIA, Recife, Pernambuco, Brasil",-8.063085,-34.9314246
5867,2019-07-06 22:32:00,SEM VÍTIMA,BONGI,AV ENGENHEIRO ABDIAS DE CARVALHO,618,422.0,CIDADE,COLISÃO TRASEIRA,3.0,1.0,1.0,1.0,1.0,1.0,1.0,1.0,1.0,0.0,1.0,Longo da via,Bom,Não existe,Incompleta,Seca,Mal iluminada,R-3,60 km/h,Dupla,"618, AV ENGENHEIRO ABDIAS DE CARVALHO, Recife, Pernambuco, Brasil",-8.0617202,-34.9304282
5355,2019-06-19 10:02:00,SEM VÍTIMA,BONGI,EST DO BONGI,388,422.0,CIDADE,ABALROAMENTO LONGITUDINAL,2.0,1.0,1.0,1.0,1.0,1.0,1.0,1.0,1.0,0.0,1.0,Longo da via,Bom,Não existe,Perfeito estado,Seca,Perfeito estado,Não há placas,60 km/h,Dupla,"388, EST DO BONGI, Recife, Pernambuco, Brasil",-8.06712115,-34.920112446793304
7,2019-01-01 13:05:00,SEM VÍTIMA,BONGI,EST DO BONGI,290,422.0,SUBURBIO,CHOQUE VEÍCULO PARADO,1.0,1.0,1.0,1.0,1.0,1.0,1.0,1.0,1.0,0.0,1.0,Longo da via,Bom,Não existe,Perfeito estado,Seca,Perfeito estado,Não há placas,60 km/h,Dupla,"290, EST DO BONGI, Recife, Pernambuco, Brasil",-8.06712115,-34.920112446793304
8736,2019-10-05 00:50:00,SEM VÍTIMA,BONGI,AV ENGENHEIRO ABDIAS DE CARVALHO, ,375.0,SUBURBIO,COLISÃO TRASEIRA,1.0,1.0,1.0,1.0,1.0,1.0,1.0,1.0,1.0,0.0,1.0,Longo da via,Bom,Sem defeito,Perfeito estado,Seca,Perfeito estado,Não há placas,60 km/h,Dupla," , AV ENGENHEIRO ABDIAS DE CARVALHO, Recife, Pernambuco, Brasil",-8.0623704,-34.9319576
3609,2019-04-24 18:38:00,SEM VÍTIMA,BONGI,RUA ISAAC MARKMAN, ,375.0,SUBURBIO,COLISÃO FRONTAL,2.0,1.0,1.0,1.0,1.0,1.0,1.0,1.0,1.0,0.0,1.0,Longo da via,Bom,Não existe,Perfeito estado,Seca,Perfeito estado,Não há placas,60 km/h,Dupla," , RUA ISAAC MARKMAN, Recife, Pernambuco, Brasil",-8.0648129,-34.9201079
6940,2019-08-12 18:34:00,COM VÍTIMA,BRASÍLIA TEIMOSA,RUA MEDUSA,695,375.0,SUBURBIO,TOMBAMENTO,2.0,1.0,1.0,1.0,1.0,1.0,1.0,1.0,1.0,1.0,1.0,Longo da via,Bom,Não existe,Não existente,Seca,Mal conservada,Não há placas,60 km/h,Dupla,"695, RUA MEDUSA, Recife, Pernambuco, Brasil",-8.0827327,-34.880708
2167,2019-03-13 11:13:00,SEM VÍTIMA,BRASÍLIA TEIMOSA,RUA ALBACORA,168,375.0,SUBURBIO,ABALROAMENTO LONGITUDINAL,1.0,1.0,1.0,1.0,1.0,1.0,1.0,1.0,1.0,0.0,1.0,Longo da via,Bom,Não existe,Não existente,Seca,Perfeito estado,Não há placas,60 km/h,Dupla,"168, RUA ALBACORA, Recife, Pernambuco, Brasil",-8.0855921,-34.8797746
2718,2019-03-28 10:37:00,SEM VÍTIMA,BRASÍLIA TEIMOSA,RUA COMENDADOR MORAES, ,375.0,SUBURBIO,COLISÃO,1.0,1.0,1.0,1.0,1.0,1.0,1.0,1.0,1.0,0.0,1.0,Longo da via,Bom,Não existe,Não existente,Seca,Perfeito estado,Não há placas,60 km/h,Dupla," , RUA COMENDADOR MORAES, Recife, Pernambuco, Brasil",-8.0880557,-34.8821359
3286,2019-04-13 15:20:00,SEM VÍTIMA,BRASÍLIA TEIMOSA,AV ANTONIO DE GOES, ,375.0,CIDADE,ABALROAMENTO LONGITUDINAL,1.0,1.0,1.0,1.0,1.0,1.0,1.0,1.0,1.0,0.0,1.0,Longo da via,Bom,Não existe,Perfeito estado,Seca,Perfeito estado,Não há placas,60 km/h,Única," , AV ANTONIO DE GOES, Recife, Pernambuco, Brasil",-8.0868807,-34.8853409
4751,2019-05-31 12:30:00,SEM VÍTIMA,BRASÍLIA TEIMOSA,RUA MARECHAL HERMES,1,375.0,CIDADE,COLISÃO,2.0,1.0,1.0,1.0,1.0,1.0,1.0,1.0,1.0,0.0,1.0,Longo da via,Bom,Não existe,Perfeito estado,Seca,Perfeito estado,Não há placas,60 km/h,Única,"1, RUA MARECHAL HERMES, Recife, Pernambuco, Brasil",-8.0885138,-34.8803567
9602,2019-10-29 14:20:00,SEM VÍTIMA,BRASÍLIA TEIMOSA,RUA ARABAIANA,653,375.0,CIDADE,ABALROAMENTO LONGITUDINAL,2.0,1.0,1.0,1.0,1.0,1.0,1.0,1.0,1.0,0.0,1.0,Cruzamento,Bom,Não existe,Perfeito estado,Seca,Perfeito estado,Não há placas,60 km/h,Única,"653, RUA ARABAIANA, Recife, Pernambuco, Brasil",-8.0852535,-34.8799074
7361,2019-08-25 17:10:00,SEM VÍTIMA,BRASÍLIA TEIMOSA,RUA FRANCISCO VALPASSOS,42,375.0,CIDADE,COLISÃO,1.0,1.0,1.0,1.0,1.0,1.0,1.0,1.0,1.0,0.0,1.0,Cruzamento,Bom,Não existe,Perfeito estado,Seca,Perfeito estado,Não há placas,60 km/h,Única,"42, RUA FRANCISCO VALPASSOS, Recife, Pernambuco, Brasil",-8.0831848,-34.8838428
8787,2019-10-06 08:06:00,SEM VÍTIMA,BRASÍLIA TEIMOSA,RUA DAGOBERTO PIRES,293,375.0,CIDADE,COLISÃO,1.0,1.0,1.0,1.0,1.0,1.0,1.0,1.0,1.0,0.0,1.0,Cruzamento,Bom,Não existe,Perfeito estado,Seca,Perfeito estado,Não há placas,60 km/h,Única,"293, RUA DAGOBERTO PIRES, Recife, Pernambuco, Brasil",-8.0862739,-34.8795352
2713,2019-03-28 09:13:00,SEM VÍTIMA,BREJO DA GUABIRABA,AV VEREADOR OTACILIO AZEVEDO,1030,375.0,CIDADE,ABALROAMENTO TRANSVERSAL,1.0,1.0,1.0,1.0,1.0,1.0,1.0,1.0,1.0,0.0,1.0,Longo da via,Bom,Não existe,Não existente,Seca,Perfeito estado,Não há placas,50 km/h,Dupla,"1030, AV VEREADOR OTACILIO AZEVEDO, Recife, Pernambuco, Brasil",-8.0049828,-34.9158141
2499,2019-03-21 19:03:00,SEM VÍTIMA,BREJO DA GUABIRABA,AV VEREADOR OTACILIO AZEVEDO, ,375.0,SUBURBIO,ABALROAMENTO LONGITUDINAL,1.0,1.0,1.0,1.0,1.0,1.0,1.0,1.0,1.0,0.0,1.0,Longo da via,Bom,Não existe,Perfeito estado,Seca,Perfeito estado,Não há placas,50 km/h,Dupla," , AV VEREADOR OTACILIO AZEVEDO, Recife, Pernambuco, Brasil",-8.0074204,-34.9117445
5941,2019-07-10 08:51:00,SEM VÍTIMA,BREJO DA GUABIRABA,AV VEREADOR OTACILIO AZEVEDO,4500,375.0,SUBURBIO,ABALROAMENTO LONGITUDINAL,1.0,1.0,1.0,1.0,1.0,1.0,1.0,1.0,1.0,0.0,1.0,Longo da via,Bom,Não existe,Não existente,Seca,Perfeito estado,Não há placas,50 km/h,Dupla,"4500, AV VEREADOR OTACILIO AZEVEDO, Recife, Pernambuco, Brasil",-8.0049828,-34.9158141
863,2019-02-02 00:08:00,COM VÍTIMA,BREJO DA GUABIRABA,AV VEREADOR OTACILIO AZEVEDO, ,375.0,CIDADE,ABALROAMENTO LONGITUDINAL,1.0,2.0,1.0,1.0,1.0,1.0,1.0,1.0,1.0,3.0,1.0,Longo da via,Bom,Não existe,Perfeito estado,Molhada,Perfeito estado,Não há placas,50 km/h,Única," , AV VEREADOR OTACILIO AZEVEDO, Recife, Pernambuco, Brasil",-8.0074204,-34.9117445
5780,2019-07-04 09:02:00,COM VÍTIMA,BREJO DA GUABIRABA,AV VEREADOR OTACILIO AZEVEDO,4626,375.0,CIDADE,COLISÃO,1.0,1.0,1.0,1.0,1.0,1.0,1.0,1.0,1.0,1.0,1.0,Longo da via,Bom,Não existe,Perfeito estado,Molhada,Perfeito estado,Não há placas,50 km/h,Única,"4626, AV VEREADOR OTACILIO AZEVEDO, Recife, Pernambuco, Brasil",-8.0049828,-34.9158141
4673,2019-05-28 18:23:00,SEM VÍTIMA,BREJO DA GUABIRABA,AV VEREADOR OTACILIO AZEVEDO, ,375.0,SUBURBIO,CHOQUE VEÍCULO PARADO,1.0,1.0,1.0,1.0,1.0,1.0,1.0,1.0,1.0,0.0,1.0,Longo da via,Bom,Não existe,Incompleta,Seca,Perfeito estado,Não há placas,50 km/h,Dupla," , AV VEREADOR OTACILIO AZEVEDO, Recife, Pernambuco, Brasil",-8.0074204,-34.9117445
10266,2019-11-14 15:22:00,SEM VÍTIMA,BREJO DA GUABIRABA,AV VEREADOR OTACILIO AZEVEDO, ,375.0,SUBURBIO,COLISÃO,1.0,2.0,1.0,1.0,1.0,1.0,1.0,1.0,1.0,0.0,1.0,Longo da via,Bom,Não existe,Incompleta,Seca,Perfeito estado,Não há placas,50 km/h,Dupla," , AV VEREADOR OTACILIO AZEVEDO, Recife, Pernambuco, Brasil",-8.0074204,-34.9117445
10498,2019-11-21 14:17:00,COM VÍTIMA,BREJO DA GUABIRABA,AV VEREADOR OTACILIO AZEVEDO,3018,375.0,SUBURBIO,ATROPELAMENTO,1.0,1.0,1.0,1.0,1.0,1.0,1.0,1.0,1.0,1.0,1.0,Longo da via,Bom,Não existe,Não existente,Seca,Perfeito estado,Não há placas,50 km/h,Dupla,"3018, AV VEREADOR OTACILIO AZEVEDO, Recife, Pernambuco, Brasil",-8.0049828,-34.9158141
11185,2019-12-07 12:54:00,SEM VÍTIMA,BREJO DA GUABIRABA,AV VEREADOR OTACILIO AZEVEDO,4662,375.0,SUBURBIO,ABALROAMENTO LONGITUDINAL,3.0,1.0,1.0,1.0,1.0,1.0,1.0,1.0,1.0,0.0,1.0,Longo da via,Bom,Não existe,Ilegível,Seca,Perfeito estado,Não há placas,50 km/h,Dupla,"4662, AV VEREADOR OTACILIO AZEVEDO, Recife, Pernambuco, Brasil",-8.0049828,-34.9158141
6278,2019-07-22 00:36:00,SEM VÍTIMA,BREJO DE BEBERIBE,AV VEREADOR OTACILIO AZEVEDO,961,375.0,SUBURBIO,COLISÃO FRONTAL,2.0,1.0,1.0,1.0,1.0,1.0,1.0,1.0,1.0,0.0,1.0,Longo da via,Chuvoso,Não existe,Perfeito estado,Molhada,Perfeito estado,Não há placas,50 km/h,Dupla,"961, AV VEREADOR OTACILIO AZEVEDO, Recife, Pernambuco, Brasil",-8.0049828,-34.9158141