,data_hora,natureza_acidente,bairro,endereco,numero,num_semaforo,sentido_via,tipo,auto,moto,ciclom,ciclista,pedestre,onibus,caminhao,viatura,outros,vitimas,vitimasfatais,acidente_verificado,tempo_clima,situacao_semaforo,sinalizacao,condicao_via,conservacao_via,situacao_placa,velocidade_max_via,mao_direcao,end,latitude,longitude
8648,2019-10-03 10:39:00,SEM VÍTIMA,BREJO DE BEBERIBE,RUA PORTELANDIA,294,375.0,CIDADE,COLISÃO TRASEIRA,1.0,1.0,1.0,1.0,1.0,1.0,1.0,1.0,1.0,0.0,1.0,Longo da via,Bom,Não existe,Perfeito estado,Seca,Perfeito estado,Outras,30 km/h,Dupla,"294, RUA PORTELANDIA, Recife, Pernambuco, Brasil",-7.9960458,-34.9289221
1691,2019-02-26 08:04:00,SEM VÍTIMA,BREJO DE BEBERIBE,RUA ALTO DO REFUGIO,560,375.0,CIDADE,ABALROAMENTO TRANSVERSAL,2.0,1.0,1.0,1.0,1.0,1.0,1.0,1.0,1.0,0.0,1.0,Longo da via,Bom,Não existe,Não existente,Seca,Perfeito estado,Não há placas,30 km/h,Dupla,"560, RUA ALTO DO REFUGIO, Recife, Pernambuco, Brasil",-7.9958008,-34.9285626
3650,2019-04-25 22:19:00,COM VÍTIMA,BREJO DE BEBERIBE,AV VEREADOR OTACILIO AZEVEDO,928,375.0,CIDADE,COLISÃO FRONTAL,2.0,1.0,1.0,1.0,1.0,1.0,1.0,1.0,1.0,1.0,1.0,Longo da via,Chuvoso,Não existe,Não existente,Molhada,Perfeito estado,Não há placas,30 km/h,Dupla,"928, AV VEREADOR OTACILIO AZEVEDO, Recife, Pernambuco, Brasil",-8.0049828,-34.9158141
8871,2019-10-09 00:03:00,SEM VÍTIMA,BREJO DE BEBERIBE,AV VEREADOR OTACILIO AZEVEDO,1090,375.0,SUBURBIO,CHOQUE VEÍCULO PARADO,2.0,1.0,1.0,1.0,1.0,1.0,1.0,1.0,1.0,0.0,1.0,Longo da via,Bom,Não existe,Perfeito estado,Seca,Perfeito estado,Não há placas,30 km/h,Dupla,"1090, AV VEREADOR OTACILIO AZEVEDO, Recife, Pernambuco, Brasil",-8.0049828,-34.9158141
10164,2019-11-12 17:50:00,SEM VÍTIMA,BREJO DE BEBERIBE,AV VEREADOR OTACILIO AZEVEDO, ,375.0,SUBURBIO,COLISÃO COM CICLISTA,1.0,1.0,1.0,1.0,1.0,1.0,1.0,1.0,1.0,0.0,1.0,Longo da via,Bom,Não existe,Perfeito estado,Seca,Perfeito estado,Não há placas,40 km/h,Dupla," , AV VEREADOR OTACILIO AZEVEDO, Recife, Pernambuco, Brasil",-8.0074204,-34.9117445
4132,2019-05-10 22:34:00,COM VÍTIMA,BREJO DE BEBERIBE,AV VEREADOR OTACILIO AZEVEDO,843,375.0,SUBURBIO,ABALROAMENTO TRANSVERSAL,1.0,1.0,1.0,1.0,1.0,1.0,1.0,1.0,1.0,1.0,1.0,Esquina,Bom,Não existe,Perfeito estado,Seca,Perfeito estado,Não há placas,40 km/h,Dupla,"843, AV VEREADOR OTACILIO AZEVEDO, Recife, Pernambuco, Brasil",-8.0049828,-34.9158141
11625,2019-12-17 21:50:00,SEM VÍTIMA,BREJO DE BEBERIBE,AV VEREADOR OTACILIO AZEVEDO,955,375.0,CIDADE,COLISÃO TRASEIRA,2.0,1.0,1.0,1.0,1.0,1.0,1.0,1.0,1.0,0.0,1.0,Longo da via,Bom,Não existe,Não existente,Seca,Perfeito estado,Não há placas,40 km/h,Dupla,"955, AV VEREADOR OTACILIO AZEVEDO, Recife, Pernambuco, Brasil",-8.0049828,-34.9158141
2621,2019-03-25 21:32:00,SEM VÍTIMA,BREJO DE BEBERIBE,RUA ALTO DO REFUGIO, ,375.0,CIDADE,ABALROAMENTO TRANSVERSAL,2.0,1.0,1.0,1.0,1.0,1.0,1.0,1.0,1.0,0.0,1.0,Longo da via,Bom,Não existe,Perfeito estado,Seca,Perfeito estado,Não há placas,40 km/h,Dupla," , RUA ALTO DO REFUGIO, Recife, Pernambuco, Brasil",-7.9953851,-34.9292561
10366,2019-11-18 11:12:00,SEM VÍTIMA,BREJO DE BEBERIBE,RUA SANTA TEREZA,20,375.0,SUBURBIO,CHOQUE VEÍCULO PARADO,2.0,1.0,1.0,1.0,1.0,1.0,1.0,1.0,1.0,0.0,1.0,Longo da via,Bom,Não existe,Não existente,Seca,Perfeito estado,Não há placas,40 km/h,Dupla,"20, RUA SANTA TEREZA, Recife, Pernambuco, Brasil",-8.1150873,-35.3019895
481,2019-01-19 16:32:00,SEM VÍTIMA,CABANGA,AV SATURNINO DE BRITO, ,661.0,SUBURBIO,COLISÃO TRASEIRA,1.0,1.0,1.0,1.0,1.0,1.0,1.0,1.0,1.0,0.0,1.0,Longo da via,Bom,Sem defeito,Perfeito estado,Seca,Perfeito estado,Não há placas,40 km/h,Única," , AV SATURNINO DE BRITO, Recife, Pernambuco, Brasil",-8.0805539,-34.892365
5511,2019-06-25 14:44:00,SEM VÍTIMA,CABANGA,RUA CARLOS COELHO LEAL VALENTE, ,661.0,SUBURBIO,COLISÃO TRASEIRA,3.0,1.0,1.0,1.0,1.0,1.0,1.0,1.0,1.0,0.0,1.0,Longo da via,Bom,Sem defeito,Incompleta,Seca,Perfeito estado,Não há placas,40 km/h,Dupla," , RUA CARLOS COELHO LEAL VALENTE, Recife, Pernambuco, Brasil",-8.0805539,-34.892365
788,2019-01-31 03:21:00,SEM VÍTIMA,CABANGA,PTE GOVERNADOR PAULO GUERRA, ,661.0,CIDADE,CHOQUE OBJETO FIXO,1.0,1.0,1.0,1.0,1.0,1.0,1.0,1.0,1.0,0.0,1.0,Viaduto,Bom,Não existe,Perfeito estado,Seca,Perfeito estado,Não há placas,60 km/h,Única," , PTE GOVERNADOR PAULO GUERRA, Recife, Pernambuco, Brasil",-8.0805539,-34.892365
6031,2019-07-12 17:42:00,SEM VÍTIMA,CABANGA,AV SATURNINO DE BRITO,401,661.0,SUBURBIO,COLISÃO TRASEIRA,2.0,1.0,1.0,1.0,1.0,1.0,1.0,1.0,1.0,0.0,1.0,Longo da via,Bom,Sem defeito,Perfeito estado,Seca,Perfeito estado,R-6a,60 km/h,Única,"401, AV SATURNINO DE BRITO, Recife, Pernambuco, Brasil",-8.0796385,-34.892677
1786,2019-02-28 14:54:00,SEM VÍTIMA,CABANGA,AV ENGENHEIRO JOSE ESTELITA, ,661.0,SUBURBIO,COLISÃO TRASEIRA,2.0,1.0,1.0,1.0,1.0,1.0,1.0,1.0,1.0,0.0,1.0,Longo da via,Bom,Não existe,Perfeito estado,Seca,Perfeito estado,R-6a,60 km/h,Única," , AV ENGENHEIRO JOSE ESTELITA, Recife, Pernambuco, Brasil",-8.0779998,-34.8928846
8946,2019-10-10 15:27:00,SEM VÍTIMA,CABANGA,RUA COMANDANTE ANTONIO MANHAES DE MATTOS, ,661.0,SUBURBIO,CHOQUE VEÍCULO PARADO,2.0,1.0,1.0,1.0,1.0,1.0,1.0,1.0,1.0,0.0,1.0,Longo da via,Chuvoso,Não existe,Não existente,Molhada,Mal iluminada,Não há placas,60 km/h,Dupla," , RUA COMANDANTE ANTONIO MANHAES DE MATTOS, Recife, Pernambuco, Brasil",-8.0796229,-34.8934086
11571,2019-12-16 18:55:00,SEM VÍTIMA,CABANGA,RUA COMANDANTE ANTONIO MANHAES DE MATTOS, ,661.0,SUBURBIO,COLISÃO,1.0,1.0,1.0,1.0,1.0,1.0,1.0,1.0,1.0,0.0,1.0,Longo da via,Chuvoso,Não existe,Não existente,Molhada,Mal iluminada,Não há placas,60 km/h,Dupla," , RUA COMANDANTE ANTONIO MANHAES DE MATTOS, Recife, Pernambuco, Brasil",-8.0796229,-34.8934086
8857,2019-10-08 15:16:00,SEM VÍTIMA,CABANGA,RUA COMANDANTE ANTONIO MANHAES DE MATTOS,472,661.0,SUBURBIO,COLISÃO TRASEIRA,2.0,1.0,1.0,1.0,1.0,1.0,1.0,1.0,1.0,0.0,1.0,Longo da via,Bom,Sem defeito,Perfeito estado,Seca,Perfeito estado,Não há placas,60 km/h,Dupla,"472, RUA COMANDANTE ANTONIO MANHAES DE MATTOS, Recife, Pernambuco, Brasil",-8.0796229,-34.8934086
4606,2019-05-26 21:35:00,SEM VÍTIMA,CABANGA,PTE GOVERNADOR PAULO GUERRA, ,622.0,SUBURBIO,COLISÃO TRASEIRA,3.0,1.0,1.0,1.0,1.0,1.0,1.0,1.0,1.0,0.0,1.0,Longo da via,Bom,Sem defeito,Perfeito estado,Seca,Perfeito estado,Não há placas,60 km/h,Dupla," , PTE GOVERNADOR PAULO GUERRA, Recife, Pernambuco, Brasil",-8.0796229,-34.8934086
1792,2019-02-28 17:35:00,SEM VÍTIMA,CABANGA,PTE GOVERNADOR PAULO GUERRA, ,622.0,SUBURBIO,COLISÃO TRASEIRA,2.0,1.0,1.0,1.0,1.0,1.0,1.0,1.0,1.0,0.0,1.0,Ponte,Bom,Não existe,Perfeito estado,Seca,Perfeito estado,Não há placas,60 km/h,Dupla," , PTE GOVERNADOR PAULO GUERRA, Recife, Pernambuco, Brasil",-8.0796229,-34.8934086
10000,2019-11-08 14:44:00,SEM VÍTIMA,CABANGA,PTE GOVERNADOR PAULO GUERRA, ,622.0,SUBURBIO,ABALROAMENTO LONGITUDINAL,1.0,1.0,1.0,1.0,1.0,1.0,1.0,1.0,1.0,0.0,1.0,Longo da via,Bom,Não existe,Incompleta,Seca,Perfeito estado,Não há placas,60 km/h,Única," , nan, Recife, Pernambuco, Brasil",-8.0584933,-34.8848193
10830,2019-11-30 03:36:00,COM VÍTIMA,CABANGA,AV ENGENHEIRO JOSE ESTELITA, ,622.0,CIDADE,COLISÃO TRASEIRA,2.0,1.0,1.0,1.0,1.0,1.0,1.0,1.0,1.0,1.0,1.0,Longo da via,Bom,Não existe,Perfeito estado,Seca,Perfeito estado,Não há placas,60 km/h,Única," , AV ENGENHEIRO JOSE ESTELITA, Recife, Pernambuco, Brasil",-8.0779998,-34.8928846
7604,2019-09-02 21:32:00,SEM VÍTIMA,CABANGA,AV ENGENHEIRO JOSE ESTELITA, ,622.0,CIDADE,COLISÃO TRASEIRA,1.0,1.0,1.0,1.0,1.0,1.0,1.0,1.0,1.0,0.0,1.0,Longo da via,Bom,Não existe,Perfeito estado,Seca,Perfeito estado,Outras,60 km/h,Única," , nan, Recife, Pernambuco, Brasil",-8.0584933,-34.8848193
1966,2019-03-07 17:41:00,SEM VÍTIMA,CABANGA,AV SUL, ,622.0,CIDADE,COLISÃO TRASEIRA,2.0,1.0,1.0,1.0,1.0,1.0,1.0,1.0,1.0,0.0,1.0,Longo da via,Bom,Não existe,Perfeito estado,Seca,Perfeito estado,Outras,60 km/h,Dupla," , AV SUL, Recife, Pernambuco, Brasil",-8.081145,-34.905034
8079,2019-09-16 18:56:00,SEM VÍTIMA,CABANGA,PTE AGAMENON MAGALHAES, ,622.0,CIDADE,COLISÃO TRASEIRA,2.0,1.0,1.0,1.0,1.0,1.0,1.0,1.0,1.0,0.0,1.0,Ponte,Bom,Não existe,Perfeito estado,Seca,Perfeito estado,Não há placas,60 km/h,Única," , PTE AGAMENON MAGALHAES, Recife, Pernambuco, Brasil",-8.081145,-34.905034
6764,2019-08-07 10:40:00,COM VÍTIMA,CABANGA,AV ENGENHEIRO JOSE ESTELITA, ,622.0,CIDADE,CAPOTAMENTO,1.0,1.0,1.0,1.0,1.0,1.0,1.0,1.0,1.0,1.0,1.0,Longo da via,Chuvoso,Não existe,Perfeito estado,Seca,Perfeito estado,Outras,60 km/h,Dupla," , AV ENGENHEIRO JOSE ESTELITA, Recife, Pernambuco, Brasil",-8.0779998,-34.8928846
2691,2019-03-27 15:58:00,SEM VÍTIMA,CABANGA,VIADUTO CAPITAO TEMUDO, ,622.0,SUBURBIO,ABALROAMENTO LONGITUDINAL,3.0,1.0,1.0,1.0,1.0,1.0,1.0,1.0,1.0,0.0,1.0,Viaduto,Bom,Não existe,Perfeito estado,Seca,Perfeito estado,Não há placas,60 km/h,Dupla," , VIADUTO CAPITAO TEMUDO, Recife, Pernambuco, Brasil",-8.075106,-34.8934944
4975,2019-06-06 22:21:00,SEM VÍTIMA,CABANGA,AV SUL, ,260.0,SUBURBIO,COLISÃO TRASEIRA,1.0,1.0,1.0,1.0,1.0,1.0,1.0,1.0,1.0,0.0,1.0,Cruzamento,Bom,Sem defeito,Incompleta,Seca,Perfeito estado,Não há placas,60 km/h,Dupla," , AV SUL, Recife, Pernambuco, Brasil",-8.081145,-34.905034
492,2019-01-20 08:21:00,COM VÍTIMA,CABANGA,PTE GOVERNADOR PAULO GUERRA, ,260.0,JOANA BEZERRA,COLISÃO TRASEIRA,1.0,1.0,1.0,1.0,1.0,1.0,1.0,1.0,1.0,2.0,1.0,Ponte,Bom,Não existe,Perfeito estado,Seca,Perfeito estado,Outras,40 km/h,Única," , PTE GOVERNADOR PAULO GUERRA, Recife, Pernambuco, Brasil",-8.081145,-34.905034
4825,2019-06-03 13:47:00,SEM VÍTIMA,CABANGA,AV SUL, ,260.0,JOANA BEZERRA,COLISÃO TRASEIRA,2.0,1.0,1.0,1.0,1.0,1.0,1.0,1.0,1.0,0.0,1.0,Longo da via,Bom,Sem defeito,Perfeito estado,Seca,Perfeito estado,Não há placas,40 km/h,Dupla," , AV SUL, Recife, Pernambuco, Brasil",-8.081145,-34.905034
9107,2019-10-15 09:03:00,COM VÍTIMA,CABANGA,AV ENGENHEIRO JOSE ESTELITA, ,260.0,SUBURBIO,COLISÃO TRASEIRA,1.0,1.0,1.0,1.0,1.0,1.0,1.0,1.0,1.0,1.0,1.0,Longo da via,Bom,Não existe,Incompleta,Seca,Perfeito estado,R-19,40 km/h,Dupla," , AV ENGENHEIRO JOSE ESTELITA, Recife, Pernambuco, Brasil",-8.0779998,-34.8928846
4531,2019-05-23 19:43:00,SEM VÍTIMA,CABANGA,AV ENGENHEIRO JOSE ESTELITA, ,260.0,CIDADE,ABALROAMENTO LONGITUDINAL,2.0,1.0,1.0,1.0,1.0,1.0,1.0,1.0,1.0,0.0,1.0,Longo da via,Bom,Não existe,Perfeito estado,Seca,Perfeito estado,R-19,60 km/h,Única," , AV ENGENHEIRO JOSE ESTELITA, Recife, Pernambuco, Brasil",-8.0779998,-34.8928846
11678,2019-12-19 10:10:00,SEM VÍTIMA,CABANGA,AV ENGENHEIRO JOSE ESTELITA, ,260.0,CIDADE,COLISÃO TRASEIRA,3.0,1.0,1.0,1.0,1.0,1.0,1.0,1.0,1.0,0.0,1.0,Longo da via,Bom,Não existe,Perfeito estado,Seca,Perfeito estado,Outras,60 km/h,Dupla," , AV ENGENHEIRO JOSE ESTELITA, Recife, Pernambuco, Brasil",-8.0779998,-34.8928846
7728,2019-09-06 15:33:00,COM VÍTIMA,CABANGA,RUA COMANDANTE ANTONIO MANHAES DE MATTOS, ,661.0,CIDADE,COLISÃO,1.0,1.0,1.0,1.0,1.0,1.0,1.0,1.0,1.0,1.0,1.0,Longo da via,Bom,Não existe,Perfeito estado,Seca,Perfeito estado,Outras,60 km/h,Dupla," , RUA COMANDANTE ANTONIO MANHAES DE MATTOS, Recife, Pernambuco, Brasil",-8.0796229,-34.8934086
109,2019-01-05 11:17:00,SEM VÍTIMA,CABANGA,VIADUTO CAPITAO TEMUDO, ,661.0,SUBURBIO,COLISÃO TRASEIRA,2.0,1.0,1.0,1.0,1.0,1.0,1.0,1.0,1.0,0.0,1.0,Viaduto,Bom,Não existe,Perfeito estado,Seca,Perfeito estado,Não há placas,60 km/h,Dupla," , VIADUTO CAPITAO TEMUDO, Recife, Pernambuco, Brasil",-8.075106,-34.8934944
9304,2019-10-20 19:10:00,COM VÍTIMA,CABANGA,PTE AGAMENON MAGALHAES, ,661.0,SUBURBIO,TOMBAMENTO,2.0,1.0,1.0,1.0,1.0,1.0,1.0,1.0,1.0,1.0,1.0,Ponte,Bom,Não existe,Perfeito estado,Seca,Perfeito estado,Não há placas,60 km/h,Única," , PTE AGAMENON MAGALHAES, Recife, Pernambuco, Brasil",-8.075106,-34.8934944
1366,2019-02-16 20:09:00,COM VÍTIMA,CABANGA,AV SATURNINO DE BRITO, ,661.0,SUBURBIO,COLISÃO COM CICLISTA,1.0,1.0,1.0,1.0,1.0,1.0,1.0,1.0,1.0,1.0,1.0,Longo da via,Bom,Sem defeito,Perfeito estado,Seca,Perfeito estado,Não há placas,60 km/h,Única," , AV SATURNINO DE BRITO, Recife, Pernambuco, Brasil",-8.0805539,-34.892365
3687,2019-04-26 17:31:00,SEM VÍTIMA,CABANGA,AV SATURNINO DE BRITO, ,661.0,SUBURBIO,COLISÃO,1.0,1.0,1.0,1.0,1.0,1.0,1.0,1.0,1.0,0.0,1.0,Longo da via,Bom,Sem defeito,Perfeito estado,Seca,Perfeito estado,Não há placas,60 km/h,Única," , AV SATURNINO DE BRITO, Recife, Pernambuco, Brasil",-8.0805539,-34.892365
174,2019-01-08 07:31:00,COM VÍTIMA,CABANGA,AV GOVERNADOR PAULO GUERRA, ,662.0,SUBURBIO,COLISÃO COM CICLISTA,1.0,1.0,1.0,1.0,1.0,1.0,1.0,1.0,1.0,2.0,1.0,Longo da via,Bom,Sem defeito,Perfeito estado,Seca,Perfeito estado,Outras,60 km/h,Única," , AV GOVERNADOR PAULO GUERRA, Recife, Pernambuco, Brasil",-8.08017145,-34.89233651696227
2746,2019-03-28 22:22:00,COM VÍTIMA,CABANGA,AV SATURNINO DE BRITO,371,662.0,SUBURBIO,CHOQUE VEÍCULO PARADO,1.0,1.0,1.0,1.0,1.0,1.0,1.0,1.0,1.0,1.0,1.0,Longo da via,Bom,Não existe,Perfeito estado,Seca,Mal iluminada,Não há placas,60 km/h,Única,"371, AV SATURNINO DE BRITO, Recife, Pernambuco, Brasil",-8.07891475,-34.892732145396316
90,2019-01-04 17:49:00,SEM VÍTIMA,CABANGA,RUA BITURI,233,662.0,CIDADE,CHOQUE VEÍCULO PARADO,1.0,1.0,1.0,1.0,1.0,1.0,1.0,1.0,1.0,0.0,1.0,Longo da via,Bom,Não existe,Não existente,Seca,Mal iluminada,Não há placas,60 km/h,Única,"233, RUA BITURI, Recife, Pernambuco, Brasil",-8.078634000000001,-34.89357734251057
9797,2019-11-03 18:13:00,COM VÍTIMA,CABANGA,VIADUTO CAPITAO TEMUDO, ,662.0,CABANGA,COLISÃO TRASEIRA,1.0,1.0,1.0,1.0,1.0,1.0,1.0,1.0,1.0,2.0,1.0,Viaduto,Bom,Não existe,Perfeito estado,Seca,Perfeito estado,Outras,60 km/h,Dupla," , VIADUTO CAPITAO TEMUDO, Recife, Pernambuco, Brasil",-8.075106,-34.8934944
6575,2019-08-01 13:49:00,SEM VÍTIMA,CABANGA,AV SATURNINO DE BRITO, ,661.0,SUBURBIO,COLISÃO TRASEIRA,2.0,1.0,1.0,1.0,1.0,1.0,1.0,1.0,1.0,0.0,1.0,Longo da via,Bom,Sem defeito,Perfeito estado,Seca,Perfeito estado,Não há placas,50 km/h,Única," , AV SATURNINO DE BRITO, Recife, Pernambuco, Brasil",-8.0805539,-34.892365
2793,2019-03-29 18:13:00,SEM VÍTIMA,CABANGA,PTE GOVERNADOR PAULO GUERRA, ,661.0,SUBURBIO,COLISÃO TRASEIRA,1.0,1.0,1.0,1.0,1.0,1.0,1.0,1.0,1.0,0.0,1.0,Longo da via,Bom,Sem defeito,Perfeito estado,Seca,Perfeito estado,Outras,60 km/h,Única," , PTE GOVERNADOR PAULO GUERRA, Recife, Pernambuco, Brasil",-8.0805539,-34.892365
1466,2019-02-20 12:11:00,SEM VÍTIMA,CABANGA,VIADUTO CAPITAO TEMUDO, ,661.0,SUBURBIO,ABALROAMENTO LONGITUDINAL,1.0,1.0,1.0,1.0,1.0,1.0,1.0,1.0,1.0,0.0,1.0,Viaduto,Bom,Não existe,Ilegível,Seca,Mal conservada,Não há placas,60 km/h,Dupla," , VIADUTO CAPITAO TEMUDO, Recife, Pernambuco, Brasil",-8.075106,-34.8934944
1757,2019-02-27 18:47:00,SEM VÍTIMA,CABANGA,RUA NOVA DA CABANGA, ,661.0,SUBURBIO,ENGAVETAMENTO,3.0,1.0,1.0,1.0,1.0,1.0,1.0,1.0,1.0,0.0,1.0,Viaduto,Bom,Não existe,Ilegível,Seca,Mal conservada,Não há placas,60 km/h,Dupla," , RUA NOVA DA CABANGA, Recife, Pernambuco, Brasil",-8.0772502,-34.894603
6024,2019-07-12 16:33:00,SEM VÍTIMA,CABANGA,RUA CAPITAO TEMUDO, ,661.0,SUBURBIO,ABALROAMENTO LONGITUDINAL,2.0,1.0,1.0,1.0,1.0,1.0,1.0,1.0,1.0,0.0,1.0,Longo da via,Bom,Não existe,Perfeito estado,Seca,Perfeito estado,Não há placas,60 km/h,Única," , RUA CAPITAO TEMUDO, Recife, Pernambuco, Brasil",-8.0768412,-34.8927943
6460,2019-07-29 07:41:00,SEM VÍTIMA,CABANGA,VIADUTO CAPITAO TEMUDO, ,661.0,CIDADE,COLISÃO TRASEIRA,2.0,1.0,1.0,1.0,1.0,1.0,1.0,1.0,1.0,0.0,1.0,Longo da via,Bom,Não existe,Perfeito estado,Seca,Perfeito estado,Não há placas,60 km/h,Dupla," , VIADUTO CAPITAO TEMUDO, Recife, Pernambuco, Brasil",-8.075106,-34.8934944
5547,2019-06-26 12:02:00,SEM VÍTIMA,CABANGA,VIADUTO CAPITAO TEMUDO, ,661.0,CIDADE,COLISÃO TRASEIRA,2.0,1.0,1.0,1.0,1.0,1.0,1.0,1.0,1.0,0.0,1.0,Longo da via,Chuvoso,Não existe,Perfeito estado,Molhada,Perfeito estado,Não há placas,60 km/h,Dupla," , VIADUTO CAPITAO TEMUDO, Recife, Pernambuco, Brasil",-8.075106,-34.8934944
933,2019-02-05 08:18:00,COM VÍTIMA,CABANGA,VIADUTO CAPITAO TEMUDO, ,661.0,CIDADE,ABALROAMENTO LONGITUDINAL,1.0,1.0,1.0,1.0,1.0,1.0,1.0,1.0,1.0,1.0,1.0,Viaduto,Bom,Não existe,Perfeito estado,Seca,Perfeito estado,Não há placas,60 km/h,Dupla," , VIADUTO CAPITAO TEMUDO, Recife, Pernambuco, Brasil",-8.075106,-34.8934944
10554,2019-11-22 15:59:00,SEM VÍTIMA,CABANGA,RUA DILERMANO REIS,93,661.0,SUBURBIO,ABALROAMENTO LONGITUDINAL,1.0,1.0,1.0,1.0,1.0,1.0,1.0,1.0,1.0,0.0,1.0,Cruzamento,Bom,Não existe,Perfeito estado,Seca,Perfeito estado,Não há placas,60 km/h,Dupla,"93, RUA DILERMANO REIS, Recife, Pernambuco, Brasil",-8.0785995,-34.8944682
8960,2019-10-11 08:03:00,COM VÍTIMA,CABANGA,VDO PAPA JOAO PAULO II, ,661.0,SU,CHOQUE OBJETO FIXO,1.0,1.0,1.0,1.0,1.0,1.0,1.0,1.0,1.0,1.0,1.0,Viaduto,Bom,Não existe,Perfeito estado,Seca,Perfeito estado,Não há placas,60 km/h,Dupla," , VDO PAPA JOAO PAULO II, Recife, Pernambuco, Brasil",-8.0785995,-34.8944682
629,2019-01-24 18:26:00,SEM VÍTIMA,CABANGA,PTE GOVERNADOR PAULO GUERRA, ,661.0,SUBURBIO,COLISÃO TRASEIRA,3.0,1.0,1.0,1.0,1.0,1.0,1.0,1.0,1.0,0.0,1.0,Ponte,Bom,Não existe,Perfeito estado,Seca,Perfeito estado,Não há placas,60 km/h,Dupla," , PTE GOVERNADOR PAULO GUERRA, Recife, Pernambuco, Brasil",-8.0785995,-34.8944682
108,2019-01-05 11:00:00,COM VÍTIMA,CABANGA,VIADUTO CAPITAO TEMUDO,S/N,661.0,SUBURBIO,ABALROAMENTO LONGITUDINAL,1.0,1.0,1.0,1.0,1.0,1.0,1.0,1.0,1.0,1.0,1.0,Viaduto,Bom,Não existe,Perfeito estado,Seca,Perfeito estado,Outras,60 km/h,Dupla,"S/N, VIADUTO CAPITAO TEMUDO, Recife, Pernambuco, Brasil",-8.0785995,-34.8944682
1622,2019-02-23 21:27:00,SEM VÍTIMA,CABANGA,VIADUTO CAPITAO TEMUDO, ,661.0,SUBURBIO,COLISÃO TRASEIRA,2.0,1.0,1.0,1.0,1.0,1.0,1.0,1.0,1.0,0.0,1.0,Viaduto,Bom,Não existe,Perfeito estado,Seca,Perfeito estado,Outras,60 km/h,Única," , VIADUTO CAPITAO TEMUDO, Recife, Pernambuco, Brasil",-8.075106,-34.8934944
10794,2019-11-29 12:47:00,SEM VÍTIMA,CABANGA,RUA BITURI,175,661.0,SUBURBIO,COLISÃO,2.0,1.0,1.0,1.0,1.0,1.0,1.0,1.0,1.0,0.0,1.0,Viaduto,Bom,Não existe,Perfeito estado,Seca,Perfeito estado,Outras,60 km/h,Única,"175, RUA BITURI, Recife, Pernambuco, Brasil",-8.07818505,-34.893707500000005
8863,2019-10-08 17:49:00,SEM VÍTIMA,CABANGA,AV SUL, ,260.0,CIDADE,ABALROAMENTO TRANSVERSAL,1.0,1.0,1.0,1.0,1.0,1.0,1.0,1.0,1.0,0.0,1.0,Cruzamento,Bom,Sem defeito,Perfeito estado,Seca,Perfeito estado,Outras,60 km/h,Dupla," , AV SUL, Recife, Pernambuco, Brasil",-8.081145,-34.905034
5715,2019-07-02 07:21:00,SEM VÍTIMA,CABANGA,AV SUL, ,260.0,CIDADE,COLISÃO TRASEIRA,3.0,1.0,1.0,1.0,1.0,1.0,1.0,1.0,1.0,0.0,1.0,Cruzamento,Chuvoso,Sem defeito,Incompleta,Molhada,Mal conservada,Não há placas,60 km/h,Dupla," , AV SUL, Recife, Pernambuco, Brasil",-8.081145,-34.905034
3022,2019-04-05 22:50:00,SEM VÍTIMA,CABANGA,AV SATURNINO DE BRITO,385,260.0,CIDADE,COLISÃO,2.0,1.0,1.0,1.0,1.0,1.0,1.0,1.0,1.0,0.0,1.0,Cruzamento,Chuvoso,Sem defeito,Incompleta,Molhada,Mal conservada,Não há placas,60 km/h,Dupla,"385, AV SATURNINO DE BRITO, Recife, Pernambuco, Brasil",-8.0790261,-34.89273712851153
3032,2019-04-06 10:28:00,SEM VÍTIMA,CABANGA,RUA NOVA DA CABANGA, ,260.0,SUBURBIO,ABALROAMENTO TRANSVERSAL,2.0,1.0,1.0,1.0,1.0,1.0,1.0,1.0,1.0,0.0,1.0,Longo da via,Bom,Não existe,Não existente,Seca,Perfeito estado,Não há placas,60 km/h,Única," , RUA NOVA DA CABANGA, Recife, Pernambuco, Brasil",-8.0772502,-34.894603
2904,2019-04-02 17:17:00,COM VÍTIMA,CABANGA,VIADUTO CAPITAO TEMUDO, ,260.0,SUBURBIO,COLISÃO TRASEIRA,2.0,1.0,1.0,1.0,1.0,1.0,1.0,1.0,1.0,2.0,1.0,Viaduto,Bom,Não existe,Perfeito estado,Seca,Perfeito estado,Não há placas,40 km/h,Única," , VIADUTO CAPITAO TEMUDO, Recife, Pernambuco, Brasil",-8.075106,-34.8934944
8346,2019-09-24 15:47:00,SEM VÍTIMA,CABANGA,AV SUL, ,260.0,CIDADE,ABALROAMENTO LONGITUDINAL,2.0,1.0,1.0,1.0,1.0,1.0,1.0,1.0,1.0,0.0,1.0,Longo da via,Bom,Sem defeito,Perfeito estado,Seca,Perfeito estado,Não há placas,40 km/h,Dupla," , AV SUL, Recife, Pernambuco, Brasil",-8.081145,-34.905034