,data_hora,natureza_acidente,bairro,endereco,numero,num_semaforo,sentido_via,tipo,auto,moto,ciclom,ciclista,pedestre,onibus,caminhao,viatura,outros,vitimas,vitimasfatais,acidente_verificado,tempo_clima,situacao_semaforo,sinalizacao,condicao_via,conservacao_via,situacao_placa,velocidade_max_via,mao_direcao,end,latitude,longitude
2489,2019-03-21 15:41:00,SEM VÍTIMA,CABANGA,AV ENGENHEIRO JOSE ESTELITA, ,260.0,CIDADE,ABALROAMENTO LONGITUDINAL,2.0,1.0,1.0,1.0,1.0,1.0,1.0,1.0,1.0,0.0,1.0,Longo da via,Bom,Não existe,Perfeito estado,Seca,Perfeito estado,Outras,40 km/h,Dupla," , AV ENGENHEIRO JOSE ESTELITA, Recife, Pernambuco, Brasil",-8.0779998,-34.8928846
4681,2019-05-29 08:01:00,COM VÍTIMA,CABANGA,VIADUTO CAPITAO TEMUDO, ,260.0,SUBURBIO,COLISÃO TRASEIRA,1.0,1.0,1.0,1.0,1.0,1.0,1.0,1.0,1.0,1.0,1.0,Viaduto,Chuvoso,Não existe,Perfeito estado,Oleosa,Perfeito estado,Não há placas,40 km/h,Única," , VIADUTO CAPITAO TEMUDO, Recife, Pernambuco, Brasil",-8.075106,-34.8934944
2505,2019-03-22 07:00:00,SEM VÍTIMA,CABANGA,PTE GOVERNADOR PAULO GUERRA, ,260.0,SUBURBIO,CHOQUE OBJETO FIXO,1.0,1.0,1.0,1.0,1.0,1.0,1.0,1.0,1.0,0.0,1.0,Longo da via,Bom,Não existe,Perfeito estado,Seca,Perfeito estado,Não há placas,40 km/h,Única," , PTE GOVERNADOR PAULO GUERRA, Recife, Pernambuco, Brasil",-8.075106,-34.8934944
9700,2019-10-31 17:43:00,SEM VÍTIMA,CABANGA,PTE GOVERNADOR PAULO GUERRA, ,260.0,SUBURBIO,COLISÃO TRASEIRA,2.0,1.0,1.0,1.0,1.0,1.0,1.0,1.0,1.0,0.0,1.0,Longo da via,Bom,Sem defeito,Perfeito estado,Seca,Perfeito estado,Não há placas,40 km/h,Única," , PTE GOVERNADOR PAULO GUERRA, Recife, Pernambuco, Brasil",-8.075106,-34.8934944
10059,2019-11-09 20:35:00,SEM VÍTIMA,CABANGA,PTE GOVERNADOR PAULO GUERRA, ,260.0,SUBURBIO,ABALROAMENTO LONGITUDINAL,2.0,1.0,1.0,1.0,1.0,1.0,1.0,1.0,1.0,0.0,1.0,Longo da via,Bom,Sem defeito,Perfeito estado,Seca,Perfeito estado,Não há placas,60 km/h,Única," , nan, Recife, Pernambuco, Brasil",-8.0584933,-34.8848193
2211,2019-03-14 13:48:00,SEM VÍTIMA,CABANGA,AV SUL, ,260.0,CIDADE,ABALROAMENTO TRANSVERSAL,2.0,1.0,1.0,1.0,1.0,1.0,1.0,1.0,1.0,0.0,1.0,Longo da via,Bom,Sem defeito,Perfeito estado,Seca,Perfeito estado,Não há placas,60 km/h,Única," , AV SUL, Recife, Pernambuco, Brasil",-8.081145,-34.905034
2646,2019-03-26 13:15:00,SEM VÍTIMA,CABANGA,RUA CAPITAO TEMUDO, ,260.0,CIDADE,ABALROAMENTO LONGITUDINAL,2.0,1.0,1.0,1.0,1.0,1.0,1.0,1.0,1.0,0.0,1.0,Longo da via,Chuvoso,Não existe,Incompleta,Molhada,Mal conservada,Placas Pare,60 km/h,Única," , RUA CAPITAO TEMUDO, Recife, Pernambuco, Brasil",-8.0768412,-34.8927943
7287,2019-08-22 20:48:00,SEM VÍTIMA,CABANGA,PTE GOVERNADOR PAULO GUERRA, ,662.0,SUBURBIO,COLISÃO TRASEIRA,1.0,1.0,1.0,1.0,1.0,1.0,1.0,1.0,1.0,0.0,1.0,Longo da via,Bom,Sem defeito,Perfeito estado,Seca,Perfeito estado,Não há placas,60 km/h,Única," , PTE GOVERNADOR PAULO GUERRA, Recife, Pernambuco, Brasil",-8.0768412,-34.8927943
8347,2019-09-24 15:50:00,COM VÍTIMA,CABANGA,AV SUL,209,662.0,CIDADE,COLISÃO TRASEIRA,1.0,1.0,1.0,1.0,1.0,1.0,1.0,1.0,1.0,1.0,1.0,Longo da via,Bom,Sem defeito,Perfeito estado,Seca,Perfeito estado,Não há placas,60 km/h,Única,"209, AV SUL, Recife, Pernambuco, Brasil",-8.081145,-34.905034
2665,2019-03-26 21:39:00,SEM VÍTIMA,CAJUEIRO,AV BEBERIBE, ,662.0,SUBURBIO,COLISÃO TRASEIRA,2.0,1.0,1.0,1.0,1.0,1.0,1.0,1.0,1.0,0.0,1.0,Longo da via,Bom,Não existe,Perfeito estado,Seca,Perfeito estado,Não há placas,40 km/h,Dupla," , AV BEBERIBE, Recife, Pernambuco, Brasil",-8.013146,-34.8893491
11431,2019-12-13 03:33:00,SEM VÍTIMA,CAJUEIRO,RUA CORONEL URBANO RIBEIRO DE SENA,999,662.0,SUBURBIO,CHOQUE VEÍCULO PARADO,2.0,1.0,1.0,1.0,1.0,1.0,1.0,1.0,1.0,0.0,1.0,Longo da via,Bom,Não existe,Incompleta,Seca,Perfeito estado,Outras,40 km/h,Dupla,"999, RUA CORONEL URBANO RIBEIRO DE SENA, Recife, Pernambuco, Brasil",-8.0137466,-34.8832669
2953,2019-04-04 09:42:00,SEM VÍTIMA,CAJUEIRO,AV CIDADE DE MONTEIRO, ,662.0,SUBURBIO,ABALROAMENTO LONGITUDINAL,1.0,1.0,1.0,1.0,1.0,1.0,1.0,1.0,1.0,0.0,1.0,Longo da via,Bom,Não existe,Ilegível,Seca,Perfeito estado,Outras,40 km/h,Dupla," , AV CIDADE DE MONTEIRO, Recife, Pernambuco, Brasil",-8.0091599,-34.8887038
10128,2019-11-11 18:19:00,SEM VÍTIMA,CAJUEIRO,AV BEBERIBE,3205,662.0,SUBURBIO,COLISÃO TRASEIRA,2.0,1.0,1.0,1.0,1.0,1.0,1.0,1.0,1.0,0.0,1.0,Longo da via,Bom,Não existe,Perfeito estado,Seca,Perfeito estado,Outras,60 km/h,Dupla,"3205, AV BEBERIBE, Recife, Pernambuco, Brasil",-8.0107208,-34.8892365
9162,2019-10-16 10:52:00,SEM VÍTIMA,CAJUEIRO,RUA LUIZ CLERICUZZI,340,662.0,SUBURBIO,ABALROAMENTO LONGITUDINAL,2.0,1.0,1.0,1.0,1.0,1.0,1.0,1.0,1.0,0.0,1.0,Cruzamento,Bom,Não existe,Não existente,Seca,Perfeito estado,Não há placas,60 km/h,Dupla,"340, RUA LUIZ CLERICUZZI, Recife, Pernambuco, Brasil",-8.0100755,-34.8846738
1085,2019-02-08 17:06:00,COM VÍTIMA,CAJUEIRO,AV CIDADE DE MONTEIRO,380,662.0,SUBURBIO,COLISÃO,1.0,1.0,1.0,1.0,1.0,1.0,1.0,1.0,1.0,1.0,1.0,Cruzamento,Bom,Não existe,Não existente,Seca,Perfeito estado,Não há placas,60 km/h,Dupla,"380, AV CIDADE DE MONTEIRO, Recife, Pernambuco, Brasil",-8.008878,-34.888352
3140,2019-04-09 16:57:00,COM VÍTIMA,CAJUEIRO,RUA DR ALBERTO WANDERLEY,418,662.0,CIDADE,COLISÃO COM CICLISTA,1.0,1.0,1.0,1.0,1.0,1.0,1.0,1.0,1.0,1.0,1.0,Longo da via,Bom,Não existe,Não existente,Seca,Perfeito estado,Outras,60 km/h,Dupla,"418, RUA DR ALBERTO WANDERLEY, Recife, Pernambuco, Brasil",-8.008878,-34.888352
6645,2019-08-03 10:54:00,SEM VÍTIMA,CAJUEIRO,RUA COUTO SOARES,628,662.0,SUBURBIO,ABALROAMENTO LONGITUDINAL,1.0,1.0,1.0,1.0,1.0,1.0,1.0,1.0,1.0,0.0,1.0,Cruzamento,Bom,Não existe,Perfeito estado,Seca,Perfeito estado,Placas Pare,60 km/h,Única,"628, RUA COUTO SOARES, Recife, Pernambuco, Brasil",-8.0130671,-34.8834028
9026,2019-10-12 22:58:00,SEM VÍTIMA,CAJUEIRO,AV CIDADE DE MONTEIRO, ,662.0,SUBURBIO,ABALROAMENTO TRANSVERSAL,1.0,1.0,1.0,1.0,1.0,1.0,1.0,1.0,1.0,0.0,1.0,Cruzamento,Bom,Não existe,Ilegível,Seca,Perfeito estado,Placas Pare,30 km/h,Dupla," , AV CIDADE DE MONTEIRO, Recife, Pernambuco, Brasil",-8.0091599,-34.8887038
2647,2019-03-26 13:48:00,SEM VÍTIMA,CAJUEIRO,RUA NOVA BETANEA, ,662.0,SUBURBIO,ABALROAMENTO TRANSVERSAL,2.0,1.0,1.0,1.0,1.0,1.0,1.0,1.0,1.0,0.0,1.0,Cruzamento,Chuvoso,Não existe,Perfeito estado,Seca,Perfeito estado,Não há placas,40 km/h,Dupla," , RUA NOVA BETANEA, Recife, Pernambuco, Brasil",-8.0091599,-34.8887038
8144,2019-09-18 13:37:00,SEM VÍTIMA,CAJUEIRO,AV BEBERIBE,3173,662.0,CIDADE,COLISÃO TRASEIRA,1.0,1.0,1.0,1.0,1.0,1.0,1.0,1.0,1.0,0.0,1.0,Longo da via,Bom,Não existe,Perfeito estado,Seca,Perfeito estado,Outras,40 km/h,Dupla,"3173, AV BEBERIBE, Recife, Pernambuco, Brasil",-8.0109299,-34.8893225
10791,2019-11-29 12:08:00,SEM VÍTIMA,CAJUEIRO,AV BEBERIBE, ,662.0,SUBURBIO,ABALROAMENTO LONGITUDINAL,1.0,1.0,1.0,1.0,1.0,1.0,1.0,1.0,1.0,0.0,1.0,Longo da via,Bom,Não existe,Perfeito estado,Seca,Perfeito estado,Outras,40 km/h,Dupla," , AV BEBERIBE, Recife, Pernambuco, Brasil",-8.013146,-34.8893491
1343,2019-02-15 20:46:00,SEM VÍTIMA,CAJUEIRO,RUA VIRGILIO DE MELO FRANCO,349,662.0,SUBURBIO,ABALROAMENTO TRANSVERSAL,2.0,1.0,1.0,1.0,1.0,1.0,1.0,1.0,1.0,0.0,1.0,Longo da via,Bom,Não existe,Não existente,Seca,Perfeito estado,Não há placas,40 km/h,Dupla,"349, RUA VIRGILIO DE MELO FRANCO, Recife, Pernambuco, Brasil",-8.0103414,-34.8839255
4524,2019-05-23 18:21:00,SEM VÍTIMA,CAJUEIRO,RUA TENENTE WANDERLEY, ,662.0,SUBURBIO,COLISÃO,1.0,1.0,1.0,1.0,1.0,1.0,1.0,1.0,1.0,0.0,1.0,Longo da via,Bom,Não existe,Não existente,Seca,Perfeito estado,Não há placas,40 km/h,Dupla," , RUA TENENTE WANDERLEY, Recife, Pernambuco, Brasil",-8.0106959,-34.8855755
7849,2019-09-10 13:20:00,SEM VÍTIMA,CAJUEIRO,RUA MONTE CASTELO,30,662.0,SUBURBIO,COLISÃO,2.0,1.0,1.0,1.0,1.0,1.0,1.0,1.0,1.0,0.0,1.0,Longo da via,Bom,Não existe,Não existente,Seca,Perfeito estado,Não há placas,40 km/h,Dupla,"30, RUA MONTE CASTELO, Recife, Pernambuco, Brasil",-8.0254653,-34.8611978
4830,2019-06-03 15:42:00,SEM VÍTIMA,CAJUEIRO,AV SEBASTIAO SALAZAR, ,662.0,SUBURBIO,ABALROAMENTO LONGITUDINAL,2.0,1.0,1.0,1.0,1.0,1.0,1.0,1.0,1.0,0.0,1.0,Cruzamento,Bom,Não existe,Perfeito estado,Seca,Perfeito estado,Não há placas,40 km/h,Dupla," , AV SEBASTIAO SALAZAR, Recife, Pernambuco, Brasil",-8.0104947,-34.8882339
1833,2019-03-01 17:00:00,COM VÍTIMA,CAJUEIRO,AV CIDADE DE MONTEIRO,380,662.0,AV. BEBERIBE,ABALROAMENTO TRANSVERSAL,1.0,1.0,1.0,1.0,1.0,1.0,1.0,1.0,1.0,1.0,1.0,Longo da via,Bom,Não existe,Perfeito estado,Seca,Perfeito estado,Outras,40 km/h,Dupla,"380, AV CIDADE DE MONTEIRO, Recife, Pernambuco, Brasil",-8.008878,-34.888352
8318,2019-09-23 22:54:00,SEM VÍTIMA,CAJUEIRO,RUA SEBASTIAO REGO BARROS,135,662.0,SUBURBIO,CHOQUE VEÍCULO PARADO,2.0,1.0,1.0,1.0,1.0,1.0,1.0,1.0,1.0,0.0,1.0,Longo da via,Bom,Não existe,Não existente,Seca,Perfeito estado,Não há placas,40 km/h,Dupla,"135, RUA SEBASTIAO REGO BARROS, Recife, Pernambuco, Brasil",-8.008878,-34.888352
6481,2019-07-29 15:59:00,SEM VÍTIMA,CAJUEIRO,AV CIDADE DE MONTEIRO,380,662.0,CIDADE,ABALROAMENTO TRANSVERSAL,2.0,1.0,1.0,1.0,1.0,1.0,1.0,1.0,1.0,0.0,1.0,Longo da via,Bom,Não existe,Incompleta,Seca,Mal conservada,Não há placas,40 km/h,Dupla,"380, AV CIDADE DE MONTEIRO, Recife, Pernambuco, Brasil",-8.008878,-34.888352
4614,2019-05-27 07:44:00,SEM VÍTIMA,CAJUEIRO,AV SEBASTIAO SALAZAR,759,662.0,SUBURBIO,ABALROAMENTO TRANSVERSAL,1.0,1.0,1.0,1.0,1.0,1.0,1.0,1.0,1.0,0.0,1.0,Cruzamento,Bom,Não existe,Perfeito estado,Seca,Perfeito estado,Não há placas,40 km/h,Dupla,"759, AV SEBASTIAO SALAZAR, Recife, Pernambuco, Brasil",-8.0121652,-34.8824415
7746,2019-09-07 07:48:00,SEM VÍTIMA,CAJUEIRO,AV BEBERIBE,16,662.0,SUBURBIO,COLISÃO,1.0,1.0,1.0,1.0,1.0,1.0,1.0,1.0,1.0,0.0,1.0,Cruzamento,Bom,Não existe,Perfeito estado,Seca,Perfeito estado,Não há placas,40 km/h,Dupla,"16, AV BEBERIBE, Recife, Pernambuco, Brasil",-8.0223817,-34.8940353
5842,2019-07-05 21:11:00,SEM VÍTIMA,CAMPINA DO BARRETO,RUA DA REGENERACAO,1012,662.0,SUBURBIO,COLISÃO TRASEIRA,3.0,1.0,1.0,1.0,1.0,1.0,1.0,1.0,1.0,0.0,1.0,Longo da via,Bom,Não existe,Perfeito estado,Seca,Perfeito estado,Não há placas,40 km/h,Dupla,"1012, RUA DA REGENERACAO, Recife, Pernambuco, Brasil",-8.1601954,-34.9289462
158,2019-01-07 15:22:00,SEM VÍTIMA,CAMPINA DO BARRETO,RUA DOS CRAVEIROS,281,662.0,CIDADE,ABALROAMENTO LONGITUDINAL,1.0,1.0,1.0,1.0,1.0,1.0,1.0,1.0,1.0,0.0,1.0,Longo da via,Bom,Não existe,Perfeito estado,Seca,Perfeito estado,Não há placas,30 km/h,Única,"281, RUA DOS CRAVEIROS, Recife, Pernambuco, Brasil",-8.0145376,-34.8814253
961,2019-02-05 16:54:00,SEM VÍTIMA,CAMPINA DO BARRETO,RUA DR ELIAS GOMES, ,662.0,CIDADE,COLISÃO,1.0,1.0,1.0,1.0,1.0,1.0,1.0,1.0,1.0,0.0,1.0,Longo da via,Bom,Não existe,Perfeito estado,Seca,Perfeito estado,Não há placas,30 km/h,Única," , RUA DR ELIAS GOMES, Recife, Pernambuco, Brasil",-8.0145376,-34.8814253
3494,2019-04-20 21:13:00,SEM VÍTIMA,CAMPINA DO BARRETO,RUA CORONEL MARIO LIBORIO,132,662.0,CIDADE,CHOQUE VEÍCULO PARADO,1.0,1.0,1.0,1.0,1.0,1.0,1.0,1.0,1.0,0.0,1.0,Longo da via,Bom,Não existe,Perfeito estado,Seca,Perfeito estado,Não há placas,30 km/h,Dupla,"132, RUA CORONEL MARIO LIBORIO, Recife, Pernambuco, Brasil",-8.0151468,-34.8809041
6653,2019-08-03 14:48:00,SEM VÍTIMA,CAMPINA DO BARRETO,RUA IGUATU, ,662.0,CIDADE,ATROPELAMENTO ANIMAL,1.0,1.0,1.0,1.0,1.0,1.0,1.0,1.0,1.0,0.0,1.0,Longo da via,Bom,Não existe,Perfeito estado,Seca,Perfeito estado,Não há placas,30 km/h,Dupla," , RUA IGUATU, Recife, Pernambuco, Brasil",-8.0175445,-34.8828387
4701,2019-05-29 19:36:00,SEM VÍTIMA,CAMPINA DO BARRETO,RUA CORONEL URBANO RIBEIRO DE SENA,1069,662.0,CIDADE,COLISÃO,2.0,1.0,1.0,1.0,1.0,1.0,1.0,1.0,1.0,0.0,1.0,Longo da via,Bom,Não existe,Perfeito estado,Seca,Perfeito estado,Não há placas,30 km/h,Dupla,"1069, RUA CORONEL URBANO RIBEIRO DE SENA, Recife, Pernambuco, Brasil",-8.0133401,-34.8830321
4812,2019-06-02 19:46:00,COM VÍTIMA,CAMPINA DO BARRETO,RUA IGUATU, ,662.0,SUBURBIO,COLISÃO COM CICLISTA,2.0,1.0,1.0,1.0,1.0,1.0,1.0,1.0,1.0,1.0,1.0,Longo da via,Bom,Não existe,Perfeito estado,Seca,Perfeito estado,Outras,30 km/h,Dupla," , RUA IGUATU, Recife, Pernambuco, Brasil",-8.0175445,-34.8828387
5860,2019-07-06 16:49:00,SEM VÍTIMA,CAMPINA DO BARRETO,RUA DAS MOCAS, ,662.0,SUBURBIO,ABALROAMENTO LONGITUDINAL,1.0,1.0,1.0,1.0,1.0,1.0,1.0,1.0,1.0,0.0,1.0,Cruzamento,Bom,Não existe,Incompleta,Seca,Perfeito estado,Não há placas,30 km/h,Dupla," , RUA DAS MOCAS, Recife, Pernambuco, Brasil",-8.0193122,-34.8852912
9748,2019-11-01 16:45:00,SEM VÍTIMA,CAMPINA DO BARRETO,RUA VEREADOR MIVALDO CAVALCANTI MAIA,24,662.0,SUBURBIO,COLISÃO,1.0,2.0,1.0,1.0,1.0,1.0,1.0,1.0,1.0,0.0,1.0,Cruzamento,Bom,Não existe,Incompleta,Seca,Perfeito estado,Não há placas,30 km/h,Dupla,"24, RUA VEREADOR MIVALDO CAVALCANTI MAIA, Recife, Pernambuco, Brasil",-8.0180088,-34.8794916
2908,2019-04-02 18:38:00,SEM VÍTIMA,CAMPINA DO BARRETO,RUA TENENTE WANDERLEY,669,662.0,SUBURBIO,COLISÃO,1.0,2.0,1.0,1.0,1.0,1.0,1.0,1.0,1.0,0.0,1.0,Cruzamento,Bom,Não existe,Incompleta,Seca,Perfeito estado,Não há placas,30 km/h,Dupla,"669, RUA TENENTE WANDERLEY, Recife, Pernambuco, Brasil",-8.0111092,-34.8847517
8795,2019-10-06 17:25:00,SEM VÍTIMA,CAMPINA DO BARRETO,RUA DAS MOCAS,1791,662.0,SUBURBIO,COLISÃO TRASEIRA,2.0,2.0,1.0,1.0,1.0,1.0,1.0,1.0,1.0,0.0,1.0,Longo da via,Bom,Não existe,Perfeito estado,Seca,Perfeito estado,Outras,30 km/h,Dupla,"1791, RUA DAS MOCAS, Recife, Pernambuco, Brasil",-8.0243241,-34.8875468
7795,2019-09-09 11:08:00,SEM VÍTIMA,CAMPO GRANDE,EST DE BELEM,564,662.0,SUBURBIO,ABALROAMENTO LONGITUDINAL,2.0,2.0,1.0,1.0,1.0,1.0,1.0,1.0,1.0,0.0,1.0,Longo da via,Bom,Não existe,Perfeito estado,Seca,Perfeito estado,R-6a,30 km/h,Dupla,"564, EST DE BELEM, Recife, Pernambuco, Brasil",-8.0070266,-34.871269330000004
7743,2019-09-06 23:17:00,COM VÍTIMA,CAMPO GRANDE,RUA ODORICO MENDES,251,662.0,CIDADE,COLISÃO FRONTAL,2.0,1.0,1.0,1.0,1.0,1.0,1.0,1.0,1.0,2.0,1.0,Longo da via,Bom,Não existe,Perfeito estado,Seca,Perfeito estado,R-6a,30 km/h,Dupla,"251, RUA ODORICO MENDES, Recife, Pernambuco, Brasil",-8.0344093,-34.8807645
4801,2019-06-02 07:57:00,COM VÍTIMA,CAMPO GRANDE,RUA LUIZ CORREA,449,662.0,CIDADE,COLISÃO,1.0,1.0,1.0,1.0,1.0,1.0,1.0,1.0,1.0,1.0,1.0,Longo da via,Bom,Não existe,Perfeito estado,Seca,Perfeito estado,R-6a,30 km/h,Dupla,"449, RUA LUIZ CORREA, Recife, Pernambuco, Brasil",-8.0344093,-34.8807645
6272,2019-07-21 16:15:00,COM VÍTIMA,CAMPO GRANDE,RUA DONA ELVIRA,194,662.0,SUBURBIO,ABALROAMENTO TRANSVERSAL,1.0,1.0,1.0,1.0,1.0,1.0,1.0,1.0,1.0,2.0,1.0,Cruzamento,Bom,Não existe,Incompleta,Seca,Mal conservada,Placas Pare,30 km/h,Dupla,"194, RUA DONA ELVIRA, Recife, Pernambuco, Brasil",-8.032495,-34.8905014
9496,2019-10-26 07:07:00,SEM VÍTIMA,CAMPO GRANDE,RUA FRANKLIN TAVORA, ,662.0,SUBURBIO,ABALROAMENTO TRANSVERSAL,2.0,1.0,1.0,1.0,1.0,1.0,1.0,1.0,1.0,0.0,1.0,Cruzamento,Bom,Não existe,Perfeito estado,Seca,Perfeito estado,Placas Pare,30 km/h,Dupla," , RUA FRANKLIN TAVORA, Recife, Pernambuco, Brasil",-8.0277883,-34.8807529
7584,2019-09-02 12:46:00,COM VÍTIMA,CAMPO GRANDE,EST DE BELEM,516,662.0,SUBURBIO,ABALROAMENTO LONGITUDINAL,2.0,1.0,1.0,1.0,1.0,1.0,1.0,1.0,1.0,1.0,1.0,Longo da via,Bom,Sem defeito,Perfeito estado,Seca,Perfeito estado,Outras,30 km/h,Dupla,"516, EST DE BELEM, Recife, Pernambuco, Brasil",-8.0070266,-34.871269330000004
5751,2019-07-03 04:14:00,COM VÍTIMA,CAMPO GRANDE,EST DE BELEM,1481,662.0,SUBURBIO,COLISÃO FRONTAL,2.0,1.0,1.0,1.0,1.0,1.0,1.0,1.0,1.0,2.0,1.0,Longo da via,Chuvoso,Sem defeito,Perfeito estado,Molhada,Perfeito estado,Outras,30 km/h,Dupla,"1481, EST DE BELEM, Recife, Pernambuco, Brasil",-8.0070266,-34.871269330000004
7691,2019-09-05 11:30:00,SEM VÍTIMA,CAMPO GRANDE,RUA OTHON PARAISO, ,662.0,CIDADE,ABALROAMENTO LONGITUDINAL,2.0,1.0,1.0,1.0,1.0,1.0,1.0,1.0,1.0,0.0,1.0,Cruzamento,Bom,Não existe,Incompleta,Seca,Perfeito estado,Placas Pare,30 km/h,Dupla," , RUA OTHON PARAISO, Recife, Pernambuco, Brasil",-8.0389726,-34.8836102
5162,2019-06-12 18:46:00,SEM VÍTIMA,CAMPO GRANDE,RUA ODORICO MENDES,695,662.0,SUBURBIO,COLISÃO TRASEIRA,3.0,1.0,1.0,1.0,1.0,1.0,1.0,1.0,1.0,0.0,1.0,Longo da via,Bom,Não existe,Perfeito estado,Seca,Perfeito estado,Outras,30 km/h,Dupla,"695, RUA ODORICO MENDES, Recife, Pernambuco, Brasil",-8.0380801,-34.8793425
2487,2019-03-21 15:23:00,COM VÍTIMA,CAMPO GRANDE,RUA VOLUNTARIOS DA PATRIA, ,662.0,SUBURBIO,ABALROAMENTO TRANSVERSAL,1.0,1.0,1.0,1.0,1.0,1.0,1.0,1.0,1.0,1.0,1.0,Cruzamento,Bom,Não existe,Perfeito estado,Seca,Perfeito estado,Não há placas,30 km/h,Dupla," , RUA VOLUNTARIOS DA PATRIA, Recife, Pernambuco, Brasil",-8.0309457,-34.8829463
4357,2019-05-18 12:15:00,COM VÍTIMA,CAMPO GRANDE,EST DE BELEM,1244,26.0,CIDADE,ABALROAMENTO LONGITUDINAL,1.0,1.0,1.0,1.0,1.0,1.0,1.0,1.0,1.0,1.0,1.0,Longo da via,Bom,Não existe,Perfeito estado,Seca,Perfeito estado,R-6a,30 km/h,Dupla,"1244, EST DE BELEM, Recife, Pernambuco, Brasil",-8.0070266,-34.871269330000004
531,2019-01-21 17:28:00,SEM VÍTIMA,CAMPO GRANDE,EST DE BELEM,100,26.0,CIDADE,COLISÃO,3.0,1.0,1.0,1.0,1.0,1.0,1.0,1.0,1.0,0.0,1.0,Longo da via,Bom,Não existe,Perfeito estado,Seca,Perfeito estado,R-6a,30 km/h,Dupla,"100, EST DE BELEM, Recife, Pernambuco, Brasil",-8.0070266,-34.871269330000004
2787,2019-03-29 16:38:00,SEM VÍTIMA,CAMPO GRANDE,AV PROFESSOR JOSE DOS ANJOS,816,642.0,SUBURBIO,COLISÃO TRASEIRA,2.0,1.0,1.0,1.0,1.0,1.0,1.0,1.0,1.0,0.0,1.0,Longo da via,Bom,Não existe,Perfeito estado,Seca,Perfeito estado,Placas Pare,30 km/h,Dupla,"816, AV PROFESSOR JOSE DOS ANJOS, Recife, Pernambuco, Brasil",-8.0282609,-34.8950543
11623,2019-12-17 19:46:00,COM VÍTIMA,CAMPO GRANDE,RUA JERONIMO VILELA,581,642.0,SUBURBIO,COLISÃO FRONTAL,1.0,1.0,1.0,1.0,1.0,1.0,1.0,1.0,1.0,2.0,1.0,Longo da via,Bom,Não existe,Incompleta,Seca,Perfeito estado,R-6a,30 km/h,Dupla,"581, RUA JERONIMO VILELA, Recife, Pernambuco, Brasil",-8.026986,-34.8825356
2221,2019-03-14 19:20:00,COM VÍTIMA,CAMPO GRANDE,RUA MARQUES DE BAIPENDI,160,642.0,CIDADE,ABALROAMENTO TRANSVERSAL,1.0,1.0,1.0,1.0,1.0,1.0,1.0,1.0,1.0,1.0,1.0,Cruzamento,Bom,Não existe,Não existente,Seca,Perfeito estado,Não há placas,30 km/h,Dupla,"160, RUA MARQUES DE BAIPENDI, Recife, Pernambuco, Brasil",-8.0288207,-34.8880169
3115,2019-04-09 08:40:00,SEM VÍTIMA,CAMPO GRANDE,EST DE BELEM,1349,642.0,CIDADE,COLISÃO,1.0,1.0,1.0,1.0,1.0,1.0,1.0,1.0,1.0,0.0,1.0,Cruzamento,Bom,Não existe,Não existente,Seca,Perfeito estado,Não há placas,30 km/h,Dupla,"1349, EST DE BELEM, Recife, Pernambuco, Brasil",-8.0070266,-34.871269330000004
8060,2019-09-16 14:36:00,SEM VÍTIMA,CAMPO GRANDE,EST DE BELEM,1316,642.0,SUBURBIO,COLISÃO TRASEIRA,1.0,1.0,1.0,1.0,1.0,1.0,1.0,1.0,1.0,0.0,1.0,Longo da via,Bom,Não existe,Perfeito estado,Seca,Perfeito estado,Não há placas,60 km/h,Dupla,"1316, EST DE BELEM, Recife, Pernambuco, Brasil",-8.0070266,-34.871269330000004
4306,2019-05-16 20:36:00,SEM VÍTIMA,CAMPO GRANDE,AV GOVERNADOR AGAMENON MAGALHAES, ,49.0,SUBURBIO,ABALROAMENTO TRANSVERSAL,2.0,1.0,1.0,1.0,1.0,1.0,1.0,1.0,1.0,0.0,1.0,Longo da via,Bom,Sem defeito,Perfeito estado,Seca,Perfeito estado,Não há placas,60 km/h,Dupla," , AV GOVERNADOR AGAMENON MAGALHAES, Recife, Pernambuco, Brasil",-8.0615339,-34.8974443
1140,2019-02-11 07:59:00,COM VÍTIMA,CAMPO GRANDE,RUA GUAIANAZES,239,49.0,CIDADE,ABALROAMENTO LONGITUDINAL,1.0,1.0,1.0,1.0,1.0,1.0,1.0,1.0,1.0,1.0,1.0,Cruzamento,Bom,Não existe,Incompleta,Seca,Perfeito estado,Não há placas,60 km/h,Dupla,"239, RUA GUAIANAZES, Recife, Pernambuco, Brasil",-8.0367577,-34.8777862
3253,2019-04-12 15:15:00,SEM VÍTIMA,CAMPO GRANDE,RUA ODORICO MENDES,65,49.0,SUBURBIO,COLISÃO TRASEIRA,1.0,1.0,1.0,1.0,1.0,1.0,1.0,1.0,1.0,0.0,1.0,Longo da via,Bom,Não existe,Perfeito estado,Seca,Perfeito estado,R-6a,60 km/h,Única,"65, RUA ODORICO MENDES, Recife, Pernambuco, Brasil",-8.0327224,-34.8811332
918,2019-02-04 16:32:00,COM VÍTIMA,CAMPO GRANDE,EST DE BELEM, ,49.0,CIDADE,ABALROAMENTO TRANSVERSAL,1.0,1.0,1.0,1.0,1.0,1.0,1.0,1.0,1.0,1.0,1.0,Cruzamento,Bom,Não existe,Perfeito estado,Seca,Perfeito estado,R-6a,60 km/h,Dupla," , EST DE BELEM, Recife, Pernambuco, Brasil",-8.0070266,-34.871269330000004