,data_hora,natureza_acidente,bairro,endereco,numero,num_semaforo,sentido_via,tipo,auto,moto,ciclom,ciclista,pedestre,onibus,caminhao,viatura,outros,vitimas,vitimasfatais,acidente_verificado,tempo_clima,situacao_semaforo,sinalizacao,condicao_via,conservacao_via,situacao_placa,velocidade_max_via,mao_direcao,end,latitude,longitude
4656,2019-05-28 13:10:00,SEM VÍTIMA,CAMPO GRANDE,RUA JERONIMO VILELA,469,282.0,CIDADE,COLISÃO TRASEIRA,2.0,1.0,1.0,1.0,1.0,1.0,1.0,1.0,1.0,0.0,1.0,Longo da via,Bom,Sem defeito,Perfeito estado,Seca,Perfeito estado,R-6a,40 km/h,Dupla,"469, RUA JERONIMO VILELA, Recife, Pernambuco, Brasil",-8.0266478,-34.8827936
10942,2019-12-02 21:06:00,SEM VÍTIMA,CAMPO GRANDE,EST DE BELEM,866,282.0,SUBURBIO,ABALROAMENTO TRANSVERSAL,1.0,1.0,1.0,1.0,1.0,1.0,1.0,1.0,1.0,0.0,1.0,Longo da via,Bom,Sem defeito,Perfeito estado,Seca,Perfeito estado,R-6a,40 km/h,Dupla,"866, EST DE BELEM, Recife, Pernambuco, Brasil",-8.0266478,-34.8827936
8910,2019-10-09 16:29:00,COM VÍTIMA,CAMPO GRANDE,EST DE BELEM,1335,282.0,CIDADE,ABALROAMENTO TRANSVERSAL,1.0,2.0,1.0,1.0,1.0,1.0,1.0,1.0,1.0,1.0,1.0,Longo da via,Bom,Não existe,Perfeito estado,Seca,Perfeito estado,R-6a,60 km/h,Dupla,"1335, EST DE BELEM, Recife, Pernambuco, Brasil",-8.0070266,-34.871269330000004
3037,2019-04-06 12:44:00,SEM VÍTIMA,CAMPO GRANDE,RUA MARQUES DE ABRANTES,742,282.0,CIDADE,COLISÃO,1.0,2.0,1.0,1.0,1.0,1.0,1.0,1.0,1.0,0.0,1.0,Longo da via,Bom,Não existe,Perfeito estado,Seca,Perfeito estado,R-6a,60 km/h,Dupla,"742, RUA MARQUES DE ABRANTES, Recife, Pernambuco, Brasil",-8.0314597,-34.8843182
8497,2019-09-28 21:24:00,COM VÍTIMA,CAMPO GRANDE,RUA ODORICO MENDES, ,282.0,SUBURBIO,ABALROAMENTO TRANSVERSAL,1.0,1.0,1.0,1.0,1.0,1.0,1.0,1.0,1.0,1.0,1.0,Cruzamento,Bom,Não existe,Perfeito estado,Seca,Perfeito estado,Placas Pare,60 km/h,Dupla," , RUA ODORICO MENDES, Recife, Pernambuco, Brasil",-8.0379876,-34.8795211
9147,2019-10-16 07:57:00,SEM VÍTIMA,CAMPO GRANDE,RUA PADRE CAPISTRANO,31,282.0,SUBURBIO,COLISÃO,1.0,1.0,1.0,1.0,1.0,1.0,1.0,1.0,1.0,0.0,1.0,Cruzamento,Bom,Não existe,Perfeito estado,Seca,Perfeito estado,Placas Pare,60 km/h,Dupla,"31, RUA PADRE CAPISTRANO, Recife, Pernambuco, Brasil",-8.0328533,-34.8838629
2023,2019-03-08 19:25:00,SEM VÍTIMA,CAMPO GRANDE,RUA CATULO DA PAIXAO CEARENSE, ,282.0,SUBURBIO,COLISÃO,2.0,1.0,1.0,1.0,1.0,1.0,1.0,1.0,1.0,0.0,1.0,Cruzamento,Bom,Não existe,Perfeito estado,Seca,Perfeito estado,Placas Pare,60 km/h,Dupla," , RUA CATULO DA PAIXAO CEARENSE, Recife, Pernambuco, Brasil",-8.0328203,-34.8768162
5473,2019-06-23 17:52:00,SEM VÍTIMA,CAMPO GRANDE,AV GOVERNADOR AGAMENON MAGALHAES, ,282.0,SUBURBIO,ABALROAMENTO LONGITUDINAL,1.0,1.0,1.0,1.0,1.0,1.0,1.0,1.0,1.0,0.0,1.0,Cruzamento,Bom,Não existe,Perfeito estado,Seca,Perfeito estado,Placas Dê a preferência,60 km/h,Única," , AV GOVERNADOR AGAMENON MAGALHAES, Recife, Pernambuco, Brasil",-8.0615339,-34.8974443
8037,2019-09-15 21:30:00,SEM VÍTIMA,CAMPO GRANDE,EST DE BELEM, ,282.0,SUBURBIO,COLISÃO,1.0,1.0,1.0,1.0,1.0,1.0,1.0,1.0,1.0,0.0,1.0,Cruzamento,Bom,Não existe,Perfeito estado,Seca,Perfeito estado,Placas Dê a preferência,60 km/h,Única," , EST DE BELEM, Recife, Pernambuco, Brasil",-8.0070266,-34.871269330000004
3370,2019-04-16 10:28:00,SEM VÍTIMA,CAMPO GRANDE,RUA DR MACHADO,509,565.0,SUBURBIO,ABALROAMENTO LONGITUDINAL,2.0,1.0,1.0,1.0,1.0,1.0,1.0,1.0,1.0,0.0,1.0,Longo da via,Bom,Sem defeito,Incompleta,Seca,Mal conservada,Não há placas,60 km/h,Dupla,"509, RUA DR MACHADO, Recife, Pernambuco, Brasil",-8.0070266,-34.871269330000004
7096,2019-08-16 19:01:00,COM VÍTIMA,CAMPO GRANDE,RUA ODORICO MENDES,123,565.0,SUBURBIO,ABALROAMENTO LONGITUDINAL,1.0,1.0,1.0,1.0,1.0,1.0,1.0,1.0,1.0,1.0,1.0,Longo da via,Bom,Sem defeito,Perfeito estado,Seca,Perfeito estado,R-6a,60 km/h,Dupla,"123, RUA ODORICO MENDES, Recife, Pernambuco, Brasil",-8.0332245,-34.8810437
1889,2019-03-03 19:26:00,COM VÍTIMA,CAMPO GRANDE,RUA ODORICO MENDES,524,565.0,CIDADE,ATROPELAMENTO,1.0,1.0,1.0,1.0,1.0,1.0,1.0,1.0,1.0,1.0,1.0,Longo da via,Bom,Não existe,Perfeito estado,Seca,Perfeito estado,Não há placas,60 km/h,Única,"524, RUA ODORICO MENDES, Recife, Pernambuco, Brasil",-8.0367629,-34.8802009
6179,2019-07-18 08:21:00,SEM VÍTIMA,CAMPO GRANDE,RUA ODORICO MENDES,542,565.0,CIDADE,ABALROAMENTO LONGITUDINAL,1.0,1.0,1.0,1.0,1.0,1.0,1.0,1.0,1.0,0.0,1.0,Longo da via,Bom,Não existe,Perfeito estado,Seca,Perfeito estado,Não há placas,60 km/h,Dupla,"542, RUA ODORICO MENDES, Recife, Pernambuco, Brasil",-8.0369753,-34.8801142
6393,2019-07-25 23:41:00,SEM VÍTIMA,CAMPO GRANDE,RUA ODORICO MENDES, ,49.0,SUBURBIO,COLISÃO TRASEIRA,1.0,1.0,1.0,1.0,1.0,1.0,1.0,1.0,1.0,0.0,1.0,Cruzamento,Bom,Sem defeito,Perfeito estado,Seca,Perfeito estado,Outras,60 km/h,Dupla," , RUA ODORICO MENDES, Recife, Pernambuco, Brasil",-8.0379876,-34.8795211
10755,2019-11-28 13:07:00,SEM VÍTIMA,CAMPO GRANDE,RUA PROFESSOR FRANCISCO DA TRINDADE,180,49.0,SUBURBIO,COLISÃO,2.0,1.0,1.0,1.0,1.0,1.0,1.0,1.0,1.0,0.0,1.0,Cruzamento,Bom,Sem defeito,Perfeito estado,Seca,Perfeito estado,Outras,60 km/h,Dupla,"180, RUA PROFESSOR FRANCISCO DA TRINDADE, Recife, Pernambuco, Brasil",-8.0349907,-34.8791917
719,2019-01-29 08:13:00,COM VÍTIMA,CAMPO GRANDE,RUA ODORICO MENDES,166,49.0,SUBURBIO,ABALROAMENTO LONGITUDINAL,1.0,1.0,1.0,1.0,1.0,1.0,1.0,1.0,1.0,1.0,1.0,Cruzamento,Bom,Não existe,Perfeito estado,Seca,Perfeito estado,Placas Pare,60 km/h,Dupla,"166, RUA ODORICO MENDES, Recife, Pernambuco, Brasil",-8.0336828,-34.8812165
11876,2019-12-24 13:11:00,COM VÍTIMA,CAMPO GRANDE,RUA FRANKLIN TAVORA,650,49.0,SUBURBIO,ABALROAMENTO TRANSVERSAL,1.0,1.0,1.0,1.0,1.0,1.0,1.0,1.0,1.0,1.0,1.0,Cruzamento,Bom,Não existe,Perfeito estado,Seca,Perfeito estado,Placas Pare,60 km/h,Dupla,"650, RUA FRANKLIN TAVORA, Recife, Pernambuco, Brasil",-8.0276578,-34.8798865
7694,2019-09-05 13:13:00,SEM VÍTIMA,CAMPO GRANDE,RUA OTHON PARAISO, ,49.0,CIDADE,COLISÃO,2.0,1.0,1.0,1.0,1.0,1.0,1.0,1.0,1.0,0.0,1.0,Cruzamento,Bom,Não existe,Perfeito estado,Seca,Perfeito estado,Placas Pare,60 km/h,Dupla," , RUA OTHON PARAISO, Recife, Pernambuco, Brasil",-8.0389726,-34.8836102
4973,2019-06-06 18:32:00,COM VÍTIMA,CAMPO GRANDE,RUA JERONIMO VILELA, ,49.0,CIDADE,ABALROAMENTO TRANSVERSAL,1.0,1.0,1.0,1.0,1.0,1.0,1.0,1.0,1.0,1.0,1.0,Longo da via,Bom,Não existe,Perfeito estado,Seca,Perfeito estado,Outras,60 km/h,Dupla," , RUA JERONIMO VILELA, Recife, Pernambuco, Brasil",-8.0252339,-34.8827399
10191,2019-11-13 10:10:00,SEM VÍTIMA,CAMPO GRANDE,EST DE BELEM,836,94.0,CIDADE,ABALROAMENTO TRANSVERSAL,1.0,1.0,1.0,1.0,1.0,1.0,1.0,1.0,1.0,0.0,1.0,Cruzamento,Bom,Sem defeito,Perfeito estado,Seca,Perfeito estado,Outras,60 km/h,Dupla,"836, EST DE BELEM, Recife, Pernambuco, Brasil",-8.0070266,-34.871269330000004
1401,2019-02-18 13:33:00,SEM VÍTIMA,CAMPO GRANDE,RUA ODORICO MENDES,165,94.0,SUBURBIO,ABALROAMENTO TRANSVERSAL,3.0,1.0,1.0,1.0,1.0,1.0,1.0,1.0,1.0,0.0,1.0,Longo da via,Bom,Não existe,Perfeito estado,Seca,Perfeito estado,Placas Pare,60 km/h,Dupla,"165, RUA ODORICO MENDES, Recife, Pernambuco, Brasil",-8.0336036,-34.8809762
9508,2019-10-26 13:55:00,COM VÍTIMA,CAMPO GRANDE,RUA MARQUES DE BAIPENDI,82,94.0,SUBURBIO,ABALROAMENTO TRANSVERSAL,1.0,1.0,1.0,1.0,1.0,1.0,1.0,1.0,1.0,1.0,1.0,Cruzamento,Bom,Não existe,Não existente,Seca,Perfeito estado,Não há placas,60 km/h,Dupla,"82, RUA MARQUES DE BAIPENDI, Recife, Pernambuco, Brasil",-8.0296117,-34.8889575
5406,2019-06-20 15:45:00,COM VÍTIMA,CAMPO GRANDE,RUA ODORICO MENDES,536,94.0,SUBURBIO,COLISÃO COM CICLISTA,1.0,1.0,1.0,1.0,1.0,1.0,1.0,1.0,1.0,1.0,1.0,Longo da via,Bom,Não existe,Não existente,Seca,Perfeito estado,Não há placas,60 km/h,Dupla,"536, RUA ODORICO MENDES, Recife, Pernambuco, Brasil",-8.0368876,-34.8801543
9029,2019-10-13 03:44:00,SEM VÍTIMA,CAMPO GRANDE,RUA ODORICO MENDES,301,94.0,SUBURBIO,COLISÃO FRONTAL,2.0,1.0,1.0,1.0,1.0,1.0,1.0,1.0,1.0,0.0,1.0,Longo da via,Bom,Não existe,Incompleta,Seca,Perfeito estado,Outras,60 km/h,Dupla,"301, RUA ODORICO MENDES, Recife, Pernambuco, Brasil",-8.0348184,-34.8806162
6942,2019-08-12 20:04:00,SEM VÍTIMA,CAMPO GRANDE,RUA ODORICO MENDES, ,94.0,SUBURBIO,COLISÃO,1.0,1.0,1.0,1.0,1.0,1.0,1.0,1.0,1.0,0.0,1.0,Longo da via,Bom,Não existe,Incompleta,Seca,Perfeito estado,Outras,60 km/h,Dupla," , RUA ODORICO MENDES, Recife, Pernambuco, Brasil",-8.0379876,-34.8795211
3329,2019-04-15 11:04:00,SEM VÍTIMA,CAMPO GRANDE,RUA PRUDENTE DE MORAES,124,94.0,SUBURBIO,ABALROAMENTO TRANSVERSAL,1.0,1.0,1.0,1.0,1.0,1.0,1.0,1.0,1.0,0.0,1.0,Cruzamento,Bom,Não existe,Perfeito estado,Seca,Perfeito estado,Placas Pare,40 km/h,Dupla,"124, RUA PRUDENTE DE MORAES, Recife, Pernambuco, Brasil",-8.0319502,-34.8849985
11593,2019-12-17 11:10:00,COM VÍTIMA,CAMPO GRANDE,RUA PROFESSOR FRANCISCO DA TRINDADE, ,94.0,SUBURBIO,ABALROAMENTO TRANSVERSAL,1.0,1.0,1.0,1.0,1.0,1.0,1.0,1.0,1.0,2.0,1.0,Cruzamento,Bom,Não existe,Perfeito estado,Seca,Perfeito estado,Placas Pare,40 km/h,Dupla," , RUA PROFESSOR FRANCISCO DA TRINDADE, Recife, Pernambuco, Brasil",-8.0349907,-34.8791917
4698,2019-05-29 17:46:00,SEM VÍTIMA,CAMPO GRANDE,RUA JERONIMO VILELA,77,94.0,SUBURBIO,ABALROAMENTO TRANSVERSAL,1.0,1.0,1.0,1.0,1.0,1.0,1.0,1.0,1.0,0.0,1.0,Longo da via,Bom,Não existe,Perfeito estado,Seca,Perfeito estado,Placas Pare,40 km/h,Dupla,"77, RUA JERONIMO VILELA, Recife, Pernambuco, Brasil",-8.0315651,-34.881619
8842,2019-10-08 09:00:00,COM VÍTIMA,CAMPO GRANDE,RUA JERONIMO VILELA, ,26.0,CIDADE,ABALROAMENTO LONGITUDINAL,1.0,1.0,1.0,1.0,1.0,1.0,1.0,1.0,1.0,1.0,1.0,Cruzamento,Bom,Sem defeito,Perfeito estado,Seca,Perfeito estado,Placas Pare,40 km/h,Dupla," , RUA JERONIMO VILELA, Recife, Pernambuco, Brasil",-8.0252339,-34.8827399
3325,2019-04-15 10:26:00,SEM VÍTIMA,CAMPO GRANDE,RUA JERONIMO VILELA,784,642.0,SUBURBIO,ABALROAMENTO LONGITUDINAL,1.0,1.0,1.0,1.0,1.0,1.0,1.0,1.0,1.0,0.0,1.0,Cruzamento,Bom,Sem defeito,Perfeito estado,Seca,Perfeito estado,Outras,40 km/h,Dupla,"784, RUA JERONIMO VILELA, Recife, Pernambuco, Brasil",-8.0306559,-34.8816042
9364,2019-10-22 13:15:00,SEM VÍTIMA,CAMPO GRANDE,EST DE BELEM,1011,642.0,CIDADE,ABALROAMENTO LONGITUDINAL,1.0,1.0,1.0,1.0,1.0,1.0,1.0,1.0,1.0,0.0,1.0,Longo da via,Bom,Não existe,Perfeito estado,Seca,Perfeito estado,Outras,60 km/h,Dupla,"1011, EST DE BELEM, Recife, Pernambuco, Brasil",-8.0070266,-34.871269330000004
1358,2019-02-16 14:21:00,SEM VÍTIMA,CAMPO GRANDE,RUA ODORICO MENDES,511,642.0,CIDADE,COLISÃO,2.0,1.0,1.0,1.0,1.0,1.0,1.0,1.0,1.0,0.0,1.0,Longo da via,Bom,Não existe,Perfeito estado,Seca,Perfeito estado,Outras,60 km/h,Dupla,"511, RUA ODORICO MENDES, Recife, Pernambuco, Brasil",-8.0365425,-34.8798755
9,2019-01-01 16:01:00,COM VÍTIMA,CAMPO GRANDE,EST DE BELEM, ,642.0,CIDADE,ATROPELAMENTO,1.0,1.0,1.0,1.0,1.0,1.0,1.0,1.0,1.0,1.0,1.0,Longo da via,Bom,Não existe,Perfeito estado,Seca,Perfeito estado,Outras,60 km/h,Dupla," , EST DE BELEM, Recife, Pernambuco, Brasil",-8.0070266,-34.871269330000004
1901,2019-03-04 18:20:00,COM VÍTIMA,CAMPO GRANDE,RUA ODORICO MENDES,481,642.0,CIDADE,ABALROAMENTO LONGITUDINAL,1.0,1.0,1.0,1.0,1.0,1.0,1.0,1.0,1.0,2.0,1.0,Longo da via,Bom,Não existe,Perfeito estado,Seca,Mal iluminada,Outras,60 km/h,Dupla,"481, RUA ODORICO MENDES, Recife, Pernambuco, Brasil",-8.0362192,-34.8799658
3571,2019-04-23 16:35:00,SEM VÍTIMA,CAMPO GRANDE,RUA FRANKLIN TAVORA, ,642.0,SUBURBIO,COLISÃO FRONTAL,1.0,1.0,1.0,1.0,1.0,1.0,1.0,1.0,1.0,0.0,1.0,Cruzamento,Bom,Não existe,Perfeito estado,Seca,Perfeito estado,Placas Pare,30 km/h,Dupla," , RUA FRANKLIN TAVORA, Recife, Pernambuco, Brasil",-8.0277883,-34.8807529
1875,2019-03-02 19:26:00,COM VÍTIMA,CAMPO GRANDE,AV PROFESSOR JOSE DOS ANJOS, ,642.0,SUBURBIO,ABALROAMENTO LONGITUDINAL,1.0,1.0,1.0,1.0,1.0,1.0,1.0,1.0,1.0,1.0,1.0,Longo da via,Bom,Não existe,Não existente,Seca,Perfeito estado,Não há placas,40 km/h,Dupla," , AV PROFESSOR JOSE DOS ANJOS, Recife, Pernambuco, Brasil",-8.0274596,-34.8891438
8948,2019-10-10 16:10:00,SEM VÍTIMA,CAMPO GRANDE,RUA PROFESSOR FRANCISCO DA TRINDADE,239,642.0,SUBURBIO,ABALROAMENTO LONGITUDINAL,1.0,1.0,1.0,1.0,1.0,1.0,1.0,1.0,1.0,0.0,1.0,Longo da via,Nublado,Não existe,Perfeito estado,Molhada,Perfeito estado,Outras,40 km/h,Dupla,"239, RUA PROFESSOR FRANCISCO DA TRINDADE, Recife, Pernambuco, Brasil",-8.0346332,-34.8785376
7765,2019-09-08 02:20:00,SEM VÍTIMA,CAMPO GRANDE,EST DE BELEM, ,26.0,SUBURBIO,ABALROAMENTO TRANSVERSAL,2.0,1.0,1.0,1.0,1.0,1.0,1.0,1.0,1.0,0.0,1.0,Cruzamento,Bom,Sem defeito,Perfeito estado,Seca,Perfeito estado,Não há placas,40 km/h,Dupla," , EST DE BELEM, Recife, Pernambuco, Brasil",-8.0070266,-34.871269330000004
4034,2019-05-08 08:16:00,SEM VÍTIMA,CAMPO GRANDE,RUA JERONIMO VILELA, ,642.0,SUBURBIO,ABALROAMENTO LONGITUDINAL,1.0,1.0,1.0,1.0,1.0,1.0,1.0,1.0,1.0,0.0,1.0,Cruzamento,Chuvoso,Sem defeito,Perfeito estado,Molhada,Perfeito estado,R-4a,40 km/h,Dupla," , RUA JERONIMO VILELA, Recife, Pernambuco, Brasil",-8.0252339,-34.8827399
3708,2019-04-27 10:57:00,SEM VÍTIMA,CAMPO GRANDE,EST DE BELEM,272,642.0,SUBURBIO,ABALROAMENTO LONGITUDINAL,1.0,1.0,1.0,1.0,1.0,1.0,1.0,1.0,1.0,0.0,1.0,Longo da via,Bom,Sem defeito,Perfeito estado,Seca,Perfeito estado,Outras,40 km/h,Dupla,"272, EST DE BELEM, Recife, Pernambuco, Brasil",-8.0070266,-34.871269330000004
3737,2019-04-28 00:23:00,SEM VÍTIMA,CAMPO GRANDE,RUA VOLUNTARIOS DA PATRIA,303,642.0,SUBURBIO,ABALROAMENTO TRANSVERSAL,2.0,1.0,1.0,1.0,1.0,1.0,1.0,1.0,1.0,0.0,1.0,Cruzamento,Bom,Não existe,Perfeito estado,Seca,Perfeito estado,Placas Pare,40 km/h,Dupla,"303, RUA VOLUNTARIOS DA PATRIA, Recife, Pernambuco, Brasil",-8.0295847,-34.8833815
9416,2019-10-23 18:42:00,SEM VÍTIMA,CAMPO GRANDE,RUA BARAO DE VERA CRUZ,947,642.0,SUBURBIO,ABALROAMENTO LONGITUDINAL,2.0,1.0,1.0,1.0,1.0,1.0,1.0,1.0,1.0,0.0,1.0,Longo da via,Bom,Não existe,Não existente,Seca,Perfeito estado,Não há placas,40 km/h,Dupla,"947, RUA BARAO DE VERA CRUZ, Recife, Pernambuco, Brasil",-8.0313038,-34.8839166
9983,2019-11-08 09:08:00,SEM VÍTIMA,CAMPO GRANDE,RUA JERONIMO VILELA,227,642.0,SUBURBIO,COLISÃO TRASEIRA,2.0,1.0,1.0,1.0,1.0,1.0,1.0,1.0,1.0,0.0,1.0,Longo da via,Bom,Não existe,Perfeito estado,Seca,Perfeito estado,Não há placas,40 km/h,Dupla,"227, RUA JERONIMO VILELA, Recife, Pernambuco, Brasil",-8.0306559,-34.8816042
4439,2019-05-20 22:56:00,SEM VÍTIMA,CAMPO GRANDE,RUA PRUDENTE DE MORAES, ,642.0,CIDADE,ABALROAMENTO TRANSVERSAL,2.0,1.0,1.0,1.0,1.0,1.0,1.0,1.0,1.0,0.0,1.0,Cruzamento,Chuvoso,Não existe,Perfeito estado,Molhada,Perfeito estado,Placas Pare,30 km/h,Dupla," , RUA PRUDENTE DE MORAES, Recife, Pernambuco, Brasil",-8.0283156,-34.8876714
9471,2019-10-25 12:38:00,SEM VÍTIMA,CAMPO GRANDE,RUA ODORICO MENDES, ,642.0,SUBURBIO,ABALROAMENTO TRANSVERSAL,2.0,1.0,1.0,1.0,1.0,1.0,1.0,1.0,1.0,0.0,1.0,Cruzamento,Bom,Não existe,Perfeito estado,Seca,Perfeito estado,Placas Pare,30 km/h,Dupla," , RUA ODORICO MENDES, Recife, Pernambuco, Brasil",-8.0379876,-34.8795211
11405,2019-12-12 13:25:00,SEM VÍTIMA,CAMPO GRANDE,RUA ODORICO MENDES,839,642.0,SUBURBIO,ABALROAMENTO TRANSVERSAL,2.0,1.0,1.0,1.0,1.0,1.0,1.0,1.0,1.0,0.0,1.0,Cruzamento,Bom,Não existe,Perfeito estado,Seca,Perfeito estado,R-19,30 km/h,Única,"839, RUA ODORICO MENDES, Recife, Pernambuco, Brasil",-8.0390104,-34.8788966
300,2019-01-12 00:58:00,COM VÍTIMA,CAMPO GRANDE,AV GOVERNADOR AGAMENON MAGALHAES, ,49.0,SUBURBIO,ABALROAMENTO TRANSVERSAL,2.0,1.0,1.0,1.0,1.0,1.0,1.0,1.0,1.0,2.0,1.0,Cruzamento,Bom,Sem defeito,Perfeito estado,Seca,Perfeito estado,R-19,60 km/h,Dupla," , AV GOVERNADOR AGAMENON MAGALHAES, Recife, Pernambuco, Brasil",-8.0615339,-34.8974443
5337,2019-06-18 16:27:00,SEM VÍTIMA,CAMPO GRANDE,RUA ODORICO MENDES, ,49.0,SUBURBIO,COLISÃO TRASEIRA,2.0,1.0,1.0,1.0,1.0,1.0,1.0,1.0,1.0,0.0,1.0,Longo da via,Bom,Não existe,Perfeito estado,Seca,Perfeito estado,Não há placas,60 km/h,Dupla," , RUA ODORICO MENDES, Recife, Pernambuco, Brasil",-8.0379876,-34.8795211
10121,2019-11-11 17:13:00,SEM VÍTIMA,CAMPO GRANDE,AV CORREIA DE BRITO,20,49.0,SUBURBIO,COLISÃO,1.0,1.0,1.0,1.0,1.0,1.0,1.0,1.0,1.0,0.0,1.0,Longo da via,Bom,Não existe,Perfeito estado,Seca,Perfeito estado,Não há placas,60 km/h,Dupla,"20, AV CORREIA DE BRITO, Recife, Pernambuco, Brasil",-8.0188791,-34.873171
9488,2019-10-25 20:10:00,COM VÍTIMA,CAMPO GRANDE,RUA SAO CAETANO, ,49.0,SUBURBIO,ABALROAMENTO TRANSVERSAL,1.0,1.0,1.0,1.0,1.0,1.0,1.0,1.0,1.0,1.0,1.0,Cruzamento,Bom,Não existe,Perfeito estado,Seca,Perfeito estado,Placas Pare,60 km/h,Dupla," , RUA SAO CAETANO, Recife, Pernambuco, Brasil",-8.0343405,-34.87943
11958,2019-12-27 10:24:00,SEM VÍTIMA,CAMPO GRANDE,EST DE BELEM,1128,49.0,SUBURBIO,COLISÃO,2.0,1.0,1.0,1.0,1.0,1.0,1.0,1.0,1.0,0.0,1.0,Cruzamento,Bom,Não existe,Perfeito estado,Seca,Perfeito estado,Placas Pare,60 km/h,Dupla,"1128, EST DE BELEM, Recife, Pernambuco, Brasil",-8.0070266,-34.871269330000004
1798,2019-02-28 20:58:00,SEM VÍTIMA,CAMPO GRANDE,RUA PRUDENTE DE MORAES,124,49.0,SUBURBIO,COLISÃO,2.0,1.0,1.0,1.0,1.0,1.0,1.0,1.0,1.0,0.0,1.0,Cruzamento,Bom,Não existe,Perfeito estado,Seca,Perfeito estado,Placas Pare,60 km/h,Dupla,"124, RUA PRUDENTE DE MORAES, Recife, Pernambuco, Brasil",-8.0319502,-34.8849985
199,2019-01-08 16:20:00,SEM VÍTIMA,CASA AMARELA,EST DO ARRAIAL,3934,404.0,SUBURBIO,ABALROAMENTO LONGITUDINAL,2.0,1.0,1.0,1.0,1.0,1.0,1.0,1.0,1.0,0.0,1.0,Cruzamento,Bom,Sem defeito,Perfeito estado,Seca,Perfeito estado,R-6a,60 km/h,Única,"3934, EST DO ARRAIAL, Recife, Pernambuco, Brasil",-8.0267118,-34.9169003
7896,2019-09-11 16:19:00,COM VÍTIMA,CASA AMARELA,AV NORTE,5600,404.0,SUBURBIO,COLISÃO TRASEIRA,1.0,1.0,1.0,1.0,1.0,1.0,1.0,1.0,1.0,1.0,1.0,Longo da via,Chuvoso,Não existe,Perfeito estado,Molhada,Perfeito estado,R-6a,60 km/h,Dupla,"5600, AV NORTE, Recife, Pernambuco, Brasil",-8.027844,-34.903102
9064,2019-10-14 10:16:00,SEM VÍTIMA,CASA AMARELA,AV NORTE,4741,404.0,CIDADE,COLISÃO TRASEIRA,2.0,1.0,1.0,1.0,1.0,1.0,1.0,1.0,1.0,0.0,1.0,Longo da via,Bom,Sem defeito,Perfeito estado,Seca,Perfeito estado,Outras,60 km/h,Dupla,"4741, AV NORTE, Recife, Pernambuco, Brasil",-8.027844,-34.903102
9843,2019-11-04 17:25:00,SEM VÍTIMA,CASA AMARELA,AV NORTE,6399,404.0,CIDADE,COLISÃO TRASEIRA,2.0,1.0,1.0,1.0,1.0,1.0,1.0,1.0,1.0,0.0,1.0,Longo da via,Bom,Não existe,Não existente,Seca,Perfeito estado,Não há placas,60 km/h,Única,"6399, AV NORTE, Recife, Pernambuco, Brasil",-8.027844,-34.903102
53,2019-01-03 08:28:00,SEM VÍTIMA,CASA AMARELA,AV NORTE,4953,404.0,CIDADE,COLISÃO,2.0,1.0,1.0,1.0,1.0,1.0,1.0,1.0,1.0,0.0,1.0,Longo da via,Bom,Não existe,Não existente,Seca,Perfeito estado,Não há placas,60 km/h,Única,"4953, AV NORTE, Recife, Pernambuco, Brasil",-8.027844,-34.903102
9061,2019-10-14 09:04:00,COM VÍTIMA,CASA AMARELA,RUA XAVANTES,150,404.0,SUBURBIO,ABALROAMENTO TRANSVERSAL,1.0,1.0,1.0,1.0,1.0,1.0,1.0,1.0,1.0,1.0,1.0,Cruzamento,Bom,Não existe,Incompleta,Seca,Perfeito estado,Placas Pare,60 km/h,Dupla,"150, RUA XAVANTES, Recife, Pernambuco, Brasil",-8.0237436,-34.9168108
3798,2019-04-29 18:22:00,SEM VÍTIMA,CASA AMARELA,EST DO ARRAIAL,2823,404.0,SUBURBIO,COLISÃO,2.0,1.0,1.0,1.0,1.0,1.0,1.0,1.0,1.0,0.0,1.0,Cruzamento,Bom,Não existe,Incompleta,Seca,Perfeito estado,Placas Pare,60 km/h,Dupla,"2823, EST DO ARRAIAL, Recife, Pernambuco, Brasil",-8.0267118,-34.9169003
10699,2019-11-27 07:10:00,SEM VÍTIMA,CASA AMARELA,RUA BARAO DE GRANITO,680,404.0,SUBURBIO,COLISÃO,2.0,1.0,1.0,1.0,1.0,1.0,1.0,1.0,1.0,0.0,1.0,Cruzamento,Bom,Não existe,Incompleta,Seca,Perfeito estado,Placas Pare,60 km/h,Dupla,"680, RUA BARAO DE GRANITO, Recife, Pernambuco, Brasil",-8.0216083,-34.9247056
5144,2019-06-12 13:06:00,SEM VÍTIMA,CASA AMARELA,AV NORTE,5956,404.0,SUBURBIO,COLISÃO,1.0,1.0,1.0,1.0,1.0,1.0,1.0,1.0,1.0,0.0,1.0,Cruzamento,Bom,Não existe,Incompleta,Seca,Perfeito estado,Placas Pare,60 km/h,Dupla,"5956, AV NORTE, Recife, Pernambuco, Brasil",-8.027844,-34.903102