,data_hora,natureza_acidente,bairro,endereco,numero,num_semaforo,sentido_via,tipo,auto,moto,ciclom,ciclista,pedestre,onibus,caminhao,viatura,outros,vitimas,vitimasfatais,acidente_verificado,tempo_clima,situacao_semaforo,sinalizacao,condicao_via,conservacao_via,situacao_placa,velocidade_max_via,mao_direcao,end,latitude,longitude
9273,2019-10-19 10:55:00,SEM VÍTIMA,CASA AMARELA,AV NORTE,6717,404.0,CIDADE,ABALROAMENTO LONGITUDINAL,1.0,1.0,1.0,1.0,1.0,1.0,1.0,1.0,1.0,0.0,1.0,Longo da via,Bom,Não existe,Perfeito estado,Seca,Perfeito estado,Outras,60 km/h,Dupla,"6717, AV NORTE, Recife, Pernambuco, Brasil",-8.027844,-34.903102
8274,2019-09-22 12:20:00,SEM VÍTIMA,CASA AMARELA,AV NORTE, ,256.0,CIDADE,COLISÃO TRASEIRA,2.0,1.0,1.0,1.0,1.0,1.0,1.0,1.0,1.0,0.0,1.0,Longo da via,Bom,Não existe,Perfeito estado,Seca,Perfeito estado,Outras,60 km/h,Dupla," , AV NORTE, Recife, Pernambuco, Brasil",-8.027844,-34.903102
7021,2019-08-14 23:27:00,COM VÍTIMA,CASA AMARELA,RUA CONS PERETTI,162,256.0,SUBURBIO,ABALROAMENTO TRANSVERSAL,1.0,1.0,1.0,1.0,1.0,1.0,1.0,1.0,1.0,1.0,1.0,Cruzamento,Chuvoso,Não existe,Perfeito estado,Molhada,Perfeito estado,Outras,60 km/h,Única,"162, RUA CONS PERETTI, Recife, Pernambuco, Brasil",-8.027844,-34.903102
6472,2019-07-29 11:18:00,SEM VÍTIMA,CASA AMARELA,RUA MAJOR NEREU GUERRA,281,136.0,CIDADE,COLISÃO TRASEIRA,1.0,1.0,1.0,1.0,1.0,1.0,1.0,1.0,1.0,0.0,1.0,Longo da via,Bom,Sem defeito,Perfeito estado,Seca,Perfeito estado,Não há placas,60 km/h,Única,"281, RUA MAJOR NEREU GUERRA, Recife, Pernambuco, Brasil",-8.0254909,-34.9158928
9578,2019-10-29 08:27:00,COM VÍTIMA,CASA AMARELA,AV NORTE, ,136.0,CIDADE,ABALROAMENTO LONGITUDINAL,1.0,2.0,1.0,1.0,1.0,1.0,1.0,1.0,1.0,1.0,1.0,Longo da via,Bom,Sem defeito,Perfeito estado,Seca,Perfeito estado,Não há placas,60 km/h,Dupla," , AV NORTE, Recife, Pernambuco, Brasil",-8.027844,-34.903102
6768,2019-08-07 12:35:00,COM VÍTIMA,CASA AMARELA,EST DO ARRAIAL,4086,136.0,SUBURBIO,ENGAVETAMENTO,4.0,2.0,1.0,1.0,1.0,1.0,1.0,1.0,1.0,1.0,1.0,Longo da via,Chuvoso,Sem defeito,Perfeito estado,Molhada,Perfeito estado,Outras,60 km/h,Única,"4086, EST DO ARRAIAL, Recife, Pernambuco, Brasil",-8.0267118,-34.9169003
353,2019-01-14 10:54:00,COM VÍTIMA,CASA AMARELA,AV NORTE,6430,136.0,SUBURBIO,ABALROAMENTO LONGITUDINAL,1.0,1.0,1.0,1.0,1.0,1.0,1.0,1.0,1.0,1.0,1.0,Longo da via,Bom,Não existe,Perfeito estado,Seca,Perfeito estado,Não há placas,60 km/h,Dupla,"6430, AV NORTE, Recife, Pernambuco, Brasil",-8.027844,-34.903102
5137,2019-06-12 11:21:00,COM VÍTIMA,CASA AMARELA,"EST DAS UBAIAS,",105,136.0,CID/SUB,ABALROAMENTO TRANSVERSAL,1.0,1.0,1.0,1.0,1.0,1.0,1.0,1.0,1.0,1.0,1.0,Longo da via,Bom,Não existe,Perfeito estado,Seca,Perfeito estado,Outras,60 km/h,Dupla,"105, EST DAS UBAIAS,, Recife, Pernambuco, Brasil",-8.027844,-34.903102
9305,2019-10-20 20:18:00,SEM VÍTIMA,CASA AMARELA,RUA DA CAROLINA,4,136.0,CID/SUB,CHOQUE VEÍCULO PARADO,1.0,1.0,1.0,1.0,1.0,1.0,1.0,1.0,1.0,0.0,1.0,Longo da via,Bom,Não existe,Não existente,Seca,Perfeito estado,Não há placas,60 km/h,Dupla,"4, RUA DA CAROLINA, Recife, Pernambuco, Brasil",-8.0240391,-34.9220305
5114,2019-06-11 18:22:00,SEM VÍTIMA,CASA AMARELA,EST DO ENCANAMENTO,1093,136.0,CID/SUB,ABALROAMENTO LONGITUDINAL,1.0,1.0,1.0,1.0,1.0,1.0,1.0,1.0,1.0,0.0,1.0,Longo da via,Bom,Não existe,Perfeito estado,Seca,Mal conservada,Não há placas,60 km/h,Única,"1093, EST DO ENCANAMENTO, Recife, Pernambuco, Brasil",-8.0240391,-34.9220305
4686,2019-05-29 09:49:00,COM VÍTIMA,CASA AMARELA,RUA XAVANTES,150,136.0,SUBURBIO,ABALROAMENTO TRANSVERSAL,1.0,1.0,1.0,1.0,1.0,1.0,1.0,1.0,1.0,1.0,1.0,Cruzamento,Chuvoso,Não existe,Perfeito estado,Molhada,Perfeito estado,Placas Pare,60 km/h,Dupla,"150, RUA XAVANTES, Recife, Pernambuco, Brasil",-8.0237436,-34.9168108
7894,2019-09-11 15:48:00,SEM VÍTIMA,CASA AMARELA,RUA DA HARMONIA,144,136.0,CIDADE,ABALROAMENTO TRANSVERSAL,2.0,1.0,1.0,1.0,1.0,1.0,1.0,1.0,1.0,0.0,1.0,Cruzamento,Nublado,Não existe,Perfeito estado,Seca,Perfeito estado,R-6a,60 km/h,Dupla,"144, RUA DA HARMONIA, Recife, Pernambuco, Brasil",-8.0253835,-34.9131183
2631,2019-03-26 08:13:00,SEM VÍTIMA,CASA AMARELA,AV NORTE, ,136.0,CIDADE,COLISÃO TRASEIRA,3.0,1.0,1.0,1.0,1.0,1.0,1.0,1.0,1.0,0.0,1.0,Longo da via,Chuvoso,Não existe,Perfeito estado,Molhada,Perfeito estado,Outras,60 km/h,Dupla," , AV NORTE, Recife, Pernambuco, Brasil",-8.027844,-34.903102
9262,2019-10-18 20:46:00,SEM VÍTIMA,CASA AMARELA,AV NORTE,4861,136.0,CIDADE,ABALROAMENTO TRANSVERSAL,2.0,1.0,1.0,1.0,1.0,1.0,1.0,1.0,1.0,0.0,1.0,Longo da via,Bom,Não existe,Incompleta,Seca,Mal conservada,Placas Pare,60 km/h,Única,"4861, AV NORTE, Recife, Pernambuco, Brasil",-8.027844,-34.903102
7491,2019-08-30 07:36:00,SEM VÍTIMA,CASA AMARELA,EST DO ARRAIAL,3900,136.0,CIDADE,COLISÃO,3.0,1.0,1.0,1.0,1.0,1.0,1.0,1.0,1.0,0.0,1.0,Longo da via,Bom,Não existe,Incompleta,Seca,Mal conservada,Placas Pare,60 km/h,Única,"3900, EST DO ARRAIAL, Recife, Pernambuco, Brasil",-8.0267118,-34.9169003
1119,2019-02-10 05:28:00,COM VÍTIMA,CASA AMARELA,RUA CONEGO BARATA, ,62.0,SUBURBIO,ABALROAMENTO TRANSVERSAL,1.0,1.0,1.0,1.0,1.0,1.0,1.0,1.0,1.0,1.0,1.0,Cruzamento,Bom,Sem defeito,Perfeito estado,Seca,Perfeito estado,Outras,60 km/h,Dupla," , RUA CONEGO BARATA, Recife, Pernambuco, Brasil",-8.0297041,-34.9004259
11085,2019-12-05 14:21:00,SEM VÍTIMA,CASA AMARELA,RUA DA HARMONIA, ,598.0,SUBURBIO,CHOQUE VEÍCULO PARADO,2.0,1.0,1.0,1.0,1.0,1.0,1.0,1.0,1.0,0.0,1.0,Longo da via,Bom,Sem defeito,Perfeito estado,Seca,Perfeito estado,Outras,60 km/h,Dupla," , RUA DA HARMONIA, Recife, Pernambuco, Brasil",-8.0259823,-34.9133327
11079,2019-12-05 13:27:00,SEM VÍTIMA,CASA AMARELA,AV NORTE,6629,598.0,CIDADE,COLISÃO TRASEIRA,1.0,1.0,1.0,1.0,1.0,1.0,1.0,1.0,2.0,0.0,1.0,Longo da via,Bom,Não existe,Perfeito estado,Seca,Perfeito estado,R-6a,60 km/h,Dupla,"6629, AV NORTE, Recife, Pernambuco, Brasil",-8.027844,-34.903102
1121,2019-02-10 11:05:00,SEM VÍTIMA,CASA AMARELA,RUA VASCO DA GAMA, ,598.0,CIDADE,COLISÃO,1.0,1.0,1.0,1.0,1.0,1.0,1.0,1.0,2.0,0.0,1.0,Longo da via,Bom,Não existe,Perfeito estado,Seca,Perfeito estado,R-6a,60 km/h,Dupla," , RUA VASCO DA GAMA, Recife, Pernambuco, Brasil",-8.004228,-34.92281
3803,2019-04-29 20:14:00,SEM VÍTIMA,CASA AMARELA,RUA CONS PERETTI,115,598.0,CIDADE,COLISÃO,2.0,1.0,1.0,1.0,1.0,1.0,1.0,1.0,2.0,0.0,1.0,Longo da via,Bom,Não existe,Perfeito estado,Seca,Perfeito estado,R-6a,60 km/h,Dupla,"115, RUA CONS PERETTI, Recife, Pernambuco, Brasil",-8.004228,-34.92281
528,2019-01-21 15:31:00,SEM VÍTIMA,CASA AMARELA,RUA PAULA BATISTA, ,598.0,SUBURBIO,COLISÃO TRASEIRA,2.0,1.0,1.0,1.0,1.0,1.0,1.0,1.0,2.0,0.0,1.0,Longo da via,Bom,Não existe,Incompleta,Seca,Perfeito estado,Outras,60 km/h,Dupla," , RUA PAULA BATISTA, Recife, Pernambuco, Brasil",-8.027521,-34.9165676
9839,2019-11-04 16:31:00,COM VÍTIMA,CASA AMARELA,AV NORTE, ,95.0,CIDADE,ABALROAMENTO LONGITUDINAL,1.0,1.0,1.0,1.0,1.0,1.0,1.0,1.0,2.0,1.0,1.0,Cruzamento,Bom,Sem defeito,Perfeito estado,Seca,Perfeito estado,Não há placas,60 km/h,Dupla," , AV NORTE, Recife, Pernambuco, Brasil",-8.027844,-34.903102
8049,2019-09-16 10:45:00,COM VÍTIMA,CASA AMARELA,RUA BELA VISTA,212,95.0,SUBURBIO,ABALROAMENTO LONGITUDINAL,1.0,1.0,1.0,1.0,1.0,1.0,1.0,1.0,2.0,1.0,1.0,Cruzamento,Bom,Não existe,Perfeito estado,Seca,Outros,Placas Pare,60 km/h,Dupla,"212, RUA BELA VISTA, Recife, Pernambuco, Brasil",-8.026126,-34.9118394
2169,2019-03-13 11:45:00,SEM VÍTIMA,CASA AMARELA,RUA SURUBIM,35,95.0,CIDADE,ABALROAMENTO LONGITUDINAL,2.0,1.0,1.0,1.0,1.0,1.0,1.0,1.0,2.0,0.0,1.0,Longo da via,Bom,Não existe,Não existente,Seca,Perfeito estado,Não há placas,60 km/h,Dupla,"35, RUA SURUBIM, Recife, Pernambuco, Brasil",-8.0222444,-34.9204902
320,2019-01-12 15:35:00,COM VÍTIMA,CASA AMARELA,RUA CORREGO DO EUCLIDES,114,95.0,SUBURBIO,COLISÃO COM CICLISTA,2.0,1.0,1.0,1.0,1.0,1.0,1.0,1.0,2.0,1.0,1.0,Longo da via,Chuvoso,Não existe,Incompleta,Molhada,Perfeito estado,Outras,60 km/h,Dupla,"114, RUA CORREGO DO EUCLIDES, Recife, Pernambuco, Brasil",-8.0182872,-34.9115994
8056,2019-09-16 13:14:00,SEM VÍTIMA,CASA AMARELA,RUA DA HARMONIA,599,95.0,SUBURBIO,ABALROAMENTO TRANSVERSAL,1.0,1.0,1.0,1.0,1.0,1.0,1.0,1.0,2.0,0.0,1.0,Longo da via,Bom,Não existe,Perfeito estado,Seca,Perfeito estado,Placas Pare,60 km/h,Dupla,"599, RUA DA HARMONIA, Recife, Pernambuco, Brasil",-8.0253835,-34.9131183
553,2019-01-22 10:26:00,SEM VÍTIMA,CASA AMARELA,AV NORTE,4861,95.0,CIDADE,COLISÃO TRASEIRA,2.0,1.0,1.0,1.0,1.0,1.0,1.0,1.0,2.0,0.0,1.0,Longo da via,Chuvoso,Não existe,Perfeito estado,Molhada,Perfeito estado,Não há placas,60 km/h,Dupla,"4861, AV NORTE, Recife, Pernambuco, Brasil",-8.027844,-34.903102
9669,2019-10-30 20:54:00,SEM VÍTIMA,CASA AMARELA,AV NORTE,14,95.0,CIDADE,COLISÃO TRASEIRA,2.0,1.0,1.0,1.0,1.0,1.0,1.0,1.0,2.0,0.0,1.0,Longo da via,Bom,Não existe,Perfeito estado,Seca,Perfeito estado,Não há placas,60 km/h,Única,"14, AV NORTE, Recife, Pernambuco, Brasil",-8.027844,-34.903102
9670,2019-10-30 21:32:00,SEM VÍTIMA,CASA AMARELA,AV NORTE, ,95.0,SUBURBIO,COLISÃO,2.0,1.0,1.0,1.0,1.0,1.0,1.0,1.0,2.0,0.0,1.0,Longo da via,Bom,Não existe,Perfeito estado,Seca,Perfeito estado,Não há placas,60 km/h,Única," , AV NORTE, Recife, Pernambuco, Brasil",-8.027844,-34.903102
2455,2019-03-21 07:20:00,COM VÍTIMA,CASA AMARELA,EST DO ARRAIAL,3720,95.0,SUBURBIO,COLISÃO COM CICLISTA,1.0,1.0,1.0,1.0,1.0,1.0,1.0,1.0,2.0,1.0,1.0,Esquina,Bom,Não existe,Perfeito estado,Seca,Perfeito estado,R-19,40 km/h,Única,"3720, EST DO ARRAIAL, Recife, Pernambuco, Brasil",-8.0267118,-34.9169003
2456,2019-03-21 07:35:00,SEM VÍTIMA,CASA AMARELA,AV PROFESSOR JOSE DOS ANJOS,405,95.0,CIDADE,ABALROAMENTO LONGITUDINAL,1.0,1.0,1.0,1.0,1.0,1.0,1.0,1.0,2.0,0.0,1.0,Cruzamento,Bom,Não existe,Não existente,Seca,Perfeito estado,R-6a,40 km/h,Única,"405, AV PROFESSOR JOSE DOS ANJOS, Recife, Pernambuco, Brasil",-8.0282609,-34.8950543
6239,2019-07-19 18:49:00,COM VÍTIMA,CASA AMARELA,AV NORTE, ,95.0,SUBURBIO,ABALROAMENTO TRANSVERSAL,1.0,1.0,1.0,1.0,1.0,1.0,1.0,1.0,2.0,2.0,1.0,Cruzamento,Bom,Sem defeito,Perfeito estado,Seca,Perfeito estado,R-6a,40 km/h,Dupla," , AV NORTE, Recife, Pernambuco, Brasil",-8.027844,-34.903102
6424,2019-07-27 06:09:00,SEM VÍTIMA,CASA AMARELA,AV NORTE, ,95.0,SUBURBIO,CHOQUE OBJETO FIXO,1.0,1.0,1.0,1.0,1.0,1.0,1.0,1.0,2.0,0.0,1.0,Longo da via,Chuvoso,Não existe,Perfeito estado,Seca,Perfeito estado,R-6a,40 km/h,Dupla," , AV NORTE, Recife, Pernambuco, Brasil",-8.027844,-34.903102
6427,2019-07-27 11:26:00,COM VÍTIMA,CASA AMARELA,AV NORTE, ,364.0,SUBURBIO,ATROPELAMENTO,1.0,1.0,1.0,1.0,1.0,1.0,1.0,1.0,2.0,1.0,1.0,Cruzamento,Chuvoso,Sem defeito,Perfeito estado,Molhada,Perfeito estado,R-6a,40 km/h,Dupla," , AV NORTE, Recife, Pernambuco, Brasil",-8.027844,-34.903102
4809,2019-06-02 18:35:00,SEM VÍTIMA,CASA AMARELA,AV NORTE, ,364.0,SUBURBIO,COLISÃO,2.0,1.0,1.0,1.0,1.0,1.0,1.0,1.0,2.0,0.0,1.0,Cruzamento,Chuvoso,Sem defeito,Perfeito estado,Molhada,Perfeito estado,R-6a,40 km/h,Dupla," , AV NORTE, Recife, Pernambuco, Brasil",-8.027844,-34.903102
6212,2019-07-19 08:39:00,SEM VÍTIMA,CASA AMARELA,AV NORTE,6120,364.0,SUBURBIO,COLISÃO TRASEIRA,3.0,1.0,1.0,1.0,1.0,1.0,1.0,1.0,2.0,0.0,1.0,Longo da via,Bom,Não existe,Perfeito estado,Seca,Perfeito estado,R-6a,60 km/h,Única,"6120, AV NORTE, Recife, Pernambuco, Brasil",-8.027844,-34.903102
6210,2019-07-19 07:39:00,COM VÍTIMA,CASA AMARELA,AV NORTE,5071,364.0,CIDADE,ABALROAMENTO LONGITUDINAL,1.0,1.0,1.0,1.0,1.0,1.0,1.0,1.0,2.0,1.0,1.0,Longo da via,Bom,Sem defeito,Perfeito estado,Seca,Perfeito estado,R-6a,60 km/h,Dupla,"5071, AV NORTE, Recife, Pernambuco, Brasil",-8.027844,-34.903102
8405,2019-09-26 09:46:00,SEM VÍTIMA,CASA AMARELA,AV NORTE,4997,364.0,CIDADE,ABALROAMENTO LONGITUDINAL,2.0,1.0,1.0,1.0,1.0,1.0,1.0,1.0,2.0,0.0,1.0,Longo da via,Bom,Não existe,Perfeito estado,Seca,Perfeito estado,Não há placas,60 km/h,Dupla,"4997, AV NORTE, Recife, Pernambuco, Brasil",-8.027844,-34.903102
9683,2019-10-31 10:22:00,SEM VÍTIMA,CASA AMARELA,RUA PADRE OLIVEIRA,631,364.0,SUBURBIO,ABALROAMENTO TRANSVERSAL,1.0,1.0,1.0,1.0,1.0,1.0,1.0,1.0,2.0,0.0,1.0,Longo da via,Bom,Não existe,Perfeito estado,Seca,Perfeito estado,Não há placas,60 km/h,Dupla,"631, RUA PADRE OLIVEIRA, Recife, Pernambuco, Brasil",-8.027844,-34.903102
7569,2019-09-02 08:34:00,COM VÍTIMA,CASA AMARELA,RUA BELA VISTA,212,364.0,SUBURBIO,ABALROAMENTO TRANSVERSAL,1.0,1.0,1.0,1.0,1.0,1.0,1.0,1.0,2.0,1.0,1.0,Cruzamento,Nublado,Não existe,Não existente,Seca,Perfeito estado,Não há placas,30 km/h,Dupla,"212, RUA BELA VISTA, Recife, Pernambuco, Brasil",-8.026126,-34.9118394
9289,2019-10-20 06:28:00,SEM VÍTIMA,CASA AMARELA,AV NORTE, ,65.0,CIDADE,COLISÃO TRASEIRA,2.0,1.0,1.0,1.0,1.0,1.0,1.0,1.0,2.0,0.0,1.0,Longo da via,Bom,Sem defeito,Perfeito estado,Seca,Perfeito estado,Não há placas,30 km/h,Dupla," , AV NORTE, Recife, Pernambuco, Brasil",-8.027844,-34.903102
8048,2019-09-16 09:33:00,COM VÍTIMA,CASA AMARELA,RUA PADRE LEMOS,629,65.0,SUBURBIO,COLISÃO,1.0,1.0,1.0,1.0,1.0,1.0,1.0,1.0,2.0,1.0,1.0,Longo da via,Bom,Sem defeito,Perfeito estado,Seca,Perfeito estado,Outras,30 km/h,Dupla,"629, RUA PADRE LEMOS, Recife, Pernambuco, Brasil",-8.022198,-34.9201684
4716,2019-05-30 11:16:00,SEM VÍTIMA,CASA AMARELA,RUA DES MOTTA JUNIOR,31,65.0,SUBURBIO,ABALROAMENTO LONGITUDINAL,1.0,1.0,1.0,1.0,1.0,1.0,1.0,1.0,2.0,0.0,1.0,Longo da via,Bom,Não existe,Incompleta,Seca,Perfeito estado,Placas Pare,30 km/h,Dupla,"31, RUA DES MOTTA JUNIOR, Recife, Pernambuco, Brasil",-8.022198,-34.9201684
4915,2019-06-05 13:16:00,COM VÍTIMA,CASA AMARELA,RUA OSCAR DE BARROS, ,65.0,SUBURBIO,ABALROAMENTO TRANSVERSAL,1.0,1.0,1.0,1.0,1.0,1.0,1.0,1.0,2.0,1.0,1.0,Cruzamento,Bom,Não existe,Ilegível,Seca,Perfeito estado,Placas Pare,30 km/h,Dupla," , RUA OSCAR DE BARROS, Recife, Pernambuco, Brasil",-8.0225487,-34.9161726
6197,2019-07-18 14:52:00,COM VÍTIMA,CASA AMARELA,AV NORTE, ,65.0,CIDADE,COLISÃO TRASEIRA,1.0,1.0,1.0,1.0,1.0,1.0,1.0,1.0,2.0,1.0,1.0,Longo da via,Bom,Não existe,Perfeito estado,Seca,Perfeito estado,Não há placas,60 km/h,Dupla," , AV NORTE, Recife, Pernambuco, Brasil",-8.027844,-34.903102
6954,2019-08-13 09:43:00,SEM VÍTIMA,CASA AMARELA,AV NORTE,5400,65.0,SUBURBIO,CHOQUE OBJETO FIXO,1.0,1.0,1.0,1.0,1.0,1.0,1.0,1.0,1.0,0.0,1.0,Longo da via,Bom,Não existe,Perfeito estado,Seca,Mal conservada,Não há placas,60 km/h,Dupla,"5400, AV NORTE, Recife, Pernambuco, Brasil",-8.027844,-34.903102
9176,2019-10-16 16:22:00,SEM VÍTIMA,CASA AMARELA,AV NORTE, ,65.0,CIDADE,COLISÃO TRASEIRA,1.0,1.0,1.0,1.0,1.0,1.0,1.0,1.0,1.0,0.0,1.0,Longo da via,Bom,Sem defeito,Perfeito estado,Seca,Perfeito estado,Outras,60 km/h,Dupla," , AV NORTE, Recife, Pernambuco, Brasil",-8.027844,-34.903102
4504,2019-05-23 12:07:00,COM VÍTIMA,CASA AMARELA,AV NORTE, ,364.0,SUBURBIO,ABALROAMENTO TRANSVERSAL,1.0,1.0,1.0,1.0,1.0,1.0,1.0,1.0,1.0,1.0,1.0,Cruzamento,Bom,Sem defeito,Perfeito estado,Seca,Perfeito estado,Outras,60 km/h,Dupla," , AV NORTE, Recife, Pernambuco, Brasil",-8.027844,-34.903102
10743,2019-11-28 08:28:00,COM VÍTIMA,CASA AMARELA,RUA BELA VISTA, ,364.0,SUBURBIO,ABALROAMENTO TRANSVERSAL,1.0,1.0,1.0,1.0,1.0,1.0,1.0,1.0,1.0,1.0,1.0,Cruzamento,Bom,Não existe,Perfeito estado,Seca,Perfeito estado,Outras,60 km/h,Dupla," , RUA BELA VISTA, Recife, Pernambuco, Brasil",-8.0246907,-34.9114496
11723,2019-12-20 09:59:00,SEM VÍTIMA,CASA AMARELA,RUA CONS NABUCO,639 C,364.0,SUBURBIO,CHOQUE,1.0,1.0,1.0,1.0,1.0,1.0,1.0,1.0,1.0,0.0,1.0,Longo da via,Bom,Não existe,Perfeito estado,Seca,Perfeito estado,Outras,30 km/h,Dupla,"639 C, RUA CONS NABUCO, Recife, Pernambuco, Brasil",-8.0246907,-34.9114496
238,2019-01-10 11:41:00,SEM VÍTIMA,CASA AMARELA,AV DR EURICO CHAVES, ,364.0,SUBURBIO,ABALROAMENTO LONGITUDINAL,1.0,1.0,1.0,1.0,1.0,1.0,1.0,1.0,1.0,0.0,1.0,Longo da via,Bom,Não existe,Perfeito estado,Seca,Perfeito estado,R-6a,30 km/h,Dupla," , AV DR EURICO CHAVES, Recife, Pernambuco, Brasil",-8.0246907,-34.9114496
9222,2019-10-17 22:06:00,SEM VÍTIMA,CASA AMARELA,RUA PADRE LEMOS,185,364.0,CIDADE,ABALROAMENTO LONGITUDINAL,1.0,1.0,1.0,1.0,1.0,1.0,1.0,1.0,1.0,0.0,1.0,Longo da via,Chuvoso,Não existe,Perfeito estado,Molhada,Perfeito estado,Não há placas,30 km/h,Única,"185, RUA PADRE LEMOS, Recife, Pernambuco, Brasil",-8.0251743,-34.9179417
4174,2019-05-13 07:36:00,COM VÍTIMA,CASA AMARELA,RUA ARNOLDO MAGALHAES,22,364.0,CIDADE,ABALROAMENTO TRANSVERSAL,1.0,1.0,1.0,1.0,1.0,1.0,1.0,1.0,1.0,1.0,1.0,Longo da via,Bom,Não existe,Perfeito estado,Seca,Perfeito estado,R-6a,30 km/h,Dupla,"22, RUA ARNOLDO MAGALHAES, Recife, Pernambuco, Brasil",-8.0284616,-34.909631
2385,2019-03-19 08:07:00,COM VÍTIMA,CASA AMARELA,RUA DA ESTRELA, ,364.0,CIDADE,ABALROAMENTO LONGITUDINAL,1.0,1.0,1.0,1.0,1.0,1.0,1.0,1.0,1.0,2.0,1.0,Esquina,Bom,Não existe,Perfeito estado,Seca,Perfeito estado,R-6a,30 km/h,Dupla," , RUA DA ESTRELA, Recife, Pernambuco, Brasil",-8.0584933,-34.8848193
7945,2019-09-12 20:45:00,SEM VÍTIMA,CASA AMARELA,AV NORTE, ,364.0,SUBURBIO,ABALROAMENTO LONGITUDINAL,1.0,1.0,1.0,1.0,1.0,1.0,1.0,1.0,1.0,0.0,1.0,Longo da via,Bom,Não existe,Perfeito estado,Seca,Perfeito estado,Outras,30 km/h,Dupla," , AV NORTE, Recife, Pernambuco, Brasil",-8.027844,-34.903102
9632,2019-10-30 08:00:00,SEM VÍTIMA,CASA AMARELA,RUA GUEDES PEREIRA,114,364.0,CIDADE,ABALROAMENTO TRANSVERSAL,2.0,1.0,1.0,1.0,1.0,1.0,1.0,1.0,1.0,0.0,1.0,Longo da via,Bom,Não existe,Perfeito estado,Seca,Perfeito estado,Outras,30 km/h,Única,"114, RUA GUEDES PEREIRA, Recife, Pernambuco, Brasil",-8.0299811,-34.9088243
11173,2019-12-07 10:33:00,SEM VÍTIMA,CASA AMARELA,EST DO ARRAIAL,3574,364.0,SUBURBIO,ABALROAMENTO LONGITUDINAL,1.0,1.0,1.0,1.0,1.0,1.0,1.0,1.0,1.0,0.0,1.0,Longo da via,Bom,Não existe,Perfeito estado,Seca,Perfeito estado,R-6a,40 km/h,Única,"3574, EST DO ARRAIAL, Recife, Pernambuco, Brasil",-8.0267118,-34.9169003
4191,2019-05-13 13:37:00,SEM VÍTIMA,CASA AMARELA,EST DO ARRAIAL, ,291.0,SUBURBIO,COLISÃO TRASEIRA,2.0,1.0,1.0,1.0,1.0,1.0,1.0,1.0,1.0,0.0,1.0,Longo da via,Bom,Sem defeito,Perfeito estado,Seca,Perfeito estado,R-6a,40 km/h,Única," , EST DO ARRAIAL, Recife, Pernambuco, Brasil",-8.0267118,-34.9169003
4163,2019-05-12 11:53:00,SEM VÍTIMA,CASA AMARELA,AV NORTE,4807,291.0,CIDADE,COLISÃO TRASEIRA,3.0,1.0,1.0,1.0,1.0,1.0,1.0,1.0,1.0,0.0,1.0,Longo da via,Bom,Não existe,Perfeito estado,Seca,Perfeito estado,R-6a,40 km/h,Dupla,"4807, AV NORTE, Recife, Pernambuco, Brasil",-8.027844,-34.903102
2264,2019-03-15 15:49:00,SEM VÍTIMA,CASA AMARELA,RUA MAJOR NEREU GUERRA,87,291.0,SUBURBIO,ABALROAMENTO LONGITUDINAL,1.0,1.0,1.0,1.0,1.0,1.0,1.0,1.0,1.0,0.0,1.0,Longo da via,Bom,Não existe,Perfeito estado,Seca,Perfeito estado,R-33,40 km/h,Dupla,"87, RUA MAJOR NEREU GUERRA, Recife, Pernambuco, Brasil",-8.0261206,-34.9142235
6288,2019-07-22 09:43:00,SEM VÍTIMA,CASA AMARELA,AV NORTE,6318,66.0,SUBURBIO,ACID. DE PERCURSO,1.0,1.0,1.0,1.0,1.0,1.0,1.0,1.0,1.0,0.0,1.0,Longo da via,Bom,Não existe,Perfeito estado,Seca,Perfeito estado,R-33,40 km/h,Dupla,"6318, AV NORTE, Recife, Pernambuco, Brasil",-8.027844,-34.903102
9618,2019-10-29 18:35:00,COM VÍTIMA,CASA AMARELA,EST DO ARRAIAL,4638,66.0,SUBURBIO,ABALROAMENTO LONGITUDINAL,1.0,1.0,1.0,1.0,1.0,1.0,1.0,1.0,1.0,1.0,1.0,Longo da via,Bom,Não existe,Perfeito estado,Seca,Perfeito estado,Outras,40 km/h,Única,"4638, EST DO ARRAIAL, Recife, Pernambuco, Brasil",-8.0267118,-34.9169003
2409,2019-03-19 15:07:00,SEM VÍTIMA,CASA AMARELA,AV NORTE, ,66.0,CIDADE,COLISÃO TRASEIRA,2.0,1.0,1.0,1.0,1.0,1.0,1.0,1.0,1.0,0.0,1.0,Longo da via,Bom,Não existe,Perfeito estado,Seca,Perfeito estado,R-6a,40 km/h,Dupla," , AV NORTE, Recife, Pernambuco, Brasil",-8.027844,-34.903102
7056,2019-08-15 19:53:00,SEM VÍTIMA,CASA AMARELA,AV NORTE, ,364.0,SUBURBIO,ABALROAMENTO LONGITUDINAL,2.0,1.0,1.0,1.0,1.0,1.0,1.0,1.0,1.0,0.0,1.0,Cruzamento,Chuvoso,Sem defeito,Perfeito estado,Seca,Perfeito estado,Placas Pare,40 km/h,Dupla," , AV NORTE, Recife, Pernambuco, Brasil",-8.027844,-34.903102