,data_hora,natureza_acidente,bairro,endereco,numero,num_semaforo,sentido_via,tipo,auto,moto,ciclom,ciclista,pedestre,onibus,caminhao,viatura,outros,vitimas,vitimasfatais,acidente_verificado,tempo_clima,situacao_semaforo,sinalizacao,condicao_via,conservacao_via,situacao_placa,velocidade_max_via,mao_direcao,end,latitude,longitude
8886,2019-10-09 08:21:00,COM VÍTIMA,CASA FORTE,RUA LEONARDO BEZERRA CAVALCANTE,672,346.0,SUBURBIO,ABALROAMENTO LONGITUDINAL,1.0,1.0,1.0,1.0,1.0,1.0,1.0,1.0,1.0,1.0,1.0,Longo da via,Chuvoso,Não existe,Perfeito estado,Molhada,Perfeito estado,R-6a,40 km/h,Única,"672, RUA LEONARDO BEZERRA CAVALCANTE, Recife, Pernambuco, Brasil",-8.0367962,-34.9085835
11230,2019-12-08 18:39:00,SEM VÍTIMA,CASA FORTE,"EST DAS UBAIAS,", ,593.0,SUBURBIO,ABALROAMENTO TRANSVERSAL,1.0,1.0,1.0,1.0,1.0,1.0,1.0,1.0,1.0,0.0,1.0,Cruzamento,Bom,Sem defeito,Perfeito estado,Seca,Perfeito estado,Não há placas,40 km/h,Dupla," , EST DAS UBAIAS,, Recife, Pernambuco, Brasil",-8.0367962,-34.9085835
1873,2019-03-02 18:38:00,SEM VÍTIMA,CASA FORTE,AV DEZESSETE DE AGOSTO,125,593.0,SUBURBIO,CHOQUE OBJETO FIXO,1.0,1.0,1.0,1.0,1.0,1.0,1.0,1.0,1.0,0.0,1.0,Cruzamento,Bom,Não existe,Perfeito estado,Seca,Perfeito estado,Não há placas,60 km/h,Única,"125, AV DEZESSETE DE AGOSTO, Recife, Pernambuco, Brasil",-8.0373612,-34.9148676
4878,2019-06-04 15:52:00,SEM VÍTIMA,CASA FORTE,"EST DAS UBAIAS,",255,593.0,SUBURBIO,COLISÃO TRASEIRA,2.0,1.0,1.0,1.0,1.0,1.0,1.0,1.0,1.0,0.0,1.0,Longo da via,Bom,Sem defeito,Perfeito estado,Seca,Perfeito estado,R-6a,60 km/h,Dupla,"255, EST DAS UBAIAS,, Recife, Pernambuco, Brasil",-8.0373612,-34.9148676
2059,2019-03-09 21:27:00,SEM VÍTIMA,CASA FORTE,AV DEZESSETE DE AGOSTO,1953,593.0,SUBURBIO,ABALROAMENTO TRANSVERSAL,1.0,1.0,1.0,1.0,1.0,1.0,1.0,1.0,1.0,0.0,1.0,Longo da via,Bom,Não existe,Perfeito estado,Seca,Perfeito estado,Outras,60 km/h,Dupla,"1953, AV DEZESSETE DE AGOSTO, Recife, Pernambuco, Brasil",-8.0322455,-34.9237548
1891,2019-03-03 21:33:00,COM VÍTIMA,CASA FORTE,EST DO ENCANAMENTO, ,593.0,CIDADE,ABALROAMENTO TRANSVERSAL,1.0,1.0,1.0,1.0,1.0,1.0,1.0,1.0,1.0,1.0,1.0,Cruzamento,Bom,Não existe,Perfeito estado,Seca,Perfeito estado,Placas Pare,60 km/h,Única," , EST DO ENCANAMENTO, Recife, Pernambuco, Brasil",-8.0322455,-34.9237548
6658,2019-08-03 16:57:00,SEM VÍTIMA,CASA FORTE,EST DO ENCANAMENTO,585,435.0,CIDADE,COLISÃO,1.0,1.0,1.0,1.0,1.0,1.0,1.0,1.0,1.0,0.0,1.0,Cruzamento,Bom,Não existe,Perfeito estado,Seca,Perfeito estado,Placas Pare,60 km/h,Única,"585, EST DO ENCANAMENTO, Recife, Pernambuco, Brasil",-8.0322455,-34.9237548
9286,2019-10-19 23:10:00,SEM VÍTIMA,CASA FORTE,RUA JORGE GOMES DE SA, ,435.0,SUBURBIO,ABALROAMENTO TRANSVERSAL,2.0,1.0,1.0,1.0,1.0,1.0,1.0,1.0,1.0,0.0,1.0,Cruzamento,Bom,Não existe,Incompleta,Seca,Perfeito estado,Outras,60 km/h,Dupla," , RUA JORGE GOMES DE SA, Recife, Pernambuco, Brasil",-8.0411199,-34.917693
4904,2019-06-05 09:24:00,SEM VÍTIMA,CASA FORTE,AV DEZESSETE DE AGOSTO,1450,435.0,SUBURBIO,ABALROAMENTO TRANSVERSAL,2.0,1.0,1.0,1.0,1.0,1.0,1.0,1.0,1.0,0.0,1.0,Longo da via,Bom,Não existe,Perfeito estado,Seca,Perfeito estado,R-6a,60 km/h,Dupla,"1450, AV DEZESSETE DE AGOSTO, Recife, Pernambuco, Brasil",-8.0373612,-34.9148676
9198,2019-10-17 11:52:00,SEM VÍTIMA,CASA FORTE,AV DEZESSETE DE AGOSTO,2187,646.0,CIDADE,COLISÃO TRASEIRA,2.0,1.0,1.0,1.0,1.0,1.0,1.0,1.0,1.0,0.0,1.0,Longo da via,Bom,Sem defeito,Perfeito estado,Seca,Perfeito estado,R-6a,60 km/h,Dupla,"2187, AV DEZESSETE DE AGOSTO, Recife, Pernambuco, Brasil",-8.0304387,-34.925636
11228,2019-12-08 16:15:00,SEM VÍTIMA,CASA FORTE,RUA JOAO TUDE DE MELO,91,646.0,SUBURBIO,COLISÃO TRASEIRA,2.0,1.0,1.0,1.0,1.0,1.0,1.0,1.0,1.0,0.0,1.0,Longo da via,Bom,Sem defeito,Perfeito estado,Seca,Perfeito estado,Outras,60 km/h,Dupla,"91, RUA JOAO TUDE DE MELO, Recife, Pernambuco, Brasil",-8.0354138,-34.9090523
4903,2019-06-05 09:21:00,SEM VÍTIMA,CASA FORTE,AV DEZESSETE DE AGOSTO, ,646.0,SUBURBIO,COLISÃO,2.0,1.0,1.0,1.0,1.0,1.0,1.0,1.0,1.0,0.0,1.0,Longo da via,Bom,Sem defeito,Perfeito estado,Seca,Perfeito estado,Outras,60 km/h,Dupla," , AV DEZESSETE DE AGOSTO, Recife, Pernambuco, Brasil",-8.0332267,-34.9105754
9666,2019-10-30 20:24:00,SEM VÍTIMA,CASA FORTE,RUA DONA ANUNCIADA DE MORAIS,78,646.0,SUBURBIO,CHOQUE VEÍCULO PARADO,2.0,1.0,1.0,1.0,1.0,1.0,1.0,1.0,1.0,0.0,1.0,Longo da via,Bom,Não existe,Perfeito estado,Seca,Perfeito estado,Outras,60 km/h,Única,"78, RUA DONA ANUNCIADA DE MORAIS, Recife, Pernambuco, Brasil",-8.0347957,-34.918333
2910,2019-04-02 19:14:00,COM VÍTIMA,CASA FORTE,RUA DONA ADA VIEIRA,120,646.0,SUBURBIO,COLISÃO COM CICLISTA,1.0,1.0,1.0,1.0,1.0,1.0,1.0,1.0,1.0,2.0,1.0,Cruzamento,Bom,Não existe,Perfeito estado,Seca,Perfeito estado,Placas Pare,60 km/h,Dupla,"120, RUA DONA ADA VIEIRA, Recife, Pernambuco, Brasil",-8.0385902,-34.9168709
9045,2019-10-13 21:35:00,COM VÍTIMA,CASA FORTE,RUA CASA FORTE, ,646.0,SUBURBIO,COLISÃO FRONTAL,1.0,1.0,1.0,1.0,1.0,1.0,1.0,1.0,1.0,1.0,1.0,Longo da via,Chuvoso,Não existe,Incompleta,Molhada,Perfeito estado,Outras,60 km/h,Única," , RUA CASA FORTE, Recife, Pernambuco, Brasil",-8.0331957,-34.9185862
4544,2019-05-24 11:34:00,SEM VÍTIMA,CASA FORTE,AV DEZESSETE DE AGOSTO,675,646.0,SUBURBIO,COLISÃO,2.0,1.0,1.0,1.0,1.0,1.0,1.0,1.0,1.0,0.0,1.0,Longo da via,Chuvoso,Não existe,Incompleta,Molhada,Perfeito estado,Outras,60 km/h,Única,"675, AV DEZESSETE DE AGOSTO, Recife, Pernambuco, Brasil",-8.0376023,-34.91473783798744
5605,2019-06-28 08:11:00,SEM VÍTIMA,CASA FORTE,AV DEZESSETE DE AGOSTO,1316,646.0,CIDADE,ABALROAMENTO LONGITUDINAL,1.0,1.0,1.0,1.0,1.0,1.0,1.0,1.0,1.0,0.0,1.0,Cruzamento,Bom,Não existe,Perfeito estado,Seca,Perfeito estado,Outras,60 km/h,Dupla,"1316, AV DEZESSETE DE AGOSTO, Recife, Pernambuco, Brasil",-8.0363808,-34.919887
4412,2019-05-20 12:17:00,SEM VÍTIMA,CASA FORTE,RUA ENGENHEIRO OSCAR FERREIRA,1379,646.0,CIDADE,ABALROAMENTO LONGITUDINAL,1.0,1.0,1.0,1.0,1.0,1.0,1.0,1.0,1.0,0.0,1.0,Longo da via,Bom,Não existe,Perfeito estado,Seca,Perfeito estado,R-6a,60 km/h,Única,"1379, RUA ENGENHEIRO OSCAR FERREIRA, Recife, Pernambuco, Brasil",-8.0297746,-34.9231219
421,2019-01-17 08:42:00,COM VÍTIMA,CASA FORTE,AV DEZESSETE DE AGOSTO,117,646.0,SUBURBIO,COLISÃO FRONTAL,1.0,1.0,1.0,1.0,1.0,1.0,1.0,1.0,1.0,1.0,1.0,Longo da via,Bom,Sem defeito,Perfeito estado,Seca,Perfeito estado,R-6a,60 km/h,Única,"117, AV DEZESSETE DE AGOSTO, Recife, Pernambuco, Brasil",-8.0373612,-34.9148676
4807,2019-06-02 14:38:00,SEM VÍTIMA,CASA FORTE,AV DEZESSETE DE AGOSTO,1417,372.0,SUBURBIO,ABALROAMENTO LONGITUDINAL,2.0,1.0,1.0,1.0,1.0,1.0,1.0,1.0,1.0,0.0,1.0,Longo da via,Bom,Sem defeito,Perfeito estado,Seca,Perfeito estado,R-6a,60 km/h,Dupla,"1417, AV DEZESSETE DE AGOSTO, Recife, Pernambuco, Brasil",-8.0356812,-34.9204051
896,2019-02-04 06:13:00,COM VÍTIMA,CASA FORTE,EST DO ENCANAMENTO,277,462.0,SUBURBIO,COLISÃO,2.0,1.0,1.0,1.0,1.0,1.0,1.0,1.0,1.0,2.0,1.0,Longo da via,Bom,Sem defeito,Perfeito estado,Seca,Perfeito estado,R-6a,60 km/h,Dupla,"277, EST DO ENCANAMENTO, Recife, Pernambuco, Brasil",-8.0356812,-34.9204051
7716,2019-09-06 09:04:00,SEM VÍTIMA,CASA FORTE,AV DEZESSETE DE AGOSTO,1270,462.0,CIDADE,ABALROAMENTO TRANSVERSAL,2.0,1.0,1.0,1.0,1.0,1.0,1.0,1.0,1.0,0.0,1.0,Longo da via,Bom,Não existe,Perfeito estado,Seca,Perfeito estado,Placas Pare,60 km/h,Dupla,"1270, AV DEZESSETE DE AGOSTO, Recife, Pernambuco, Brasil",-8.0366894,-34.9197166
445,2019-01-17 20:55:00,SEM VÍTIMA,CASA FORTE,AV DEZESSETE DE AGOSTO,1840,410.0,CIDADE,ABALROAMENTO LONGITUDINAL,1.0,1.0,1.0,1.0,1.0,1.0,1.0,1.0,1.0,0.0,1.0,Longo da via,Bom,Sem defeito,Perfeito estado,Seca,Perfeito estado,Placas Pare,60 km/h,Dupla,"1840, AV DEZESSETE DE AGOSTO, Recife, Pernambuco, Brasil",-8.0327961,-34.922885
11548,2019-12-16 09:50:00,SEM VÍTIMA,CASA FORTE,AV DEZESSETE DE AGOSTO, ,410.0,CIDADE,ABALROAMENTO LONGITUDINAL,1.0,1.0,1.0,1.0,1.0,1.0,1.0,1.0,1.0,0.0,1.0,Longo da via,Bom,Sem defeito,Perfeito estado,Seca,Perfeito estado,Placas Pare,60 km/h,Dupla," , AV DEZESSETE DE AGOSTO, Recife, Pernambuco, Brasil",-8.0332267,-34.9105754
3169,2019-04-10 12:29:00,SEM VÍTIMA,CASA FORTE,AV DEZESSETE DE AGOSTO, ,410.0,SUBURBIO,COLISÃO TRASEIRA,2.0,1.0,1.0,1.0,1.0,1.0,1.0,1.0,1.0,0.0,1.0,Cruzamento,Bom,Não existe,Perfeito estado,Seca,Perfeito estado,Não há placas,60 km/h,Dupla," , AV DEZESSETE DE AGOSTO, Recife, Pernambuco, Brasil",-8.0332267,-34.9105754
10283,2019-11-14 20:54:00,COM VÍTIMA,CASA FORTE,AV DEZESSETE DE AGOSTO,2345,410.0,SUBURBIO,ABALROAMENTO LONGITUDINAL,1.0,1.0,1.0,1.0,1.0,1.0,1.0,1.0,1.0,1.0,1.0,Longo da via,Bom,Não existe,Perfeito estado,Seca,Perfeito estado,Não há placas,60 km/h,Dupla,"2345, AV DEZESSETE DE AGOSTO, Recife, Pernambuco, Brasil",-8.0373612,-34.9148676
10882,2019-12-01 19:35:00,SEM VÍTIMA,CASA FORTE,AV DEZESSETE DE AGOSTO,447,410.0,SUBURBIO,ABALROAMENTO LONGITUDINAL,1.0,1.0,1.0,1.0,1.0,1.0,1.0,1.0,1.0,0.0,1.0,Longo da via,Bom,Não existe,Perfeito estado,Seca,Perfeito estado,Não há placas,60 km/h,Dupla,"447, AV DEZESSETE DE AGOSTO, Recife, Pernambuco, Brasil",-8.0373612,-34.9148676
2289,2019-03-16 09:49:00,SEM VÍTIMA,CASA FORTE,AV DEZESSETE DE AGOSTO, ,345.0,SUBURBIO,COLISÃO FRONTAL,2.0,1.0,1.0,1.0,1.0,1.0,1.0,1.0,1.0,0.0,1.0,Longo da via,Bom,Sem defeito,Perfeito estado,Seca,Perfeito estado,Placas Dê a preferência,60 km/h,Dupla," , AV DEZESSETE DE AGOSTO, Recife, Pernambuco, Brasil",-8.0332267,-34.9105754
243,2019-01-10 13:47:00,SEM VÍTIMA,CASA FORTE,AV DEZESSETE DE AGOSTO,2133,646.0,CIDADE,COLISÃO TRASEIRA,2.0,1.0,1.0,1.0,1.0,1.0,1.0,1.0,1.0,0.0,1.0,Longo da via,Bom,Sem defeito,Perfeito estado,Seca,Perfeito estado,R-6a,60 km/h,Dupla,"2133, AV DEZESSETE DE AGOSTO, Recife, Pernambuco, Brasil",-8.0309104,-34.924774
9280,2019-10-19 17:45:00,SEM VÍTIMA,CASA FORTE,RUA IGARASSU,40,485.0,CIDADE,ABALROAMENTO LONGITUDINAL,2.0,1.0,1.0,1.0,1.0,1.0,1.0,1.0,1.0,0.0,1.0,Longo da via,Bom,Sem defeito,Perfeito estado,Seca,Perfeito estado,R-4b,60 km/h,Única,"40, RUA IGARASSU, Recife, Pernambuco, Brasil",-8.0384395,-34.9115688
1278,2019-02-14 12:12:00,SEM VÍTIMA,CASA FORTE,RUA SOARES DE AZEVEDO, ,485.0,CIDADE,COLISÃO,2.0,1.0,1.0,1.0,1.0,1.0,1.0,1.0,1.0,0.0,1.0,Longo da via,Bom,Sem defeito,Perfeito estado,Seca,Perfeito estado,R-4b,60 km/h,Única," , RUA SOARES DE AZEVEDO, Recife, Pernambuco, Brasil",-8.0347014,-34.9230094
864,2019-02-02 00:45:00,COM VÍTIMA,CASA FORTE,AV DEZESSETE DE AGOSTO,2187,485.0,SUBURBIO,ABALROAMENTO TRANSVERSAL,1.0,1.0,1.0,1.0,1.0,1.0,1.0,1.0,1.0,1.0,1.0,Longo da via,Bom,Não existe,Perfeito estado,Seca,Perfeito estado,Não há placas,60 km/h,Dupla,"2187, AV DEZESSETE DE AGOSTO, Recife, Pernambuco, Brasil",-8.0304387,-34.925636
6576,2019-08-01 14:05:00,SEM VÍTIMA,CASA FORTE,AV DEZESSETE DE AGOSTO,2594,485.0,SUBURBIO,COLISÃO,2.0,1.0,1.0,1.0,1.0,1.0,1.0,1.0,1.0,0.0,1.0,Longo da via,Bom,Não existe,Perfeito estado,Seca,Perfeito estado,Não há placas,60 km/h,Dupla,"2594, AV DEZESSETE DE AGOSTO, Recife, Pernambuco, Brasil",-8.0276344,-34.9274142
3072,2019-04-07 21:06:00,COM VÍTIMA,CASA FORTE,EST DO ENCANAMENTO, ,485.0,SUBURBIO,ABALROAMENTO TRANSVERSAL,2.0,1.0,1.0,1.0,1.0,1.0,1.0,1.0,1.0,2.0,1.0,Cruzamento,Bom,Não existe,Incompleta,Seca,Perfeito estado,Placas Pare,60 km/h,Única," , EST DO ENCANAMENTO, Recife, Pernambuco, Brasil",-8.0276344,-34.9274142
8028,2019-09-15 14:33:00,COM VÍTIMA,CASA FORTE,AV DEZESSETE DE AGOSTO, ,485.0,CIDADE,COLISÃO FRONTAL,1.0,1.0,1.0,1.0,1.0,1.0,1.0,1.0,1.0,2.0,1.0,Cruzamento,Bom,Sem defeito,Perfeito estado,Seca,Perfeito estado,Outras,60 km/h,Dupla," , AV DEZESSETE DE AGOSTO, Recife, Pernambuco, Brasil",-8.0332267,-34.9105754
2297,2019-03-16 14:57:00,SEM VÍTIMA,CASA FORTE,RUA PROFESSOR ALVARO LIMA,1325,485.0,CIDADE,COLISÃO,2.0,1.0,1.0,1.0,1.0,1.0,1.0,1.0,1.0,0.0,1.0,Cruzamento,Bom,Sem defeito,Perfeito estado,Seca,Perfeito estado,Outras,60 km/h,Dupla,"1325, RUA PROFESSOR ALVARO LIMA, Recife, Pernambuco, Brasil",-8.0290771,-34.9213363
4266,2019-05-15 15:54:00,SEM VÍTIMA,CASA FORTE,AV DEZESSETE DE AGOSTO, ,410.0,SUBURBIO,COLISÃO TRASEIRA,3.0,1.0,1.0,1.0,1.0,1.0,1.0,1.0,1.0,0.0,1.0,Longo da via,Bom,Sem defeito,Perfeito estado,Seca,Perfeito estado,R-6a,60 km/h,Dupla," , AV DEZESSETE DE AGOSTO, Recife, Pernambuco, Brasil",-8.0332267,-34.9105754
7367,2019-08-26 07:33:00,SEM VÍTIMA,CASA FORTE,AV DEZESSETE DE AGOSTO,117,410.0,CIDADE,COLISÃO TRASEIRA,3.0,1.0,1.0,1.0,1.0,1.0,1.0,1.0,1.0,0.0,1.0,Longo da via,Bom,Não existe,Perfeito estado,Seca,Perfeito estado,R-6a,60 km/h,Dupla,"117, AV DEZESSETE DE AGOSTO, Recife, Pernambuco, Brasil",-8.0373612,-34.9148676
841,2019-02-01 14:06:00,SEM VÍTIMA,CASA FORTE,RUA LEONARDO BEZERRA CAVALCANTE,540,410.0,SUBURBIO,ABALROAMENTO LONGITUDINAL,2.0,1.0,1.0,1.0,1.0,1.0,1.0,1.0,1.0,0.0,1.0,Longo da via,Bom,Não existe,Perfeito estado,Seca,Perfeito estado,R-6a,60 km/h,Única,"540, RUA LEONARDO BEZERRA CAVALCANTE, Recife, Pernambuco, Brasil",-8.0367962,-34.9085835
6372,2019-07-25 10:41:00,SEM VÍTIMA,CASA FORTE,RUA LEONARDO BEZERRA CAVALCANTE,540,485.0,SUBURBIO,ABALROAMENTO LONGITUDINAL,2.0,1.0,1.0,1.0,1.0,1.0,1.0,1.0,1.0,0.0,1.0,Longo da via,Chuvoso,Sem defeito,Perfeito estado,Molhada,Perfeito estado,R-6a,60 km/h,Única,"540, RUA LEONARDO BEZERRA CAVALCANTE, Recife, Pernambuco, Brasil",-8.0367962,-34.9085835
3097,2019-04-08 16:24:00,COM VÍTIMA,CASA FORTE,AV DEZESSETE DE AGOSTO, ,485.0,SUBURBIO,COLISÃO,2.0,2.0,1.0,1.0,1.0,1.0,1.0,1.0,1.0,1.0,1.0,Longo da via,Chuvoso,Sem defeito,Perfeito estado,Molhada,Perfeito estado,R-6a,60 km/h,Única," , AV DEZESSETE DE AGOSTO, Recife, Pernambuco, Brasil",-8.0332267,-34.9105754
11527,2019-12-15 19:45:00,SEM VÍTIMA,CASA FORTE,RUA LEONARDO BEZERRA CAVALCANTE,855,346.0,SUBURBIO,COLISÃO TRASEIRA,2.0,2.0,1.0,1.0,1.0,1.0,1.0,1.0,1.0,0.0,1.0,Longo da via,Bom,Sem defeito,Perfeito estado,Seca,Perfeito estado,R-6a,40 km/h,Dupla,"855, RUA LEONARDO BEZERRA CAVALCANTE, Recife, Pernambuco, Brasil",-8.0367962,-34.9085835
432,2019-01-17 14:01:00,SEM VÍTIMA,CASA FORTE,AV DEZESSETE DE AGOSTO,99,346.0,CIDADE,ABALROAMENTO LONGITUDINAL,1.0,1.0,1.0,1.0,1.0,1.0,1.0,1.0,1.0,0.0,1.0,Longo da via,Bom,Sem defeito,Perfeito estado,Seca,Perfeito estado,R-6a,60 km/h,Dupla,"99, AV DEZESSETE DE AGOSTO, Recife, Pernambuco, Brasil",-8.0373612,-34.9148676
3326,2019-04-15 10:42:00,SEM VÍTIMA,CASA FORTE,AV FLOR DE SANTANA,614,614.0,CIDADE,ABALROAMENTO TRANSVERSAL,2.0,1.0,1.0,1.0,1.0,1.0,1.0,1.0,1.0,0.0,1.0,Longo da via,Bom,Sem defeito,Perfeito estado,Seca,Perfeito estado,Outras,60 km/h,Dupla,"614, AV FLOR DE SANTANA, Recife, Pernambuco, Brasil",-8.0347153,-34.9134524
557,2019-01-22 11:36:00,SEM VÍTIMA,CASA FORTE,EST DO ENCANAMENTO,1284,614.0,CIDADE,ABALROAMENTO LONGITUDINAL,1.0,1.0,1.0,1.0,1.0,1.0,1.0,1.0,1.0,0.0,1.0,Cruzamento,Chuvoso,Sem defeito,Perfeito estado,Molhada,Perfeito estado,Placas Pare,60 km/h,Única,"1284, EST DO ENCANAMENTO, Recife, Pernambuco, Brasil",-8.0347153,-34.9134524
4618,2019-05-27 10:02:00,COM VÍTIMA,CASA FORTE,AV DEZESSETE DE AGOSTO, ,614.0,SUBURBIO,COLISÃO,1.0,1.0,1.0,1.0,1.0,1.0,1.0,1.0,1.0,1.0,1.0,Cruzamento,Chuvoso,Sem defeito,Perfeito estado,Molhada,Perfeito estado,Placas Pare,60 km/h,Única," , AV DEZESSETE DE AGOSTO, Recife, Pernambuco, Brasil",-8.0332267,-34.9105754
3318,2019-04-15 07:32:00,SEM VÍTIMA,CASA FORTE,EST DO ENCANAMENTO, ,614.0,CIDADE,COLISÃO FRONTAL,2.0,1.0,1.0,1.0,1.0,1.0,1.0,1.0,1.0,0.0,1.0,Cruzamento,Bom,Não existe,Perfeito estado,Seca,Perfeito estado,Placas Pare,60 km/h,Dupla," , EST DO ENCANAMENTO, Recife, Pernambuco, Brasil",-8.0332267,-34.9105754
2432,2019-03-20 11:05:00,COM VÍTIMA,CASA FORTE,AV DEZESSETE DE AGOSTO,2369,614.0,SUBURBIO,COLISÃO TRASEIRA,1.0,1.0,1.0,1.0,1.0,1.0,1.0,1.0,1.0,1.0,1.0,Cruzamento,Bom,Não existe,Perfeito estado,Seca,Perfeito estado,Placas Pare,60 km/h,Dupla,"2369, AV DEZESSETE DE AGOSTO, Recife, Pernambuco, Brasil",-8.0295517,-34.9266739
6259,2019-07-20 22:37:00,SEM VÍTIMA,CASA FORTE,AV DEZESSETE DE AGOSTO, ,614.0,SUBURBIO,COLISÃO,2.0,1.0,1.0,1.0,1.0,1.0,1.0,1.0,1.0,0.0,1.0,Cruzamento,Bom,Não existe,Perfeito estado,Seca,Perfeito estado,Placas Pare,60 km/h,Dupla," , AV DEZESSETE DE AGOSTO, Recife, Pernambuco, Brasil",-8.0332267,-34.9105754
2425,2019-03-20 08:37:00,COM VÍTIMA,CASA FORTE,AV DEZESSETE DE AGOSTO,2144,646.0,CIDADE,ABALROAMENTO LONGITUDINAL,1.0,1.0,1.0,1.0,1.0,1.0,1.0,1.0,1.0,1.0,1.0,Cruzamento,Bom,Sem defeito,Perfeito estado,Seca,Perfeito estado,Não há placas,60 km/h,Dupla,"2144, AV DEZESSETE DE AGOSTO, Recife, Pernambuco, Brasil",-8.0304884,-34.924557
8313,2019-09-23 17:39:00,SEM VÍTIMA,CASA FORTE,AV DEZESSETE DE AGOSTO,2187,646.0,SUBURBIO,COLISÃO TRASEIRA,2.0,1.0,1.0,1.0,1.0,1.0,1.0,1.0,1.0,0.0,1.0,Longo da via,Bom,Sem defeito,Perfeito estado,Seca,Perfeito estado,Não há placas,60 km/h,Dupla,"2187, AV DEZESSETE DE AGOSTO, Recife, Pernambuco, Brasil",-8.0304387,-34.925636
8647,2019-10-03 10:17:00,SEM VÍTIMA,CASA FORTE,AV DEZESSETE DE AGOSTO,468,345.0,SUBURBIO,COLISÃO TRASEIRA,2.0,1.0,1.0,1.0,1.0,1.0,1.0,1.0,1.0,0.0,1.0,Longo da via,Bom,Sem defeito,Perfeito estado,Seca,Perfeito estado,Não há placas,60 km/h,Dupla,"468, AV DEZESSETE DE AGOSTO, Recife, Pernambuco, Brasil",-8.0373612,-34.9148676
5533,2019-06-26 06:10:00,COM VÍTIMA,CASA FORTE,AV DEZESSETE DE AGOSTO,342,614.0,CIDADE,COLISÃO TRASEIRA,1.0,1.0,1.0,1.0,1.0,1.0,1.0,1.0,1.0,1.0,1.0,Longo da via,Chuvoso,Sem defeito,Perfeito estado,Molhada,Perfeito estado,R-6a,60 km/h,Dupla,"342, AV DEZESSETE DE AGOSTO, Recife, Pernambuco, Brasil",-8.0373612,-34.9148676
936,2019-02-05 08:57:00,SEM VÍTIMA,CASA FORTE,RUA MARECHAL RONDON,384,614.0,SUBURBIO,CHOQUE VEÍCULO PARADO,2.0,1.0,1.0,1.0,1.0,1.0,1.0,1.0,1.0,0.0,1.0,Longo da via,Bom,Não existe,Perfeito estado,Seca,Perfeito estado,Placas Pare,60 km/h,Dupla,"384, RUA MARECHAL RONDON, Recife, Pernambuco, Brasil",-8.0297514,-34.921513
6631,2019-08-02 18:40:00,SEM VÍTIMA,CASA FORTE,AV DEZESSETE DE AGOSTO,735,614.0,CIDADE,COLISÃO TRASEIRA,2.0,1.0,1.0,1.0,1.0,1.0,1.0,1.0,1.0,0.0,1.0,Longo da via,Bom,Não existe,Perfeito estado,Seca,Perfeito estado,R-6a,60 km/h,Dupla,"735, AV DEZESSETE DE AGOSTO, Recife, Pernambuco, Brasil",-8.0373612,-34.9148676
4145,2019-05-11 13:25:00,COM VÍTIMA,CASA FORTE,RUA AFONSO DE ALBUQUERQUE MELO,48,614.0,CIDADE,ABALROAMENTO TRANSVERSAL,1.0,1.0,1.0,1.0,1.0,1.0,1.0,1.0,1.0,1.0,1.0,Longo da via,Bom,Não existe,Perfeito estado,Seca,Perfeito estado,Placas Pare,60 km/h,Dupla,"48, RUA AFONSO DE ALBUQUERQUE MELO, Recife, Pernambuco, Brasil",-8.0373612,-34.9148676
2263,2019-03-15 15:16:00,COM VÍTIMA,CASA FORTE,AV DEZESSETE DE AGOSTO,784,614.0,CIDADE,ABALROAMENTO LONGITUDINAL,3.0,1.0,1.0,1.0,1.0,1.0,1.0,1.0,1.0,2.0,1.0,Esquina,Bom,Não existe,Perfeito estado,Seca,Perfeito estado,R-6a,60 km/h,Dupla,"784, AV DEZESSETE DE AGOSTO, Recife, Pernambuco, Brasil",-8.0373612,-34.9148676
5552,2019-06-26 14:17:00,SEM VÍTIMA,CASA FORTE,RUA AFONSO DE ALBUQUERQUE MELO, ,614.0,CIDADE,COLISÃO TRASEIRA,3.0,1.0,1.0,1.0,1.0,1.0,1.0,1.0,1.0,0.0,1.0,Longo da via,Bom,Não existe,Perfeito estado,Seca,Perfeito estado,Outras,60 km/h,Única," , RUA AFONSO DE ALBUQUERQUE MELO, Recife, Pernambuco, Brasil",-8.0373612,-34.9148676
9611,2019-10-29 17:47:00,SEM VÍTIMA,CASA FORTE,AV DEZESSETE DE AGOSTO,500,614.0,CIDADE,ABALROAMENTO TRANSVERSAL,1.0,1.0,1.0,1.0,1.0,1.0,1.0,1.0,1.0,0.0,1.0,Longo da via,Bom,Não existe,Perfeito estado,Seca,Perfeito estado,Placas Pare,60 km/h,Dupla,"500, AV DEZESSETE DE AGOSTO, Recife, Pernambuco, Brasil",-8.0373612,-34.9148676
2401,2019-03-19 12:41:00,COM VÍTIMA,CASA FORTE,RUA LEONARDO BEZERRA CAVALCANTE,698,614.0,SUBURBIO,ABALROAMENTO LONGITUDINAL,2.0,1.0,1.0,1.0,1.0,1.0,1.0,1.0,1.0,1.0,1.0,Longo da via,Bom,Não existe,Perfeito estado,Seca,Perfeito estado,Outras,60 km/h,Única,"698, RUA LEONARDO BEZERRA CAVALCANTE, Recife, Pernambuco, Brasil",-8.0367962,-34.9085835