,data_hora,natureza_acidente,bairro,endereco,numero,num_semaforo,sentido_via,tipo,auto,moto,ciclom,ciclista,pedestre,onibus,caminhao,viatura,outros,vitimas,vitimasfatais,acidente_verificado,tempo_clima,situacao_semaforo,sinalizacao,condicao_via,conservacao_via,situacao_placa,velocidade_max_via,mao_direcao,end,latitude,longitude
7553,2019-09-01 17:58:00,SEM VÍTIMA,CASA FORTE,"EST DAS UBAIAS,",456,614.0,SUBURBIO,ABALROAMENTO LONGITUDINAL,2.0,1.0,1.0,1.0,1.0,1.0,1.0,1.0,1.0,0.0,1.0,Longo da via,Bom,Não existe,Perfeito estado,Seca,Perfeito estado,R-6a,40 km/h,Dupla,"456, EST DAS UBAIAS,, Recife, Pernambuco, Brasil",-8.0367962,-34.9085835
6909,2019-08-11 13:41:00,COM VÍTIMA,CASA FORTE,AV DEZESSETE DE AGOSTO, ,389.0,CIDADE,COLISÃO TRASEIRA,1.0,1.0,1.0,1.0,1.0,1.0,1.0,1.0,1.0,1.0,1.0,Longo da via,Bom,Sem defeito,Perfeito estado,Seca,Perfeito estado,R-6a,40 km/h,Dupla," , AV DEZESSETE DE AGOSTO, Recife, Pernambuco, Brasil",-8.0332267,-34.9105754
11901,2019-12-25 15:16:00,SEM VÍTIMA,CASA FORTE,AV DEZESSETE DE AGOSTO, ,251.0,SUBURBIO,COLISÃO FRONTAL,2.0,1.0,1.0,1.0,1.0,1.0,1.0,1.0,1.0,0.0,1.0,Cruzamento,Bom,Sem defeito,Perfeito estado,Seca,Perfeito estado,R-6a,60 km/h,Dupla," , AV DEZESSETE DE AGOSTO, Recife, Pernambuco, Brasil",-8.0332267,-34.9105754
1513,2019-02-21 11:09:00,SEM VÍTIMA,CASA FORTE,AV DEZESSETE DE AGOSTO,1495,251.0,SUBURBIO,COLISÃO,1.0,1.0,1.0,1.0,1.0,1.0,1.0,1.0,1.0,0.0,1.0,Cruzamento,Bom,Sem defeito,Perfeito estado,Seca,Perfeito estado,R-6a,60 km/h,Dupla,"1495, AV DEZESSETE DE AGOSTO, Recife, Pernambuco, Brasil",-8.0350254,-34.9208672
3249,2019-04-12 13:13:00,SEM VÍTIMA,CASA FORTE,RUA LEONARDO BEZERRA CAVALCANTE, ,595.0,SUBURBIO,ABALROAMENTO TRANSVERSAL,2.0,1.0,1.0,1.0,1.0,1.0,1.0,1.0,1.0,0.0,1.0,Longo da via,Chuvoso,Sem defeito,Perfeito estado,Molhada,Perfeito estado,Placas Dê a preferência,60 km/h,Única," , RUA LEONARDO BEZERRA CAVALCANTE, Recife, Pernambuco, Brasil",-8.0367962,-34.9085835
519,2019-01-21 11:52:00,SEM VÍTIMA,CASA FORTE,AV DEZESSETE DE AGOSTO,976,389.0,SUBURBIO,COLISÃO,2.0,1.0,1.0,1.0,1.0,1.0,1.0,1.0,1.0,0.0,1.0,Longo da via,Chuvoso,Sem defeito,Perfeito estado,Molhada,Perfeito estado,Placas Dê a preferência,60 km/h,Única,"976, AV DEZESSETE DE AGOSTO, Recife, Pernambuco, Brasil",-8.0373612,-34.9148676
11180,2019-12-07 11:47:00,SEM VÍTIMA,CASA FORTE,AV DEZESSETE DE AGOSTO,92,389.0,SUBURBIO,COLISÃO,1.0,1.0,1.0,1.0,1.0,1.0,1.0,1.0,1.0,0.0,1.0,Longo da via,Chuvoso,Sem defeito,Perfeito estado,Molhada,Perfeito estado,Placas Dê a preferência,60 km/h,Única,"92, AV DEZESSETE DE AGOSTO, Recife, Pernambuco, Brasil",-8.0373612,-34.9148676
8812,2019-10-07 10:31:00,SEM VÍTIMA,CASA FORTE,RUA JORGE GOMES DE SA, ,389.0,SUBURBIO,ABALROAMENTO LONGITUDINAL,1.0,1.0,1.0,1.0,1.0,1.0,1.0,1.0,1.0,0.0,1.0,Longo da via,Bom,Não existe,Perfeito estado,Seca,Perfeito estado,Não há placas,60 km/h,Dupla," , RUA JORGE GOMES DE SA, Recife, Pernambuco, Brasil",-8.0411199,-34.917693
4601,2019-05-26 14:45:00,COM VÍTIMA,CASA FORTE,AV DEZESSETE DE AGOSTO,209,389.0,SUBURBIO,COLISÃO COM CICLISTA,1.0,1.0,1.0,1.0,1.0,1.0,1.0,1.0,1.0,1.0,1.0,Longo da via,Bom,Sem defeito,Perfeito estado,Seca,Perfeito estado,R-6a,60 km/h,Dupla,"209, AV DEZESSETE DE AGOSTO, Recife, Pernambuco, Brasil",-8.0373612,-34.9148676
2382,2019-03-19 06:51:00,SEM VÍTIMA,CASA FORTE,RUA ENGENHEIRO OSCAR FERREIRA, ,389.0,SUBURBIO,COLISÃO TRASEIRA,2.0,1.0,1.0,1.0,1.0,1.0,1.0,1.0,1.0,0.0,1.0,Cruzamento,Bom,Não existe,Perfeito estado,Seca,Perfeito estado,Outras,60 km/h,Única," , RUA ENGENHEIRO OSCAR FERREIRA, Recife, Pernambuco, Brasil",-8.0297746,-34.9231219
9284,2019-10-19 22:00:00,SEM VÍTIMA,CASA FORTE,RUA LEONARDO BEZERRA CAVALCANTE,587,389.0,SUBURBIO,CHOQUE,1.0,1.0,1.0,1.0,1.0,1.0,1.0,1.0,1.0,0.0,1.0,Cruzamento,Bom,Não existe,Perfeito estado,Seca,Perfeito estado,Outras,60 km/h,Única,"587, RUA LEONARDO BEZERRA CAVALCANTE, Recife, Pernambuco, Brasil",-8.0367962,-34.9085835
2993,2019-04-05 09:44:00,SEM VÍTIMA,CASA FORTE,AV DEZESSETE DE AGOSTO, ,389.0,SUBURBIO,ABALROAMENTO TRANSVERSAL,2.0,1.0,1.0,1.0,1.0,1.0,1.0,1.0,1.0,0.0,1.0,Longo da via,Bom,Não existe,Perfeito estado,Seca,Perfeito estado,Outras,40 km/h,Dupla," , AV DEZESSETE DE AGOSTO, Recife, Pernambuco, Brasil",-8.0332267,-34.9105754
926,2019-02-04 20:11:00,SEM VÍTIMA,CASA FORTE,RUA LEONARDO BEZERRA CAVALCANTE,672,389.0,SUBURBIO,ABALROAMENTO LONGITUDINAL,1.0,1.0,1.0,1.0,1.0,1.0,1.0,1.0,1.0,0.0,1.0,Longo da via,Bom,Sem defeito,Perfeito estado,Seca,Perfeito estado,Outras,40 km/h,Única,"672, RUA LEONARDO BEZERRA CAVALCANTE, Recife, Pernambuco, Brasil",-8.0367962,-34.9085835
4183,2019-05-13 11:37:00,SEM VÍTIMA,CASA FORTE,RUA PROFESSOR ALVARO LIMA,1284,389.0,SUBURBIO,ABALROAMENTO LONGITUDINAL,2.0,1.0,1.0,1.0,1.0,1.0,1.0,1.0,1.0,0.0,1.0,Cruzamento,Bom,Não existe,Perfeito estado,Seca,Perfeito estado,Outras,40 km/h,Única,"1284, RUA PROFESSOR ALVARO LIMA, Recife, Pernambuco, Brasil",-8.0290771,-34.9213363
3443,2019-04-18 10:04:00,SEM VÍTIMA,CASA FORTE,EST DO ENCANAMENTO, ,389.0,CIDADE,ABALROAMENTO LONGITUDINAL,3.0,1.0,1.0,1.0,1.0,1.0,1.0,1.0,1.0,0.0,1.0,Longo da via,Bom,Não existe,Perfeito estado,Seca,Perfeito estado,Outras,40 km/h,Única," , EST DO ENCANAMENTO, Recife, Pernambuco, Brasil",-8.0290771,-34.9213363
442,2019-01-17 19:34:00,SEM VÍTIMA,CASA FORTE,AV DEZESSETE DE AGOSTO, ,469.0,SUBURBIO,ABALROAMENTO LONGITUDINAL,1.0,1.0,1.0,1.0,1.0,1.0,1.0,1.0,1.0,0.0,1.0,Longo da via,Bom,Sem defeito,Perfeito estado,Seca,Perfeito estado,R-6a,40 km/h,Dupla," , AV DEZESSETE DE AGOSTO, Recife, Pernambuco, Brasil",-8.0332267,-34.9105754
11120,2019-12-06 09:24:00,SEM VÍTIMA,CASA FORTE,"EST DAS UBAIAS,",52,469.0,CIDADE,ABALROAMENTO LONGITUDINAL,1.0,1.0,1.0,1.0,1.0,1.0,1.0,1.0,1.0,0.0,1.0,Cruzamento,Bom,Não existe,Perfeito estado,Seca,Perfeito estado,Placas Pare,40 km/h,Dupla,"52, EST DAS UBAIAS,, Recife, Pernambuco, Brasil",-8.0332267,-34.9105754
7237,2019-08-21 15:13:00,SEM VÍTIMA,CASA FORTE,RUA LEONARDO BEZERRA CAVALCANTE,698,469.0,SUBURBIO,COLISÃO TRASEIRA,1.0,1.0,1.0,1.0,1.0,1.0,1.0,1.0,1.0,0.0,1.0,Longo da via,Bom,Não existe,Perfeito estado,Seca,Perfeito estado,Outras,40 km/h,Única,"698, RUA LEONARDO BEZERRA CAVALCANTE, Recife, Pernambuco, Brasil",-8.0367962,-34.9085835
3856,2019-05-02 06:47:00,SEM VÍTIMA,CASA FORTE,EST DO ENCANAMENTO, ,462.0,CIDADE,COLISÃO TRASEIRA,3.0,1.0,1.0,1.0,1.0,1.0,1.0,1.0,1.0,0.0,1.0,Longo da via,Bom,Sem defeito,Perfeito estado,Seca,Perfeito estado,Outras,40 km/h,Única," , EST DO ENCANAMENTO, Recife, Pernambuco, Brasil",-8.0367962,-34.9085835
5957,2019-07-10 15:35:00,SEM VÍTIMA,CASA FORTE,AV DEZESSETE DE AGOSTO,1820,462.0,CIDADE,CHOQUE OBJETO FIXO,1.0,1.0,1.0,1.0,1.0,1.0,1.0,1.0,1.0,0.0,1.0,Longo da via,Chuvoso,Não existe,Perfeito estado,Molhada,Perfeito estado,R-6a,40 km/h,Dupla,"1820, AV DEZESSETE DE AGOSTO, Recife, Pernambuco, Brasil",-8.0329921,-34.9227367
10807,2019-11-29 16:11:00,SEM VÍTIMA,CASA FORTE,AV DEZESSETE DE AGOSTO, ,346.0,CIDADE,ABALROAMENTO LONGITUDINAL,1.0,1.0,1.0,1.0,1.0,1.0,1.0,1.0,1.0,0.0,1.0,Longo da via,Bom,Sem defeito,Perfeito estado,Seca,Perfeito estado,R-6a,40 km/h,Dupla," , AV DEZESSETE DE AGOSTO, Recife, Pernambuco, Brasil",-8.0332267,-34.9105754
7239,2019-08-21 16:23:00,COM VÍTIMA,CASA FORTE,AV DEZESSETE DE AGOSTO, ,346.0,CIDADE,ABALROAMENTO LONGITUDINAL,1.0,1.0,1.0,1.0,1.0,1.0,1.0,1.0,1.0,2.0,1.0,Longo da via,Bom,Sem defeito,Perfeito estado,Seca,Perfeito estado,Não há placas,40 km/h,Dupla," , AV DEZESSETE DE AGOSTO, Recife, Pernambuco, Brasil",-8.0332267,-34.9105754
3853,2019-05-01 22:11:00,SEM VÍTIMA,CASA FORTE,"EST DAS UBAIAS,",332,346.0,SUBURBIO,ABALROAMENTO TRANSVERSAL,1.0,1.0,1.0,1.0,1.0,1.0,1.0,1.0,1.0,0.0,1.0,Longo da via,Bom,Não existe,Perfeito estado,Seca,Perfeito estado,R-6a,30 km/h,Dupla,"332, EST DAS UBAIAS,, Recife, Pernambuco, Brasil",-8.0332267,-34.9105754
5210,2019-06-14 12:04:00,SEM VÍTIMA,CASA FORTE,RUA DR JOAO SANTOS FILHO,255,346.0,SUBURBIO,COLISÃO,2.0,1.0,1.0,1.0,1.0,1.0,1.0,1.0,1.0,0.0,1.0,Longo da via,Bom,Não existe,Perfeito estado,Seca,Perfeito estado,R-6a,30 km/h,Dupla,"255, RUA DR JOAO SANTOS FILHO, Recife, Pernambuco, Brasil",-8.0332267,-34.9105754
3850,2019-05-01 15:59:00,SEM VÍTIMA,CASA FORTE,RUA DONA ANUNCIADA DE MORAIS,445,346.0,SUBURBIO,CHOQUE VEÍCULO PARADO,1.0,1.0,1.0,1.0,1.0,1.0,1.0,1.0,1.0,0.0,1.0,Longo da via,Bom,Não existe,Perfeito estado,Seca,Perfeito estado,Placas Pare,30 km/h,Única,"445, RUA DONA ANUNCIADA DE MORAIS, Recife, Pernambuco, Brasil",-8.0343023,-34.9188992
6900,2019-08-10 22:39:00,SEM VÍTIMA,CASA FORTE,AV DEZESSETE DE AGOSTO, ,345.0,CIDADE,ABALROAMENTO LONGITUDINAL,2.0,1.0,1.0,1.0,1.0,1.0,1.0,1.0,1.0,0.0,1.0,Longo da via,Bom,Sem defeito,Perfeito estado,Seca,Perfeito estado,Outras,30 km/h,Dupla," , AV DEZESSETE DE AGOSTO, Recife, Pernambuco, Brasil",-8.0332267,-34.9105754
7964,2019-09-13 11:32:00,SEM VÍTIMA,CASA FORTE,"EST DAS UBAIAS,",758,469.0,SUBURBIO,ABALROAMENTO LONGITUDINAL,1.0,1.0,1.0,1.0,1.0,1.0,1.0,1.0,1.0,0.0,1.0,Longo da via,Nublado,Sem defeito,Perfeito estado,Seca,Perfeito estado,Outras,30 km/h,Dupla,"758, EST DAS UBAIAS,, Recife, Pernambuco, Brasil",-8.0332267,-34.9105754
5349,2019-06-19 08:39:00,COM VÍTIMA,CASA FORTE,RUA SAMUEL FARIAS, ,469.0,SUBURBIO,COLISÃO COM CICLISTA,1.0,1.0,1.0,1.0,1.0,1.0,1.0,1.0,1.0,1.0,1.0,Longo da via,Nublado,Sem defeito,Perfeito estado,Seca,Perfeito estado,Outras,30 km/h,Dupla," , RUA SAMUEL FARIAS, Recife, Pernambuco, Brasil",-8.0406963,-34.9140995
8438,2019-09-27 02:16:00,SEM VÍTIMA,CASA FORTE,RUA DEZENOVE DE ABRIL, ,469.0,SUBURBIO,CHOQUE OBJETO FIXO,1.0,1.0,1.0,1.0,1.0,1.0,1.0,1.0,1.0,0.0,1.0,Longo da via,Bom,Não existe,Não existente,Seca,Perfeito estado,Não há placas,30 km/h,Dupla," , RUA DEZENOVE DE ABRIL, Recife, Pernambuco, Brasil",-8.0276809,-34.9297525
11739,2019-12-20 14:32:00,SEM VÍTIMA,CASA FORTE,RUA LEONARDO BEZERRA CAVALCANTE,366,469.0,SUBURBIO,COLISÃO TRASEIRA,2.0,1.0,1.0,1.0,1.0,1.0,1.0,1.0,1.0,0.0,1.0,Longo da via,Bom,Não existe,Perfeito estado,Seca,Perfeito estado,Outras,30 km/h,Dupla,"366, RUA LEONARDO BEZERRA CAVALCANTE, Recife, Pernambuco, Brasil",-8.0367962,-34.9085835
5284,2019-06-16 18:08:00,COM VÍTIMA,CASA FORTE,AV DEZESSETE DE AGOSTO, ,469.0,SUBURBIO,ACID. DE PERCURSO,2.0,1.0,1.0,1.0,1.0,1.0,1.0,1.0,1.0,1.0,1.0,Longo da via,Chuvoso,Não existe,Perfeito estado,Molhada,Perfeito estado,Não há placas,60 km/h,Dupla," , AV DEZESSETE DE AGOSTO, Recife, Pernambuco, Brasil",-8.0332267,-34.9105754
2131,2019-03-12 13:26:00,SEM VÍTIMA,CASA FORTE,AV DEZESSETE DE AGOSTO,934,469.0,SUBURBIO,ABALROAMENTO LONGITUDINAL,1.0,1.0,1.0,1.0,1.0,1.0,1.0,1.0,1.0,0.0,1.0,Longo da via,Bom,Sem defeito,Perfeito estado,Seca,Perfeito estado,R-6a,60 km/h,Dupla,"934, AV DEZESSETE DE AGOSTO, Recife, Pernambuco, Brasil",-8.0373612,-34.9148676
1597,2019-02-23 10:50:00,SEM VÍTIMA,CASA FORTE,AV DEZESSETE DE AGOSTO,1723,469.0,CIDADE,CHOQUE VEÍCULO PARADO,1.0,1.0,1.0,1.0,1.0,1.0,1.0,1.0,1.0,0.0,1.0,Longo da via,Bom,Sem defeito,Perfeito estado,Seca,Perfeito estado,R-6a,60 km/h,Dupla,"1723, AV DEZESSETE DE AGOSTO, Recife, Pernambuco, Brasil",-8.0338672,-34.9223125
181,2019-01-08 10:09:00,SEM VÍTIMA,CASA FORTE,AV DEZESSETE DE AGOSTO,2720,469.0,SUBURBIO,COLISÃO TRASEIRA,3.0,1.0,1.0,1.0,1.0,1.0,1.0,1.0,1.0,0.0,1.0,Longo da via,Bom,Não existe,Perfeito estado,Seca,Perfeito estado,Não há placas,60 km/h,Dupla,"2720, AV DEZESSETE DE AGOSTO, Recife, Pernambuco, Brasil",-8.0373612,-34.9148676
11274,2019-12-09 18:14:00,SEM VÍTIMA,CASA FORTE,AV DEZESSETE DE AGOSTO, ,469.0,SUBURBIO,COLISÃO,1.0,1.0,1.0,1.0,1.0,1.0,1.0,1.0,1.0,0.0,1.0,Longo da via,Bom,Não existe,Perfeito estado,Seca,Perfeito estado,Não há placas,60 km/h,Dupla," , AV DEZESSETE DE AGOSTO, Recife, Pernambuco, Brasil",-8.0332267,-34.9105754
3512,2019-04-21 19:14:00,SEM VÍTIMA,CASA FORTE,AV DEZESSETE DE AGOSTO,2513,107.0,CIDADE,COLISÃO TRASEIRA,2.0,1.0,1.0,1.0,1.0,1.0,1.0,1.0,1.0,0.0,1.0,Longo da via,Bom,Sem defeito,Perfeito estado,Seca,Perfeito estado,R-6a,60 km/h,Dupla,"2513, AV DEZESSETE DE AGOSTO, Recife, Pernambuco, Brasil",-8.0283604,-34.9269905
2202,2019-03-14 12:12:00,SEM VÍTIMA,CASA FORTE,RUA AMARAJI,151,107.0,CIDADE,CHOQUE VEÍCULO PARADO,1.0,1.0,1.0,1.0,1.0,1.0,1.0,1.0,1.0,0.0,1.0,Longo da via,Bom,Sem defeito,Perfeito estado,Seca,Perfeito estado,Outras,60 km/h,Dupla,"151, RUA AMARAJI, Recife, Pernambuco, Brasil",-8.0391121,-34.9144046
11036,2019-12-04 16:03:00,SEM VÍTIMA,CASA FORTE,AV DEZESSETE DE AGOSTO, ,107.0,SUBURBIO,ABALROAMENTO TRANSVERSAL,2.0,1.0,1.0,1.0,1.0,1.0,1.0,1.0,1.0,0.0,1.0,Longo da via,Bom,Não existe,Ilegível,Seca,Perfeito estado,Placas Pare,60 km/h,Dupla," , AV DEZESSETE DE AGOSTO, Recife, Pernambuco, Brasil",-8.0332267,-34.9105754
10819,2019-11-29 18:03:00,SEM VÍTIMA,CASA FORTE,AV DEZESSETE DE AGOSTO, ,107.0,SUBURBIO,ABALROAMENTO TRANSVERSAL,2.0,1.0,1.0,1.0,1.0,1.0,1.0,1.0,1.0,0.0,1.0,Longo da via,Bom,Não existe,Incompleta,Seca,Perfeito estado,Placas Pare,60 km/h,Dupla," , AV DEZESSETE DE AGOSTO, Recife, Pernambuco, Brasil",-8.0332267,-34.9105754
1294,2019-02-14 17:24:00,SEM VÍTIMA,CASA FORTE,"EST DAS UBAIAS,",195,107.0,CIDADE,ABALROAMENTO TRANSVERSAL,2.0,1.0,1.0,1.0,1.0,1.0,1.0,1.0,1.0,0.0,1.0,Longo da via,Bom,Não existe,Perfeito estado,Seca,Perfeito estado,R-6a,60 km/h,Dupla,"195, EST DAS UBAIAS,, Recife, Pernambuco, Brasil",-8.0332267,-34.9105754
2083,2019-03-11 11:48:00,SEM VÍTIMA,CASA FORTE,RUA LEONARDO BEZERRA CAVALCANTE, ,107.0,CIDADE,COLISÃO,2.0,1.0,1.0,1.0,1.0,1.0,1.0,1.0,1.0,0.0,1.0,Longo da via,Bom,Não existe,Perfeito estado,Seca,Perfeito estado,R-6a,60 km/h,Dupla," , RUA LEONARDO BEZERRA CAVALCANTE, Recife, Pernambuco, Brasil",-8.0367962,-34.9085835
5034,2019-06-08 14:41:00,SEM VÍTIMA,CASA FORTE,EST DO ENCANAMENTO,1400,107.0,CIDADE,ABALROAMENTO LONGITUDINAL,2.0,1.0,1.0,1.0,1.0,1.0,1.0,1.0,1.0,0.0,1.0,Cruzamento,Bom,Não existe,Perfeito estado,Seca,Perfeito estado,R-4b,40 km/h,Dupla,"1400, EST DO ENCANAMENTO, Recife, Pernambuco, Brasil",-8.0367962,-34.9085835
5228,2019-06-14 16:09:00,COM VÍTIMA,CASA FORTE,RUA SANTANA,136,107.0,CIDADE,COLISÃO,1.0,1.0,1.0,1.0,1.0,1.0,1.0,1.0,1.0,1.0,1.0,Cruzamento,Bom,Não existe,Perfeito estado,Seca,Perfeito estado,R-4b,40 km/h,Dupla,"136, RUA SANTANA, Recife, Pernambuco, Brasil",-7.9720676,-34.8375493
7461,2019-08-29 12:16:00,SEM VÍTIMA,CASA FORTE,RUA SANTA ANA, ,107.0,SUBURBIO,COLISÃO TRASEIRA,2.0,1.0,1.0,1.0,1.0,1.0,1.0,1.0,1.0,0.0,1.0,Longo da via,Bom,Não existe,Perfeito estado,Seca,Perfeito estado,Outras,20 km/h,Dupla," , RUA SANTA ANA, Recife, Pernambuco, Brasil",-7.9902811,-34.928732
7843,2019-09-10 10:56:00,SEM VÍTIMA,CASA FORTE,PRC DE CASA FORTE,412,107.0,CIDADE,ABALROAMENTO LONGITUDINAL,2.0,1.0,1.0,1.0,1.0,1.0,1.0,1.0,1.0,0.0,1.0,Longo da via,Bom,Não existe,Perfeito estado,Seca,Perfeito estado,Outras,30 km/h,Única,"412, PRC DE CASA FORTE, Recife, Pernambuco, Brasil",-7.9902811,-34.928732
6705,2019-08-05 14:59:00,SEM VÍTIMA,CASA FORTE,AV DEZESSETE DE AGOSTO,296,415.0,SUBURBIO,ABALROAMENTO LONGITUDINAL,2.0,1.0,1.0,1.0,1.0,1.0,1.0,1.0,1.0,0.0,1.0,Longo da via,Bom,Sem defeito,Perfeito estado,Seca,Perfeito estado,Outras,30 km/h,Dupla,"296, AV DEZESSETE DE AGOSTO, Recife, Pernambuco, Brasil",-8.0373612,-34.9148676
3617,2019-04-25 08:39:00,SEM VÍTIMA,CASA FORTE,EST DO ENCANAMENTO,909,415.0,CIDADE,ABALROAMENTO LONGITUDINAL,2.0,1.0,1.0,1.0,1.0,1.0,1.0,1.0,1.0,0.0,1.0,Longo da via,Bom,Não existe,Perfeito estado,Seca,Perfeito estado,Não há placas,60 km/h,Única,"909, EST DO ENCANAMENTO, Recife, Pernambuco, Brasil",-8.0373612,-34.9148676
5298,2019-06-17 10:19:00,SEM VÍTIMA,CASA FORTE,RUA LEONARDO BEZERRA CAVALCANTE,540,415.0,SUBURBIO,ABALROAMENTO LONGITUDINAL,2.0,1.0,1.0,1.0,1.0,1.0,1.0,1.0,1.0,0.0,1.0,Cruzamento,Chuvoso,Não existe,Perfeito estado,Molhada,Perfeito estado,R-6a,60 km/h,Única,"540, RUA LEONARDO BEZERRA CAVALCANTE, Recife, Pernambuco, Brasil",-8.0367962,-34.9085835
11428,2019-12-12 22:06:00,SEM VÍTIMA,CASA FORTE,RUA JADER DE ANDRADE, ,469.0,SUBURBIO,ABALROAMENTO LONGITUDINAL,2.0,1.0,1.0,1.0,1.0,1.0,1.0,1.0,1.0,0.0,1.0,Cruzamento,Bom,Sem defeito,Incompleta,Seca,Perfeito estado,Não há placas,30 km/h,Dupla," , RUA JADER DE ANDRADE, Recife, Pernambuco, Brasil",-8.0328942,-34.9219093
1632,2019-02-24 18:48:00,COM VÍTIMA,CASA FORTE,AV DEZESSETE DE AGOSTO, ,469.0,CIDADE,COLISÃO COM CICLISTA,2.0,1.0,1.0,1.0,1.0,1.0,1.0,1.0,1.0,1.0,1.0,Longo da via,Bom,Sem defeito,Perfeito estado,Seca,Perfeito estado,R-6a,60 km/h,Dupla," , AV DEZESSETE DE AGOSTO, Recife, Pernambuco, Brasil",-8.0332267,-34.9105754
9779,2019-11-03 00:22:00,COM VÍTIMA,CASA FORTE,EST DO ENCANAMENTO,200,593.0,SUBURBIO,ABALROAMENTO TRANSVERSAL,2.0,1.0,1.0,1.0,1.0,1.0,1.0,1.0,1.0,1.0,1.0,Cruzamento,Bom,Sem defeito,Perfeito estado,Seca,Perfeito estado,Placas Pare,60 km/h,Dupla,"200, EST DO ENCANAMENTO, Recife, Pernambuco, Brasil",-8.0332267,-34.9105754
11117,2019-12-06 08:43:00,SEM VÍTIMA,CASA FORTE,RUA MARQUES DE TAMANDARE, ,593.0,SUBURBIO,CHOQUE OBJETO FIXO,1.0,1.0,1.0,1.0,1.0,1.0,1.0,1.0,1.0,0.0,1.0,Longo da via,Bom,Não existe,Não existente,Seca,Perfeito estado,Não há placas,60 km/h,Única," , RUA MARQUES DE TAMANDARE, Recife, Pernambuco, Brasil",-8.0328037,-34.9254423
5273,2019-06-16 09:01:00,SEM VÍTIMA,CASA FORTE,AV DEZESSETE DE AGOSTO,630,593.0,CIDADE,ABALROAMENTO TRANSVERSAL,2.0,1.0,1.0,1.0,1.0,1.0,1.0,1.0,1.0,0.0,1.0,Longo da via,Chuvoso,Não existe,Perfeito estado,Molhada,Perfeito estado,Outras,60 km/h,Dupla,"630, AV DEZESSETE DE AGOSTO, Recife, Pernambuco, Brasil",-8.0373612,-34.9148676
2174,2019-03-13 15:44:00,COM VÍTIMA,CASA FORTE,RUA AFONSO DE ALBUQUERQUE MELO,245,593.0,SUBURBIO,COLISÃO FRONTAL,1.0,1.0,1.0,1.0,1.0,1.0,1.0,1.0,1.0,1.0,1.0,Longo da via,Bom,Não existe,Não existente,Seca,Perfeito estado,Outras,60 km/h,Dupla,"245, RUA AFONSO DE ALBUQUERQUE MELO, Recife, Pernambuco, Brasil",-8.0373612,-34.9148676
6494,2019-07-30 10:34:00,SEM VÍTIMA,CASA FORTE,AV DEZESSETE DE AGOSTO, ,372.0,SUBURBIO,COLISÃO TRASEIRA,2.0,1.0,1.0,1.0,1.0,1.0,1.0,1.0,1.0,0.0,1.0,Longo da via,Chuvoso,Sem defeito,Perfeito estado,Molhada,Perfeito estado,Outras,60 km/h,Dupla," , AV DEZESSETE DE AGOSTO, Recife, Pernambuco, Brasil",-8.0332267,-34.9105754
5246,2019-06-15 08:16:00,SEM VÍTIMA,CASA FORTE,AV DEZESSETE DE AGOSTO,1176,372.0,SUBURBIO,COLISÃO,1.0,1.0,1.0,1.0,1.0,1.0,1.0,1.0,1.0,0.0,1.0,Longo da via,Chuvoso,Sem defeito,Perfeito estado,Molhada,Perfeito estado,Outras,60 km/h,Dupla,"1176, AV DEZESSETE DE AGOSTO, Recife, Pernambuco, Brasil",-8.0373612,-34.9148676
626,2019-01-24 14:59:00,SEM VÍTIMA,CASA FORTE,AV DEZESSETE DE AGOSTO,2594,107.0,CIDADE,COLISÃO TRASEIRA,2.0,1.0,1.0,1.0,1.0,1.0,1.0,1.0,1.0,0.0,1.0,Cruzamento,Bom,Sem defeito,Perfeito estado,Seca,Perfeito estado,R-6a,60 km/h,Dupla,"2594, AV DEZESSETE DE AGOSTO, Recife, Pernambuco, Brasil",-8.0276344,-34.9274142
10767,2019-11-28 18:25:00,SEM VÍTIMA,CASA FORTE,RUA IRMA MARIA DAVID, ,107.0,SUBURBIO,ABALROAMENTO TRANSVERSAL,2.0,1.0,1.0,1.0,1.0,1.0,1.0,1.0,1.0,0.0,1.0,Longo da via,Bom,Não existe,Perfeito estado,Seca,Perfeito estado,Não há placas,30 km/h,Dupla," , RUA IRMA MARIA DAVID, Recife, Pernambuco, Brasil",-8.0315107,-34.9214007
6785,2019-08-08 06:30:00,COM VÍTIMA,CASA FORTE,PRC DR LULA CABRAL DE MELO, ,107.0,CIDADE,ABALROAMENTO LONGITUDINAL,1.0,1.0,1.0,1.0,1.0,1.0,1.0,1.0,1.0,1.0,1.0,Outros,Bom,Não existe,Não existente,Seca,Perfeito estado,R-6a,30 km/h,Única," , PRC DR LULA CABRAL DE MELO, Recife, Pernambuco, Brasil",-8.0315107,-34.9214007
1779,2019-02-28 12:03:00,SEM VÍTIMA,CASA FORTE,AV DEZESSETE DE AGOSTO, ,107.0,CIDADE,ABALROAMENTO TRANSVERSAL,2.0,1.0,1.0,1.0,1.0,1.0,1.0,1.0,1.0,0.0,1.0,Cruzamento,Bom,Não existe,Perfeito estado,Seca,Perfeito estado,Não há placas,60 km/h,Dupla," , AV DEZESSETE DE AGOSTO, Recife, Pernambuco, Brasil",-8.0332267,-34.9105754
6930,2019-08-12 13:06:00,COM VÍTIMA,CASA FORTE,AV DEZESSETE DE AGOSTO,312,107.0,CIDADE,COLISÃO,1.0,1.0,1.0,1.0,1.0,1.0,1.0,1.0,1.0,1.0,1.0,Cruzamento,Bom,Não existe,Perfeito estado,Seca,Perfeito estado,Não há placas,60 km/h,Dupla,"312, AV DEZESSETE DE AGOSTO, Recife, Pernambuco, Brasil",-8.0373612,-34.9148676