,data_hora,natureza_acidente,bairro,endereco,numero,num_semaforo,sentido_via,tipo,auto,moto,ciclom,ciclista,pedestre,onibus,caminhao,viatura,outros,vitimas,vitimasfatais,acidente_verificado,tempo_clima,situacao_semaforo,sinalizacao,condicao_via,conservacao_via,situacao_placa,velocidade_max_via,mao_direcao,end,latitude,longitude
1074,2019-02-08 16:08:00,SEM VÍTIMA,CASA FORTE,RUA LEONARDO BEZERRA CAVALCANTE,587,485.0,SUBURBIO,COLISÃO TRASEIRA,3.0,1.0,1.0,1.0,1.0,1.0,1.0,1.0,1.0,0.0,1.0,Longo da via,Bom,Sem defeito,Perfeito estado,Seca,Perfeito estado,Outras,60 km/h,Única,"587, RUA LEONARDO BEZERRA CAVALCANTE, Recife, Pernambuco, Brasil",-8.0367962,-34.9085835
691,2019-01-27 20:05:00,COM VÍTIMA,CASA FORTE,RUA LEONARDO BEZERRA CAVALCANTE, ,370.0,CIDADE,ATROPELAMENTO,3.0,1.0,1.0,1.0,1.0,1.0,1.0,1.0,1.0,2.0,1.0,Longo da via,Bom,Sem defeito,Perfeito estado,Seca,Perfeito estado,Outras,60 km/h,Dupla," , nan, Recife, Pernambuco, Brasil",-8.0584933,-34.8848193
2804,2019-03-30 05:28:00,SEM VÍTIMA,CASA FORTE,AV DEZESSETE DE AGOSTO,2187,370.0,CIDADE,COLISÃO,1.0,1.0,1.0,1.0,1.0,1.0,1.0,1.0,1.0,0.0,1.0,Longo da via,Bom,Sem defeito,Perfeito estado,Seca,Perfeito estado,Outras,60 km/h,Dupla,"2187, AV DEZESSETE DE AGOSTO, Recife, Pernambuco, Brasil",-8.0304387,-34.925636
8289,2019-09-23 05:40:00,COM VÍTIMA,CASA FORTE,AV DEZESSETE DE AGOSTO, ,370.0,CIDADE,CHOQUE VEÍCULO PARADO,1.0,1.0,1.0,1.0,1.0,1.0,1.0,1.0,1.0,1.0,1.0,Longo da via,Chuvoso,Sem defeito,Perfeito estado,Molhada,Perfeito estado,Outras,60 km/h,Dupla," , AV DEZESSETE DE AGOSTO, Recife, Pernambuco, Brasil",-8.0332267,-34.9105754
5326,2019-06-18 11:42:00,SEM VÍTIMA,CASA FORTE,RUA SAMUEL FARIAS,46,370.0,SUBURBIO,ABALROAMENTO LONGITUDINAL,2.0,1.0,1.0,1.0,1.0,1.0,1.0,1.0,1.0,0.0,1.0,Longo da via,Bom,Sem defeito,Perfeito estado,Seca,Perfeito estado,R-6a,60 km/h,Única,"46, RUA SAMUEL FARIAS, Recife, Pernambuco, Brasil",-8.0406963,-34.9140995
2553,2019-03-23 02:22:00,SEM VÍTIMA,CASA FORTE,AV DEZESSETE DE AGOSTO, ,370.0,SUBURBIO,COLISÃO,1.0,1.0,1.0,1.0,1.0,1.0,1.0,1.0,1.0,0.0,1.0,Longo da via,Bom,Sem defeito,Perfeito estado,Seca,Perfeito estado,R-6a,60 km/h,Única," , AV DEZESSETE DE AGOSTO, Recife, Pernambuco, Brasil",-8.0332267,-34.9105754
11037,2019-12-04 16:39:00,SEM VÍTIMA,CASA FORTE,AV DEZESSETE DE AGOSTO, ,107.0,SUBURBIO,ABALROAMENTO LONGITUDINAL,2.0,1.0,1.0,1.0,1.0,1.0,1.0,1.0,1.0,0.0,1.0,Longo da via,Bom,Sem defeito,Perfeito estado,Seca,Perfeito estado,Outras,40 km/h,Dupla," , AV DEZESSETE DE AGOSTO, Recife, Pernambuco, Brasil",-8.0332267,-34.9105754
7447,2019-08-28 18:12:00,SEM VÍTIMA,CASA FORTE,AV DEZESSETE DE AGOSTO, ,251.0,SUBURBIO,ABALROAMENTO TRANSVERSAL,2.0,1.0,1.0,1.0,1.0,1.0,1.0,1.0,1.0,0.0,1.0,Longo da via,Bom,Sem defeito,Perfeito estado,Seca,Perfeito estado,Não há placas,40 km/h,Dupla," , AV DEZESSETE DE AGOSTO, Recife, Pernambuco, Brasil",-8.0332267,-34.9105754
8489,2019-09-28 15:32:00,SEM VÍTIMA,CASA FORTE,RUA NESTOR SILVA,70,251.0,SUBURBIO,ABALROAMENTO LONGITUDINAL,2.0,1.0,1.0,1.0,1.0,1.0,1.0,1.0,1.0,0.0,1.0,Longo da via,Bom,Não existe,Perfeito estado,Seca,Perfeito estado,Placas Pare,40 km/h,Dupla,"70, RUA NESTOR SILVA, Recife, Pernambuco, Brasil",-8.0384454,-34.9137086
6187,2019-07-18 11:12:00,SEM VÍTIMA,CASA FORTE,AV DEZESSETE DE AGOSTO,892,251.0,SUBURBIO,ABALROAMENTO TRANSVERSAL,2.0,1.0,1.0,1.0,1.0,1.0,1.0,1.0,1.0,0.0,1.0,Longo da via,Bom,Não existe,Perfeito estado,Seca,Perfeito estado,Outras,40 km/h,Dupla,"892, AV DEZESSETE DE AGOSTO, Recife, Pernambuco, Brasil",-8.0373612,-34.9148676
8159,2019-09-18 19:33:00,COM VÍTIMA,CASA FORTE,AV DEZESSETE DE AGOSTO,2388,251.0,SUBURBIO,ATROPELAMENTO,2.0,1.0,1.0,1.0,1.0,1.0,1.0,1.0,1.0,2.0,1.0,Longo da via,Bom,Sem defeito,Perfeito estado,Seca,Perfeito estado,R-6a,40 km/h,Dupla,"2388, AV DEZESSETE DE AGOSTO, Recife, Pernambuco, Brasil",-8.0287438,-34.925607532965664
10375,2019-11-18 13:33:00,SEM VÍTIMA,CASA FORTE,RUA FLAMENGO, ,251.0,SUBURBIO,ABALROAMENTO LONGITUDINAL,2.0,1.0,1.0,1.0,1.0,1.0,1.0,1.0,1.0,0.0,1.0,Longo da via,Bom,Não existe,Não existente,Seca,Mal conservada,Não há placas,30 km/h,Dupla," , RUA FLAMENGO, Recife, Pernambuco, Brasil",-8.034787,-34.9164062
3454,2019-04-18 15:14:00,COM VÍTIMA,CASA FORTE,AV DEZESSETE DE AGOSTO,1256,251.0,CIDADE,ABALROAMENTO LONGITUDINAL,1.0,1.0,1.0,1.0,1.0,1.0,1.0,1.0,1.0,1.0,1.0,Longo da via,Bom,Não existe,Perfeito estado,Seca,Perfeito estado,Outras,30 km/h,Dupla,"1256, AV DEZESSETE DE AGOSTO, Recife, Pernambuco, Brasil",-8.0373612,-34.9148676
3449,2019-04-18 13:14:00,SEM VÍTIMA,CASA FORTE,AV DEZESSETE DE AGOSTO,1117,251.0,SUBURBIO,ABALROAMENTO LONGITUDINAL,1.0,1.0,1.0,1.0,1.0,1.0,1.0,1.0,1.0,0.0,1.0,Longo da via,Bom,Sem defeito,Perfeito estado,Seca,Perfeito estado,Outras,30 km/h,Dupla,"1117, AV DEZESSETE DE AGOSTO, Recife, Pernambuco, Brasil",-8.0373612,-34.9148676
5408,2019-06-20 16:56:00,SEM VÍTIMA,CASA FORTE,AV DEZESSETE DE AGOSTO, ,345.0,SUBURBIO,ABALROAMENTO TRANSVERSAL,2.0,1.0,1.0,1.0,1.0,1.0,1.0,1.0,1.0,0.0,1.0,Cruzamento,Bom,Sem defeito,Perfeito estado,Seca,Perfeito estado,Não há placas,60 km/h,Dupla," , AV DEZESSETE DE AGOSTO, Recife, Pernambuco, Brasil",-8.0332267,-34.9105754
9443,2019-10-24 12:36:00,SEM VÍTIMA,CASA FORTE,AV DEZESSETE DE AGOSTO,1316,372.0,SUBURBIO,COLISÃO TRASEIRA,1.0,1.0,1.0,1.0,1.0,1.0,1.0,1.0,1.0,0.0,1.0,Longo da via,Bom,Sem defeito,Perfeito estado,Seca,Perfeito estado,R-6a,60 km/h,Dupla,"1316, AV DEZESSETE DE AGOSTO, Recife, Pernambuco, Brasil",-8.0363808,-34.919887
9874,2019-11-05 15:28:00,SEM VÍTIMA,CASA FORTE,RUA MARECHAL RONDON,65,372.0,SUBURBIO,ABALROAMENTO LONGITUDINAL,1.0,1.0,1.0,1.0,1.0,1.0,1.0,1.0,1.0,0.0,1.0,Longo da via,Bom,Não existe,Incompleta,Seca,Mal conservada,Não há placas,60 km/h,Dupla,"65, RUA MARECHAL RONDON, Recife, Pernambuco, Brasil",-8.031649,-34.9233414
9367,2019-10-22 13:30:00,SEM VÍTIMA,CASA FORTE,AV DEZESSETE DE AGOSTO,125,372.0,CIDADE,COLISÃO TRASEIRA,1.0,1.0,1.0,1.0,1.0,1.0,1.0,1.0,1.0,0.0,1.0,Longo da via,Bom,Não existe,Incompleta,Seca,Perfeito estado,R-6a,60 km/h,Dupla,"125, AV DEZESSETE DE AGOSTO, Recife, Pernambuco, Brasil",-8.0373612,-34.9148676
2679,2019-03-27 11:55:00,COM VÍTIMA,CASA FORTE,AV DEZESSETE DE AGOSTO,1712,469.0,SUBURBIO,ABALROAMENTO LONGITUDINAL,1.0,1.0,1.0,1.0,1.0,1.0,1.0,1.0,1.0,1.0,1.0,Longo da via,Bom,Sem defeito,Perfeito estado,Seca,Perfeito estado,R-6a,60 km/h,Dupla,"1712, AV DEZESSETE DE AGOSTO, Recife, Pernambuco, Brasil",-8.0336646,-34.9222301
5171,2019-06-13 03:09:00,SEM VÍTIMA,CASA FORTE,AV DEZESSETE DE AGOSTO, ,469.0,CIDADE,ABALROAMENTO LONGITUDINAL,1.0,1.0,1.0,1.0,1.0,1.0,1.0,1.0,1.0,0.0,1.0,Longo da via,Bom,Sem defeito,Perfeito estado,Seca,Perfeito estado,R-6a,60 km/h,Dupla," , AV DEZESSETE DE AGOSTO, Recife, Pernambuco, Brasil",-8.0332267,-34.9105754
6072,2019-07-14 06:02:00,COM VÍTIMA,CASA FORTE,AV DEZESSETE DE AGOSTO,1094,469.0,CIDADE,CHOQUE OBJETO FIXO,1.0,1.0,1.0,1.0,1.0,1.0,1.0,1.0,1.0,1.0,1.0,Longo da via,Bom,Sem defeito,Perfeito estado,Seca,Perfeito estado,R-6a,60 km/h,Dupla,"1094, AV DEZESSETE DE AGOSTO, Recife, Pernambuco, Brasil",-8.0373612,-34.9148676
6759,2019-08-07 08:12:00,SEM VÍTIMA,CASA FORTE,AV DEZESSETE DE AGOSTO,125,469.0,CIDADE,COLISÃO,1.0,1.0,1.0,1.0,1.0,1.0,1.0,1.0,1.0,0.0,1.0,Longo da via,Bom,Sem defeito,Perfeito estado,Seca,Perfeito estado,R-6a,60 km/h,Dupla,"125, AV DEZESSETE DE AGOSTO, Recife, Pernambuco, Brasil",-8.0373612,-34.9148676
5167,2019-06-12 20:36:00,SEM VÍTIMA,CASA FORTE,EST DO ENCANAMENTO,459,469.0,SUBURBIO,COLISÃO TRASEIRA,2.0,1.0,1.0,1.0,1.0,1.0,1.0,1.0,1.0,0.0,1.0,Longo da via,Bom,Não existe,Perfeito estado,Seca,Perfeito estado,Outras,60 km/h,Única,"459, EST DO ENCANAMENTO, Recife, Pernambuco, Brasil",-8.0373612,-34.9148676
992,2019-02-06 15:39:00,SEM VÍTIMA,CASA FORTE,RUA EDSON ALVARES,115,469.0,SUBURBIO,ABALROAMENTO LONGITUDINAL,1.0,1.0,1.0,1.0,1.0,1.0,1.0,1.0,1.0,0.0,1.0,Longo da via,Chuvoso,Não existe,Incompleta,Molhada,Perfeito estado,Outras,60 km/h,Dupla,"115, RUA EDSON ALVARES, Recife, Pernambuco, Brasil",-8.0337289,-34.9173474
7882,2019-02-06 15:39:00,SEM VÍTIMA,CASA FORTE,AV DEZESSETE DE AGOSTO,1248,469.0,SUBURBIO,COLISÃO TRASEIRA,3.0,1.0,1.0,1.0,1.0,1.0,1.0,1.0,1.0,0.0,1.0,Longo da via,Bom,Não existe,Perfeito estado,Seca,Perfeito estado,R-6a,60 km/h,Dupla,"1248, AV DEZESSETE DE AGOSTO, Recife, Pernambuco, Brasil",-8.0373612,-34.9148676
9430,2019-10-24 08:04:00,SEM VÍTIMA,CASA FORTE,RUA DR JOAO SANTOS FILHO,290,469.0,CIDADE,ABALROAMENTO LONGITUDINAL,2.0,1.0,1.0,1.0,1.0,1.0,1.0,1.0,1.0,0.0,1.0,Longo da via,Bom,Não existe,Perfeito estado,Seca,Perfeito estado,R-6a,30 km/h,Única,"290, RUA DR JOAO SANTOS FILHO, Recife, Pernambuco, Brasil",-8.0373612,-34.9148676
6751,2019-08-06 19:17:00,SEM VÍTIMA,CASA FORTE,RUA JERONIMO DE ALBUQUERQUE, ,469.0,CIDADE,ABALROAMENTO TRANSVERSAL,2.0,1.0,1.0,1.0,1.0,1.0,1.0,1.0,1.0,0.0,1.0,Longo da via,Bom,Não existe,Perfeito estado,Seca,Perfeito estado,Placas Pare,30 km/h,Única," , RUA JERONIMO DE ALBUQUERQUE, Recife, Pernambuco, Brasil",-8.034937,-34.9192514
2766,2019-03-29 12:39:00,SEM VÍTIMA,CASA FORTE,AV DEZESSETE DE AGOSTO, ,469.0,CIDADE,COLISÃO,2.0,1.0,1.0,1.0,1.0,1.0,1.0,1.0,1.0,0.0,1.0,Longo da via,Bom,Não existe,Perfeito estado,Seca,Perfeito estado,Placas Pare,30 km/h,Única," , AV DEZESSETE DE AGOSTO, Recife, Pernambuco, Brasil",-8.0332267,-34.9105754
358,2019-01-14 14:12:00,SEM VÍTIMA,CASA FORTE,AV DEZESSETE DE AGOSTO, ,614.0,CIDADE,ABALROAMENTO LONGITUDINAL,1.0,1.0,1.0,1.0,1.0,1.0,1.0,1.0,1.0,0.0,1.0,Longo da via,Bom,Sem defeito,Perfeito estado,Seca,Perfeito estado,R-6a,30 km/h,Dupla," , AV DEZESSETE DE AGOSTO, Recife, Pernambuco, Brasil",-8.0332267,-34.9105754
6089,2019-07-15 06:13:00,SEM VÍTIMA,CASA FORTE,EST DO ENCANAMENTO, ,462.0,CIDADE,COLISÃO TRASEIRA,2.0,1.0,1.0,1.0,1.0,1.0,1.0,1.0,1.0,0.0,1.0,Cruzamento,Bom,Sem defeito,Perfeito estado,Molhada,Perfeito estado,R-6a,40 km/h,Única," , EST DO ENCANAMENTO, Recife, Pernambuco, Brasil",-8.0332267,-34.9105754
4651,2019-05-28 12:12:00,COM VÍTIMA,CASA FORTE,RUA SANTANA,171,462.0,CIDADE,COLISÃO,1.0,1.0,1.0,1.0,1.0,1.0,1.0,1.0,1.0,1.0,1.0,Cruzamento,Bom,Sem defeito,Perfeito estado,Molhada,Perfeito estado,R-6a,40 km/h,Única,"171, RUA SANTANA, Recife, Pernambuco, Brasil",-7.9720676,-34.8375493
9876,2019-11-05 15:48:00,SEM VÍTIMA,CASA FORTE,AV DEZESSETE DE AGOSTO,335,462.0,CIDADE,COLISÃO,2.0,1.0,1.0,1.0,1.0,1.0,1.0,1.0,1.0,0.0,1.0,Cruzamento,Bom,Sem defeito,Perfeito estado,Molhada,Perfeito estado,R-6a,40 km/h,Única,"335, AV DEZESSETE DE AGOSTO, Recife, Pernambuco, Brasil",-8.0312285,-34.9242366
1189,2019-02-12 07:40:00,SEM VÍTIMA,CASA FORTE,AV DEZESSETE DE AGOSTO, ,462.0,CIDADE,ABALROAMENTO TRANSVERSAL,1.0,1.0,1.0,1.0,1.0,1.0,1.0,1.0,1.0,0.0,1.0,Cruzamento,Bom,Não existe,Perfeito estado,Seca,Perfeito estado,Placas Pare,40 km/h,Dupla," , AV DEZESSETE DE AGOSTO, Recife, Pernambuco, Brasil",-8.0332267,-34.9105754
3733,2019-04-27 20:13:00,SEM VÍTIMA,CASA FORTE,AV DEZESSETE DE AGOSTO,357,614.0,CIDADE,COLISÃO TRASEIRA,3.0,1.0,1.0,1.0,1.0,1.0,1.0,1.0,1.0,0.0,1.0,Longo da via,Bom,Sem defeito,Ilegível,Seca,Mal iluminada,Placas Pare,40 km/h,Dupla,"357, AV DEZESSETE DE AGOSTO, Recife, Pernambuco, Brasil",-8.0373612,-34.9148676
1703,2019-02-26 14:29:00,SEM VÍTIMA,CASA FORTE,AV DEZESSETE DE AGOSTO,675,614.0,SUBURBIO,ABALROAMENTO LONGITUDINAL,2.0,1.0,1.0,1.0,1.0,1.0,1.0,1.0,1.0,0.0,1.0,Longo da via,Bom,Não existe,Perfeito estado,Seca,Perfeito estado,Não há placas,60 km/h,Dupla,"675, AV DEZESSETE DE AGOSTO, Recife, Pernambuco, Brasil",-8.0376023,-34.91473783798744
4968,2019-06-06 16:21:00,SEM VÍTIMA,CASA FORTE,RUA DR JOAO SANTOS FILHO, ,614.0,SUBURBIO,COLISÃO,2.0,1.0,1.0,1.0,1.0,1.0,1.0,1.0,1.0,0.0,1.0,Longo da via,Bom,Não existe,Perfeito estado,Seca,Perfeito estado,Não há placas,60 km/h,Dupla," , RUA DR JOAO SANTOS FILHO, Recife, Pernambuco, Brasil",-8.0376023,-34.91473783798744
57,2019-01-03 09:08:00,SEM VÍTIMA,CASA FORTE,AV DEZESSETE DE AGOSTO,1176,614.0,SUBURBIO,COLISÃO TRASEIRA,2.0,1.0,1.0,1.0,1.0,1.0,1.0,1.0,1.0,0.0,1.0,Cruzamento,Bom,Não existe,Perfeito estado,Seca,Perfeito estado,R-6a,60 km/h,Dupla,"1176, AV DEZESSETE DE AGOSTO, Recife, Pernambuco, Brasil",-8.0373612,-34.9148676
4963,2019-06-06 15:31:00,COM VÍTIMA,CASA FORTE,AV DEZESSETE DE AGOSTO, ,169.0,SUBURBIO,ABALROAMENTO TRANSVERSAL,1.0,1.0,1.0,1.0,1.0,1.0,1.0,1.0,1.0,1.0,1.0,Cruzamento,Bom,Sem defeito,Perfeito estado,Seca,Perfeito estado,R-6a,60 km/h,Dupla," , AV DEZESSETE DE AGOSTO, Recife, Pernambuco, Brasil",-8.0332267,-34.9105754
9329,2019-10-21 15:46:00,SEM VÍTIMA,CASA FORTE,AV DEZESSETE DE AGOSTO, ,389.0,SUBURBIO,COLISÃO TRASEIRA,3.0,1.0,1.0,1.0,1.0,1.0,1.0,1.0,1.0,0.0,1.0,Longo da via,Bom,Sem defeito,Perfeito estado,Seca,Perfeito estado,R-6a,60 km/h,Dupla," , AV DEZESSETE DE AGOSTO, Recife, Pernambuco, Brasil",-8.0332267,-34.9105754
11957,2019-12-27 09:47:00,SEM VÍTIMA,CASA FORTE,RUA SAMUEL FARIAS,46,389.0,SUBURBIO,ABALROAMENTO TRANSVERSAL,1.0,1.0,1.0,1.0,1.0,1.0,1.0,1.0,1.0,0.0,1.0,Longo da via,Bom,Não existe,Perfeito estado,Seca,Mal conservada,R-6a,60 km/h,Dupla,"46, RUA SAMUEL FARIAS, Recife, Pernambuco, Brasil",-8.0406963,-34.9140995
3704,2019-04-27 08:24:00,SEM VÍTIMA,CAXANGÁ,RUA OSMAR DE AQUINO, ,389.0,SUBURBIO,ABALROAMENTO LONGITUDINAL,2.0,1.0,1.0,1.0,1.0,1.0,1.0,1.0,1.0,0.0,1.0,Longo da via,Bom,Não existe,Não existente,Seca,Perfeito estado,Não há placas,20 km/h,Dupla," , RUA OSMAR DE AQUINO, Recife, Pernambuco, Brasil",-8.0269889,-34.9594335
9083,2019-10-14 15:39:00,SEM VÍTIMA,CAXANGÁ,AV CAXANGA, ,533.0,SUBURBIO,ABALROAMENTO LONGITUDINAL,2.0,1.0,1.0,1.0,1.0,1.0,1.0,1.0,1.0,0.0,1.0,Cruzamento,Bom,Sem defeito,Perfeito estado,Seca,Perfeito estado,Outras,20 km/h,Dupla," , AV CAXANGA, Recife, Pernambuco, Brasil",-8.0311907,-34.956089
5732,2019-07-02 15:09:00,SEM VÍTIMA,CAXANGÁ,AV JOAQUIM RIBEIRO, ,281.0,CIDADE,COLISÃO TRASEIRA,1.0,1.0,1.0,1.0,1.0,1.0,1.0,1.0,1.0,0.0,1.0,Longo da via,Bom,Sem defeito,Perfeito estado,Seca,Perfeito estado,R-6a,20 km/h,Única," , AV JOAQUIM RIBEIRO, Recife, Pernambuco, Brasil",-8.0311907,-34.956089
6115,2019-07-15 18:40:00,SEM VÍTIMA,CAXANGÁ,AV JOAQUIM RIBEIRO,1096,281.0,CIDADE,COLISÃO,2.0,1.0,1.0,1.0,1.0,1.0,1.0,1.0,1.0,0.0,1.0,Longo da via,Bom,Sem defeito,Perfeito estado,Seca,Perfeito estado,R-6a,20 km/h,Única,"1096, AV JOAQUIM RIBEIRO, Recife, Pernambuco, Brasil",-8.0224172,-34.9629932
1070,2019-02-08 12:29:00,SEM VÍTIMA,CAXANGÁ,AV CAXANGA, ,588.0,CIDADE,COLISÃO TRASEIRA,2.0,1.0,1.0,1.0,1.0,1.0,1.0,1.0,1.0,0.0,1.0,Ponte,Bom,Sem defeito,Perfeito estado,Seca,Perfeito estado,R-6a,20 km/h,Dupla," , AV CAXANGA, Recife, Pernambuco, Brasil",-8.0311907,-34.956089
7487,2019-08-29 21:34:00,SEM VÍTIMA,CAXANGÁ,AV CAXANGA, ,281.0,SUBURBIO,COLISÃO TRASEIRA,1.0,1.0,1.0,1.0,1.0,1.0,1.0,1.0,1.0,0.0,1.0,Cruzamento,Bom,Sem defeito,Incompleta,Seca,Perfeito estado,Não há placas,20 km/h,Dupla," , AV CAXANGA, Recife, Pernambuco, Brasil",-8.0311907,-34.956089
6960,2019-08-13 12:28:00,SEM VÍTIMA,CAXANGÁ,RUA RIBEIRO PESSOA, ,281.0,SUBURBIO,ABALROAMENTO TRANSVERSAL,1.0,1.0,1.0,1.0,1.0,1.0,1.0,1.0,1.0,0.0,1.0,Longo da via,Bom,Sem defeito,Incompleta,Seca,Mal conservada,Outras,20 km/h,Dupla," , RUA RIBEIRO PESSOA, Recife, Pernambuco, Brasil",-8.0264714,-34.9568824
378,2019-01-15 08:31:00,COM VÍTIMA,CAXANGÁ,AV CAXANGA,4695,281.0,CIDADE,ABALROAMENTO LONGITUDINAL,1.0,1.0,1.0,1.0,1.0,1.0,1.0,1.0,1.0,2.0,1.0,Longo da via,Bom,Não existe,Perfeito estado,Seca,Perfeito estado,R-6a,20 km/h,Dupla,"4695, AV CAXANGA, Recife, Pernambuco, Brasil",-8.0311337,-34.9558536
2373,2019-03-18 18:41:00,SEM VÍTIMA,CAXANGÁ,AV CAXANGA,612-A,489.0,SUBURBIO,ABALROAMENTO LONGITUDINAL,2.0,1.0,1.0,1.0,1.0,1.0,1.0,1.0,1.0,0.0,1.0,Cruzamento,Bom,Sem defeito,Perfeito estado,Seca,Perfeito estado,Outras,20 km/h,Dupla,"612-A, AV CAXANGA, Recife, Pernambuco, Brasil",-8.0311337,-34.9558536
10237,2019-11-14 10:04:00,SEM VÍTIMA,CAXANGÁ,AV CAXANGA,345,489.0,CIDADE,COLISÃO,1.0,1.0,1.0,1.0,1.0,1.0,1.0,1.0,1.0,0.0,1.0,Cruzamento,Bom,Sem defeito,Perfeito estado,Seca,Perfeito estado,Outras,20 km/h,Dupla,"345, AV CAXANGA, Recife, Pernambuco, Brasil",-8.0555878,-34.9122126
5085,2019-06-10 20:28:00,COM VÍTIMA,CAXANGÁ,AV CAXANGA,1440,80.0,SUBURBIO,ABALROAMENTO LONGITUDINAL,1.0,1.0,1.0,1.0,1.0,1.0,1.0,1.0,1.0,1.0,1.0,Longo da via,Bom,Sem defeito,Perfeito estado,Seca,Perfeito estado,Outras,20 km/h,Dupla,"1440, AV CAXANGA, Recife, Pernambuco, Brasil",-8.0311337,-34.9558536
10539,2019-11-22 11:30:00,COM VÍTIMA,CAXANGÁ,AV CAXANGA, ,80.0,CIDADE,COLISÃO,1.0,1.0,1.0,1.0,1.0,1.0,1.0,1.0,1.0,1.0,1.0,Longo da via,Bom,Sem defeito,Perfeito estado,Seca,Perfeito estado,Outras,20 km/h,Dupla," , AV CAXANGA, Recife, Pernambuco, Brasil",-8.0311907,-34.956089
5198,2019-06-14 09:30:00,COM VÍTIMA,CAXANGÁ,AV CAXANGA,4251,80.0,CIDADE,ABALROAMENTO LONGITUDINAL,1.0,1.0,1.0,1.0,1.0,1.0,1.0,1.0,1.0,2.0,1.0,Longo da via,Bom,Sem defeito,Perfeito estado,Seca,Perfeito estado,Outras,20 km/h,Dupla,"4251, AV CAXANGA, Recife, Pernambuco, Brasil",-8.03877625,-34.94334408637719
5155,2019-06-12 17:09:00,SEM VÍTIMA,CAXANGÁ,RUA PROFESSOR ANTONIO COELHO, ,80.0,CIDADE,ABALROAMENTO LONGITUDINAL,1.0,1.0,1.0,1.0,1.0,1.0,1.0,1.0,1.0,0.0,1.0,Longo da via,Chuvoso,Não existe,Ilegível,Molhada,Perfeito estado,Não há placas,20 km/h,Dupla," , RUA PROFESSOR ANTONIO COELHO, Recife, Pernambuco, Brasil",-8.044678,-34.94606
6474,2019-07-29 12:28:00,COM VÍTIMA,CAXANGÁ,AV CAXANGA, ,533.0,SUBURBIO,ATROPELAMENTO,1.0,1.0,1.0,1.0,1.0,1.0,1.0,1.0,1.0,1.0,1.0,Longo da via,Bom,Sem defeito,Perfeito estado,Seca,Perfeito estado,Outras,20 km/h,Única," , AV CAXANGA, Recife, Pernambuco, Brasil",-8.0311907,-34.956089
9771,2019-11-02 13:35:00,COM VÍTIMA,CAXANGÁ,RUA RIBEIRO PESSOA, ,281.0,SUBURBIO,ABALROAMENTO TRANSVERSAL,1.0,1.0,1.0,1.0,1.0,1.0,1.0,1.0,1.0,1.0,1.0,Cruzamento,Bom,Sem defeito,Perfeito estado,Seca,Perfeito estado,Outras,20 km/h,Dupla," , RUA RIBEIRO PESSOA, Recife, Pernambuco, Brasil",-8.0264714,-34.9568824
10432,2019-11-20 07:47:00,SEM VÍTIMA,CAXANGÁ,AV CAXANGA, ,281.0,CIDADE,COLISÃO,1.0,1.0,1.0,1.0,1.0,1.0,1.0,1.0,1.0,0.0,1.0,Cruzamento,Bom,Sem defeito,Perfeito estado,Seca,Perfeito estado,Outras,20 km/h,Dupla," , AV CAXANGA, Recife, Pernambuco, Brasil",-8.0311907,-34.956089
3641,2019-04-25 17:23:00,SEM VÍTIMA,CAXANGÁ,RUA RIBEIRO PESSOA, ,281.0,SUBURBIO,ABALROAMENTO LONGITUDINAL,2.0,1.0,1.0,1.0,1.0,1.0,1.0,1.0,1.0,0.0,1.0,Longo da via,Bom,Não existe,Perfeito estado,Molhada,Perfeito estado,Não há placas,40 km/h,Dupla," , RUA RIBEIRO PESSOA, Recife, Pernambuco, Brasil",-8.0264714,-34.9568824
3197,2019-04-11 08:53:00,SEM VÍTIMA,CAXANGÁ,RUA RIBEIRO PESSOA, ,281.0,SUBURBIO,COLISÃO,1.0,1.0,1.0,1.0,1.0,1.0,1.0,1.0,1.0,0.0,1.0,Longo da via,Bom,Não existe,Perfeito estado,Molhada,Perfeito estado,Não há placas,40 km/h,Dupla," , RUA RIBEIRO PESSOA, Recife, Pernambuco, Brasil",-8.0264714,-34.9568824
9474,2019-10-25 13:16:00,SEM VÍTIMA,CAXANGÁ,RUA PROFESSOR ARMANDO DE MEIRA LINS, ,281.0,SUBURBIO,COLISÃO,1.0,1.0,1.0,1.0,1.0,1.0,1.0,1.0,1.0,0.0,1.0,Longo da via,Bom,Não existe,Perfeito estado,Molhada,Perfeito estado,Não há placas,40 km/h,Dupla," , RUA PROFESSOR ARMANDO DE MEIRA LINS, Recife, Pernambuco, Brasil",-8.0269889,-34.9594335
3872,2019-05-02 11:45:00,SEM VÍTIMA,CAXANGÁ,RUA EMILIANO BRAGA,425,281.0,SUBURBIO,COLISÃO,2.0,1.0,1.0,1.0,1.0,1.0,1.0,1.0,1.0,0.0,1.0,Longo da via,Bom,Não existe,Perfeito estado,Molhada,Perfeito estado,Não há placas,40 km/h,Dupla,"425, RUA EMILIANO BRAGA, Recife, Pernambuco, Brasil",-8.0393898,-34.9440249
3826,2019-04-30 14:34:00,SEM VÍTIMA,CAXANGÁ,AV CAXANGA, ,281.0,SUBURBIO,COLISÃO,1.0,1.0,1.0,1.0,1.0,1.0,1.0,1.0,1.0,0.0,1.0,Longo da via,Bom,Não existe,Perfeito estado,Molhada,Perfeito estado,Não há placas,40 km/h,Dupla," , AV CAXANGA, Recife, Pernambuco, Brasil",-8.0311907,-34.956089