,data_hora,natureza_acidente,bairro,endereco,numero,num_semaforo,sentido_via,tipo,auto,moto,ciclom,ciclista,pedestre,onibus,caminhao,viatura,outros,vitimas,vitimasfatais,acidente_verificado,tempo_clima,situacao_semaforo,sinalizacao,condicao_via,conservacao_via,situacao_placa,velocidade_max_via,mao_direcao,end,latitude,longitude
8495,2019-09-28 20:17:00,SEM VÍTIMA,CAXANGÁ,AV JOAQUIM RIBEIRO, ,281.0,CIDADE,ABALROAMENTO LONGITUDINAL,2.0,1.0,1.0,1.0,1.0,1.0,1.0,1.0,1.0,0.0,1.0,Cruzamento,Bom,Sem defeito,Perfeito estado,Seca,Perfeito estado,Não há placas,40 km/h,Dupla," , AV JOAQUIM RIBEIRO, Recife, Pernambuco, Brasil",-8.0311907,-34.956089
2005,2019-03-08 13:32:00,SEM VÍTIMA,CAXANGÁ,AV CAXANGA, ,232.0,CIDADE,COLISÃO TRASEIRA,2.0,1.0,1.0,1.0,1.0,1.0,1.0,1.0,1.0,0.0,1.0,Longo da via,Bom,Sem defeito,Perfeito estado,Seca,Perfeito estado,R-6a,40 km/h,Dupla," , AV CAXANGA, Recife, Pernambuco, Brasil",-8.0311907,-34.956089
3690,2019-04-26 18:48:00,SEM VÍTIMA,CAXANGÁ,AV CAXANGA, ,262.0,CIDADE,ABALROAMENTO TRANSVERSAL,1.0,1.0,1.0,1.0,1.0,1.0,1.0,1.0,1.0,0.0,1.0,Cruzamento,Bom,Sem defeito,Perfeito estado,Seca,Perfeito estado,R-6a,40 km/h,Dupla," , AV CAXANGA, Recife, Pernambuco, Brasil",-8.0311907,-34.956089
6577,2019-08-01 14:36:00,COM VÍTIMA,CAXANGÁ,AV CAXANGA, ,262.0,CIDADE,ATROPELAMENTO,1.0,1.0,1.0,1.0,1.0,1.0,1.0,1.0,1.0,1.0,1.0,Cruzamento,Bom,Sem defeito,Perfeito estado,Seca,Perfeito estado,R-6a,40 km/h,Dupla," , AV CAXANGA, Recife, Pernambuco, Brasil",-8.0311907,-34.956089
5226,2019-06-14 15:34:00,SEM VÍTIMA,CAXANGÁ,AV CAXANGA,231,231.0,CIDADE,COLISÃO TRASEIRA,1.0,1.0,1.0,1.0,1.0,1.0,1.0,1.0,1.0,0.0,1.0,Longo da via,Bom,Sem defeito,Perfeito estado,Seca,Perfeito estado,Não há placas,40 km/h,Dupla,"231, AV CAXANGA, Recife, Pernambuco, Brasil",-8.0311337,-34.9558536
2656,2019-03-26 16:39:00,SEM VÍTIMA,CAXANGÁ,AV JOAQUIM RIBEIRO, ,281.0,CIDADE,ABALROAMENTO LONGITUDINAL,1.0,1.0,1.0,1.0,1.0,1.0,1.0,1.0,1.0,0.0,1.0,Cruzamento,Bom,Sem defeito,Perfeito estado,Seca,Perfeito estado,Outras,40 km/h,Dupla," , AV JOAQUIM RIBEIRO, Recife, Pernambuco, Brasil",-8.0311907,-34.956089
6918,2019-08-11 21:55:00,SEM VÍTIMA,CAXANGÁ,AV JOAQUIM RIBEIRO, ,281.0,SUBURBIO,COLISÃO TRASEIRA,1.0,1.0,1.0,1.0,1.0,1.0,1.0,1.0,1.0,0.0,1.0,Longo da via,Bom,Sem defeito,Perfeito estado,Seca,Perfeito estado,Outras,40 km/h,Dupla," , AV JOAQUIM RIBEIRO, Recife, Pernambuco, Brasil",-8.0311907,-34.956089
9042,2019-10-13 19:28:00,COM VÍTIMA,CAXANGÁ,AV CAXANGA,383,281.0,SUBURBIO,COLISÃO,1.0,1.0,1.0,1.0,1.0,1.0,1.0,1.0,1.0,1.0,1.0,Longo da via,Bom,Sem defeito,Perfeito estado,Seca,Perfeito estado,Outras,40 km/h,Dupla,"383, AV CAXANGA, Recife, Pernambuco, Brasil",-8.0311337,-34.9558536
820,2019-01-31 20:49:00,SEM VÍTIMA,CAXANGÁ,AV CAXANGA, ,230.0,SUBURBIO,COLISÃO TRASEIRA,2.0,1.0,1.0,1.0,1.0,1.0,1.0,1.0,1.0,0.0,1.0,Longo da via,Bom,Sem defeito,Perfeito estado,Seca,Perfeito estado,Não há placas,40 km/h,Única," , AV CAXANGA, Recife, Pernambuco, Brasil",-8.0311907,-34.956089
7032,2019-08-15 10:39:00,SEM VÍTIMA,CAXANGÁ,AV CAXANGA, ,230.0,SUBURBIO,ABALROAMENTO LONGITUDINAL,2.0,1.0,1.0,1.0,1.0,1.0,1.0,1.0,1.0,0.0,1.0,Longo da via,Bom,Não existe,Perfeito estado,Seca,Perfeito estado,R-6a,40 km/h,Dupla," , AV CAXANGA, Recife, Pernambuco, Brasil",-8.0311907,-34.956089
3741,2019-04-28 02:36:00,SEM VÍTIMA,CAXANGÁ,AV CAXANGA, ,230.0,SUBURBIO,COLISÃO,2.0,1.0,1.0,1.0,1.0,1.0,1.0,1.0,1.0,0.0,1.0,Longo da via,Bom,Não existe,Perfeito estado,Seca,Perfeito estado,R-6a,40 km/h,Dupla," , AV CAXANGA, Recife, Pernambuco, Brasil",-8.0311907,-34.956089
3766,2019-04-29 06:50:00,SEM VÍTIMA,CAXANGÁ,AV CAXANGA, ,8.0,CIDADE,ABALROAMENTO LONGITUDINAL,1.0,1.0,1.0,1.0,1.0,1.0,1.0,1.0,1.0,0.0,1.0,Longo da via,Bom,Sem defeito,Perfeito estado,Seca,Perfeito estado,R-6a,40 km/h,Dupla," , AV CAXANGA, Recife, Pernambuco, Brasil",-8.0311907,-34.956089
6727,2019-08-06 10:12:00,SEM VÍTIMA,CAXANGÁ,AV CAXANGA,4190,269.0,CIDADE,CHOQUE OBJETO FIXO,1.0,1.0,1.0,1.0,1.0,1.0,1.0,1.0,1.0,0.0,1.0,Longo da via,Bom,Sem defeito,Perfeito estado,Seca,Perfeito estado,Não há placas,40 km/h,Dupla,"4190, AV CAXANGA, Recife, Pernambuco, Brasil",-8.03822155,-34.9425569
5754,2019-07-03 10:14:00,SEM VÍTIMA,CAXANGÁ,AV CAXANGA,4251,269.0,CIDADE,COLISÃO TRASEIRA,3.0,1.0,1.0,1.0,1.0,1.0,1.0,1.0,1.0,0.0,1.0,Longo da via,Chuvoso,Não existe,Perfeito estado,Molhada,Perfeito estado,R-6a,40 km/h,Dupla,"4251, AV CAXANGA, Recife, Pernambuco, Brasil",-8.03877625,-34.94334408637719
1110,2019-02-09 18:33:00,SEM VÍTIMA,CAXANGÁ,RUA DEPUTADO JOSE FRANCISCO DE MELO CAVALCANTI,459,269.0,CIDADE,COLISÃO,2.0,1.0,1.0,1.0,1.0,1.0,1.0,1.0,1.0,0.0,1.0,Longo da via,Chuvoso,Não existe,Perfeito estado,Molhada,Perfeito estado,R-6a,40 km/h,Dupla,"459, RUA DEPUTADO JOSE FRANCISCO DE MELO CAVALCANTI, Recife, Pernambuco, Brasil",-8.0255158,-34.9507114
2623,2019-03-25 21:59:00,SEM VÍTIMA,CAXANGÁ,AV JOAQUIM RIBEIRO,740,269.0,CIDADE,COLISÃO,2.0,1.0,1.0,1.0,1.0,1.0,1.0,1.0,1.0,0.0,1.0,Longo da via,Chuvoso,Não existe,Perfeito estado,Molhada,Perfeito estado,R-6a,40 km/h,Dupla,"740, AV JOAQUIM RIBEIRO, Recife, Pernambuco, Brasil",-8.0252918,-34.9610052
11199,2019-12-07 20:22:00,SEM VÍTIMA,CAXANGÁ,AV CAXANGA, ,269.0,SUBURBIO,ABALROAMENTO LONGITUDINAL,2.0,1.0,1.0,1.0,1.0,1.0,1.0,1.0,1.0,0.0,1.0,Longo da via,Bom,Não existe,Perfeito estado,Seca,Perfeito estado,R-6a,40 km/h,Única," , AV CAXANGA, Recife, Pernambuco, Brasil",-8.0311907,-34.956089
537,2019-01-21 19:25:00,SEM VÍTIMA,CAXANGÁ,AV CAXANGA,350,269.0,SUBURBIO,COLISÃO,1.0,1.0,1.0,1.0,1.0,1.0,1.0,1.0,1.0,0.0,1.0,Longo da via,Bom,Não existe,Perfeito estado,Seca,Perfeito estado,R-6a,40 km/h,Única,"350, AV CAXANGA, Recife, Pernambuco, Brasil",-8.0311337,-34.9558536
8714,2019-10-04 16:33:00,SEM VÍTIMA,CAXANGÁ,AV CAXANGA,1118,269.0,SUBURBIO,COLISÃO,2.0,1.0,1.0,1.0,1.0,1.0,1.0,1.0,1.0,0.0,1.0,Longo da via,Bom,Não existe,Perfeito estado,Seca,Perfeito estado,R-6a,40 km/h,Única,"1118, AV CAXANGA, Recife, Pernambuco, Brasil",-8.0518031,-34.9182183
6380,2019-07-25 12:58:00,COM VÍTIMA,CAXANGÁ,AV CAXANGA, ,269.0,SUBURBIO,COLISÃO TRASEIRA,2.0,1.0,1.0,1.0,1.0,1.0,1.0,1.0,1.0,1.0,1.0,Longo da via,Bom,Não existe,Perfeito estado,Seca,Perfeito estado,Não há placas,40 km/h,Dupla," , AV CAXANGA, Recife, Pernambuco, Brasil",-8.0311907,-34.956089
11533,2019-12-16 06:18:00,SEM VÍTIMA,CAXANGÁ,AV PROFESSOR ESTEVAO FRANCISCO DA COSTA, ,269.0,CIDADE,COLISÃO TRASEIRA,2.0,1.0,1.0,1.0,1.0,1.0,1.0,1.0,1.0,0.0,1.0,Longo da via,Chuvoso,Sem defeito,Perfeito estado,Molhada,Perfeito estado,Outras,40 km/h,Única," , AV PROFESSOR ESTEVAO FRANCISCO DA COSTA, Recife, Pernambuco, Brasil",-8.0456967,-34.9185063
11994,2019-12-28 08:51:00,SEM VÍTIMA,CAXANGÁ,AV CAXANGA,4038,269.0,CIDADE,COLISÃO,2.0,1.0,1.0,1.0,1.0,1.0,1.0,1.0,1.0,0.0,1.0,Longo da via,Chuvoso,Sem defeito,Perfeito estado,Molhada,Perfeito estado,Outras,40 km/h,Única,"4038, AV CAXANGA, Recife, Pernambuco, Brasil",-8.03881745,-34.94145966445142
3738,2019-04-28 00:30:00,SEM VÍTIMA,CAXANGÁ,AV CAXANGA, ,269.0,SUBURBIO,ABALROAMENTO LONGITUDINAL,1.0,1.0,1.0,1.0,1.0,1.0,1.0,1.0,1.0,0.0,1.0,Cruzamento,Bom,Não existe,Ilegível,Seca,Mal iluminada,Não há placas,60 km/h,Dupla," , AV CAXANGA, Recife, Pernambuco, Brasil",-8.0311907,-34.956089
5116,2019-06-11 18:30:00,SEM VÍTIMA,CAXANGÁ,AV CAXANGA, ,533.0,CIDADE,ABALROAMENTO LONGITUDINAL,2.0,1.0,1.0,1.0,1.0,1.0,1.0,1.0,1.0,0.0,1.0,Longo da via,Bom,Sem defeito,Perfeito estado,Seca,Perfeito estado,Não há placas,60 km/h,Dupla," , AV CAXANGA, Recife, Pernambuco, Brasil",-8.0311907,-34.956089
10081,2019-11-10 19:14:00,SEM VÍTIMA,CAXANGÁ,AV CAXANGA, ,281.0,CIDADE,ABALROAMENTO LONGITUDINAL,2.0,1.0,1.0,1.0,1.0,1.0,1.0,1.0,1.0,0.0,1.0,Longo da via,Bom,Sem defeito,Perfeito estado,Seca,Perfeito estado,Não há placas,60 km/h,Única," , AV CAXANGA, Recife, Pernambuco, Brasil",-8.0311907,-34.956089
2773,2019-03-29 14:41:00,SEM VÍTIMA,CAXANGÁ,AV CAXANGA,5368,281.0,SUBURBIO,ABALROAMENTO LONGITUDINAL,1.0,1.0,1.0,1.0,1.0,1.0,1.0,1.0,1.0,0.0,1.0,Longo da via,Bom,Sem defeito,Perfeito estado,Seca,Perfeito estado,Não há placas,60 km/h,Única,"5368, AV CAXANGA, Recife, Pernambuco, Brasil",-8.0311337,-34.9558536
1004,2019-02-06 23:35:00,SEM VÍTIMA,CAXANGÁ,AV CAXANGA, ,553.0,CIDADE,ABALROAMENTO LONGITUDINAL,2.0,1.0,1.0,1.0,1.0,1.0,1.0,1.0,1.0,0.0,1.0,Longo da via,Bom,Sem defeito,Perfeito estado,Seca,Perfeito estado,Não há placas,60 km/h,Única," , AV CAXANGA, Recife, Pernambuco, Brasil",-8.0311907,-34.956089
3357,2019-04-16 07:36:00,SEM VÍTIMA,CAXANGÁ,RUA RIBEIRO PESSOA, ,281.0,SUBURBIO,ABALROAMENTO LONGITUDINAL,1.0,1.0,1.0,1.0,1.0,1.0,1.0,1.0,1.0,0.0,1.0,Cruzamento,Bom,Sem defeito,Perfeito estado,Seca,Perfeito estado,R-6a,60 km/h,Dupla," , RUA RIBEIRO PESSOA, Recife, Pernambuco, Brasil",-8.0264714,-34.9568824
4022,2019-05-07 19:10:00,SEM VÍTIMA,CAXANGÁ,AV CAXANGA, ,281.0,SUBURBIO,ABALROAMENTO LONGITUDINAL,1.0,1.0,1.0,1.0,1.0,1.0,1.0,1.0,1.0,0.0,1.0,Longo da via,Bom,Sem defeito,Perfeito estado,Seca,Perfeito estado,R-6a,60 km/h,Única," , AV CAXANGA, Recife, Pernambuco, Brasil",-8.0311907,-34.956089
4315,2019-05-17 07:38:00,SEM VÍTIMA,CAXANGÁ,AV CAXANGA, ,281.0,CIDADE,ABALROAMENTO LONGITUDINAL,1.0,1.0,1.0,1.0,1.0,1.0,1.0,1.0,1.0,0.0,1.0,Longo da via,Bom,Não existe,Perfeito estado,Seca,Perfeito estado,Outras,60 km/h,Dupla," , AV CAXANGA, Recife, Pernambuco, Brasil",-8.0311907,-34.956089
497,2019-01-20 16:43:00,SEM VÍTIMA,CAXANGÁ,RUA RIBEIRO PESSOA, ,281.0,CIDADE,COLISÃO,1.0,1.0,1.0,1.0,1.0,1.0,1.0,1.0,1.0,0.0,1.0,Longo da via,Bom,Não existe,Perfeito estado,Seca,Perfeito estado,Outras,60 km/h,Dupla," , RUA RIBEIRO PESSOA, Recife, Pernambuco, Brasil",-8.0264714,-34.9568824
9667,2019-10-30 20:33:00,SEM VÍTIMA,CAXANGÁ,AV JOAQUIM RIBEIRO, ,281.0,SUBURBIO,ABALROAMENTO LONGITUDINAL,2.0,1.0,1.0,1.0,1.0,1.0,1.0,1.0,1.0,0.0,1.0,Longo da via,Bom,Sem defeito,Perfeito estado,Seca,Perfeito estado,Outras,60 km/h,Dupla," , AV JOAQUIM RIBEIRO, Recife, Pernambuco, Brasil",-8.0311907,-34.956089
9196,2019-10-17 11:20:00,COM VÍTIMA,CAXANGÁ,AV CAXANGA,1165,281.0,CIDADE,ATROPELAMENTO,1.0,1.0,1.0,1.0,1.0,1.0,1.0,1.0,1.0,1.0,1.0,Longo da via,Bom,Sem defeito,Perfeito estado,Seca,Perfeito estado,R-6a,60 km/h,Dupla,"1165, AV CAXANGA, Recife, Pernambuco, Brasil",-8.0519919,-34.9187691
5922,2019-07-09 11:41:00,COM VÍTIMA,CAXANGÁ,RUA RIBEIRO PESSOA,501,281.0,SUBURBIO,ABALROAMENTO TRANSVERSAL,1.0,1.0,1.0,1.0,1.0,1.0,1.0,1.0,1.0,1.0,1.0,Cruzamento,Bom,Não existe,Incompleta,Seca,Mal conservada,Não há placas,60 km/h,Dupla,"501, RUA RIBEIRO PESSOA, Recife, Pernambuco, Brasil",-8.0264714,-34.9568824
5495,2019-06-25 07:33:00,COM VÍTIMA,CAXANGÁ,AV CAXANGA,2117,281.0,CIDADE,ATROPELAMENTO,1.0,1.0,1.0,1.0,1.0,1.0,1.0,1.0,1.0,1.0,1.0,Longo da via,Bom,Não existe,Perfeito estado,Seca,Perfeito estado,Não há placas,60 km/h,Dupla,"2117, AV CAXANGA, Recife, Pernambuco, Brasil",-8.0311337,-34.9558536
2236,2019-03-15 08:40:00,COM VÍTIMA,CAXANGÁ,AV CAXANGA,2231,281.0,CIDADE,ATROPELAMENTO,1.0,1.0,1.0,1.0,1.0,1.0,1.0,1.0,1.0,1.0,1.0,Longo da via,Bom,Não existe,Perfeito estado,Seca,Perfeito estado,Não há placas,60 km/h,Dupla,"2231, AV CAXANGA, Recife, Pernambuco, Brasil",-8.0311337,-34.9558536
6643,2019-08-03 10:29:00,SEM VÍTIMA,CAXANGÁ,AV CAXANGA, ,80.0,SUBURBIO,COLISÃO TRASEIRA,2.0,1.0,1.0,1.0,1.0,1.0,1.0,1.0,1.0,0.0,1.0,Cruzamento,Bom,Sem defeito,Perfeito estado,Seca,Perfeito estado,R-6a,60 km/h,Dupla," , AV CAXANGA, Recife, Pernambuco, Brasil",-8.0311907,-34.956089
8848,2019-10-08 11:17:00,SEM VÍTIMA,CAXANGÁ,AV CAXANGA,4251,80.0,CIDADE,ABALROAMENTO LONGITUDINAL,1.0,1.0,1.0,1.0,1.0,1.0,1.0,1.0,1.0,0.0,1.0,Longo da via,Bom,Sem defeito,Perfeito estado,Seca,Perfeito estado,R-6a,60 km/h,Dupla,"4251, AV CAXANGA, Recife, Pernambuco, Brasil",-8.03877625,-34.94334408637719
6420,2019-07-26 22:28:00,SEM VÍTIMA,CAXANGÁ,AV JOAQUIM RIBEIRO, ,281.0,CIDADE,ABALROAMENTO LONGITUDINAL,2.0,1.0,1.0,1.0,1.0,1.0,1.0,1.0,1.0,0.0,1.0,Cruzamento,Chuvoso,Sem defeito,Perfeito estado,Molhada,Perfeito estado,Não há placas,60 km/h,Dupla," , AV JOAQUIM RIBEIRO, Recife, Pernambuco, Brasil",-8.0311907,-34.956089
8426,2019-09-26 16:29:00,SEM VÍTIMA,CAXANGÁ,AV CAXANGA,2351,235.0,CIDADE,COLISÃO TRASEIRA,1.0,1.0,1.0,1.0,1.0,1.0,1.0,1.0,1.0,0.0,1.0,Longo da via,Bom,Sem defeito,Perfeito estado,Seca,Perfeito estado,R-6a,60 km/h,Dupla,"2351, AV CAXANGA, Recife, Pernambuco, Brasil",-8.04686835,-34.92822875
5935,2019-07-10 05:44:00,SEM VÍTIMA,CAXANGÁ,RUA EMILIANO BRAGA, ,235.0,CIDADE,COLISÃO FRONTAL,2.0,1.0,1.0,1.0,1.0,1.0,1.0,1.0,1.0,0.0,1.0,Cruzamento,Bom,Não existe,Perfeito estado,Seca,Perfeito estado,Placas Pare,30 km/h,Única," , RUA EMILIANO BRAGA, Recife, Pernambuco, Brasil",-8.0384222,-34.945364
11910,2019-12-26 05:00:00,COM VÍTIMA,CAXANGÁ,AV CAXANGA, ,568.0,SUBURBIO,ABALROAMENTO TRANSVERSAL,2.0,1.0,1.0,1.0,1.0,1.0,1.0,1.0,1.0,1.0,1.0,Cruzamento,Chuvoso,Sem defeito,Perfeito estado,Molhada,Perfeito estado,Placas Pare,30 km/h,Dupla," , AV CAXANGA, Recife, Pernambuco, Brasil",-8.0311907,-34.956089
7421,2019-08-27 20:23:00,COM VÍTIMA,CAXANGÁ,AV CAXANGA, ,568.0,CIDADE,ABALROAMENTO TRANSVERSAL,2.0,1.0,1.0,1.0,1.0,1.0,1.0,1.0,1.0,1.0,1.0,Longo da via,Chuvoso,Não existe,Perfeito estado,Molhada,Perfeito estado,R-24a,30 km/h,Única," , AV CAXANGA, Recife, Pernambuco, Brasil",-8.0311907,-34.956089
8297,2019-09-23 09:49:00,SEM VÍTIMA,CAXANGÁ,AV CAXANGA,4617,608.0,CIDADE,COLISÃO TRASEIRA,2.0,1.0,1.0,1.0,1.0,1.0,1.0,1.0,1.0,0.0,1.0,Longo da via,Bom,Sem defeito,Perfeito estado,Seca,Perfeito estado,R-24a,30 km/h,Única,"4617, AV CAXANGA, Recife, Pernambuco, Brasil",-8.03709805,-34.94609977556751
3229,2019-04-12 08:02:00,SEM VÍTIMA,CAXANGÁ,AV CAXANGA,3751,8.0,CIDADE,ABALROAMENTO LONGITUDINAL,1.0,1.0,1.0,1.0,1.0,1.0,1.0,1.0,1.0,0.0,1.0,Longo da via,Chuvoso,Não existe,Perfeito estado,Molhada,Perfeito estado,Outras,30 km/h,Dupla,"3751, AV CAXANGA, Recife, Pernambuco, Brasil",-8.0405786,-34.9393839
9337,2019-10-21 22:12:00,COM VÍTIMA,CAXANGÁ,AV CAXANGA,5612,232.0,SUBURBIO,COLISÃO TRASEIRA,1.0,1.0,1.0,1.0,1.0,1.0,1.0,1.0,1.0,1.0,1.0,Longo da via,Bom,Sem defeito,Perfeito estado,Seca,Perfeito estado,Não há placas,30 km/h,Dupla,"5612, AV CAXANGA, Recife, Pernambuco, Brasil",-8.0318958,-34.9538259
11879,2019-12-24 13:50:00,SEM VÍTIMA,CAXANGÁ,AV JOAQUIM RIBEIRO,714,232.0,SUBURBIO,ENGAVETAMENTO,4.0,1.0,1.0,1.0,1.0,1.0,1.0,1.0,1.0,0.0,1.0,Longo da via,Bom,Sem defeito,Perfeito estado,Seca,Perfeito estado,Não há placas,30 km/h,Dupla,"714, AV JOAQUIM RIBEIRO, Recife, Pernambuco, Brasil",-8.0256684,-34.9607897
3411,2019-04-17 11:22:00,SEM VÍTIMA,CAXANGÁ,AV CAXANGA,5034,232.0,CIDADE,COLISÃO,2.0,1.0,1.0,1.0,1.0,1.0,1.0,1.0,1.0,0.0,1.0,Longo da via,Bom,Sem defeito,Perfeito estado,Seca,Perfeito estado,Não há placas,30 km/h,Dupla,"5034, AV CAXANGA, Recife, Pernambuco, Brasil",-8.0328682,-34.952376
2222,2019-03-14 19:23:00,SEM VÍTIMA,CAXANGÁ,AV CAXANGA, ,232.0,SUBURBIO,ABALROAMENTO LONGITUDINAL,2.0,1.0,1.0,1.0,1.0,1.0,1.0,1.0,1.0,0.0,1.0,Longo da via,Bom,Sem defeito,Perfeito estado,Seca,Perfeito estado,Não há placas,60 km/h,Única," , AV CAXANGA, Recife, Pernambuco, Brasil",-8.0311907,-34.956089
6953,2019-08-13 08:53:00,SEM VÍTIMA,CAXANGÁ,AV CAXANGA, ,232.0,CIDADE,ABALROAMENTO LONGITUDINAL,1.0,1.0,1.0,1.0,1.0,1.0,1.0,1.0,1.0,0.0,1.0,Longo da via,Bom,Sem defeito,Perfeito estado,Seca,Perfeito estado,Outras,60 km/h,Dupla," , AV CAXANGA, Recife, Pernambuco, Brasil",-8.0311907,-34.956089
7972,2019-09-13 13:48:00,COM VÍTIMA,CAXANGÁ,AV CAXANGA, ,232.0,SUBURBIO,ATROPELAMENTO,1.0,1.0,1.0,1.0,1.0,1.0,1.0,1.0,1.0,1.0,1.0,Longo da via,Bom,Não existe,Perfeito estado,Seca,Perfeito estado,Não há placas,60 km/h,Dupla," , AV CAXANGA, Recife, Pernambuco, Brasil",-8.0311907,-34.956089
10604,2019-11-24 11:44:00,SEM VÍTIMA,CAXANGÁ,AV CAXANGA,5735,232.0,SUBURBIO,COLISÃO,2.0,1.0,1.0,1.0,1.0,1.0,1.0,1.0,1.0,0.0,1.0,Longo da via,Bom,Não existe,Perfeito estado,Seca,Perfeito estado,Não há placas,60 km/h,Dupla,"5735, AV CAXANGA, Recife, Pernambuco, Brasil",-8.0319904,-34.9550174
9392,2019-10-22 22:27:00,SEM VÍTIMA,CAXANGÁ,RUA ENGENHEIRO ANDRE DIAS DE ARRUDA FALCAO,3,232.0,SUBURBIO,CHOQUE VEÍCULO PARADO,1.0,1.0,1.0,1.0,1.0,1.0,1.0,1.0,2.0,0.0,1.0,Cruzamento,Bom,Não existe,Não existente,Seca,Mal iluminada,Não há placas,60 km/h,Dupla,"3, RUA ENGENHEIRO ANDRE DIAS DE ARRUDA FALCAO, Recife, Pernambuco, Brasil",-8.0244605,-34.958284
10074,2019-11-10 14:19:00,COM VÍTIMA,CAXANGÁ,AV CAXANGA, ,232.0,SUBURBIO,ABALROAMENTO LONGITUDINAL,1.0,1.0,1.0,1.0,1.0,1.0,1.0,1.0,2.0,1.0,1.0,Longo da via,Bom,Sem defeito,Perfeito estado,Seca,Perfeito estado,Não há placas,60 km/h,Dupla," , AV CAXANGA, Recife, Pernambuco, Brasil",-8.0311907,-34.956089
7434,2019-08-28 12:31:00,SEM VÍTIMA,CAXANGÁ,AV CAXANGA,4210,232.0,SUBURBIO,COLISÃO,2.0,1.0,1.0,1.0,1.0,1.0,1.0,1.0,2.0,0.0,1.0,Longo da via,Bom,Sem defeito,Perfeito estado,Seca,Perfeito estado,Não há placas,60 km/h,Dupla,"4210, AV CAXANGA, Recife, Pernambuco, Brasil",-8.0379851,-34.9427
5899,2019-07-08 12:59:00,SEM VÍTIMA,CAXANGÁ,AV CAXANGA, ,232.0,SUBURBIO,ABALROAMENTO LONGITUDINAL,2.0,1.0,1.0,1.0,1.0,1.0,1.0,1.0,2.0,0.0,1.0,Longo da via,Bom,Sem defeito,Perfeito estado,Seca,Perfeito estado,Não há placas,60 km/h,Única," , AV CAXANGA, Recife, Pernambuco, Brasil",-8.0311907,-34.956089
1417,2019-02-18 22:35:00,SEM VÍTIMA,CAXANGÁ,RUA RODRIGUES FERREIRA,45,232.0,CIDADE,ABALROAMENTO LONGITUDINAL,2.0,1.0,1.0,1.0,1.0,1.0,1.0,1.0,2.0,0.0,1.0,Longo da via,Bom,Sem defeito,Perfeito estado,Seca,Perfeito estado,Outras,60 km/h,Única,"45, RUA RODRIGUES FERREIRA, Recife, Pernambuco, Brasil",-8.0323982,-34.9543988
5900,2019-07-08 13:30:00,SEM VÍTIMA,CAXANGÁ,AV CAXANGA,2379,232.0,CIDADE,COLISÃO TRASEIRA,2.0,1.0,1.0,1.0,1.0,1.0,1.0,1.0,2.0,0.0,1.0,Longo da via,Bom,Sem defeito,Perfeito estado,Seca,Perfeito estado,Outras,60 km/h,Dupla,"2379, AV CAXANGA, Recife, Pernambuco, Brasil",-8.046653,-34.9283982
2903,2019-04-02 17:13:00,COM VÍTIMA,CAXANGÁ,RUA ENGENHO POETA, ,232.0,SUBURBIO,ABALROAMENTO LONGITUDINAL,2.0,2.0,1.0,1.0,1.0,1.0,1.0,1.0,2.0,1.0,1.0,Longo da via,Bom,Não existe,Perfeito estado,Seca,Perfeito estado,Não há placas,60 km/h,Dupla," , RUA ENGENHO POETA, Recife, Pernambuco, Brasil",-8.0295276,-34.9512307
2870,2019-04-01 16:18:00,SEM VÍTIMA,CAXANGÁ,AV PROFESSOR MORAES REGO, ,4038.0,SUBURBIO,COLISÃO,1.0,2.0,1.0,1.0,1.0,1.0,1.0,1.0,2.0,0.0,1.0,Longo da via,Bom,Não existe,Perfeito estado,Seca,Perfeito estado,Não há placas,60 km/h,Dupla," , AV PROFESSOR MORAES REGO, Recife, Pernambuco, Brasil",-8.0389556,-34.9420466
7787,2019-09-09 05:45:00,SEM VÍTIMA,CAXANGÁ,AV JOAQUIM RIBEIRO, ,281.0,SUBURBIO,ABALROAMENTO LONGITUDINAL,1.0,2.0,1.0,1.0,1.0,1.0,1.0,1.0,2.0,0.0,1.0,Cruzamento,Bom,Sem defeito,Perfeito estado,Seca,Perfeito estado,Não há placas,60 km/h,Dupla," , AV JOAQUIM RIBEIRO, Recife, Pernambuco, Brasil",-8.0311907,-34.956089
141,2019-01-07 10:48:00,COM VÍTIMA,CAXANGÁ,AV CAXANGA,3210,281.0,SUBURBIO,ATROPELAMENTO,1.0,2.0,1.0,1.0,1.0,1.0,1.0,1.0,2.0,1.0,1.0,Longo da via,Chuvoso,Não existe,Perfeito estado,Molhada,Perfeito estado,Não há placas,60 km/h,Dupla,"3210, AV CAXANGA, Recife, Pernambuco, Brasil",-8.0426035,-34.9347838
5879,2019-07-07 16:25:00,SEM VÍTIMA,CAXANGÁ,AV CAXANGA,5504,281.0,SUBURBIO,COLISÃO TRASEIRA,2.0,2.0,1.0,1.0,1.0,1.0,1.0,1.0,2.0,0.0,1.0,Longo da via,Bom,Não existe,Perfeito estado,Seca,Perfeito estado,R-6a,60 km/h,Dupla,"5504, AV CAXANGA, Recife, Pernambuco, Brasil",-8.0325147,-34.9529533
3377,2019-04-16 12:35:00,SEM VÍTIMA,CAXANGÁ,RUA EMILIANO BRAGA, ,281.0,CIDADE,ABALROAMENTO LONGITUDINAL,2.0,2.0,1.0,1.0,1.0,1.0,1.0,1.0,2.0,0.0,1.0,Cruzamento,Bom,Não existe,Incompleta,Seca,Perfeito estado,Placas Pare,60 km/h,Única," , RUA EMILIANO BRAGA, Recife, Pernambuco, Brasil",-8.0384222,-34.945364
5916,2019-07-09 08:59:00,SEM VÍTIMA,CAXANGÁ,AV CAXANGA,2766,281.0,SUBURBIO,COLISÃO,1.0,1.0,1.0,1.0,1.0,1.0,1.0,1.0,2.0,0.0,1.0,Cruzamento,Bom,Não existe,Incompleta,Seca,Perfeito estado,Placas Pare,60 km/h,Única,"2766, AV CAXANGA, Recife, Pernambuco, Brasil",-8.0311337,-34.9558536