,data_hora,natureza_acidente,bairro,endereco,numero,num_semaforo,sentido_via,tipo,auto,moto,ciclom,ciclista,pedestre,onibus,caminhao,viatura,outros,vitimas,vitimasfatais,acidente_verificado,tempo_clima,situacao_semaforo,sinalizacao,condicao_via,conservacao_via,situacao_placa,velocidade_max_via,mao_direcao,end,latitude,longitude
6374,2019-07-25 12:09:00,COM VÍTIMA,CORDEIRO,AV CAXANGA,1142,236.0,CIDADE,ABALROAMENTO LONGITUDINAL,2.0,1.0,1.0,1.0,1.0,1.0,1.0,1.0,2.0,2.0,1.0,Longo da via,Bom,Sem defeito,Perfeito estado,Seca,Perfeito estado,Não há placas,40 km/h,Dupla,"1142, AV CAXANGA, Recife, Pernambuco, Brasil",-8.0517138,-34.9183827
11860,2019-12-24 18:30:00,SEM VÍTIMA,CORDEIRO,AV GENERAL SAN MARTIN, ,67.0,CIDADE,ABALROAMENTO TRANSVERSAL,2.0,1.0,1.0,1.0,1.0,1.0,1.0,1.0,2.0,0.0,1.0,Cruzamento,Bom,Sem defeito,Perfeito estado,Seca,Perfeito estado,Outras,40 km/h,Dupla," , AV GENERAL SAN MARTIN, Recife, Pernambuco, Brasil",-8.0713227,-34.9288578
11722,2019-12-20 09:51:00,SEM VÍTIMA,CORDEIRO,EST DO FORTE DO ARRAIAL N. DO B. JESUS,1486,67.0,CIDADE,ENGAVETAMENTO,3.0,1.0,1.0,1.0,1.0,1.0,1.0,1.0,2.0,0.0,1.0,Cruzamento,Bom,Sem defeito,Perfeito estado,Seca,Perfeito estado,Outras,40 km/h,Dupla,"1486, EST DO FORTE DO ARRAIAL N. DO B. JESUS, Recife, Pernambuco, Brasil",-8.0713227,-34.9288578
6240,2019-07-19 19:00:00,SEM VÍTIMA,CORDEIRO,RUA DR MIGUEL VIEIRA FERREIRA,115,67.0,CIDADE,COLISÃO TRASEIRA,3.0,1.0,1.0,1.0,1.0,1.0,1.0,1.0,2.0,0.0,1.0,Longo da via,Bom,Não existe,Incompleta,Seca,Perfeito estado,R-6a,40 km/h,Dupla,"115, RUA DR MIGUEL VIEIRA FERREIRA, Recife, Pernambuco, Brasil",-8.0713227,-34.9288578
6939,2019-08-12 18:09:00,SEM VÍTIMA,CORDEIRO,AV MAURICIO DE NASSAU,156,67.0,CIDADE,ABALROAMENTO LONGITUDINAL,1.0,1.0,1.0,1.0,1.0,1.0,1.0,1.0,2.0,0.0,1.0,Longo da via,Bom,Não existe,Não existente,Seca,Perfeito estado,Não há placas,40 km/h,Dupla,"156, AV MAURICIO DE NASSAU, Recife, Pernambuco, Brasil",-8.034857,-34.941125
11849,2019-12-23 17:02:00,COM VÍTIMA,CORDEIRO,AV CAXANGA,1319,67.0,CIDADE,TOMBAMENTO,1.0,1.0,1.0,1.0,1.0,1.0,1.0,1.0,2.0,1.0,1.0,Longo da via,Bom,Sem defeito,Perfeito estado,Seca,Perfeito estado,Não há placas,50 km/h,Dupla,"1319, AV CAXANGA, Recife, Pernambuco, Brasil",-8.0512792,-34.9200973
8454,2019-09-27 12:58:00,COM VÍTIMA,CORDEIRO,AV GENERAL SAN MARTIN, ,67.0,CIDADE,ABALROAMENTO TRANSVERSAL,1.0,1.0,1.0,1.0,1.0,1.0,1.0,1.0,2.0,1.0,1.0,Longo da via,Bom,Não existe,Perfeito estado,Seca,Perfeito estado,Não há placas,50 km/h,Dupla," , AV GENERAL SAN MARTIN, Recife, Pernambuco, Brasil",-8.0713227,-34.9288578
9189,2019-10-17 07:39:00,COM VÍTIMA,CORDEIRO,RUA N S DA SAUDE,309,67.0,CIDADE,ABALROAMENTO LONGITUDINAL,1.0,1.0,1.0,1.0,1.0,1.0,1.0,1.0,2.0,1.0,1.0,Longo da via,Bom,Não existe,Perfeito estado,Seca,Perfeito estado,Placas Pare,50 km/h,Dupla,"309, RUA N S DA SAUDE, Recife, Pernambuco, Brasil",-8.0713227,-34.9288578
6141,2019-07-17 09:21:00,SEM VÍTIMA,CORDEIRO,AV CAXANGA, ,80.0,CIDADE,ABALROAMENTO LONGITUDINAL,1.0,1.0,1.0,1.0,1.0,1.0,1.0,1.0,2.0,0.0,1.0,Longo da via,Bom,Sem defeito,Perfeito estado,Seca,Perfeito estado,Outras,50 km/h,Única," , AV CAXANGA, Recife, Pernambuco, Brasil",-8.0311907,-34.956089
9192,2019-10-17 09:38:00,SEM VÍTIMA,CORDEIRO,RUA GOMES TABORDA,1357,67.0,CIDADE,COLISÃO,2.0,1.0,1.0,1.0,1.0,1.0,1.0,1.0,2.0,0.0,1.0,Longo da via,Bom,Sem defeito,Perfeito estado,Seca,Perfeito estado,Outras,50 km/h,Única,"1357, RUA GOMES TABORDA, Recife, Pernambuco, Brasil",-8.0556448,-34.9237537
619,2019-01-24 13:08:00,SEM VÍTIMA,CORDEIRO,RUA CLOTILDE DE OLIVEIRA, ,67.0,CIDADE,COLISÃO,1.0,1.0,1.0,1.0,1.0,1.0,1.0,1.0,2.0,0.0,1.0,Longo da via,Bom,Sem defeito,Perfeito estado,Seca,Perfeito estado,Outras,50 km/h,Única," , RUA CLOTILDE DE OLIVEIRA, Recife, Pernambuco, Brasil",-8.0522074,-34.9230554
11650,2019-12-18 16:36:00,SEM VÍTIMA,CORDEIRO,AV PROFESSOR ESTEVAO FRANCISCO DA COSTA,121,67.0,CIDADE,COLISÃO,2.0,1.0,1.0,1.0,1.0,1.0,1.0,1.0,2.0,0.0,1.0,Longo da via,Bom,Sem defeito,Perfeito estado,Seca,Perfeito estado,Outras,50 km/h,Única,"121, AV PROFESSOR ESTEVAO FRANCISCO DA COSTA, Recife, Pernambuco, Brasil",-8.0484262,-34.9194679
486,2019-01-20 00:21:00,COM VÍTIMA,CORDEIRO,AV GENERAL SAN MARTIN, ,67.0,CIDADE,ABALROAMENTO LONGITUDINAL,1.0,1.0,1.0,1.0,1.0,1.0,1.0,1.0,2.0,1.0,1.0,Cruzamento,Bom,Sem defeito,Perfeito estado,Seca,Perfeito estado,Outras,50 km/h,Dupla," , AV GENERAL SAN MARTIN, Recife, Pernambuco, Brasil",-8.0713227,-34.9288578
6451,2019-07-28 14:16:00,COM VÍTIMA,CORDEIRO,AV CAXANGA, ,80.0,CIDADE,ABALROAMENTO LONGITUDINAL,1.0,1.0,1.0,1.0,1.0,1.0,1.0,1.0,2.0,1.0,1.0,Cruzamento,Bom,Sem defeito,Perfeito estado,Seca,Perfeito estado,R-6a,50 km/h,Dupla," , AV CAXANGA, Recife, Pernambuco, Brasil",-8.0311907,-34.956089
11661,2019-12-18 19:22:00,SEM VÍTIMA,CORDEIRO,AV ENGENHEIRO ABDIAS DE CARVALHO,1909,80.0,SUBURBIO,COLISÃO TRASEIRA,1.0,1.0,1.0,1.0,1.0,1.0,1.0,1.0,2.0,0.0,1.0,Longo da via,Bom,Não existe,Perfeito estado,Seca,Perfeito estado,Não há placas,50 km/h,Única,"1909, AV ENGENHEIRO ABDIAS DE CARVALHO, Recife, Pernambuco, Brasil",-8.0615074,-34.9223293
6191,2019-07-18 12:08:00,SEM VÍTIMA,CORDEIRO,AV CAXANGA, ,80.0,SUBURBIO,ENGAVETAMENTO,3.0,1.0,1.0,1.0,1.0,1.0,1.0,1.0,2.0,0.0,1.0,Longo da via,Bom,Não existe,Perfeito estado,Seca,Perfeito estado,Não há placas,50 km/h,Única," , AV CAXANGA, Recife, Pernambuco, Brasil",-8.0311907,-34.956089
8412,2019-09-26 12:21:00,SEM VÍTIMA,CORDEIRO,RUA IPINIRAS, ,80.0,SUBURBIO,COLISÃO,2.0,1.0,1.0,1.0,1.0,1.0,1.0,1.0,2.0,0.0,1.0,Longo da via,Bom,Não existe,Perfeito estado,Seca,Perfeito estado,Não há placas,50 km/h,Única," , RUA IPINIRAS, Recife, Pernambuco, Brasil",-8.0476705,-34.9347672
6200,2019-07-18 16:03:00,SEM VÍTIMA,CORDEIRO,RUA MANOEL DE ARRUDA CAMARA,375,348.0,SUBURBIO,ABALROAMENTO LONGITUDINAL,1.0,1.0,1.0,1.0,1.0,1.0,1.0,1.0,2.0,0.0,1.0,Cruzamento,Bom,Sem defeito,Perfeito estado,Seca,Perfeito estado,Não há placas,50 km/h,Única,"375, RUA MANOEL DE ARRUDA CAMARA, Recife, Pernambuco, Brasil",-8.0598836,-34.9112061
319,2019-01-12 15:20:00,SEM VÍTIMA,CORDEIRO,RUA CLAUDIO BROTHERHOOD,697,348.0,SUBURBIO,ABALROAMENTO TRANSVERSAL,2.0,1.0,1.0,1.0,1.0,1.0,1.0,1.0,2.0,0.0,1.0,Cruzamento,Chuvoso,Não existe,Não existente,Molhada,Perfeito estado,Não há placas,40 km/h,Dupla,"697, RUA CLAUDIO BROTHERHOOD, Recife, Pernambuco, Brasil",-8.0523164,-34.9308561
11726,2019-12-20 11:21:00,SEM VÍTIMA,CORDEIRO,AV ENGENHEIRO ABDIAS DE CARVALHO, ,58.0,SUBURBIO,ABALROAMENTO TRANSVERSAL,2.0,1.0,1.0,1.0,1.0,1.0,1.0,1.0,2.0,0.0,1.0,Cruzamento,Bom,Sem defeito,Perfeito estado,Seca,Perfeito estado,Não há placas,40 km/h,Dupla," , AV ENGENHEIRO ABDIAS DE CARVALHO, Recife, Pernambuco, Brasil",-8.0623704,-34.9319576
9208,2019-10-17 16:03:00,COM VÍTIMA,CORDEIRO,AV CAXANGA,1964,267.0,SUBURBIO,ABALROAMENTO LONGITUDINAL,1.0,1.0,1.0,1.0,1.0,1.0,1.0,1.0,2.0,1.0,1.0,Longo da via,Bom,Sem defeito,Perfeito estado,Seca,Perfeito estado,R-6a,40 km/h,Dupla,"1964, AV CAXANGA, Recife, Pernambuco, Brasil",-8.0481162,-34.9248838
613,2019-01-24 10:16:00,SEM VÍTIMA,CORDEIRO,RUA DIANOPOLIS, ,267.0,SUBURBIO,ABALROAMENTO TRANSVERSAL,2.0,1.0,1.0,1.0,1.0,1.0,1.0,1.0,2.0,0.0,1.0,Longo da via,Bom,Sem defeito,Perfeito estado,Seca,Perfeito estado,R-6a,40 km/h,Dupla," , RUA DIANOPOLIS, Recife, Pernambuco, Brasil",-8.0475576,-34.9177795
5909,2019-07-08 18:17:00,SEM VÍTIMA,CORDEIRO,AV CAXANGA,2351,235.0,CIDADE,COLISÃO TRASEIRA,1.0,1.0,1.0,1.0,1.0,1.0,1.0,1.0,2.0,0.0,1.0,Longo da via,Bom,Sem defeito,Perfeito estado,Seca,Perfeito estado,Outras,60 km/h,Dupla,"2351, AV CAXANGA, Recife, Pernambuco, Brasil",-8.04686835,-34.92822875
11763,2019-12-21 00:35:00,SEM VÍTIMA,CORDEIRO,AV ENGENHEIRO ABDIAS DE CARVALHO, ,375.0,SUBURBIO,CHOQUE VEÍCULO PARADO,2.0,1.0,1.0,1.0,1.0,1.0,1.0,1.0,2.0,0.0,1.0,Longo da via,Bom,Sem defeito,Perfeito estado,Seca,Perfeito estado,Não há placas,60 km/h,Única," , AV ENGENHEIRO ABDIAS DE CARVALHO, Recife, Pernambuco, Brasil",-8.0623704,-34.9319576
11369,2019-12-11 17:04:00,SEM VÍTIMA,CORDEIRO,AV CAXANGA,2544,375.0,SUBURBIO,COLISÃO TRASEIRA,1.0,1.0,1.0,1.0,1.0,1.0,1.0,1.0,2.0,0.0,1.0,Longo da via,Bom,Sem defeito,Perfeito estado,Seca,Perfeito estado,R-6a,60 km/h,Dupla,"2544, AV CAXANGA, Recife, Pernambuco, Brasil",-8.045604,-34.9294471
11819,2019-12-23 06:14:00,SEM VÍTIMA,CORDEIRO,AV INACIO MONTEIRO, ,375.0,SUBURBIO,ABALROAMENTO TRANSVERSAL,2.0,1.0,1.0,1.0,1.0,1.0,1.0,1.0,2.0,0.0,1.0,Cruzamento,Bom,Não existe,Incompleta,Seca,Perfeito estado,R-1,60 km/h,Dupla," , AV INACIO MONTEIRO, Recife, Pernambuco, Brasil",-8.0535417,-34.9343381
8975,2019-10-11 14:45:00,SEM VÍTIMA,CORDEIRO,RUA RIO DE JANEIRO,102,375.0,SUBURBIO,COLISÃO,1.0,1.0,1.0,1.0,1.0,1.0,1.0,1.0,2.0,0.0,1.0,Cruzamento,Bom,Não existe,Incompleta,Seca,Perfeito estado,R-1,60 km/h,Dupla,"102, RUA RIO DE JANEIRO, Recife, Pernambuco, Brasil",-8.0541374,-34.9332345
5260,2019-06-15 15:37:00,COM VÍTIMA,CORDEIRO,RUA ADELINO FRUTUOSO,378-A,375.0,SUBURBIO,COLISÃO COM CICLISTA,1.0,1.0,1.0,1.0,1.0,1.0,1.0,1.0,2.0,1.0,1.0,Cruzamento,Bom,Não existe,Perfeito estado,Seca,Perfeito estado,R-4a,60 km/h,Dupla,"378-A, RUA ADELINO FRUTUOSO, Recife, Pernambuco, Brasil",-8.0521474,-34.9287449
1066,2019-02-08 11:42:00,COM VÍTIMA,CORDEIRO,AV CAXANGA,2117,375.0,CIDADE,COLISÃO COM CICLISTA,1.0,1.0,1.0,1.0,1.0,1.0,1.0,1.0,2.0,1.0,1.0,Longo da via,Bom,Não existe,Perfeito estado,Seca,Perfeito estado,Não há placas,60 km/h,Dupla,"2117, AV CAXANGA, Recife, Pernambuco, Brasil",-8.0311337,-34.9558536
6898,2019-08-10 21:56:00,SEM VÍTIMA,CORDEIRO,AV MAURICIO DE NASSAU, ,375.0,SUBURBIO,CHOQUE VEÍCULO PARADO,2.0,1.0,1.0,1.0,1.0,1.0,1.0,1.0,2.0,0.0,1.0,Longo da via,Bom,Não existe,Perfeito estado,Seca,Perfeito estado,Não há placas,60 km/h,Dupla," , AV MAURICIO DE NASSAU, Recife, Pernambuco, Brasil",-8.040333,-34.9277389
8844,2019-10-08 09:25:00,SEM VÍTIMA,CORDEIRO,AV CAXANGA, ,375.0,SUBURBIO,COLISÃO,3.0,1.0,1.0,1.0,1.0,1.0,1.0,1.0,2.0,0.0,1.0,Longo da via,Bom,Não existe,Perfeito estado,Seca,Perfeito estado,Não há placas,60 km/h,Dupla," , AV CAXANGA, Recife, Pernambuco, Brasil",-8.0311907,-34.956089
957,2019-02-05 16:32:00,SEM VÍTIMA,CORDEIRO,AV CAXANGA,1690,375.0,SUBURBIO,COLISÃO TRASEIRA,3.0,1.0,1.0,1.0,1.0,1.0,1.0,1.0,2.0,0.0,1.0,Longo da via,Bom,Sem defeito,Perfeito estado,Seca,Perfeito estado,Outras,60 km/h,Única,"1690, AV CAXANGA, Recife, Pernambuco, Brasil",-8.0493044,-34.9227313
5257,2019-06-15 14:45:00,SEM VÍTIMA,CORDEIRO,RUA PAES CABRAL,289,375.0,CIDADE,ABALROAMENTO TRANSVERSAL,2.0,1.0,1.0,1.0,1.0,1.0,1.0,1.0,2.0,0.0,1.0,Cruzamento,Bom,Não existe,Não existente,Seca,Perfeito estado,Não há placas,60 km/h,Dupla,"289, RUA PAES CABRAL, Recife, Pernambuco, Brasil",-8.0565116,-34.9270915
934,2019-02-05 08:31:00,COM VÍTIMA,CORDEIRO,AV CAXANGA,3217,375.0,CIDADE,ABALROAMENTO LONGITUDINAL,1.0,1.0,1.0,1.0,1.0,1.0,1.0,1.0,2.0,1.0,1.0,Longo da via,Bom,Não existe,Perfeito estado,Seca,Perfeito estado,Outras,60 km/h,Dupla,"3217, AV CAXANGA, Recife, Pernambuco, Brasil",-8.04309,-34.9348987
4628,2019-05-27 18:12:00,SEM VÍTIMA,CORDEIRO,AV MAURICIO DE NASSAU, ,597.0,CIDADE,ABALROAMENTO LONGITUDINAL,1.0,1.0,1.0,1.0,1.0,1.0,1.0,1.0,2.0,0.0,1.0,Longo da via,Bom,Sem defeito,Perfeito estado,Seca,Perfeito estado,Outras,60 km/h,Dupla," , AV MAURICIO DE NASSAU, Recife, Pernambuco, Brasil",-8.040333,-34.9277389
5543,2019-06-26 09:38:00,SEM VÍTIMA,CORDEIRO,RUA CLAUDIO BROTHERHOOD,126,597.0,SUBURBIO,ABALROAMENTO TRANSVERSAL,2.0,1.0,1.0,1.0,1.0,1.0,1.0,1.0,2.0,0.0,1.0,Cruzamento,Chuvoso,Não existe,Não existente,Molhada,Perfeito estado,Não há placas,60 km/h,Única,"126, RUA CLAUDIO BROTHERHOOD, Recife, Pernambuco, Brasil",-8.0476014,-34.9285925
5214,2019-06-14 12:55:00,SEM VÍTIMA,CORDEIRO,AV ENGENHEIRO ABDIAS DE CARVALHO, ,597.0,SUBURBIO,COLISÃO,2.0,1.0,1.0,1.0,1.0,1.0,1.0,1.0,2.0,0.0,1.0,Cruzamento,Chuvoso,Não existe,Não existente,Molhada,Perfeito estado,Não há placas,60 km/h,Única," , AV ENGENHEIRO ABDIAS DE CARVALHO, Recife, Pernambuco, Brasil",-8.0623704,-34.9319576
5549,2019-06-26 12:37:00,SEM VÍTIMA,CORDEIRO,AV MAURICIO DE NASSAU, ,597.0,CIDADE,ABALROAMENTO LONGITUDINAL,3.0,1.0,1.0,1.0,1.0,1.0,1.0,1.0,2.0,0.0,1.0,Longo da via,Bom,Sem defeito,Ilegível,Seca,Mal conservada,Não há placas,60 km/h,Dupla," , AV MAURICIO DE NASSAU, Recife, Pernambuco, Brasil",-8.040333,-34.9277389
4753,2019-05-31 12:55:00,SEM VÍTIMA,CORDEIRO,RUA AUREO XAVIER, ,597.0,CIDADE,CHOQUE VEÍCULO PARADO,1.0,1.0,1.0,1.0,1.0,1.0,1.0,1.0,2.0,0.0,1.0,Longo da via,Bom,Não existe,Ilegível,Seca,Perfeito estado,Placas Pare,60 km/h,Dupla," , RUA AUREO XAVIER, Recife, Pernambuco, Brasil",-8.0489297,-34.9291108
370,2019-01-14 21:45:00,SEM VÍTIMA,CORDEIRO,RUA CAMBUCI,124,597.0,CIDADE,CHOQUE VEÍCULO PARADO,1.0,1.0,1.0,1.0,1.0,1.0,1.0,1.0,2.0,0.0,1.0,Longo da via,Bom,Não existe,Perfeito estado,Seca,Perfeito estado,Não há placas,60 km/h,Única,"124, RUA CAMBUCI, Recife, Pernambuco, Brasil",-8.0489297,-34.9291108
8855,2019-10-08 14:36:00,SEM VÍTIMA,CORDEIRO,RUA GOMES TABORDA,767,597.0,CIDADE,COLISÃO TRASEIRA,2.0,1.0,1.0,1.0,1.0,1.0,1.0,1.0,2.0,0.0,1.0,Longo da via,Bom,Não existe,Ilegível,Seca,Perfeito estado,Não há placas,60 km/h,Dupla,"767, RUA GOMES TABORDA, Recife, Pernambuco, Brasil",-8.0570587,-34.9185363
5475,2019-06-23 19:48:00,SEM VÍTIMA,CORDEIRO,RUA ANTERO MOTA, ,597.0,CIDADE,COLISÃO,1.0,1.0,1.0,1.0,1.0,1.0,1.0,1.0,2.0,0.0,1.0,Longo da via,Bom,Não existe,Ilegível,Seca,Perfeito estado,Não há placas,60 km/h,Dupla," , RUA ANTERO MOTA, Recife, Pernambuco, Brasil",-7.9896956,-34.9827553
966,2019-02-05 18:49:00,COM VÍTIMA,CORDEIRO,RUA ODETE MONTEIRO, ,597.0,SUBURBIO,ABALROAMENTO TRANSVERSAL,1.0,1.0,1.0,1.0,1.0,1.0,1.0,1.0,2.0,1.0,1.0,Longo da via,Bom,Sem defeito,Perfeito estado,Seca,Perfeito estado,Não há placas,60 km/h,Dupla," , RUA ODETE MONTEIRO, Recife, Pernambuco, Brasil",-8.0471262,-34.9187629
6690,2019-08-05 00:58:00,COM VÍTIMA,CORDEIRO,AV INACIO MONTEIRO,413,597.0,SUBURBIO,ABALROAMENTO LONGITUDINAL,1.0,2.0,1.0,1.0,1.0,1.0,1.0,1.0,2.0,1.0,1.0,Cruzamento,Chuvoso,Não existe,Perfeito estado,Molhada,Perfeito estado,Placas Pare,60 km/h,Dupla,"413, AV INACIO MONTEIRO, Recife, Pernambuco, Brasil",-8.0489679,-34.9315273
6902,2019-08-11 06:16:00,SEM VÍTIMA,CORDEIRO,AV CAXANGA,3094,607.0,SUBURBIO,COLISÃO,2.0,2.0,1.0,1.0,1.0,1.0,1.0,1.0,2.0,0.0,1.0,Cruzamento,Chuvoso,Não existe,Perfeito estado,Molhada,Perfeito estado,Placas Pare,60 km/h,Dupla,"3094, AV CAXANGA, Recife, Pernambuco, Brasil",-8.0431241,-34.9338504
6687,2019-08-04 21:21:00,SEM VÍTIMA,CORDEIRO,AV CAXANGA, ,607.0,SUBURBIO,COLISÃO,2.0,2.0,1.0,1.0,1.0,1.0,1.0,1.0,2.0,0.0,1.0,Cruzamento,Chuvoso,Não existe,Perfeito estado,Molhada,Perfeito estado,Placas Pare,60 km/h,Dupla," , AV CAXANGA, Recife, Pernambuco, Brasil",-8.0311907,-34.956089
8152,2019-09-18 16:49:00,SEM VÍTIMA,CORDEIRO,AV GENERAL SAN MARTIN,1083,607.0,SUBURBIO,ABALROAMENTO LONGITUDINAL,2.0,2.0,1.0,1.0,1.0,1.0,1.0,1.0,2.0,0.0,1.0,Longo da via,Bom,Não existe,Perfeito estado,Seca,Perfeito estado,R-6a,60 km/h,Dupla,"1083, AV GENERAL SAN MARTIN, Recife, Pernambuco, Brasil",-8.0590704,-34.924561364848145
5374,2019-06-19 16:36:00,SEM VÍTIMA,CORDEIRO,RUA ADELMAR TAVARES,260,607.0,SUBURBIO,CHOQUE VEÍCULO PARADO,2.0,2.0,1.0,1.0,1.0,1.0,1.0,1.0,2.0,0.0,1.0,Longo da via,Bom,Não existe,Não existente,Seca,Perfeito estado,Não há placas,60 km/h,Dupla,"260, RUA ADELMAR TAVARES, Recife, Pernambuco, Brasil",-7.5625232,-34.9975867
11434,2019-12-13 08:11:00,SEM VÍTIMA,CORDEIRO,RUA JOAQUIM ALHEIROS,457,607.0,SUBURBIO,ABALROAMENTO LONGITUDINAL,1.0,1.0,1.0,1.0,1.0,1.0,1.0,1.0,2.0,0.0,1.0,Cruzamento,Bom,Não existe,Não existente,Seca,Perfeito estado,Não há placas,60 km/h,Dupla,"457, RUA JOAQUIM ALHEIROS, Recife, Pernambuco, Brasil",-8.0461332,-34.9203138
6679,2019-08-04 16:31:00,COM VÍTIMA,CORDEIRO,AV CAXANGA,1274,607.0,SUBURBIO,COLISÃO COM CICLISTA,1.0,1.0,1.0,1.0,1.0,1.0,1.0,1.0,2.0,2.0,1.0,Longo da via,Bom,Sem defeito,Perfeito estado,Seca,Perfeito estado,Outras,60 km/h,Única,"1274, AV CAXANGA, Recife, Pernambuco, Brasil",-8.0511497,-34.9194147
11433,2019-12-13 07:32:00,SEM VÍTIMA,CORDEIRO,AV ENGENHEIRO ABDIAS DE CARVALHO, ,58.0,CIDADE,COLISÃO TRASEIRA,2.0,1.0,1.0,1.0,1.0,1.0,1.0,1.0,2.0,0.0,1.0,Longo da via,Bom,Sem defeito,Perfeito estado,Seca,Perfeito estado,Não há placas,60 km/h,Dupla," , AV ENGENHEIRO ABDIAS DE CARVALHO, Recife, Pernambuco, Brasil",-8.0623704,-34.9319576
1011,2019-02-07 10:14:00,SEM VÍTIMA,CORDEIRO,AV CAXANGA,1715,58.0,CIDADE,ABALROAMENTO LONGITUDINAL,2.0,1.0,1.0,1.0,1.0,1.0,1.0,1.0,2.0,0.0,1.0,Longo da via,Bom,Não existe,Perfeito estado,Seca,Perfeito estado,R-6a,60 km/h,Dupla,"1715, AV CAXANGA, Recife, Pernambuco, Brasil",-8.0496476,-34.9230246
11804,2019-12-22 14:17:00,SEM VÍTIMA,CORDEIRO,AV ENGENHEIRO ABDIAS DE CARVALHO,2930,58.0,CIDADE,CHOQUE VEÍCULO PARADO,2.0,1.0,1.0,1.0,1.0,1.0,1.0,1.0,2.0,0.0,1.0,Longo da via,Bom,Não existe,Perfeito estado,Seca,Perfeito estado,Não há placas,60 km/h,Dupla,"2930, AV ENGENHEIRO ABDIAS DE CARVALHO, Recife, Pernambuco, Brasil",-8.0606303,-34.9283223
1033,2019-02-07 17:03:00,SEM VÍTIMA,CORDEIRO,RUA MAURICIO DE NASSAU, ,58.0,CIDADE,COLISÃO TRASEIRA,2.0,1.0,1.0,1.0,1.0,1.0,1.0,1.0,2.0,0.0,1.0,Longo da via,Bom,Sem defeito,Perfeito estado,Seca,Perfeito estado,Não há placas,60 km/h,Dupla," , RUA MAURICIO DE NASSAU, Recife, Pernambuco, Brasil",-8.0258665,-34.8590022
4667,2019-05-28 16:42:00,SEM VÍTIMA,CORDEIRO,RUA TIJUCAS,401,58.0,CIDADE,ABALROAMENTO TRANSVERSAL,2.0,1.0,1.0,1.0,1.0,1.0,1.0,1.0,2.0,0.0,1.0,Longo da via,Bom,Não existe,Perfeito estado,Seca,Perfeito estado,R-6a,60 km/h,Dupla,"401, RUA TIJUCAS, Recife, Pernambuco, Brasil",-8.059965,-34.9294036
5296,2019-06-17 09:09:00,SEM VÍTIMA,CORDEIRO,RUA ODETE MONTEIRO, ,589.0,CIDADE,COLISÃO,1.0,1.0,1.0,1.0,1.0,1.0,1.0,1.0,2.0,0.0,1.0,Longo da via,Bom,Não existe,Perfeito estado,Seca,Perfeito estado,R-6a,60 km/h,Dupla," , RUA ODETE MONTEIRO, Recife, Pernambuco, Brasil",-8.0471262,-34.9187629
5292,2019-06-17 08:14:00,SEM VÍTIMA,CORDEIRO,AV CAXANGA,1179,589.0,CIDADE,COLISÃO TRASEIRA,3.0,1.0,1.0,1.0,1.0,1.0,1.0,1.0,2.0,0.0,1.0,Longo da via,Chuvoso,Não existe,Perfeito estado,Molhada,Perfeito estado,R-6a,60 km/h,Dupla,"1179, AV CAXANGA, Recife, Pernambuco, Brasil",-8.0519459,-34.9188569
968,2019-02-05 21:05:00,SEM VÍTIMA,CORDEIRO,RUA CLAUDIO BROTHERHOOD,292,589.0,SUBURBIO,ABALROAMENTO LONGITUDINAL,3.0,1.0,1.0,1.0,1.0,1.0,1.0,1.0,2.0,0.0,1.0,Cruzamento,Bom,Não existe,Não existente,Seca,Perfeito estado,Não há placas,30 km/h,Dupla,"292, RUA CLAUDIO BROTHERHOOD, Recife, Pernambuco, Brasil",-8.0487335,-34.9292126
5559,2019-06-28 14:58:00,COM VÍTIMA,CORDEIRO,AV ENGENHEIRO ABDIAS DE CARVALHO,1909,58.0,SUBURBIO,ABALROAMENTO LONGITUDINAL,1.0,1.0,1.0,1.0,1.0,1.0,1.0,1.0,2.0,1.0,1.0,Longo da via,Bom,Não existe,Perfeito estado,Seca,Perfeito estado,R-6a,30 km/h,Dupla,"1909, AV ENGENHEIRO ABDIAS DE CARVALHO, Recife, Pernambuco, Brasil",-8.0615074,-34.9223293
8080,2019-09-16 21:21:00,COM VÍTIMA,CORDEIRO,RUA DR MIGUEL VIEIRA FERREIRA,409A,58.0,SUBURBIO,COLISÃO FRONTAL,2.0,1.0,1.0,1.0,1.0,1.0,1.0,1.0,2.0,2.0,1.0,Longo da via,Bom,Não existe,Perfeito estado,Seca,Perfeito estado,R-6a,30 km/h,Dupla,"409A, RUA DR MIGUEL VIEIRA FERREIRA, Recife, Pernambuco, Brasil",-8.0615074,-34.9223293
5561,2019-06-26 17:46:00,SEM VÍTIMA,CORDEIRO,RUA GOMES TABORDA, ,67.0,SUBURBIO,COLISÃO TRASEIRA,1.0,1.0,1.0,1.0,1.0,1.0,1.0,1.0,2.0,0.0,1.0,Longo da via,Bom,Sem defeito,Perfeito estado,Seca,Perfeito estado,R-6a,30 km/h,Dupla," , RUA GOMES TABORDA, Recife, Pernambuco, Brasil",-8.0547737,-34.925923
6912,2019-08-11 14:51:00,SEM VÍTIMA,CORDEIRO,AV ENGENHEIRO ABDIAS DE CARVALHO, ,67.0,SUBURBIO,CHOQUE VEÍCULO PARADO,2.0,1.0,1.0,1.0,1.0,1.0,1.0,1.0,2.0,0.0,1.0,Longo da via,Bom,Não existe,Perfeito estado,Seca,Perfeito estado,Outras,60 km/h,Dupla," , AV ENGENHEIRO ABDIAS DE CARVALHO, Recife, Pernambuco, Brasil",-8.0623704,-34.9319576