,data_hora,natureza_acidente,bairro,endereco,numero,num_semaforo,sentido_via,tipo,auto,moto,ciclom,ciclista,pedestre,onibus,caminhao,viatura,outros,vitimas,vitimasfatais,acidente_verificado,tempo_clima,situacao_semaforo,sinalizacao,condicao_via,conservacao_via,situacao_placa,velocidade_max_via,mao_direcao,end,latitude,longitude
6567,2019-08-01 09:57:00,SEM VÍTIMA,CORDEIRO,RUA GREGORIO JUNIOR,144,67.0,SUBURBIO,ABALROAMENTO TRANSVERSAL,1.0,1.0,1.0,1.0,1.0,1.0,1.0,1.0,2.0,0.0,1.0,Longo da via,Bom,Não existe,Não existente,Seca,Perfeito estado,R-6a,60 km/h,Única,"144, RUA GREGORIO JUNIOR, Recife, Pernambuco, Brasil",-8.0526727,-34.9196784
5106,2019-06-11 13:37:00,SEM VÍTIMA,CORDEIRO,RUA TOMAZ GONZAGA, ,280.0,SUBURBIO,COLISÃO TRASEIRA,2.0,1.0,1.0,1.0,1.0,1.0,1.0,1.0,2.0,0.0,1.0,Longo da via,Bom,Sem defeito,Perfeito estado,Seca,Perfeito estado,Outras,60 km/h,Dupla," , RUA TOMAZ GONZAGA, Recife, Pernambuco, Brasil",-8.0489386,-34.9173886
6564,2019-08-01 08:01:00,SEM VÍTIMA,CORDEIRO,AV ENGENHEIRO ABDIAS DE CARVALHO, ,58.0,CIDADE,ABALROAMENTO LONGITUDINAL,1.0,1.0,1.0,1.0,1.0,1.0,1.0,1.0,2.0,0.0,1.0,Longo da via,Bom,Sem defeito,Perfeito estado,Seca,Perfeito estado,R-6a,60 km/h,Dupla," , AV ENGENHEIRO ABDIAS DE CARVALHO, Recife, Pernambuco, Brasil",-8.0623704,-34.9319576
6554,2019-07-31 20:10:00,COM VÍTIMA,CORDEIRO,AV MAURICIO DE NASSAU,27,58.0,CIDADE,COLISÃO COM CICLISTA,1.0,1.0,1.0,1.0,1.0,1.0,1.0,1.0,2.0,1.0,1.0,Longo da via,Chuvoso,Não existe,Perfeito estado,Molhada,Perfeito estado,Não há placas,40 km/h,Dupla,"27, AV MAURICIO DE NASSAU, Recife, Pernambuco, Brasil",-8.040333,-34.9277389
8231,2019-09-20 22:18:00,SEM VÍTIMA,CORDEIRO,RUA DR MIGUEL VIEIRA FERREIRA, ,249.0,SUBURBIO,ABALROAMENTO TRANSVERSAL,2.0,1.0,1.0,1.0,1.0,1.0,1.0,1.0,2.0,0.0,1.0,Cruzamento,Chuvoso,Sem defeito,Perfeito estado,Molhada,Perfeito estado,R-6a,40 km/h,Dupla," , RUA DR MIGUEL VIEIRA FERREIRA, Recife, Pernambuco, Brasil",-8.040333,-34.9277389
5075,2019-06-10 15:59:00,SEM VÍTIMA,CORDEIRO,AV CAXANGA, ,249.0,CIDADE,ABALROAMENTO LONGITUDINAL,1.0,1.0,1.0,1.0,1.0,1.0,1.0,1.0,2.0,0.0,1.0,Longo da via,Bom,Não existe,Não existente,Seca,Perfeito estado,Não há placas,60 km/h,Única," , AV CAXANGA, Recife, Pernambuco, Brasil",-8.0311907,-34.956089
5131,2019-06-12 08:27:00,SEM VÍTIMA,CORDEIRO,RUA VICENTE DO REGO MONTEIRO,312,249.0,SUBURBIO,ABALROAMENTO TRANSVERSAL,2.0,1.0,1.0,1.0,1.0,1.0,1.0,1.0,2.0,0.0,1.0,Longo da via,Bom,Não existe,Perfeito estado,Seca,Perfeito estado,Outras,60 km/h,Dupla,"312, RUA VICENTE DO REGO MONTEIRO, Recife, Pernambuco, Brasil",-8.0582824,-34.9304214
5074,2019-06-10 15:29:00,SEM VÍTIMA,CORDEIRO,AV CAXANGA,2215,249.0,CIDADE,ABALROAMENTO TRANSVERSAL,1.0,1.0,1.0,1.0,1.0,1.0,1.0,1.0,2.0,0.0,1.0,Longo da via,Bom,Não existe,Perfeito estado,Seca,Perfeito estado,Outras,60 km/h,Dupla,"2215, AV CAXANGA, Recife, Pernambuco, Brasil",-8.0473816,-34.9271308
9118,2019-10-15 12:32:00,SEM VÍTIMA,CORDEIRO,AV MAURICIO DE NASSAU,501,249.0,CIDADE,COLISÃO,2.0,1.0,1.0,1.0,1.0,1.0,1.0,1.0,2.0,0.0,1.0,Longo da via,Bom,Não existe,Perfeito estado,Seca,Perfeito estado,Outras,60 km/h,Dupla,"501, AV MAURICIO DE NASSAU, Recife, Pernambuco, Brasil",-8.040333,-34.9277389
6791,2019-08-08 08:30:00,COM VÍTIMA,CORDEIRO,RUA DR MIGUEL VIEIRA FERREIRA,325,249.0,CIDADE,COLISÃO TRASEIRA,1.0,1.0,1.0,1.0,1.0,1.0,1.0,1.0,2.0,1.0,1.0,Longo da via,Chuvoso,Não existe,Perfeito estado,Molhada,Perfeito estado,R-6a,60 km/h,Dupla,"325, RUA DR MIGUEL VIEIRA FERREIRA, Recife, Pernambuco, Brasil",-8.040333,-34.9277389
6538,2019-07-31 15:11:00,SEM VÍTIMA,CORDEIRO,AV CAXANGA, ,249.0,CIDADE,ABALROAMENTO LONGITUDINAL,1.0,2.0,1.0,1.0,1.0,1.0,1.0,1.0,2.0,0.0,1.0,Longo da via,Bom,Não existe,Perfeito estado,Seca,Perfeito estado,R-6a,60 km/h,Dupla," , AV CAXANGA, Recife, Pernambuco, Brasil",-8.0311907,-34.956089
11587,2019-12-17 09:56:00,SEM VÍTIMA,CORDEIRO,AV ENGENHEIRO ABDIAS DE CARVALHO, ,58.0,SUBURBIO,ABALROAMENTO LONGITUDINAL,1.0,2.0,1.0,1.0,1.0,1.0,1.0,1.0,2.0,0.0,1.0,Cruzamento,Bom,Sem defeito,Perfeito estado,Seca,Perfeito estado,R-6a,60 km/h,Dupla," , AV ENGENHEIRO ABDIAS DE CARVALHO, Recife, Pernambuco, Brasil",-8.0623704,-34.9319576
8934,2019-10-10 10:45:00,SEM VÍTIMA,CORDEIRO,AV CAXANGA, ,234.0,SUBURBIO,ABALROAMENTO TRANSVERSAL,1.0,1.0,1.0,1.0,1.0,1.0,1.0,1.0,2.0,0.0,1.0,Cruzamento,Bom,Sem defeito,Perfeito estado,Seca,Perfeito estado,R-6a,60 km/h,Dupla," , AV CAXANGA, Recife, Pernambuco, Brasil",-8.0311907,-34.956089
458,2019-01-18 11:59:00,SEM VÍTIMA,CORDEIRO,AV MARIO ALVARES PEREIRA DE LYRA,319,234.0,SUBURBIO,COLISÃO,2.0,1.0,1.0,1.0,1.0,1.0,1.0,1.0,2.0,0.0,1.0,Cruzamento,Bom,Sem defeito,Perfeito estado,Seca,Perfeito estado,R-6a,60 km/h,Dupla,"319, AV MARIO ALVARES PEREIRA DE LYRA, Recife, Pernambuco, Brasil",-8.0468657,-34.935822
8629,2019-10-02 15:19:00,COM VÍTIMA,CORDEIRO,AV CAXANGA,1592,234.0,SUBURBIO,COLISÃO TRASEIRA,2.0,2.0,1.0,1.0,1.0,1.0,1.0,1.0,2.0,1.0,1.0,Longo da via,Bom,Não existe,Perfeito estado,Seca,Perfeito estado,Outras,60 km/h,Dupla,"1592, AV CAXANGA, Recife, Pernambuco, Brasil",-8.0497366,-34.9219265
808,2019-01-31 14:47:00,SEM VÍTIMA,CORDEIRO,AV GENERAL SAN MARTIN, ,234.0,SUBURBIO,COLISÃO TRASEIRA,2.0,2.0,1.0,1.0,1.0,1.0,1.0,1.0,2.0,0.0,1.0,Longo da via,Bom,Não existe,Perfeito estado,Seca,Perfeito estado,Não há placas,60 km/h,Dupla," , AV GENERAL SAN MARTIN, Recife, Pernambuco, Brasil",-8.0713227,-34.9288578
5757,2019-07-03 13:50:00,COM VÍTIMA,CORDEIRO,AV CAXANGA,1417,234.0,CIDADE,ABALROAMENTO TRANSVERSAL,2.0,1.0,1.0,1.0,1.0,1.0,1.0,1.0,2.0,1.0,1.0,Longo da via,Chuvoso,Sem defeito,Perfeito estado,Seca,Perfeito estado,Outras,60 km/h,Única,"1417, AV CAXANGA, Recife, Pernambuco, Brasil",-8.0508906,-34.920774
817,2019-01-31 17:31:00,SEM VÍTIMA,CORDEIRO,AV CAXANGA, ,234.0,CIDADE,ABALROAMENTO LONGITUDINAL,1.0,1.0,1.0,1.0,1.0,1.0,1.0,1.0,2.0,0.0,1.0,Longo da via,Bom,Não existe,Perfeito estado,Seca,Perfeito estado,R-6a,60 km/h,Dupla," , AV CAXANGA, Recife, Pernambuco, Brasil",-8.0311907,-34.956089
5582,2019-06-27 12:07:00,SEM VÍTIMA,CORDEIRO,RUA DR JOAO LACERDA,300,234.0,CIDADE,COLISÃO,1.0,1.0,1.0,1.0,1.0,1.0,1.0,1.0,2.0,0.0,1.0,Longo da via,Bom,Não existe,Perfeito estado,Seca,Perfeito estado,R-6a,60 km/h,Dupla,"300, RUA DR JOAO LACERDA, Recife, Pernambuco, Brasil",-8.0311907,-34.956089
11400,2019-12-12 12:19:00,SEM VÍTIMA,CORDEIRO,AV MARIO ALVARES PEREIRA DE LYRA, ,134.0,CIDADE,COLISÃO,1.0,1.0,1.0,1.0,1.0,1.0,1.0,1.0,2.0,0.0,1.0,Longo da via,Bom,Não existe,Perfeito estado,Seca,Perfeito estado,R-6a,60 km/h,Dupla," , AV MARIO ALVARES PEREIRA DE LYRA, Recife, Pernambuco, Brasil",-8.0468657,-34.935822
907,2019-02-04 11:12:00,SEM VÍTIMA,CORDEIRO,AV GENERAL SAN MARTIN, ,67.0,SUBURBIO,ABALROAMENTO LONGITUDINAL,2.0,1.0,1.0,1.0,1.0,1.0,1.0,1.0,2.0,0.0,1.0,Cruzamento,Bom,Sem defeito,Perfeito estado,Seca,Perfeito estado,R-6a,60 km/h,Dupla," , AV GENERAL SAN MARTIN, Recife, Pernambuco, Brasil",-8.0713227,-34.9288578
5593,2019-06-27 15:35:00,SEM VÍTIMA,CORDEIRO,AV CAXANGA,2889,67.0,CIDADE,ABALROAMENTO LONGITUDINAL,1.0,2.0,1.0,1.0,1.0,1.0,1.0,1.0,2.0,0.0,1.0,Longo da via,Bom,Sem defeito,Perfeito estado,Seca,Perfeito estado,R-6a,60 km/h,Dupla,"2889, AV CAXANGA, Recife, Pernambuco, Brasil",-8.0311337,-34.9558536
11491,2019-12-14 11:35:00,SEM VÍTIMA,CORDEIRO,AV CAXANGA, ,235.0,SUBURBIO,COLISÃO TRASEIRA,2.0,2.0,1.0,1.0,1.0,1.0,1.0,1.0,2.0,0.0,1.0,Longo da via,Bom,Sem defeito,Perfeito estado,Seca,Perfeito estado,Outras,60 km/h,Única," , AV CAXANGA, Recife, Pernambuco, Brasil",-8.0311907,-34.956089
11775,2019-12-21 12:30:00,SEM VÍTIMA,CORDEIRO,AV CAXANGA,2421,235.0,CIDADE,COLISÃO,2.0,2.0,1.0,1.0,1.0,1.0,1.0,1.0,2.0,0.0,1.0,Longo da via,Bom,Sem defeito,Perfeito estado,Seca,Perfeito estado,Outras,60 km/h,Única,"2421, AV CAXANGA, Recife, Pernambuco, Brasil",-8.0464908,-34.9286811
1104,2019-02-09 11:32:00,SEM VÍTIMA,CORDEIRO,AV PROFESSOR ESTEVAO FRANCISCO DA COSTA, ,280.0,CIDADE,COLISÃO,2.0,2.0,1.0,1.0,1.0,1.0,1.0,1.0,2.0,0.0,1.0,Longo da via,Bom,Sem defeito,Perfeito estado,Seca,Perfeito estado,Outras,60 km/h,Única," , AV PROFESSOR ESTEVAO FRANCISCO DA COSTA, Recife, Pernambuco, Brasil",-8.0456967,-34.9185063
5157,2019-06-12 17:24:00,SEM VÍTIMA,CORDEIRO,AV GENERAL SAN MARTIN, ,280.0,SUBURBIO,COLISÃO TRASEIRA,2.0,2.0,1.0,1.0,1.0,1.0,1.0,1.0,2.0,0.0,1.0,Longo da via,Chuvoso,Não existe,Perfeito estado,Molhada,Perfeito estado,R-6a,60 km/h,Dupla," , AV GENERAL SAN MARTIN, Recife, Pernambuco, Brasil",-8.0713227,-34.9288578
9051,2019-10-14 05:48:00,SEM VÍTIMA,CORDEIRO,AV INACIO MONTEIRO, ,566.0,SUBURBIO,ABALROAMENTO TRANSVERSAL,2.0,2.0,1.0,1.0,1.0,1.0,1.0,1.0,2.0,0.0,1.0,Cruzamento,Chuvoso,Sem defeito,Perfeito estado,Molhada,Perfeito estado,Outras,60 km/h,Dupla," , AV INACIO MONTEIRO, Recife, Pernambuco, Brasil",-8.0535417,-34.9343381
5660,2019-06-29 21:10:00,SEM VÍTIMA,CORDEIRO,AV INACIO MONTEIRO, ,566.0,SUBURBIO,ABALROAMENTO LONGITUDINAL,2.0,2.0,1.0,1.0,1.0,1.0,1.0,1.0,2.0,0.0,1.0,Longo da via,Bom,Não existe,Perfeito estado,Seca,Perfeito estado,Não há placas,60 km/h,Dupla," , AV INACIO MONTEIRO, Recife, Pernambuco, Brasil",-8.0535417,-34.9343381
8776,2019-10-05 22:34:00,SEM VÍTIMA,CORDEIRO,AV CAXANGA, ,80.0,CIDADE,COLISÃO TRASEIRA,1.0,2.0,1.0,1.0,1.0,1.0,1.0,1.0,2.0,0.0,1.0,Longo da via,Bom,Sem defeito,Perfeito estado,Seca,Perfeito estado,Outras,60 km/h,Dupla," , AV CAXANGA, Recife, Pernambuco, Brasil",-8.0311907,-34.956089
5668,2019-06-30 14:29:00,SEM VÍTIMA,CORDEIRO,RUA CLAUDIO BROTHERHOOD,941,80.0,CIDADE,ABALROAMENTO LONGITUDINAL,2.0,2.0,1.0,1.0,1.0,1.0,1.0,1.0,2.0,0.0,1.0,Longo da via,Bom,Não existe,Perfeito estado,Seca,Perfeito estado,Não há placas,60 km/h,Dupla,"941, RUA CLAUDIO BROTHERHOOD, Recife, Pernambuco, Brasil",-8.0540954,-34.9319365
1114,2019-02-09 23:55:00,COM VÍTIMA,CORDEIRO,AV ENGENHEIRO ABDIAS DE CARVALHO, ,58.0,SUBURBIO,COLISÃO TRASEIRA,1.0,1.0,1.0,1.0,1.0,1.0,1.0,1.0,2.0,1.0,1.0,Cruzamento,Bom,Sem defeito,Perfeito estado,Seca,Perfeito estado,Outras,60 km/h,Dupla," , AV ENGENHEIRO ABDIAS DE CARVALHO, Recife, Pernambuco, Brasil",-8.0623704,-34.9319576
1116,2019-02-10 00:19:00,SEM VÍTIMA,CORDEIRO,RUA MAURICIO DE NASSAU, ,589.0,SUBURBIO,COLISÃO TRASEIRA,2.0,1.0,1.0,1.0,1.0,1.0,1.0,1.0,2.0,0.0,1.0,Cruzamento,Chuvoso,Sem defeito,Perfeito estado,Molhada,Mal iluminada,Não há placas,60 km/h,Única," , RUA MAURICIO DE NASSAU, Recife, Pernambuco, Brasil",-8.0258665,-34.8590022
819,2019-01-31 20:08:00,SEM VÍTIMA,CORDEIRO,AV CAXANGA, ,80.0,CIDADE,ABALROAMENTO LONGITUDINAL,1.0,1.0,1.0,1.0,1.0,1.0,1.0,1.0,2.0,0.0,1.0,Cruzamento,Bom,Sem defeito,Perfeito estado,Seca,Perfeito estado,R-6a,40 km/h,Dupla," , AV CAXANGA, Recife, Pernambuco, Brasil",-8.0311907,-34.956089
923,2019-02-04 18:54:00,SEM VÍTIMA,CORDEIRO,RUA SOUZA BANDEIRA, ,80.0,SUBURBIO,COLISÃO TRASEIRA,3.0,1.0,1.0,1.0,1.0,1.0,1.0,1.0,2.0,0.0,1.0,Longo da via,Bom,Sem defeito,Perfeito estado,Seca,Perfeito estado,R-6a,30 km/h,Única," , RUA SOUZA BANDEIRA, Recife, Pernambuco, Brasil",-8.0469308,-34.9171592
1269,2019-02-14 08:48:00,SEM VÍTIMA,CORDEIRO,RUA GOMES TABORDA,1460,80.0,CIDADE,ABALROAMENTO TRANSVERSAL,1.0,1.0,1.0,1.0,1.0,1.0,1.0,1.0,2.0,0.0,1.0,Longo da via,Bom,Sem defeito,Perfeito estado,Seca,Perfeito estado,R-6a,30 km/h,Dupla,"1460, RUA GOMES TABORDA, Recife, Pernambuco, Brasil",-8.0551408,-34.9245599
9863,2019-11-05 10:55:00,SEM VÍTIMA,CORDEIRO,AV ENGENHEIRO ABDIAS DE CARVALHO, ,58.0,SUBURBIO,ABALROAMENTO LONGITUDINAL,1.0,1.0,1.0,1.0,1.0,1.0,1.0,1.0,2.0,0.0,1.0,Longo da via,Bom,Sem defeito,Perfeito estado,Seca,Perfeito estado,Não há placas,60 km/h,Dupla," , AV ENGENHEIRO ABDIAS DE CARVALHO, Recife, Pernambuco, Brasil",-8.0623704,-34.9319576
3925,2019-05-03 13:52:00,COM VÍTIMA,CORDEIRO,RUA DIANOPOLIS,158,58.0,SUBURBIO,COLISÃO,1.0,1.0,1.0,1.0,1.0,1.0,1.0,1.0,2.0,1.0,1.0,Longo da via,Bom,Sem defeito,Perfeito estado,Seca,Perfeito estado,Não há placas,60 km/h,Dupla,"158, RUA DIANOPOLIS, Recife, Pernambuco, Brasil",-8.0475576,-34.9177795
2863,2019-04-01 14:44:00,SEM VÍTIMA,CORDEIRO,AV GENERAL SAN MARTIN, ,58.0,SUBURBIO,COLISÃO TRASEIRA,1.0,1.0,1.0,1.0,1.0,1.0,1.0,1.0,2.0,0.0,1.0,Longo da via,Bom,Não existe,Não existente,Seca,Perfeito estado,Não há placas,40 km/h,Dupla," , AV GENERAL SAN MARTIN, Recife, Pernambuco, Brasil",-8.0713227,-34.9288578
10824,2019-11-29 18:35:00,COM VÍTIMA,CORDEIRO,AV GENERAL SAN MARTIN, ,185.0,SUBURBIO,ABALROAMENTO TRANSVERSAL,1.0,1.0,1.0,1.0,1.0,1.0,1.0,1.0,2.0,1.0,1.0,Cruzamento,Bom,Sem defeito,Perfeito estado,Outros,Outros,R-6a,40 km/h,Dupla," , AV GENERAL SAN MARTIN, Recife, Pernambuco, Brasil",-8.0713227,-34.9288578
1615,2019-02-23 17:37:00,SEM VÍTIMA,CORDEIRO,AV CAXANGA, ,269.0,SUBURBIO,COLISÃO TRASEIRA,1.0,1.0,1.0,1.0,1.0,1.0,1.0,1.0,2.0,0.0,1.0,Longo da via,Bom,Sem defeito,Perfeito estado,Seca,Perfeito estado,Outras,40 km/h,Dupla," , AV CAXANGA, Recife, Pernambuco, Brasil",-8.0311907,-34.956089
3352,2019-04-15 20:05:00,SEM VÍTIMA,CORDEIRO,RUA GOMES TABORDA, ,269.0,SUBURBIO,CHOQUE,1.0,1.0,1.0,1.0,1.0,1.0,1.0,1.0,2.0,0.0,1.0,Longo da via,Bom,Sem defeito,Perfeito estado,Seca,Perfeito estado,Outras,40 km/h,Dupla," , RUA GOMES TABORDA, Recife, Pernambuco, Brasil",-8.0547737,-34.925923
2876,2019-04-01 19:20:00,SEM VÍTIMA,CORDEIRO,AV CAXANGA,1314,269.0,SUBURBIO,ABALROAMENTO LONGITUDINAL,1.0,1.0,1.0,1.0,1.0,1.0,1.0,1.0,2.0,0.0,1.0,Longo da via,Bom,Não existe,Perfeito estado,Seca,Perfeito estado,Não há placas,40 km/h,Dupla,"1314, AV CAXANGA, Recife, Pernambuco, Brasil",-8.0509213,-34.9198486
11118,2019-12-06 08:44:00,SEM VÍTIMA,CORDEIRO,RUA PAES CABRAL,1691,269.0,SUBURBIO,ABALROAMENTO LONGITUDINAL,2.0,1.0,1.0,1.0,1.0,1.0,1.0,1.0,2.0,0.0,1.0,Longo da via,Bom,Não existe,Não existente,Seca,Perfeito estado,Não há placas,20 km/h,Dupla,"1691, RUA PAES CABRAL, Recife, Pernambuco, Brasil",-8.0527465,-34.9256244
9743,2019-11-01 16:15:00,SEM VÍTIMA,CORDEIRO,RUA GOMES TABORDA,S/N,269.0,SUBURBIO,COLISÃO,1.0,1.0,1.0,1.0,1.0,1.0,1.0,1.0,2.0,0.0,1.0,Longo da via,Bom,Não existe,Não existente,Seca,Perfeito estado,Não há placas,20 km/h,Dupla,"S/N, RUA GOMES TABORDA, Recife, Pernambuco, Brasil",-8.0582481,-34.9140369
3340,2019-04-15 14:55:00,COM VÍTIMA,CORDEIRO,AV PROFESSOR ESTEVAO FRANCISCO DA COSTA, ,280.0,SUBURBIO,ABALROAMENTO TRANSVERSAL,2.0,1.0,1.0,1.0,1.0,1.0,1.0,1.0,2.0,2.0,1.0,Esquina,Bom,Sem defeito,Incompleta,Seca,Perfeito estado,Outras,20 km/h,Única," , AV PROFESSOR ESTEVAO FRANCISCO DA COSTA, Recife, Pernambuco, Brasil",-8.0456967,-34.9185063
3311,2019-04-14 20:15:00,SEM VÍTIMA,CORDEIRO,AV CAXANGA, ,280.0,CIDADE,COLISÃO TRASEIRA,3.0,1.0,1.0,1.0,1.0,1.0,1.0,1.0,2.0,0.0,1.0,Longo da via,Bom,Sem defeito,Perfeito estado,Seca,Perfeito estado,Outras,20 km/h,Dupla," , AV CAXANGA, Recife, Pernambuco, Brasil",-8.0311907,-34.956089
3306,2019-04-14 17:09:00,COM VÍTIMA,CORDEIRO,AV CAXANGA, ,234.0,CIDADE,ATROPELAMENTO,3.0,1.0,1.0,1.0,1.0,1.0,1.0,1.0,2.0,1.0,1.0,Cruzamento,Bom,Sem defeito,Perfeito estado,Seca,Perfeito estado,Não há placas,20 km/h,Dupla," , AV CAXANGA, Recife, Pernambuco, Brasil",-8.0311907,-34.956089
7024,2019-08-15 08:16:00,COM VÍTIMA,CORDEIRO,AV GENERAL SAN MARTIN,559,234.0,SUBURBIO,COLISÃO COM CICLISTA,3.0,1.0,1.0,1.0,1.0,1.0,1.0,1.0,2.0,1.0,1.0,Longo da via,Bom,Não existe,Perfeito estado,Seca,Perfeito estado,R-6a,20 km/h,Dupla,"559, AV GENERAL SAN MARTIN, Recife, Pernambuco, Brasil",-8.0548442,-34.9235432
7442,2019-08-28 16:24:00,SEM VÍTIMA,CORDEIRO,RUA GREGORIO JUNIOR, ,234.0,SUBURBIO,COLISÃO,2.0,1.0,1.0,1.0,1.0,1.0,1.0,1.0,2.0,0.0,1.0,Longo da via,Bom,Não existe,Perfeito estado,Seca,Perfeito estado,R-6a,20 km/h,Dupla," , RUA GREGORIO JUNIOR, Recife, Pernambuco, Brasil",-8.0542165,-34.9203261
2392,2019-03-19 10:06:00,SEM VÍTIMA,CORDEIRO,RUA MAURICIO DE NASSAU, ,234.0,SUBURBIO,COLISÃO TRASEIRA,3.0,1.0,1.0,1.0,1.0,1.0,1.0,1.0,2.0,0.0,1.0,Longo da via,Bom,Sem defeito,Perfeito estado,Seca,Perfeito estado,Não há placas,20 km/h,Dupla," , RUA MAURICIO DE NASSAU, Recife, Pernambuco, Brasil",-8.0258665,-34.8590022
4245,2019-05-14 21:52:00,COM VÍTIMA,CORDEIRO,AV MAURICIO DE NASSAU,51,234.0,SUBURBIO,COLISÃO,1.0,1.0,1.0,1.0,1.0,1.0,1.0,1.0,2.0,1.0,1.0,Longo da via,Bom,Sem defeito,Perfeito estado,Seca,Perfeito estado,Não há placas,20 km/h,Dupla,"51, AV MAURICIO DE NASSAU, Recife, Pernambuco, Brasil",-8.040333,-34.9277389
1484,2019-02-20 17:40:00,SEM VÍTIMA,CORDEIRO,AV INACIO MONTEIRO,556,234.0,SUBURBIO,ABALROAMENTO LONGITUDINAL,1.0,1.0,1.0,1.0,1.0,1.0,1.0,1.0,2.0,0.0,1.0,Longo da via,Bom,Não existe,Perfeito estado,Seca,Perfeito estado,Não há placas,20 km/h,Dupla,"556, AV INACIO MONTEIRO, Recife, Pernambuco, Brasil",-8.0493195,-34.9322095
70,2019-01-03 15:59:00,SEM VÍTIMA,CORDEIRO,RUA GOMES TABORDA,1826,234.0,SUBURBIO,COLISÃO COM CICLISTA,1.0,1.0,1.0,1.0,1.0,1.0,1.0,1.0,2.0,0.0,1.0,Longo da via,Bom,Não existe,Perfeito estado,Seca,Perfeito estado,Placas Pare,40 km/h,Dupla,"1826, RUA GOMES TABORDA, Recife, Pernambuco, Brasil",-8.05391,-34.9280023
2909,2019-04-02 19:04:00,SEM VÍTIMA,CORDEIRO,RUA TAMBORIL,66,234.0,SUBURBIO,ABALROAMENTO TRANSVERSAL,1.0,1.0,1.0,1.0,1.0,1.0,1.0,1.0,2.0,0.0,1.0,Cruzamento,Bom,Não existe,Incompleta,Seca,Mal conservada,Placas Pare,40 km/h,Dupla,"66, RUA TAMBORIL, Recife, Pernambuco, Brasil",-8.0591299,-34.9301238
9593,2019-10-29 12:05:00,SEM VÍTIMA,CORDEIRO,RUA TIJUCAS,271,234.0,SUBURBIO,COLISÃO,2.0,1.0,1.0,1.0,1.0,1.0,1.0,1.0,2.0,0.0,1.0,Cruzamento,Bom,Não existe,Incompleta,Seca,Mal conservada,Placas Pare,40 km/h,Dupla,"271, RUA TIJUCAS, Recife, Pernambuco, Brasil",-8.059965,-34.9294036
2919,2019-04-03 10:48:00,SEM VÍTIMA,CORDEIRO,RUA ODETE MONTEIRO,96,234.0,CIDADE,COLISÃO TRASEIRA,2.0,1.0,1.0,1.0,1.0,1.0,1.0,1.0,2.0,0.0,1.0,Longo da via,Bom,Sem defeito,Perfeito estado,Seca,Perfeito estado,Outras,40 km/h,Dupla,"96, RUA ODETE MONTEIRO, Recife, Pernambuco, Brasil",-8.0463739,-34.919808
11127,2019-12-06 10:57:00,SEM VÍTIMA,CORDEIRO,AV GENERAL SAN MARTIN, ,234.0,CIDADE,ABALROAMENTO LONGITUDINAL,1.0,1.0,1.0,1.0,1.0,1.0,1.0,1.0,2.0,0.0,1.0,Longo da via,Bom,Não existe,Perfeito estado,Seca,Perfeito estado,Não há placas,40 km/h,Dupla," , AV GENERAL SAN MARTIN, Recife, Pernambuco, Brasil",-8.0713227,-34.9288578
3262,2019-04-12 20:28:00,SEM VÍTIMA,CORDEIRO,AV GENERAL SAN MARTIN, ,67.0,SUBURBIO,ABALROAMENTO LONGITUDINAL,2.0,1.0,1.0,1.0,1.0,1.0,1.0,1.0,2.0,0.0,1.0,Cruzamento,Bom,Sem defeito,Perfeito estado,Seca,Perfeito estado,Outras,40 km/h,Dupla," , AV GENERAL SAN MARTIN, Recife, Pernambuco, Brasil",-8.0713227,-34.9288578
1930,2019-03-06 16:01:00,COM VÍTIMA,CORDEIRO,AV CAXANGA,2255,67.0,CIDADE,ABALROAMENTO LONGITUDINAL,1.0,1.0,1.0,1.0,1.0,1.0,1.0,1.0,2.0,1.0,1.0,Longo da via,Bom,Sem defeito,Perfeito estado,Seca,Perfeito estado,Outras,40 km/h,Dupla,"2255, AV CAXANGA, Recife, Pernambuco, Brasil",-8.0473544,-34.9276231
4223,2019-05-14 11:57:00,SEM VÍTIMA,CORDEIRO,AV MAURICIO DE NASSAU, ,67.0,CIDADE,COLISÃO,1.0,1.0,1.0,1.0,1.0,1.0,1.0,1.0,2.0,0.0,1.0,Longo da via,Bom,Sem defeito,Perfeito estado,Seca,Perfeito estado,Outras,40 km/h,Dupla," , AV MAURICIO DE NASSAU, Recife, Pernambuco, Brasil",-8.040333,-34.9277389
2350,2019-03-18 09:32:00,SEM VÍTIMA,CORDEIRO,RUA CLAUDIO BROTHERHOOD,148,67.0,SUBURBIO,ABALROAMENTO TRANSVERSAL,2.0,1.0,1.0,1.0,1.0,1.0,1.0,1.0,2.0,0.0,1.0,Longo da via,Bom,Sem defeito,Perfeito estado,Seca,Perfeito estado,Outras,40 km/h,Dupla,"148, RUA CLAUDIO BROTHERHOOD, Recife, Pernambuco, Brasil",-8.0540919,-34.9319748
4248,2019-05-15 06:50:00,SEM VÍTIMA,CORDEIRO,EST DO FORTE DO ARRAIAL N. DO B. JESUS,697,67.0,SUBURBIO,COLISÃO,3.0,1.0,1.0,1.0,1.0,1.0,1.0,1.0,2.0,0.0,1.0,Longo da via,Bom,Sem defeito,Perfeito estado,Seca,Perfeito estado,Outras,40 km/h,Dupla,"697, EST DO FORTE DO ARRAIAL N. DO B. JESUS, Recife, Pernambuco, Brasil",-8.0540919,-34.9319748
9563,2019-10-28 17:22:00,SEM VÍTIMA,CORDEIRO,AV ENGENHEIRO ABDIAS DE CARVALHO,2840,67.0,SUBURBIO,COLISÃO TRASEIRA,1.0,1.0,1.0,1.0,1.0,1.0,1.0,1.0,1.0,0.0,1.0,Longo da via,Bom,Sem defeito,Perfeito estado,Seca,Perfeito estado,Outras,40 km/h,Dupla,"2840, AV ENGENHEIRO ABDIAS DE CARVALHO, Recife, Pernambuco, Brasil",-8.0603113,-34.9275838