,data_hora,natureza_acidente,bairro,endereco,numero,num_semaforo,sentido_via,tipo,auto,moto,ciclom,ciclista,pedestre,onibus,caminhao,viatura,outros,vitimas,vitimasfatais,acidente_verificado,tempo_clima,situacao_semaforo,sinalizacao,condicao_via,conservacao_via,situacao_placa,velocidade_max_via,mao_direcao,end,latitude,longitude
1935,2019-03-06 17:25:00,SEM VÍTIMA,CORDEIRO,RUA N S DA SAUDE,51,88.0,SUBURBIO,ABALROAMENTO TRANSVERSAL,2.0,1.0,1.0,1.0,1.0,1.0,1.0,1.0,1.0,0.0,1.0,Cruzamento,Bom,Com defeito,Perfeito estado,Seca,Perfeito estado,Outras,40 km/h,Dupla,"51, RUA N S DA SAUDE, Recife, Pernambuco, Brasil",-8.047784,-34.9230515
2042,2019-03-09 11:06:00,SEM VÍTIMA,CORDEIRO,RUA GREGORIO JUNIOR, ,236.0,CIDADE,ABALROAMENTO LONGITUDINAL,1.0,1.0,1.0,1.0,1.0,1.0,1.0,1.0,1.0,0.0,1.0,Longo da via,Bom,Não existe,Perfeito estado,Seca,Perfeito estado,R-6a,40 km/h,Única," , RUA GREGORIO JUNIOR, Recife, Pernambuco, Brasil",-8.0542165,-34.9203261
3227,2019-04-12 07:45:00,COM VÍTIMA,CORDEIRO,RUA PIERRE CURIE,158,236.0,CIDADE,ABALROAMENTO LONGITUDINAL,1.0,1.0,1.0,1.0,1.0,1.0,1.0,1.0,1.0,2.0,1.0,Cruzamento,Chuvoso,Não existe,Incompleta,Molhada,Perfeito estado,Não há placas,40 km/h,Dupla,"158, RUA PIERRE CURIE, Recife, Pernambuco, Brasil",-8.0453451,-34.9191322
7407,2019-08-27 12:47:00,SEM VÍTIMA,CORDEIRO,AV CAXANGA,1181,236.0,SUBURBIO,COLISÃO TRASEIRA,2.0,1.0,1.0,1.0,1.0,1.0,1.0,1.0,1.0,0.0,1.0,Cruzamento,Bom,Sem defeito,Perfeito estado,Seca,Perfeito estado,R-6a,60 km/h,Dupla,"1181, AV CAXANGA, Recife, Pernambuco, Brasil",-8.0519059,-34.918933
2986,2019-04-05 08:10:00,SEM VÍTIMA,CORDEIRO,EST DO FORTE DO ARRAIAL N. DO B. JESUS, ,236.0,SUBURBIO,COLISÃO COM CICLISTA,2.0,1.0,1.0,1.0,1.0,1.0,1.0,1.0,1.0,0.0,1.0,Cruzamento,Bom,Não existe,Perfeito estado,Seca,Perfeito estado,R-6a,60 km/h,Dupla," , EST DO FORTE DO ARRAIAL N. DO B. JESUS, Recife, Pernambuco, Brasil",-8.0519059,-34.918933
1504,2019-02-21 08:41:00,SEM VÍTIMA,CORDEIRO,AV CAXANGA,1793,236.0,SUBURBIO,ABALROAMENTO LONGITUDINAL,1.0,1.0,1.0,1.0,1.0,1.0,1.0,1.0,1.0,0.0,1.0,Longo da via,Bom,Não existe,Perfeito estado,Seca,Perfeito estado,Não há placas,60 km/h,Dupla,"1793, AV CAXANGA, Recife, Pernambuco, Brasil",-8.0492113,-34.9237244
9622,2019-10-29 20:11:00,SEM VÍTIMA,CORDEIRO,AV MARIO ALVARES PEREIRA DE LYRA, ,134.0,SUBURBIO,COLISÃO FRONTAL,2.0,1.0,1.0,1.0,1.0,1.0,1.0,1.0,1.0,0.0,1.0,Longo da via,Bom,Sem defeito,Perfeito estado,Seca,Perfeito estado,Não há placas,60 km/h,Única," , AV MARIO ALVARES PEREIRA DE LYRA, Recife, Pernambuco, Brasil",-8.0468657,-34.935822
7047,2019-08-15 17:04:00,COM VÍTIMA,CORDEIRO,EST DO FORTE DO ARRAIAL N. DO B. JESUS,895,134.0,CIDADE,ABALROAMENTO LONGITUDINAL,1.0,1.0,1.0,1.0,1.0,1.0,1.0,1.0,1.0,1.0,1.0,Longo da via,Bom,Não existe,Incompleta,Seca,Perfeito estado,R-6a,60 km/h,Dupla,"895, EST DO FORTE DO ARRAIAL N. DO B. JESUS, Recife, Pernambuco, Brasil",-8.0468657,-34.935822
2994,2019-04-05 10:35:00,SEM VÍTIMA,CORDEIRO,AV GENERAL SAN MARTIN, ,134.0,CIDADE,ABALROAMENTO LONGITUDINAL,2.0,1.0,1.0,1.0,1.0,1.0,1.0,1.0,1.0,0.0,1.0,Longo da via,Bom,Sem defeito,Perfeito estado,Seca,Perfeito estado,R-6a,60 km/h,Dupla," , AV GENERAL SAN MARTIN, Recife, Pernambuco, Brasil",-8.0713227,-34.9288578
7401,2019-08-27 09:32:00,COM VÍTIMA,CORDEIRO,RUA DR MIGUEL VIEIRA FERREIRA,114,134.0,SUBURBIO,ATROPELAMENTO,1.0,1.0,1.0,1.0,1.0,1.0,1.0,1.0,1.0,1.0,1.0,Longo da via,Bom,Não existe,Perfeito estado,Seca,Perfeito estado,R-6a,60 km/h,Dupla,"114, RUA DR MIGUEL VIEIRA FERREIRA, Recife, Pernambuco, Brasil",-8.0713227,-34.9288578
7399,2019-08-27 08:58:00,SEM VÍTIMA,CORDEIRO,RUA GREGORIO JUNIOR,178,134.0,SUBURBIO,ABALROAMENTO LONGITUDINAL,2.0,1.0,1.0,1.0,1.0,1.0,1.0,1.0,1.0,0.0,1.0,Cruzamento,Bom,Não existe,Perfeito estado,Seca,Perfeito estado,Não há placas,60 km/h,Única,"178, RUA GREGORIO JUNIOR, Recife, Pernambuco, Brasil",-8.0529344,-34.9198223
4182,2019-05-13 11:35:00,SEM VÍTIMA,CORDEIRO,RUA HONORIO CORREIA, ,134.0,SUBURBIO,ABALROAMENTO LONGITUDINAL,2.0,1.0,1.0,1.0,1.0,1.0,1.0,1.0,1.0,0.0,1.0,Longo da via,Bom,Não existe,Perfeito estado,Seca,Perfeito estado,R-25a,60 km/h,Única," , RUA HONORIO CORREIA, Recife, Pernambuco, Brasil",-8.0525,-34.9211182
4181,2019-05-13 09:53:00,SEM VÍTIMA,CORDEIRO,RUA GOMES TABORDA,682,134.0,SUBURBIO,ABALROAMENTO LONGITUDINAL,2.0,1.0,1.0,1.0,1.0,1.0,1.0,1.0,1.0,0.0,1.0,Longo da via,Bom,Não existe,Perfeito estado,Seca,Perfeito estado,Não há placas,60 km/h,Dupla,"682, RUA GOMES TABORDA, Recife, Pernambuco, Brasil",-8.0570057,-34.9179274
11135,2019-12-06 12:18:00,SEM VÍTIMA,CORDEIRO,AV CAXANGA,2368,275.0,SUBURBIO,COLISÃO TRASEIRA,2.0,1.0,1.0,1.0,1.0,1.0,1.0,1.0,1.0,0.0,1.0,Longo da via,Bom,Sem defeito,Perfeito estado,Seca,Perfeito estado,Outras,60 km/h,Dupla,"2368, AV CAXANGA, Recife, Pernambuco, Brasil",-8.0463289,-34.9281284
4180,2019-05-13 09:41:00,SEM VÍTIMA,CORDEIRO,RUA FORMOSA,27,275.0,SUBURBIO,CHOQUE VEÍCULO PARADO,2.0,1.0,1.0,1.0,1.0,1.0,1.0,1.0,1.0,0.0,1.0,Longo da via,Bom,Não existe,Perfeito estado,Seca,Perfeito estado,Não há placas,60 km/h,Dupla,"27, RUA FORMOSA, Recife, Pernambuco, Brasil",-8.0104773,-34.8792099
10301,2019-11-15 19:14:00,COM VÍTIMA,CORDEIRO,AV CAXANGA,1214,236.0,SUBURBIO,ABALROAMENTO TRANSVERSAL,1.0,2.0,1.0,1.0,1.0,1.0,1.0,1.0,1.0,3.0,1.0,Cruzamento,Bom,Sem defeito,Perfeito estado,Seca,Perfeito estado,R-6a,60 km/h,Dupla,"1214, AV CAXANGA, Recife, Pernambuco, Brasil",-8.0513896,-34.9189368
7719,2019-09-06 11:22:00,SEM VÍTIMA,CORDEIRO,AV MAURICIO DE NASSAU, ,88.0,CIDADE,ABALROAMENTO LONGITUDINAL,1.0,2.0,1.0,1.0,1.0,1.0,1.0,1.0,1.0,0.0,1.0,Cruzamento,Bom,Sem defeito,Perfeito estado,Seca,Perfeito estado,Outras,60 km/h,Dupla," , AV MAURICIO DE NASSAU, Recife, Pernambuco, Brasil",-8.040333,-34.9277389
10893,2019-12-02 07:44:00,COM VÍTIMA,CORDEIRO,AV PROFESSOR ESTEVAO FRANCISCO DA COSTA,121,280.0,AV. CAXANGÁ,COLISÃO TRASEIRA,1.0,1.0,1.0,1.0,1.0,1.0,1.0,1.0,1.0,1.0,1.0,Cruzamento,Bom,Sem defeito,Perfeito estado,Seca,Perfeito estado,R-4b,40 km/h,Dupla,"121, AV PROFESSOR ESTEVAO FRANCISCO DA COSTA, Recife, Pernambuco, Brasil",-8.0484262,-34.9194679
3213,2019-04-11 16:17:00,SEM VÍTIMA,CORDEIRO,RUA DR MIGUEL VIEIRA FERREIRA, ,280.0,SUBURBIO,ABALROAMENTO LONGITUDINAL,1.0,1.0,1.0,1.0,1.0,1.0,1.0,1.0,1.0,0.0,1.0,Cruzamento,Bom,Não existe,Ilegível,Seca,Mal conservada,Não há placas,40 km/h,Dupla," , RUA DR MIGUEL VIEIRA FERREIRA, Recife, Pernambuco, Brasil",-8.0484262,-34.9194679
10188,2019-11-13 09:05:00,COM VÍTIMA,CORDEIRO,EST DO FORTE DO ARRAIAL N. DO B. JESUS,1499,280.0,SUBURBIO,ABALROAMENTO LONGITUDINAL,1.0,1.0,1.0,1.0,1.0,1.0,1.0,1.0,1.0,1.0,1.0,Longo da via,Bom,Não existe,Ilegível,Seca,Perfeito estado,Não há placas,40 km/h,Dupla,"1499, EST DO FORTE DO ARRAIAL N. DO B. JESUS, Recife, Pernambuco, Brasil",-8.0484262,-34.9194679
10612,2019-11-24 16:33:00,COM VÍTIMA,CORDEIRO,RUA DR JOAO LACERDA,82,280.0,SUBURBIO,ABALROAMENTO LONGITUDINAL,1.0,1.0,1.0,1.0,1.0,1.0,1.0,1.0,1.0,1.0,1.0,Longo da via,Bom,Não existe,Perfeito estado,Seca,Perfeito estado,Não há placas,40 km/h,Dupla,"82, RUA DR JOAO LACERDA, Recife, Pernambuco, Brasil",-8.0484262,-34.9194679
9647,2019-10-30 11:34:00,SEM VÍTIMA,CORDEIRO,AV ENGENHEIRO ABDIAS DE CARVALHO, ,422.0,CIDADE,ABALROAMENTO LONGITUDINAL,2.0,1.0,1.0,1.0,1.0,1.0,1.0,1.0,1.0,0.0,1.0,Cruzamento,Bom,Sem defeito,Perfeito estado,Seca,Perfeito estado,Não há placas,40 km/h,Única," , AV ENGENHEIRO ABDIAS DE CARVALHO, Recife, Pernambuco, Brasil",-8.0623704,-34.9319576
3195,2019-04-11 08:01:00,SEM VÍTIMA,CORDEIRO,RUA GOMES TABORDA,1331,422.0,CIDADE,ABALROAMENTO LONGITUDINAL,1.0,1.0,1.0,1.0,1.0,1.0,1.0,1.0,1.0,0.0,1.0,Longo da via,Bom,Sem defeito,Perfeito estado,Seca,Perfeito estado,Outras,40 km/h,Dupla,"1331, RUA GOMES TABORDA, Recife, Pernambuco, Brasil",-8.0557178,-34.9234525
10286,2019-11-14 22:07:00,SEM VÍTIMA,CORDEIRO,AV CAMARAO, ,422.0,CIDADE,ABALROAMENTO TRANSVERSAL,1.0,1.0,1.0,1.0,1.0,1.0,1.0,1.0,1.0,0.0,1.0,Longo da via,Bom,Não existe,Perfeito estado,Seca,Perfeito estado,Não há placas,40 km/h,Dupla," , AV CAMARAO, Recife, Pernambuco, Brasil",-8.0468232,-34.9329152
4377,2019-05-18 20:13:00,COM VÍTIMA,CORDEIRO,RUA AMBROSIO MACHADO,420,134.0,CIDADE,ABALROAMENTO LONGITUDINAL,1.0,1.0,1.0,1.0,1.0,1.0,1.0,1.0,1.0,1.0,1.0,Longo da via,Bom,Não existe,Perfeito estado,Seca,Perfeito estado,Não há placas,40 km/h,Dupla,"420, RUA AMBROSIO MACHADO, Recife, Pernambuco, Brasil",-8.1198936,-35.2974667
10867,2019-12-01 13:24:00,COM VÍTIMA,CORDEIRO,RUA CLOTILDE DE OLIVEIRA, ,185.0,CIDADE,COLISÃO FRONTAL,1.0,1.0,1.0,1.0,1.0,1.0,1.0,1.0,1.0,1.0,1.0,Cruzamento,Bom,Sem defeito,Ilegível,Seca,Mal conservada,R-6a,40 km/h,Dupla," , RUA CLOTILDE DE OLIVEIRA, Recife, Pernambuco, Brasil",-8.0522074,-34.9230554
3794,2019-04-29 16:28:00,COM VÍTIMA,CORDEIRO,AV CAXANGA,1916,185.0,SUBURBIO,ATROPELAMENTO,1.0,1.0,1.0,1.0,2.0,1.0,1.0,1.0,1.0,2.0,1.0,Longo da via,Bom,Não existe,Perfeito estado,Seca,Perfeito estado,R-6a,40 km/h,Dupla,"1916, AV CAXANGA, Recife, Pernambuco, Brasil",-8.0483167,-34.9245166
2695,2019-03-27 16:56:00,SEM VÍTIMA,CORDEIRO,RUA PROFESSOR JOAQUIM XAVIER DE BRITO, ,185.0,CIDADE,ABALROAMENTO LONGITUDINAL,2.0,1.0,1.0,1.0,2.0,1.0,1.0,1.0,1.0,0.0,1.0,Longo da via,Bom,Não existe,Perfeito estado,Seca,Perfeito estado,Placas Pare,40 km/h,Dupla," , RUA PROFESSOR JOAQUIM XAVIER DE BRITO, Recife, Pernambuco, Brasil",-8.0535603,-34.9343858
9854,2019-11-05 08:10:00,SEM VÍTIMA,CORDEIRO,AV CAXANGA,2117,185.0,SUBURBIO,COLISÃO TRASEIRA,3.0,1.0,1.0,1.0,2.0,1.0,1.0,1.0,1.0,0.0,1.0,Longo da via,Bom,Não existe,Perfeito estado,Seca,Perfeito estado,Outras,40 km/h,Dupla,"2117, AV CAXANGA, Recife, Pernambuco, Brasil",-8.0311337,-34.9558536
6999,2019-08-14 12:49:00,SEM VÍTIMA,CORDEIRO,AV CAXANGA,853,185.0,SUBURBIO,COLISÃO TRASEIRA,2.0,1.0,1.0,1.0,2.0,1.0,1.0,1.0,1.0,0.0,1.0,Longo da via,Chuvoso,Sem defeito,Perfeito estado,Seca,Perfeito estado,Não há placas,40 km/h,Dupla,"853, AV CAXANGA, Recife, Pernambuco, Brasil",-8.0533292,-34.9163762
2310,2019-03-16 22:14:00,COM VÍTIMA,CORDEIRO,AV GENERAL SAN MARTIN, ,58.0,SUBURBIO,COLISÃO TRASEIRA,1.0,1.0,1.0,1.0,2.0,1.0,1.0,1.0,1.0,1.0,1.0,Longo da via,Bom,Sem defeito,Perfeito estado,Seca,Perfeito estado,Outras,40 km/h,Única," , AV GENERAL SAN MARTIN, Recife, Pernambuco, Brasil",-8.0713227,-34.9288578
9959,2019-11-07 16:37:00,SEM VÍTIMA,CORDEIRO,RUA GOMES TABORDA, ,58.0,SUBURBIO,COLISÃO,1.0,1.0,1.0,1.0,2.0,1.0,1.0,1.0,1.0,0.0,1.0,Longo da via,Bom,Sem defeito,Perfeito estado,Seca,Perfeito estado,Outras,40 km/h,Única," , RUA GOMES TABORDA, Recife, Pernambuco, Brasil",-8.0547737,-34.925923
7219,2019-08-21 06:18:00,COM VÍTIMA,CORDEIRO,AV CAXANGA,2191,58.0,CIDADE,ABALROAMENTO LONGITUDINAL,1.0,1.0,1.0,1.0,2.0,1.0,1.0,1.0,1.0,2.0,1.0,Longo da via,Bom,Não existe,Perfeito estado,Molhada,Perfeito estado,Outras,40 km/h,Dupla,"2191, AV CAXANGA, Recife, Pernambuco, Brasil",-8.0475229,-34.9268762
2326,2019-03-17 17:49:00,SEM VÍTIMA,CORDEIRO,AV CAXANGA, ,58.0,CIDADE,COLISÃO,2.0,1.0,1.0,1.0,2.0,1.0,1.0,1.0,1.0,0.0,1.0,Longo da via,Bom,Não existe,Perfeito estado,Molhada,Perfeito estado,Outras,40 km/h,Dupla," , AV CAXANGA, Recife, Pernambuco, Brasil",-8.0311907,-34.956089
2136,2019-03-12 15:52:00,SEM VÍTIMA,CORDEIRO,RUA GOMES TABORDA, ,58.0,CIDADE,ABALROAMENTO TRANSVERSAL,1.0,1.0,1.0,1.0,2.0,1.0,1.0,1.0,1.0,0.0,1.0,Outros,Nublado,Não existe,Perfeito estado,Seca,Perfeito estado,Não há placas,40 km/h,Dupla," , RUA GOMES TABORDA, Recife, Pernambuco, Brasil",-8.0547737,-34.925923
9954,2019-11-07 15:28:00,SEM VÍTIMA,CORDEIRO,AV GENERAL SAN MARTIN, ,403.0,SUBURBIO,ABALROAMENTO LONGITUDINAL,2.0,1.0,1.0,1.0,2.0,1.0,1.0,1.0,1.0,0.0,1.0,Longo da via,Bom,Sem defeito,Perfeito estado,Seca,Perfeito estado,Não há placas,40 km/h,Dupla," , AV GENERAL SAN MARTIN, Recife, Pernambuco, Brasil",-8.0713227,-34.9288578
6989,2019-08-14 09:57:00,SEM VÍTIMA,CORDEIRO,AV CAXANGA, ,236.0,CIDADE,ABALROAMENTO LONGITUDINAL,2.0,1.0,1.0,1.0,2.0,1.0,1.0,1.0,1.0,0.0,1.0,Longo da via,Bom,Sem defeito,Perfeito estado,Seca,Perfeito estado,Outras,40 km/h,Única," , AV CAXANGA, Recife, Pernambuco, Brasil",-8.0311907,-34.956089
2710,2019-03-28 08:12:00,SEM VÍTIMA,CORDEIRO,AV CAXANGA,3342,236.0,CID/SUB,COLISÃO TRASEIRA,1.0,1.0,1.0,1.0,2.0,1.0,1.0,1.0,1.0,0.0,1.0,Longo da via,Nublado,Não existe,Perfeito estado,Seca,Perfeito estado,Outras,40 km/h,Única,"3342, AV CAXANGA, Recife, Pernambuco, Brasil",-8.041965900000001,-34.93580455585623
3692,2019-04-26 20:13:00,COM VÍTIMA,CORDEIRO,RUA GOMES TABORDA, ,249.0,SUBURBIO,ABALROAMENTO TRANSVERSAL,1.0,1.0,1.0,1.0,2.0,1.0,1.0,1.0,1.0,1.0,1.0,Cruzamento,Bom,Sem defeito,Perfeito estado,Seca,Perfeito estado,Não há placas,40 km/h,Dupla," , RUA GOMES TABORDA, Recife, Pernambuco, Brasil",-8.0547737,-34.925923
160,2019-01-07 15:24:00,SEM VÍTIMA,CORDEIRO,AV CAXANGA, ,80.0,SUBURBIO,ABALROAMENTO TRANSVERSAL,1.0,1.0,1.0,1.0,2.0,1.0,1.0,1.0,1.0,0.0,1.0,Longo da via,Bom,Sem defeito,Perfeito estado,Seca,Perfeito estado,Não há placas,40 km/h,Dupla," , AV CAXANGA, Recife, Pernambuco, Brasil",-8.0311907,-34.956089
7860,2019-09-10 18:10:00,COM VÍTIMA,CORDEIRO,AV GENERAL SAN MARTIN,73,80.0,SUBURBIO,ATROPELAMENTO,1.0,1.0,1.0,1.0,1.0,1.0,1.0,1.0,1.0,1.0,1.0,Longo da via,Bom,Não existe,Ilegível,Seca,Perfeito estado,Não há placas,40 km/h,Única,"73, AV GENERAL SAN MARTIN, Recife, Pernambuco, Brasil",-8.0510643,-34.9211924
9925,2019-11-06 20:25:00,COM VÍTIMA,CORDEIRO,RUA DR JOAO LACERDA,203,80.0,SUBURBIO,ABALROAMENTO LONGITUDINAL,1.0,1.0,1.0,1.0,1.0,1.0,1.0,1.0,1.0,1.0,1.0,Longo da via,Bom,Não existe,Não existente,Seca,Perfeito estado,Não há placas,40 km/h,Dupla,"203, RUA DR JOAO LACERDA, Recife, Pernambuco, Brasil",-8.0510643,-34.9211924
2634,2019-03-26 09:29:00,SEM VÍTIMA,CORDEIRO,RUA GOMES TABORDA, ,80.0,SUBURBIO,ABALROAMENTO TRANSVERSAL,1.0,1.0,1.0,1.0,1.0,1.0,1.0,1.0,1.0,0.0,1.0,Cruzamento,Bom,Não existe,Perfeito estado,Seca,Perfeito estado,Placas Pare,40 km/h,Dupla," , RUA GOMES TABORDA, Recife, Pernambuco, Brasil",-8.0547737,-34.925923
11944,2019-12-26 17:48:00,COM VÍTIMA,CORDEIRO,RUA GOMES TABORDA,142,80.0,SUBURBIO,COLISÃO,1.0,1.0,1.0,1.0,1.0,1.0,1.0,1.0,1.0,1.0,1.0,Cruzamento,Bom,Não existe,Perfeito estado,Seca,Perfeito estado,Placas Pare,40 km/h,Dupla,"142, RUA GOMES TABORDA, Recife, Pernambuco, Brasil",-8.0582481,-34.9140369
2655,2019-03-26 15:57:00,SEM VÍTIMA,CORDEIRO,AV CAXANGA, ,229.0,CIDADE,ABALROAMENTO LONGITUDINAL,1.0,1.0,1.0,1.0,1.0,1.0,1.0,1.0,1.0,0.0,1.0,Cruzamento,Chuvoso,Sem defeito,Perfeito estado,Molhada,Perfeito estado,Outras,40 km/h,Única," , AV CAXANGA, Recife, Pernambuco, Brasil",-8.0311907,-34.956089
9970,2019-11-07 21:31:00,VÍTIMA FATAL,CORDEIRO,AV CAXANGA,1783,229.0,CIDADE,COLISÃO COM CICLISTA,1.0,1.0,1.0,1.0,1.0,1.0,1.0,1.0,1.0,0.0,1.0,Longo da via,Bom,Não existe,Perfeito estado,Seca,Perfeito estado,Não há placas,40 km/h,Dupla,"1783, AV CAXANGA, Recife, Pernambuco, Brasil",-8.0492552,-34.9236456
10521,2019-11-22 07:20:00,SEM VÍTIMA,CORDEIRO,RUA ODETE MONTEIRO,350,229.0,CIDADE,COLISÃO TRASEIRA,3.0,1.0,1.0,1.0,1.0,1.0,1.0,1.0,1.0,0.0,1.0,Longo da via,Bom,Sem defeito,Não existente,Seca,Perfeito estado,Não há placas,40 km/h,Dupla,"350, RUA ODETE MONTEIRO, Recife, Pernambuco, Brasil",-8.0462661,-34.9199999
10011,2019-11-22 07:20:00,SEM VÍTIMA,CORDEIRO,RUA GOMES TABORDA,275,229.0,CIDADE,ABALROAMENTO TRANSVERSAL,2.0,1.0,1.0,1.0,1.0,1.0,1.0,1.0,1.0,0.0,1.0,Cruzamento,Bom,Não existe,Incompleta,Seca,Perfeito estado,Outras,30 km/h,Dupla,"275, RUA GOMES TABORDA, Recife, Pernambuco, Brasil",-8.0582481,-34.9140369
10483,2019-11-21 08:40:00,SEM VÍTIMA,CORDEIRO,EST DO FORTE DO ARRAIAL N. DO B. JESUS, ,229.0,CIDADE,COLISÃO,2.0,2.0,1.0,1.0,1.0,1.0,1.0,1.0,1.0,0.0,1.0,Cruzamento,Bom,Não existe,Incompleta,Seca,Perfeito estado,Outras,30 km/h,Dupla," , EST DO FORTE DO ARRAIAL N. DO B. JESUS, Recife, Pernambuco, Brasil",-8.0582481,-34.9140369
2137,2019-03-12 16:15:00,SEM VÍTIMA,CORDEIRO,AV GENERAL SAN MARTIN, ,67.0,SUBURBIO,ABALROAMENTO LONGITUDINAL,1.0,2.0,1.0,1.0,1.0,1.0,1.0,1.0,1.0,0.0,1.0,Cruzamento,Bom,Sem defeito,Perfeito estado,Seca,Perfeito estado,Não há placas,30 km/h,Dupla," , AV GENERAL SAN MARTIN, Recife, Pernambuco, Brasil",-8.0713227,-34.9288578
3547,2019-04-23 07:18:00,SEM VÍTIMA,CORDEIRO,AV ENGENHEIRO ABDIAS DE CARVALHO, ,58.0,CIDADE,ABALROAMENTO LONGITUDINAL,1.0,2.0,1.0,1.0,1.0,1.0,1.0,1.0,1.0,0.0,1.0,Longo da via,Bom,Sem defeito,Perfeito estado,Seca,Perfeito estado,Outras,30 km/h,Dupla," , AV ENGENHEIRO ABDIAS DE CARVALHO, Recife, Pernambuco, Brasil",-8.0623704,-34.9319576
10480,2019-11-21 08:08:00,SEM VÍTIMA,CORDEIRO,EST DO FORTE DO ARRAIAL N. DO B. JESUS, ,58.0,CIDADE,ABALROAMENTO LONGITUDINAL,1.0,2.0,1.0,1.0,1.0,1.0,1.0,1.0,1.0,0.0,1.0,Longo da via,Bom,Não existe,Perfeito estado,Seca,Perfeito estado,Outras,30 km/h,Dupla," , EST DO FORTE DO ARRAIAL N. DO B. JESUS, Recife, Pernambuco, Brasil",-8.0623704,-34.9319576
11884,2019-12-24 15:26:00,SEM VÍTIMA,CORDEIRO,AV PROFESSOR ESTEVAO FRANCISCO DA COSTA,121,58.0,SUBURBIO,CHOQUE OBJETO FIXO,1.0,2.0,1.0,1.0,1.0,1.0,1.0,1.0,1.0,0.0,1.0,Longo da via,Bom,Não existe,Incompleta,Seca,Perfeito estado,Não há placas,30 km/h,Única,"121, AV PROFESSOR ESTEVAO FRANCISCO DA COSTA, Recife, Pernambuco, Brasil",-8.0484262,-34.9194679
7191,2019-08-20 10:25:00,SEM VÍTIMA,CORDEIRO,AV CAXANGA,1303,58.0,CIDADE,COLISÃO,2.0,2.0,1.0,1.0,1.0,1.0,1.0,1.0,1.0,0.0,1.0,Longo da via,Bom,Não existe,Incompleta,Seca,Perfeito estado,Não há placas,30 km/h,Única,"1303, AV CAXANGA, Recife, Pernambuco, Brasil",-8.0513939,-34.9198742
3761,2019-04-28 22:11:00,COM VÍTIMA,CORDEIRO,RUA GOMES TABORDA, ,58.0,SUBURBIO,COLISÃO,1.0,1.0,1.0,1.0,1.0,1.0,1.0,1.0,1.0,1.0,1.0,Longo da via,Bom,Não existe,Incompleta,Seca,Perfeito estado,Não há placas,30 km/h,Única," , RUA GOMES TABORDA, Recife, Pernambuco, Brasil",-8.0547737,-34.925923
4474,2019-05-22 10:34:00,SEM VÍTIMA,CORDEIRO,RUA HONORIO CORREIA,76,58.0,CIDADE,ABALROAMENTO LONGITUDINAL,2.0,1.0,1.0,1.0,1.0,1.0,1.0,1.0,1.0,0.0,1.0,Longo da via,Bom,Não existe,Perfeito estado,Seca,Perfeito estado,Não há placas,30 km/h,Única,"76, RUA HONORIO CORREIA, Recife, Pernambuco, Brasil",-8.0527359,-34.9202876
1397,2019-02-18 11:55:00,SEM VÍTIMA,CORDEIRO,AV CAXANGA,1562,58.0,SUBURBIO,ABALROAMENTO LONGITUDINAL,2.0,1.0,1.0,1.0,1.0,1.0,1.0,1.0,1.0,0.0,1.0,Longo da via,Bom,Sem defeito,Perfeito estado,Seca,Perfeito estado,R-6a,30 km/h,Dupla,"1562, AV CAXANGA, Recife, Pernambuco, Brasil",-8.0498453,-34.9217568
9864,2019-11-05 11:45:00,SEM VÍTIMA,CORDEIRO,AV ENGENHEIRO ABDIAS DE CARVALHO,1325,375.0,CIDADE,COLISÃO TRASEIRA,1.0,1.0,1.0,1.0,1.0,1.0,1.0,1.0,1.0,0.0,1.0,Longo da via,Bom,Sem defeito,Perfeito estado,Seca,Perfeito estado,Outras,30 km/h,Dupla,"1325, AV ENGENHEIRO ABDIAS DE CARVALHO, Recife, Pernambuco, Brasil",-8.0617202,-34.9304282
3710,2019-04-27 10:59:00,SEM VÍTIMA,CORDEIRO,RUA HONORIO CORREIA,146,375.0,CIDADE,ABALROAMENTO LONGITUDINAL,2.0,1.0,1.0,1.0,1.0,1.0,1.0,1.0,1.0,0.0,1.0,Longo da via,Bom,Não existe,Incompleta,Seca,Perfeito estado,Outras,30 km/h,Única,"146, RUA HONORIO CORREIA, Recife, Pernambuco, Brasil",-8.0524918,-34.9209034
1402,2019-02-18 13:35:00,SEM VÍTIMA,CORDEIRO,AV ENGENHEIRO ABDIAS DE CARVALHO,1668,375.0,SUBURBIO,COLISÃO TRASEIRA,2.0,1.0,1.0,1.0,1.0,1.0,1.0,1.0,1.0,0.0,1.0,Longo da via,Bom,Sem defeito,Perfeito estado,Seca,Perfeito estado,Outras,30 km/h,Dupla,"1668, AV ENGENHEIRO ABDIAS DE CARVALHO, Recife, Pernambuco, Brasil",-8.0617202,-34.9304282
10629,2019-11-25 10:30:00,SEM VÍTIMA,CORDEIRO,EST DO FORTE DO ARRAIAL N. DO B. JESUS,122,375.0,SUBURBIO,ABALROAMENTO LONGITUDINAL,2.0,1.0,1.0,1.0,1.0,1.0,1.0,1.0,1.0,0.0,1.0,Longo da via,Bom,Não existe,Perfeito estado,Seca,Perfeito estado,Outras,30 km/h,Dupla,"122, EST DO FORTE DO ARRAIAL N. DO B. JESUS, Recife, Pernambuco, Brasil",-8.0617202,-34.9304282