,data_hora,natureza_acidente,bairro,endereco,numero,num_semaforo,sentido_via,tipo,auto,moto,ciclom,ciclista,pedestre,onibus,caminhao,viatura,outros,vitimas,vitimasfatais,acidente_verificado,tempo_clima,situacao_semaforo,sinalizacao,condicao_via,conservacao_via,situacao_placa,velocidade_max_via,mao_direcao,end,latitude,longitude
3531,2019-04-22 15:45:00,SEM VÍTIMA,CORDEIRO,AV CAXANGA, ,236.0,SUBURBIO,ABALROAMENTO LONGITUDINAL,2.0,1.0,1.0,1.0,1.0,1.0,1.0,1.0,1.0,0.0,1.0,Cruzamento,Bom,Sem defeito,Perfeito estado,Seca,Perfeito estado,Outras,30 km/h,Dupla," , AV CAXANGA, Recife, Pernambuco, Brasil",-8.0311907,-34.956089
2712,2019-03-28 08:57:00,SEM VÍTIMA,CORDEIRO,AV GENERAL SAN MARTIN,1083,236.0,SUBURBIO,ABALROAMENTO LONGITUDINAL,1.0,1.0,1.0,1.0,1.0,1.0,1.0,1.0,1.0,0.0,1.0,Longo da via,Nublado,Sem defeito,Perfeito estado,Seca,Perfeito estado,Placas Pare,30 km/h,Dupla,"1083, AV GENERAL SAN MARTIN, Recife, Pernambuco, Brasil",-8.0590704,-34.924561364848145
2162,2019-03-13 08:47:00,SEM VÍTIMA,CORDEIRO,RUA GOMES TABORDA, ,236.0,SUBURBIO,ABALROAMENTO LONGITUDINAL,2.0,1.0,1.0,1.0,1.0,1.0,1.0,1.0,1.0,0.0,1.0,Longo da via,Bom,Não existe,Perfeito estado,Seca,Perfeito estado,R-6a,40 km/h,Dupla," , RUA GOMES TABORDA, Recife, Pernambuco, Brasil",-8.0547737,-34.925923
7511,2019-08-30 15:23:00,COM VÍTIMA,CORDEIRO,RUA GOMES TABORDA,452,236.0,SUBURBIO,COLISÃO,1.0,1.0,1.0,1.0,1.0,1.0,1.0,1.0,1.0,1.0,1.0,Longo da via,Bom,Não existe,Perfeito estado,Seca,Perfeito estado,R-6a,40 km/h,Dupla,"452, RUA GOMES TABORDA, Recife, Pernambuco, Brasil",-8.0582481,-34.9140369
7493,2019-08-30 08:00:00,SEM VÍTIMA,CORDEIRO,RUA GREGORIO JUNIOR,156,236.0,SUBURBIO,ABALROAMENTO LONGITUDINAL,1.0,1.0,1.0,1.0,1.0,1.0,1.0,1.0,1.0,0.0,1.0,Cruzamento,Bom,Não existe,Incompleta,Seca,Mal conservada,Não há placas,40 km/h,Única,"156, RUA GREGORIO JUNIOR, Recife, Pernambuco, Brasil",-8.0527695,-34.9197316
7854,2019-09-10 14:54:00,SEM VÍTIMA,CORDEIRO,AV GENERAL SAN MARTIN, ,67.0,SUBURBIO,COLISÃO FRONTAL,1.0,1.0,1.0,1.0,1.0,1.0,1.0,1.0,1.0,0.0,1.0,Longo da via,Bom,Sem defeito,Perfeito estado,Seca,Perfeito estado,R-6a,40 km/h,Dupla," , AV GENERAL SAN MARTIN, Recife, Pernambuco, Brasil",-8.0713227,-34.9288578
11014,2019-12-04 09:59:00,SEM VÍTIMA,CORDEIRO,AV MAURICIO DE NASSAU, ,597.0,SUBURBIO,COLISÃO TRASEIRA,2.0,1.0,1.0,1.0,1.0,1.0,1.0,1.0,1.0,0.0,1.0,Longo da via,Bom,Sem defeito,Perfeito estado,Seca,Perfeito estado,Outras,40 km/h,Dupla," , AV MAURICIO DE NASSAU, Recife, Pernambuco, Brasil",-8.040333,-34.9277389
3813,2019-04-30 11:01:00,SEM VÍTIMA,CORDEIRO,AV INACIO MONTEIRO, ,597.0,SUBURBIO,COLISÃO TRASEIRA,3.0,1.0,1.0,1.0,1.0,1.0,1.0,1.0,1.0,0.0,1.0,Cruzamento,Bom,Não existe,Perfeito estado,Seca,Perfeito estado,Não há placas,40 km/h,Dupla," , AV INACIO MONTEIRO, Recife, Pernambuco, Brasil",-8.0535417,-34.9343381
2721,2019-03-28 11:39:00,COM VÍTIMA,CORDEIRO,AV ENGENHEIRO ABDIAS DE CARVALHO,2880,597.0,SUBURBIO,COLISÃO COM CICLISTA,1.0,1.0,1.0,1.0,1.0,1.0,1.0,1.0,1.0,1.0,1.0,Longo da via,Bom,Não existe,Perfeito estado,Seca,Perfeito estado,Não há placas,40 km/h,Dupla,"2880, AV ENGENHEIRO ABDIAS DE CARVALHO, Recife, Pernambuco, Brasil",-8.0604254,-34.9278941
1418,2019-02-19 07:03:00,COM VÍTIMA,CORDEIRO,RUA DR MIGUEL VIEIRA FERREIRA,210,597.0,SUBURBIO,ABALROAMENTO TRANSVERSAL,1.0,1.0,1.0,1.0,1.0,1.0,1.0,1.0,1.0,2.0,1.0,Cruzamento,Bom,Não existe,Perfeito estado,Seca,Perfeito estado,Outras,40 km/h,Dupla,"210, RUA DR MIGUEL VIEIRA FERREIRA, Recife, Pernambuco, Brasil",-8.0604254,-34.9278941
6998,2019-08-14 12:43:00,SEM VÍTIMA,CORDEIRO,RUA PADRE ANTONIO FERNANDES,85,597.0,CIDADE,CHOQUE VEÍCULO PARADO,1.0,1.0,1.0,1.0,1.0,1.0,1.0,1.0,1.0,0.0,1.0,Longo da via,Chuvoso,Não existe,Não existente,Molhada,Mal conservada,Não há placas,40 km/h,Dupla,"85, RUA PADRE ANTONIO FERNANDES, Recife, Pernambuco, Brasil",-8.052039,-34.919805
7200,2019-08-20 12:47:00,SEM VÍTIMA,CORDEIRO,EST DO FORTE DO ARRAIAL N. DO B. JESUS, ,597.0,SUBURBIO,ABALROAMENTO TRANSVERSAL,1.0,1.0,1.0,1.0,1.0,1.0,1.0,1.0,1.0,0.0,1.0,Cruzamento,Bom,Não existe,Perfeito estado,Seca,Perfeito estado,Outras,40 km/h,Dupla," , EST DO FORTE DO ARRAIAL N. DO B. JESUS, Recife, Pernambuco, Brasil",-8.052039,-34.919805
7541,2019-08-31 21:26:00,SEM VÍTIMA,CORDEIRO,AV CAXANGA,2925,597.0,CIDADE,COLISÃO TRASEIRA,2.0,1.0,1.0,1.0,1.0,1.0,1.0,1.0,1.0,0.0,1.0,Longo da via,Chuvoso,Não existe,Perfeito estado,Molhada,Perfeito estado,Não há placas,60 km/h,Dupla,"2925, AV CAXANGA, Recife, Pernambuco, Brasil",-8.0444887,-34.9326461
2578,2019-03-24 14:35:00,SEM VÍTIMA,CORDEIRO,AV GENERAL SAN MARTIN, ,597.0,SUBURBIO,ABALROAMENTO LONGITUDINAL,1.0,1.0,1.0,1.0,1.0,1.0,1.0,1.0,1.0,0.0,1.0,Longo da via,Bom,Não existe,Perfeito estado,Seca,Perfeito estado,Outras,40 km/h,Dupla," , AV GENERAL SAN MARTIN, Recife, Pernambuco, Brasil",-8.0713227,-34.9288578
1365,2019-02-16 19:38:00,COM VÍTIMA,CORDEIRO,AV INACIO MONTEIRO,280,597.0,SUBURBIO,ABALROAMENTO TRANSVERSAL,1.0,1.0,1.0,1.0,1.0,1.0,1.0,1.0,1.0,2.0,1.0,Cruzamento,Bom,Não existe,Perfeito estado,Seca,Perfeito estado,Não há placas,40 km/h,Dupla,"280, AV INACIO MONTEIRO, Recife, Pernambuco, Brasil",-8.0478022,-34.9314194
3506,2019-04-21 14:14:00,SEM VÍTIMA,CORDEIRO,AV CAXANGA, ,597.0,CIDADE,COLISÃO TRASEIRA,2.0,1.0,1.0,1.0,1.0,1.0,1.0,1.0,1.0,0.0,1.0,Longo da via,Bom,Não existe,Perfeito estado,Seca,Perfeito estado,Não há placas,60 km/h,Dupla," , AV CAXANGA, Recife, Pernambuco, Brasil",-8.0311907,-34.956089
2573,2019-03-24 02:03:00,SEM VÍTIMA,CORDEIRO,RUA GOMES TABORDA, ,597.0,SUBURBIO,ABALROAMENTO TRANSVERSAL,2.0,1.0,1.0,1.0,1.0,1.0,1.0,1.0,1.0,0.0,1.0,Cruzamento,Bom,Não existe,Incompleta,Seca,Perfeito estado,Não há placas,60 km/h,Dupla," , RUA GOMES TABORDA, Recife, Pernambuco, Brasil",-8.0547737,-34.925923
11923,2019-12-26 11:12:00,SEM VÍTIMA,CORDEIRO,AV GENERAL SAN MARTIN, ,67.0,SUBURBIO,ABALROAMENTO LONGITUDINAL,2.0,1.0,1.0,1.0,1.0,1.0,1.0,1.0,1.0,0.0,1.0,Cruzamento,Bom,Sem defeito,Perfeito estado,Seca,Perfeito estado,Não há placas,60 km/h,Dupla," , AV GENERAL SAN MARTIN, Recife, Pernambuco, Brasil",-8.0713227,-34.9288578
2158,2019-03-13 08:15:00,SEM VÍTIMA,CORDEIRO,RUA CAPITAO JOAO ROMA, ,67.0,CIDADE,CHOQUE VEÍCULO PARADO,1.0,1.0,1.0,1.0,1.0,1.0,1.0,1.0,1.0,0.0,1.0,Longo da via,Bom,Não existe,Não existente,Seca,Mal conservada,Não há placas,60 km/h,Dupla," , RUA CAPITAO JOAO ROMA, Recife, Pernambuco, Brasil",-8.0562443,-34.9249131
9938,2019-11-07 09:57:00,COM VÍTIMA,CORDEIRO,AV CAXANGA, ,67.0,CIDADE,ATROPELAMENTO,1.0,1.0,1.0,1.0,1.0,1.0,1.0,1.0,1.0,1.0,1.0,Longo da via,Bom,Não existe,Perfeito estado,Seca,Perfeito estado,R-6a,60 km/h,Dupla," , AV CAXANGA, Recife, Pernambuco, Brasil",-8.0311907,-34.956089
10538,2019-11-22 11:24:00,SEM VÍTIMA,CORDEIRO,EST DO FORTE DO ARRAIAL N. DO B. JESUS, ,249.0,CIDADE,COLISÃO TRASEIRA,2.0,1.0,1.0,1.0,1.0,1.0,1.0,1.0,1.0,0.0,1.0,Cruzamento,Bom,Sem defeito,Perfeito estado,Seca,Perfeito estado,R-6c,40 km/h,Dupla," , EST DO FORTE DO ARRAIAL N. DO B. JESUS, Recife, Pernambuco, Brasil",-8.0311907,-34.956089
8836,2019-10-08 06:16:00,SEM VÍTIMA,CURADO,RUA ONZE DE AGOSTO, ,440.0,CIDADE,COLISÃO,2.0,1.0,1.0,1.0,1.0,1.0,1.0,1.0,1.0,0.0,1.0,Cruzamento,Bom,Sem defeito,Perfeito estado,Seca,Perfeito estado,R-6c,40 km/h,Dupla," , RUA ONZE DE AGOSTO, Recife, Pernambuco, Brasil",-8.0809108,-34.9689655
667,2019-01-26 08:09:00,SEM VÍTIMA,CURADO,RUA MINISTRO MARIO ANDREAZZA,155,440.0,CIDADE,COLISÃO TRASEIRA,2.0,1.0,1.0,1.0,1.0,1.0,1.0,1.0,1.0,0.0,1.0,Cruzamento,Bom,Não existe,Incompleta,Seca,Perfeito estado,Placas Pare,40 km/h,Dupla,"155, RUA MINISTRO MARIO ANDREAZZA, Recife, Pernambuco, Brasil",-8.0651087,-34.9875572
1385,2019-02-17 21:03:00,SEM VÍTIMA,CURADO,AV PREFEITO ANTONIO PEREIRA, ,440.0,CIDADE,COLISÃO,1.0,1.0,1.0,1.0,1.0,1.0,1.0,1.0,1.0,0.0,1.0,Cruzamento,Bom,Não existe,Incompleta,Seca,Perfeito estado,Placas Pare,40 km/h,Dupla," , AV PREFEITO ANTONIO PEREIRA, Recife, Pernambuco, Brasil",-8.0683254,-34.9848649
10145,2019-11-12 10:36:00,SEM VÍTIMA,CURADO,AV PREFEITO ANTONIO PEREIRA, ,440.0,CIDADE,ABALROAMENTO LONGITUDINAL,1.0,1.0,1.0,1.0,1.0,1.0,1.0,1.0,1.0,0.0,1.0,Cruzamento,Bom,Não existe,Não existente,Seca,Perfeito estado,Não há placas,60 km/h,Dupla," , AV PREFEITO ANTONIO PEREIRA, Recife, Pernambuco, Brasil",-8.0683254,-34.9848649
11911,2019-12-26 06:46:00,SEM VÍTIMA,CURADO,AV PREFEITO ANTONIO PEREIRA, ,440.0,CIDADE,ABALROAMENTO LONGITUDINAL,1.0,1.0,1.0,1.0,1.0,1.0,1.0,1.0,1.0,0.0,1.0,Cruzamento,Bom,Não existe,Não existente,Seca,Perfeito estado,Não há placas,60 km/h,Dupla," , AV PREFEITO ANTONIO PEREIRA, Recife, Pernambuco, Brasil",-8.0683254,-34.9848649
2287,2019-03-16 08:23:00,SEM VÍTIMA,CURADO,AV LIBERDADE, ,440.0,CIDADE,COLISÃO TRASEIRA,1.0,1.0,1.0,1.0,1.0,1.0,1.0,1.0,1.0,0.0,1.0,Longo da via,Bom,Sem defeito,Perfeito estado,Seca,Perfeito estado,Placas Pare,60 km/h,Dupla," , AV LIBERDADE, Recife, Pernambuco, Brasil",-8.0871651,-34.952667
10324,2019-11-17 05:42:00,COM VÍTIMA,CURADO,RUA DR GEORGE WILLIAM BUTLER,663,440.0,CIDADE,COLISÃO,1.0,1.0,1.0,1.0,1.0,1.0,1.0,1.0,1.0,1.0,1.0,Longo da via,Bom,Não existe,Não existente,Seca,Perfeito estado,Não há placas,60 km/h,Dupla,"663, RUA DR GEORGE WILLIAM BUTLER, Recife, Pernambuco, Brasil",-8.0871651,-34.952667
10756,2019-11-28 13:58:00,SEM VÍTIMA,CURADO,RUA DR GEORGE WILLIAM BUTLER, ,440.0,CIDADE,COLISÃO,2.0,1.0,1.0,1.0,1.0,1.0,1.0,1.0,1.0,0.0,1.0,Longo da via,Bom,Não existe,Não existente,Seca,Perfeito estado,Não há placas,60 km/h,Dupla," , RUA DR GEORGE WILLIAM BUTLER, Recife, Pernambuco, Brasil",-8.0871651,-34.952667
11233,2019-12-08 20:01:00,SEM VÍTIMA,CURADO,AV PREFEITO ANTONIO PEREIRA, ,440.0,SUBURBIO,ABALROAMENTO TRANSVERSAL,1.0,1.0,1.0,1.0,1.0,1.0,1.0,1.0,1.0,0.0,1.0,Cruzamento,Bom,Não existe,Perfeito estado,Seca,Perfeito estado,Não há placas,60 km/h,Única," , AV PREFEITO ANTONIO PEREIRA, Recife, Pernambuco, Brasil",-8.0683254,-34.9848649
9044,2019-10-13 20:58:00,SEM VÍTIMA,CURADO,AV PREFEITO ANTONIO PEREIRA, ,440.0,CIDADE,COLISÃO TRASEIRA,2.0,1.0,1.0,1.0,1.0,1.0,1.0,1.0,1.0,0.0,1.0,Longo da via,Chuvoso,Não existe,Incompleta,Molhada,Mal conservada,Outras,60 km/h,Dupla," , AV PREFEITO ANTONIO PEREIRA, Recife, Pernambuco, Brasil",-8.0683254,-34.9848649
1811,2019-03-01 08:50:00,SEM VÍTIMA,CURADO,RUA DR GEORGE WILLIAM BUTLER, ,440.0,FAIXA DA DIREITA,COLISÃO,2.0,1.0,1.0,1.0,1.0,1.0,1.0,1.0,1.0,0.0,1.0,Longo da via,Chuvoso,Não existe,Incompleta,Molhada,Mal conservada,Outras,60 km/h,Dupla," , RUA DR GEORGE WILLIAM BUTLER, Recife, Pernambuco, Brasil",-8.0683254,-34.9848649
1403,2019-02-18 14:09:00,SEM VÍTIMA,CURADO,RUA CORONEL FERNANDO MACHADO,445,440.0,FAIXA DA DIREITA,CHOQUE VEÍCULO PARADO,2.0,1.0,1.0,1.0,1.0,1.0,2.0,1.0,2.0,0.0,1.0,Longo da via,Bom,Não existe,Não existente,Seca,Mal conservada,Não há placas,60 km/h,Dupla,"445, RUA CORONEL FERNANDO MACHADO, Recife, Pernambuco, Brasil",-8.0735372,-34.9382579
10229,2019-11-14 08:55:00,SEM VÍTIMA,CURADO,RUA JUNDIAI,438,440.0,SUBURBIO,COLISÃO,2.0,1.0,1.0,1.0,1.0,1.0,2.0,1.0,2.0,0.0,1.0,Longo da via,Bom,Não existe,Não existente,Seca,Mal conservada,Não há placas,60 km/h,Dupla,"438, RUA JUNDIAI, Recife, Pernambuco, Brasil",-7.7393456,-34.8314542
3252,2019-04-12 15:14:00,SEM VÍTIMA,CURADO,AV GETULIO VARGAS,7316,440.0,SUBURBIO,ENGAVETAMENTO,2.0,1.0,1.0,1.0,1.0,1.0,2.0,1.0,2.0,0.0,1.0,Longo da via,Bom,Não existe,Não existente,Seca,Mal conservada,Não há placas,60 km/h,Dupla,"7316, AV GETULIO VARGAS, Recife, Pernambuco, Brasil",-7.9583913,-34.8307916
7291,2019-08-23 00:27:00,SEM VÍTIMA,CURADO,RUA MINISTRO MARIO ANDREAZZA, ,440.0,SUBURBIO,ABALROAMENTO TRANSVERSAL,2.0,1.0,1.0,1.0,1.0,2.0,2.0,1.0,2.0,0.0,1.0,Longo da via,Chuvoso,Não existe,Perfeito estado,Molhada,Perfeito estado,Não há placas,60 km/h,Dupla," , RUA MINISTRO MARIO ANDREAZZA, Recife, Pernambuco, Brasil",-8.0651087,-34.9875572
4356,2019-05-18 11:46:00,COM VÍTIMA,CURADO,AV LIBERDADE,1389,440.0,SUBURBIO,ABALROAMENTO LONGITUDINAL,1.0,1.0,1.0,1.0,1.0,2.0,2.0,1.0,2.0,1.0,1.0,Longo da via,Bom,Não existe,Incompleta,Seca,Perfeito estado,Não há placas,60 km/h,Dupla,"1389, AV LIBERDADE, Recife, Pernambuco, Brasil",-8.081547,-34.9650923
5076,2019-06-10 16:16:00,SEM VÍTIMA,CURADO,AV PREFEITO ANTONIO PEREIRA, ,440.0,SUBURBIO,COLISÃO,2.0,1.0,1.0,1.0,1.0,2.0,2.0,1.0,2.0,0.0,1.0,Longo da via,Bom,Não existe,Incompleta,Seca,Perfeito estado,Não há placas,60 km/h,Dupla," , AV PREFEITO ANTONIO PEREIRA, Recife, Pernambuco, Brasil",-8.0683254,-34.9848649
11645,2019-12-18 14:55:00,SEM VÍTIMA,CURADO,AV PROFESSOR LUIZ FREIRE,163,440.0,SUBURBIO,COLISÃO TRASEIRA,2.0,1.0,1.0,1.0,1.0,2.0,2.0,1.0,2.0,0.0,1.0,Longo da via,Bom,Não existe,Incompleta,Seca,Perfeito estado,Não há placas,60 km/h,Dupla,"163, AV PROFESSOR LUIZ FREIRE, Recife, Pernambuco, Brasil",-8.0583168,-34.9501511
1187,2019-02-12 07:03:00,SEM VÍTIMA,CURADO,RUA DR GEORGE WILLIAM BUTLER,863,440.0,SUBURBIO,COLISÃO,2.0,1.0,1.0,1.0,1.0,1.0,2.0,1.0,2.0,0.0,1.0,Longo da via,Bom,Não existe,Incompleta,Seca,Perfeito estado,Não há placas,60 km/h,Dupla,"863, RUA DR GEORGE WILLIAM BUTLER, Recife, Pernambuco, Brasil",-8.0583168,-34.9501511
11709,2019-12-19 22:17:00,SEM VÍTIMA,CÓRREGO DO JENIPAPO,RUA ERUNDINA NEGREIROS DE ARAUJO,72,440.0,SUBURBIO,ABALROAMENTO LONGITUDINAL,1.0,1.0,1.0,1.0,1.0,1.0,2.0,1.0,2.0,0.0,1.0,Longo da via,Bom,Não existe,Não existente,Seca,Perfeito estado,Não há placas,60 km/h,Dupla,"72, RUA ERUNDINA NEGREIROS DE ARAUJO, Recife, Pernambuco, Brasil",-8.0082698,-34.9362043
3390,2019-04-16 18:22:00,COM VÍTIMA,CÓRREGO DO JENIPAPO,RUA DAS FLORES,90,440.0,SUBURBIO,COLISÃO,1.0,1.0,1.0,1.0,1.0,1.0,2.0,1.0,2.0,2.0,1.0,Longo da via,Bom,Não existe,Não existente,Seca,Perfeito estado,Não há placas,60 km/h,Dupla,"90, RUA DAS FLORES, Recife, Pernambuco, Brasil",-7.7429975,-34.8277089
10660,2019-11-25 22:08:00,SEM VÍTIMA,CÓRREGO DO JENIPAPO,RUA FRANCISCO CAMPOS,90,440.0,SUBURBIO,COLISÃO,2.0,1.0,1.0,1.0,1.0,1.0,2.0,1.0,2.0,0.0,1.0,Longo da via,Bom,Não existe,Não existente,Seca,Perfeito estado,Não há placas,60 km/h,Dupla,"90, RUA FRANCISCO CAMPOS, Recife, Pernambuco, Brasil",-8.0084241,-34.936765
5638,2019-06-28 22:41:00,SEM VÍTIMA,CÓRREGO DO JENIPAPO,RUA ALTO FORMOSO, ,440.0,SUBURBIO,ABALROAMENTO LONGITUDINAL,1.0,1.0,1.0,1.0,1.0,1.0,2.0,1.0,2.0,0.0,1.0,Longo da via,Chuvoso,Não existe,Não existente,Molhada,Mal iluminada,Não há placas,60 km/h,Dupla," , RUA ALTO FORMOSO, Recife, Pernambuco, Brasil",-8.0126948,-34.9071023
733,2019-01-29 14:00:00,SEM VÍTIMA,CÓRREGO DO JENIPAPO,RUA DA DEMOCRACIA,18,440.0,SUBURBIO,ABALROAMENTO LONGITUDINAL,1.0,1.0,1.0,1.0,1.0,1.0,2.0,1.0,2.0,0.0,1.0,Longo da via,Bom,Não existe,Perfeito estado,Seca,Perfeito estado,Não há placas,40 km/h,Dupla,"18, RUA DA DEMOCRACIA, Recife, Pernambuco, Brasil",-8.0068767,-34.9368949
11140,2019-12-06 13:26:00,SEM VÍTIMA,CÓRREGO DO JENIPAPO,RUA DA DEMOCRACIA,35,440.0,SUBURBIO,ABALROAMENTO TRANSVERSAL,1.0,1.0,1.0,1.0,1.0,1.0,2.0,1.0,2.0,0.0,1.0,Longo da via,Bom,Não existe,Não existente,Seca,Perfeito estado,Não há placas,40 km/h,Dupla,"35, RUA DA DEMOCRACIA, Recife, Pernambuco, Brasil",-8.0068767,-34.9368949
7472,2019-08-29 14:32:00,SEM VÍTIMA,CÓRREGO DO JENIPAPO,RUA ERUNDINA NEGREIROS DE ARAUJO, ,440.0,SUBURBIO,ABALROAMENTO LONGITUDINAL,1.0,1.0,1.0,1.0,1.0,1.0,1.0,1.0,2.0,0.0,1.0,Longo da via,Bom,Não existe,Não existente,Seca,Perfeito estado,Não há placas,40 km/h,Dupla," , RUA ERUNDINA NEGREIROS DE ARAUJO, Recife, Pernambuco, Brasil",-8.0082698,-34.9362043
5564,2019-06-26 19:51:00,COM VÍTIMA,CÓRREGO DO JENIPAPO,AV DA RECUPERACAO,280,440.0,SUBURBIO,ABALROAMENTO LONGITUDINAL,1.0,1.0,1.0,1.0,1.0,1.0,1.0,1.0,2.0,2.0,1.0,Longo da via,Bom,Não existe,Não existente,Seca,Mal iluminada,Não há placas,40 km/h,Dupla,"280, AV DA RECUPERACAO, Recife, Pernambuco, Brasil",-8.0166602,-34.9408652
2256,2019-03-15 13:20:00,SEM VÍTIMA,CÓRREGO DO JENIPAPO,RUA ERUNDINA NEGREIROS DE ARAUJO,203,440.0,SUBURBIO,CHOQUE VEÍCULO PARADO,1.0,1.0,1.0,1.0,1.0,1.0,1.0,1.0,2.0,0.0,1.0,Longo da via,Bom,Não existe,Não existente,Seca,Mal conservada,Não há placas,40 km/h,Dupla,"203, RUA ERUNDINA NEGREIROS DE ARAUJO, Recife, Pernambuco, Brasil",-8.0082698,-34.9362043
11933,2019-12-26 13:59:00,SEM VÍTIMA,DERBY,AV GOVERNADOR AGAMENON MAGALHAES, ,417.0,SUBURBIO,COLISÃO TRASEIRA,3.0,1.0,1.0,1.0,1.0,1.0,1.0,1.0,2.0,0.0,1.0,Longo da via,Bom,Sem defeito,Perfeito estado,Seca,Perfeito estado,Não há placas,60 km/h,Dupla," , AV GOVERNADOR AGAMENON MAGALHAES, Recife, Pernambuco, Brasil",-8.0615339,-34.8974443
6696,2019-08-05 09:53:00,SEM VÍTIMA,DERBY,PRC DO DERBY, ,417.0,CIDADE,ABALROAMENTO LONGITUDINAL,1.0,1.0,1.0,1.0,1.0,1.0,1.0,1.0,2.0,0.0,1.0,Cruzamento,Bom,Sem defeito,Perfeito estado,Seca,Perfeito estado,Outras,60 km/h,Única," , PRC DO DERBY, Recife, Pernambuco, Brasil",-8.0615339,-34.8974443
4007,2019-05-07 08:24:00,SEM VÍTIMA,DERBY,PRC DO DERBY, ,417.0,CIDADE,ABALROAMENTO LONGITUDINAL,1.0,1.0,1.0,1.0,1.0,1.0,1.0,1.0,2.0,0.0,1.0,Longo da via,Bom,Sem defeito,Perfeito estado,Seca,Perfeito estado,Outras,60 km/h,Única," , PRC DO DERBY, Recife, Pernambuco, Brasil",-8.0615339,-34.8974443
9711,2019-10-31 22:19:00,SEM VÍTIMA,DERBY,RUA JOAQUIM NABUCO, ,174.0,SUBURBIO,ABALROAMENTO LONGITUDINAL,2.0,1.0,1.0,1.0,1.0,1.0,1.0,1.0,2.0,0.0,1.0,Longo da via,Bom,Sem defeito,Perfeito estado,Seca,Perfeito estado,Não há placas,60 km/h,Única," , RUA JOAQUIM NABUCO, Recife, Pernambuco, Brasil",-8.0524615,-34.8995139
4005,2019-05-07 07:04:00,SEM VÍTIMA,DERBY,PRC DO DERBY,201,174.0,CIDADE,ABALROAMENTO TRANSVERSAL,1.0,1.0,1.0,1.0,1.0,1.0,1.0,1.0,2.0,0.0,1.0,Longo da via,Bom,Não existe,Perfeito estado,Seca,Perfeito estado,Não há placas,60 km/h,Única,"201, PRC DO DERBY, Recife, Pernambuco, Brasil",-8.0524615,-34.8995139
2431,2019-03-20 10:36:00,SEM VÍTIMA,DERBY,PRC DO DERBY, ,40.0,SUBURBIO,COLISÃO TRASEIRA,1.0,1.0,1.0,1.0,1.0,1.0,1.0,1.0,2.0,0.0,1.0,Longo da via,Bom,Sem defeito,Perfeito estado,Seca,Perfeito estado,Não há placas,60 km/h,Dupla," , PRC DO DERBY, Recife, Pernambuco, Brasil",-8.0524615,-34.8995139
329,2019-01-13 02:55:00,SEM VÍTIMA,DERBY,AV GOVERNADOR AGAMENON MAGALHAES, ,40.0,SUBURBIO,ABALROAMENTO TRANSVERSAL,2.0,1.0,1.0,1.0,1.0,1.0,1.0,1.0,2.0,0.0,1.0,Cruzamento,Chuvoso,Sem defeito,Perfeito estado,Molhada,Perfeito estado,Outras,60 km/h,Dupla," , AV GOVERNADOR AGAMENON MAGALHAES, Recife, Pernambuco, Brasil",-8.0615339,-34.8974443
11827,2019-12-23 09:07:00,SEM VÍTIMA,DERBY,AV GOVERNADOR AGAMENON MAGALHAES, ,75.0,SUBURBIO,COLISÃO FRONTAL,1.0,1.0,1.0,1.0,1.0,1.0,1.0,1.0,2.0,0.0,1.0,Cruzamento,Bom,Sem defeito,Perfeito estado,Seca,Perfeito estado,Não há placas,60 km/h,Dupla," , AV GOVERNADOR AGAMENON MAGALHAES, Recife, Pernambuco, Brasil",-8.0615339,-34.8974443
11342,2019-12-11 11:05:00,SEM VÍTIMA,DERBY,RUA HENRIQUE DIAS, ,68.0,SUBURBIO,ABALROAMENTO LONGITUDINAL,2.0,1.0,1.0,1.0,1.0,1.0,1.0,1.0,2.0,0.0,1.0,Cruzamento,Bom,Sem defeito,Perfeito estado,Seca,Perfeito estado,Outras,60 km/h,Dupla," , RUA HENRIQUE DIAS, Recife, Pernambuco, Brasil",-8.0588832,-34.897815
7560,2019-09-02 03:41:00,SEM VÍTIMA,DERBY,AV GOVERNADOR AGAMENON MAGALHAES, ,173.0,SUBURBIO,ABALROAMENTO LONGITUDINAL,2.0,1.0,1.0,1.0,1.0,1.0,1.0,1.0,2.0,0.0,1.0,Cruzamento,Chuvoso,Sem defeito,Perfeito estado,Molhada,Perfeito estado,Não há placas,60 km/h,Dupla," , AV GOVERNADOR AGAMENON MAGALHAES, Recife, Pernambuco, Brasil",-8.0615339,-34.8974443
1593,2019-02-23 10:10:00,SEM VÍTIMA,DERBY,AV GOVERNADOR AGAMENON MAGALHAES,2291,68.0,SUBURBIO,COLISÃO TRASEIRA,3.0,1.0,1.0,1.0,1.0,1.0,1.0,1.0,2.0,0.0,1.0,Longo da via,Bom,Sem defeito,Perfeito estado,Seca,Perfeito estado,R-6a,60 km/h,Dupla,"2291, AV GOVERNADOR AGAMENON MAGALHAES, Recife, Pernambuco, Brasil",-8.0603778,-34.8980782
9982,2019-11-08 09:03:00,COM VÍTIMA,DERBY,RUA DA BAIXA VERDE,449,68.0,SUBURBIO,ABALROAMENTO TRANSVERSAL,2.0,1.0,1.0,1.0,1.0,1.0,1.0,1.0,2.0,1.0,1.0,Cruzamento,Bom,Não existe,Perfeito estado,Seca,Perfeito estado,R-6a,60 km/h,Única,"449, RUA DA BAIXA VERDE, Recife, Pernambuco, Brasil",-8.0552069,-34.8993223