,data_hora,natureza_acidente,bairro,endereco,numero,num_semaforo,sentido_via,tipo,auto,moto,ciclom,ciclista,pedestre,onibus,caminhao,viatura,outros,vitimas,vitimasfatais,acidente_verificado,tempo_clima,situacao_semaforo,sinalizacao,condicao_via,conservacao_via,situacao_placa,velocidade_max_via,mao_direcao,end,latitude,longitude
3234,2019-04-12 08:50:00,SEM VÍTIMA,DERBY,AV GOVERNADOR AGAMENON MAGALHAES,7,68.0,SUBURBIO,ABALROAMENTO LONGITUDINAL,2.0,1.0,1.0,1.0,1.0,1.0,1.0,1.0,2.0,0.0,1.0,Longo da via,Chuvoso,Sem defeito,Perfeito estado,Molhada,Perfeito estado,Não há placas,60 km/h,Dupla,"7, AV GOVERNADOR AGAMENON MAGALHAES, Recife, Pernambuco, Brasil",-8.0603778,-34.8980782
360,2019-01-14 15:01:00,SEM VÍTIMA,DERBY,AV GOVERNADOR AGAMENON MAGALHAES, ,174.0,SUBURBIO,COLISÃO TRASEIRA,1.0,1.0,1.0,1.0,1.0,1.0,1.0,1.0,2.0,0.0,1.0,Longo da via,Bom,Sem defeito,Perfeito estado,Seca,Perfeito estado,Não há placas,60 km/h,Dupla," , AV GOVERNADOR AGAMENON MAGALHAES, Recife, Pernambuco, Brasil",-8.0615339,-34.8974443
4008,2019-05-07 08:58:00,SEM VÍTIMA,DERBY,AV GOVERNADOR AGAMENON MAGALHAES,138,174.0,SUBURBIO,COLISÃO TRASEIRA,3.0,1.0,1.0,1.0,1.0,1.0,1.0,1.0,2.0,0.0,1.0,Longo da via,Bom,Sem defeito,Perfeito estado,Seca,Perfeito estado,Não há placas,60 km/h,Dupla,"138, AV GOVERNADOR AGAMENON MAGALHAES, Recife, Pernambuco, Brasil",-8.0603778,-34.8980782
1184,2019-02-11 23:16:00,SEM VÍTIMA,DERBY,PRC DO DERBY, ,174.0,CIDADE,COLISÃO TRASEIRA,1.0,1.0,1.0,1.0,1.0,1.0,1.0,1.0,2.0,0.0,1.0,Longo da via,Bom,Sem defeito,Perfeito estado,Seca,Perfeito estado,Não há placas,60 km/h,Dupla," , PRC DO DERBY, Recife, Pernambuco, Brasil",-8.0603778,-34.8980782
9709,2019-10-31 21:07:00,SEM VÍTIMA,DERBY,RUA JENER DE SOUZA, ,418.0,CIDADE,COLISÃO TRASEIRA,1.0,1.0,1.0,1.0,1.0,1.0,1.0,1.0,2.0,0.0,1.0,Cruzamento,Bom,Sem defeito,Perfeito estado,Seca,Perfeito estado,R-6a,60 km/h,Dupla," , RUA JENER DE SOUZA, Recife, Pernambuco, Brasil",-8.0583675,-34.9000085
1706,2019-02-26 16:36:00,SEM VÍTIMA,DERBY,RUA JOAQUIM NABUCO, ,418.0,CIDADE,COLISÃO,2.0,1.0,1.0,1.0,1.0,1.0,1.0,1.0,2.0,0.0,1.0,Cruzamento,Bom,Sem defeito,Perfeito estado,Seca,Perfeito estado,R-6a,60 km/h,Dupla," , RUA JOAQUIM NABUCO, Recife, Pernambuco, Brasil",-8.0524615,-34.8995139
8383,2019-09-25 15:44:00,SEM VÍTIMA,DERBY,PTE ESTACIO COIMBRA, ,418.0,CIDADE,CHOQUE VEÍCULO PARADO,3.0,1.0,1.0,1.0,1.0,1.0,1.0,1.0,2.0,0.0,1.0,Ponte,Bom,Não existe,Perfeito estado,Seca,Perfeito estado,Não há placas,60 km/h,Dupla," , PTE ESTACIO COIMBRA, Recife, Pernambuco, Brasil",-8.0524615,-34.8995139
1769,2019-02-28 07:51:00,SEM VÍTIMA,DERBY,AV GOVERNADOR AGAMENON MAGALHAES, ,418.0,CIDADE,ABALROAMENTO LONGITUDINAL,2.0,1.0,1.0,1.0,1.0,1.0,1.0,1.0,2.0,0.0,1.0,Longo da via,Bom,Sem defeito,Perfeito estado,Seca,Perfeito estado,Não há placas,60 km/h,Dupla," , AV GOVERNADOR AGAMENON MAGALHAES, Recife, Pernambuco, Brasil",-8.0615339,-34.8974443
2421,2019-03-19 22:29:00,SEM VÍTIMA,DERBY,AV GOVERNADOR AGAMENON MAGALHAES, ,417.0,CIDADE,ABALROAMENTO LONGITUDINAL,1.0,1.0,1.0,1.0,1.0,1.0,1.0,1.0,2.0,0.0,1.0,Longo da via,Bom,Sem defeito,Perfeito estado,Seca,Perfeito estado,Não há placas,60 km/h,Dupla," , AV GOVERNADOR AGAMENON MAGALHAES, Recife, Pernambuco, Brasil",-8.0615339,-34.8974443
5230,2019-06-14 16:51:00,SEM VÍTIMA,DERBY,AV GOVERNADOR CARLOS DE LIMA CAVALCANTI, ,75.0,CIDADE,COLISÃO TRASEIRA,1.0,1.0,1.0,1.0,1.0,1.0,1.0,1.0,2.0,0.0,1.0,Ponte,Bom,Sem defeito,Perfeito estado,Seca,Perfeito estado,Não há placas,40 km/h,Dupla," , AV GOVERNADOR CARLOS DE LIMA CAVALCANTI, Recife, Pernambuco, Brasil",-8.0562075,-34.8964065
5656,2019-06-29 19:51:00,SEM VÍTIMA,DERBY,RUA JOAQUIM NABUCO, ,174.0,SUBURBIO,ABALROAMENTO LONGITUDINAL,2.0,1.0,1.0,1.0,1.0,1.0,1.0,1.0,2.0,0.0,1.0,Longo da via,Bom,Sem defeito,Perfeito estado,Seca,Perfeito estado,Não há placas,40 km/h,Única," , RUA JOAQUIM NABUCO, Recife, Pernambuco, Brasil",-8.0524615,-34.8995139
7933,2019-09-12 14:41:00,SEM VÍTIMA,DERBY,PRC DO DERBY, ,174.0,SUBURBIO,ABALROAMENTO TRANSVERSAL,1.0,1.0,1.0,1.0,1.0,1.0,1.0,1.0,2.0,0.0,1.0,Longo da via,Bom,Não existe,Não existente,Seca,Perfeito estado,Não há placas,30 km/h,Dupla," , PRC DO DERBY, Recife, Pernambuco, Brasil",-8.0524615,-34.8995139
7737,2019-09-06 18:39:00,SEM VÍTIMA,DERBY,AV GOVERNADOR AGAMENON MAGALHAES, ,174.0,SUBURBIO,COLISÃO TRASEIRA,1.0,1.0,1.0,1.0,1.0,1.0,1.0,1.0,2.0,0.0,1.0,Longo da via,Bom,Sem defeito,Perfeito estado,Seca,Perfeito estado,Não há placas,30 km/h,Única," , AV GOVERNADOR AGAMENON MAGALHAES, Recife, Pernambuco, Brasil",-8.0615339,-34.8974443
3161,2019-04-10 09:40:00,SEM VÍTIMA,DERBY,AV GOVERNADOR AGAMENON MAGALHAES,138,174.0,SUBURBIO,ABALROAMENTO LONGITUDINAL,1.0,1.0,1.0,1.0,1.0,1.0,1.0,1.0,2.0,0.0,1.0,Longo da via,Bom,Sem defeito,Perfeito estado,Seca,Perfeito estado,Outras,60 km/h,Dupla,"138, AV GOVERNADOR AGAMENON MAGALHAES, Recife, Pernambuco, Brasil",-8.0603778,-34.8980782
11025,2019-12-04 13:18:00,SEM VÍTIMA,DERBY,AV GOVERNADOR AGAMENON MAGALHAES, ,174.0,SUBURBIO,ABALROAMENTO LONGITUDINAL,2.0,1.0,1.0,1.0,1.0,1.0,1.0,1.0,2.0,0.0,1.0,Longo da via,Bom,Não existe,Perfeito estado,Seca,Perfeito estado,Não há placas,60 km/h,Dupla," , AV GOVERNADOR AGAMENON MAGALHAES, Recife, Pernambuco, Brasil",-8.0615339,-34.8974443
8312,2019-09-23 16:17:00,SEM VÍTIMA,DERBY,AV GOVERNADOR AGAMENON MAGALHAES, ,74.0,SUBURBIO,COLISÃO TRASEIRA,4.0,1.0,1.0,1.0,1.0,1.0,1.0,1.0,1.0,0.0,1.0,Cruzamento,Bom,Sem defeito,Perfeito estado,Seca,Perfeito estado,Outras,60 km/h,Dupla," , AV GOVERNADOR AGAMENON MAGALHAES, Recife, Pernambuco, Brasil",-8.0615339,-34.8974443
5641,2019-06-29 05:18:00,SEM VÍTIMA,DERBY,AV GOVERNADOR AGAMENON MAGALHAES, ,74.0,SUBURBIO,COLISÃO,2.0,1.0,1.0,1.0,1.0,1.0,1.0,1.0,1.0,0.0,1.0,Cruzamento,Bom,Sem defeito,Perfeito estado,Seca,Perfeito estado,Outras,60 km/h,Dupla," , AV GOVERNADOR AGAMENON MAGALHAES, Recife, Pernambuco, Brasil",-8.0615339,-34.8974443
3160,2019-04-10 09:36:00,SEM VÍTIMA,DERBY,AV GOVERNADOR AGAMENON MAGALHAES, ,74.0,SUBURBIO,COLISÃO,2.0,1.0,1.0,1.0,1.0,1.0,1.0,1.0,1.0,0.0,1.0,Cruzamento,Bom,Sem defeito,Perfeito estado,Seca,Perfeito estado,Outras,60 km/h,Dupla," , AV GOVERNADOR AGAMENON MAGALHAES, Recife, Pernambuco, Brasil",-8.0615339,-34.8974443
1214,2019-02-12 17:13:00,SEM VÍTIMA,DERBY,RUA SPORT CLUBE DO RECIFE,98,74.0,SUBURBIO,ABALROAMENTO LONGITUDINAL,1.0,1.0,1.0,1.0,1.0,1.0,1.0,1.0,1.0,0.0,1.0,Longo da via,Bom,Não existe,Perfeito estado,Seca,Perfeito estado,R-6a,60 km/h,Dupla,"98, RUA SPORT CLUBE DO RECIFE, Recife, Pernambuco, Brasil",-8.0615339,-34.8974443
6412,2019-07-26 15:45:00,SEM VÍTIMA,DERBY,AV GOVERNADOR AGAMENON MAGALHAES, ,74.0,SUBURBIO,COLISÃO TRASEIRA,2.0,1.0,1.0,1.0,1.0,1.0,1.0,1.0,1.0,0.0,1.0,Longo da via,Chuvoso,Não existe,Perfeito estado,Molhada,Perfeito estado,Não há placas,60 km/h,Dupla," , AV GOVERNADOR AGAMENON MAGALHAES, Recife, Pernambuco, Brasil",-8.0615339,-34.8974443
3153,2019-04-10 08:06:00,COM VÍTIMA,DERBY,AV GOVERNADOR AGAMENON MAGALHAES, ,74.0,OLINDA,COLISÃO,2.0,1.0,1.0,1.0,1.0,1.0,1.0,1.0,1.0,1.0,1.0,Longo da via,Chuvoso,Não existe,Perfeito estado,Molhada,Perfeito estado,Não há placas,60 km/h,Dupla," , AV GOVERNADOR AGAMENON MAGALHAES, Recife, Pernambuco, Brasil",-8.0615339,-34.8974443
3145,2019-04-09 18:16:00,SEM VÍTIMA,DERBY,AV GOVERNADOR AGAMENON MAGALHAES, ,69.0,OLINDA,COLISÃO TRASEIRA,2.0,1.0,1.0,1.0,1.0,1.0,1.0,1.0,1.0,0.0,1.0,Longo da via,Bom,Sem defeito,Perfeito estado,Seca,Perfeito estado,Não há placas,60 km/h,Dupla," , AV GOVERNADOR AGAMENON MAGALHAES, Recife, Pernambuco, Brasil",-8.0615339,-34.8974443
6316,2019-07-23 08:16:00,COM VÍTIMA,DERBY,AV GOVERNADOR AGAMENON MAGALHAES,3849,69.0,OLINDA,ABALROAMENTO LONGITUDINAL,1.0,1.0,1.0,1.0,1.0,1.0,1.0,1.0,1.0,2.0,1.0,Longo da via,Chuvoso,Sem defeito,Perfeito estado,Molhada,Perfeito estado,Outras,60 km/h,Dupla,"3849, AV GOVERNADOR AGAMENON MAGALHAES, Recife, Pernambuco, Brasil",-8.0603778,-34.8980782
1727,2019-02-27 11:05:00,SEM VÍTIMA,DERBY,RUA JORNALISTA PAULO BITTENCOURT,1159,69.0,SUBURBIO,ABALROAMENTO TRANSVERSAL,2.0,1.0,1.0,1.0,1.0,1.0,1.0,1.0,1.0,0.0,1.0,Longo da via,Bom,Não existe,Perfeito estado,Seca,Perfeito estado,Outras,60 km/h,Dupla,"1159, RUA JORNALISTA PAULO BITTENCOURT, Recife, Pernambuco, Brasil",-8.0547784,-34.8978376
5243,2019-06-15 01:45:00,SEM VÍTIMA,DERBY,AV GOVERNADOR AGAMENON MAGALHAES, ,75.0,SUBURBIO,ABALROAMENTO TRANSVERSAL,2.0,1.0,1.0,1.0,1.0,1.0,1.0,1.0,1.0,0.0,1.0,Cruzamento,Bom,Sem defeito,Perfeito estado,Seca,Perfeito estado,Não há placas,60 km/h,Dupla," , AV GOVERNADOR AGAMENON MAGALHAES, Recife, Pernambuco, Brasil",-8.0615339,-34.8974443
9181,2019-10-16 18:28:00,SEM VÍTIMA,DERBY,AV GOVERNADOR AGAMENON MAGALHAES,4261,75.0,SUBURBIO,ABALROAMENTO LONGITUDINAL,1.0,1.0,1.0,1.0,1.0,1.0,1.0,1.0,1.0,0.0,1.0,Longo da via,Bom,Sem defeito,Perfeito estado,Seca,Perfeito estado,Não há placas,60 km/h,Dupla,"4261, AV GOVERNADOR AGAMENON MAGALHAES, Recife, Pernambuco, Brasil",-8.05807375,-34.89735438054447
8134,2019-09-18 09:33:00,SEM VÍTIMA,DERBY,AV GOVERNADOR AGAMENON MAGALHAES, ,75.0,CIDADE,ABALROAMENTO LONGITUDINAL,1.0,1.0,1.0,1.0,1.0,1.0,1.0,1.0,1.0,0.0,1.0,Longo da via,Bom,Sem defeito,Perfeito estado,Seca,Perfeito estado,Não há placas,60 km/h,Dupla," , AV GOVERNADOR AGAMENON MAGALHAES, Recife, Pernambuco, Brasil",-8.0615339,-34.8974443
10738,2019-11-28 06:44:00,SEM VÍTIMA,DERBY,RUA DR SEVERINO PINHEIRO, ,418.0,CIDADE,ABALROAMENTO LONGITUDINAL,1.0,1.0,1.0,1.0,1.0,1.0,1.0,1.0,1.0,0.0,1.0,Cruzamento,Bom,Sem defeito,Perfeito estado,Seca,Perfeito estado,Não há placas,50 km/h,Única," , RUA DR SEVERINO PINHEIRO, Recife, Pernambuco, Brasil",-8.0615339,-34.8974443
10202,2019-11-13 12:26:00,SEM VÍTIMA,DERBY,RUA JENER DE SOUZA, ,40.0,SUBURBIO,ABALROAMENTO LONGITUDINAL,2.0,1.0,1.0,1.0,1.0,1.0,1.0,1.0,1.0,0.0,1.0,Longo da via,Bom,Sem defeito,Perfeito estado,Seca,Perfeito estado,Outras,50 km/h,Dupla," , RUA JENER DE SOUZA, Recife, Pernambuco, Brasil",-8.0583675,-34.9000085
6606,2019-08-02 10:11:00,SEM VÍTIMA,DERBY,AV GOVERNADOR AGAMENON MAGALHAES, ,40.0,SUBURBIO,COLISÃO TRASEIRA,2.0,1.0,1.0,1.0,1.0,1.0,1.0,1.0,1.0,0.0,1.0,Longo da via,Bom,Não existe,Perfeito estado,Seca,Perfeito estado,R-6a,60 km/h,Dupla," , AV GOVERNADOR AGAMENON MAGALHAES, Recife, Pernambuco, Brasil",-8.0615339,-34.8974443
11934,2019-12-26 14:33:00,SEM VÍTIMA,DERBY,AV GOVERNADOR AGAMENON MAGALHAES, ,75.0,SUBURBIO,COLISÃO TRASEIRA,2.0,1.0,1.0,1.0,1.0,1.0,1.0,1.0,1.0,0.0,1.0,Longo da via,Bom,Sem defeito,Perfeito estado,Seca,Perfeito estado,Não há placas,60 km/h,Dupla," , AV GOVERNADOR AGAMENON MAGALHAES, Recife, Pernambuco, Brasil",-8.0615339,-34.8974443
9974,2019-11-08 06:33:00,SEM VÍTIMA,DERBY,AV GOVERNADOR AGAMENON MAGALHAES, ,75.0,SUBURBIO,ABALROAMENTO LONGITUDINAL,1.0,1.0,1.0,1.0,1.0,1.0,1.0,1.0,1.0,0.0,1.0,Longo da via,Bom,Não existe,Perfeito estado,Seca,Perfeito estado,Outras,60 km/h,Dupla," , AV GOVERNADOR AGAMENON MAGALHAES, Recife, Pernambuco, Brasil",-8.0615339,-34.8974443
7332,2019-08-24 12:42:00,SEM VÍTIMA,DERBY,PRC DO DERBY, ,417.0,CIDADE,ABALROAMENTO LONGITUDINAL,1.0,1.0,1.0,1.0,1.0,1.0,1.0,1.0,1.0,0.0,1.0,Cruzamento,Bom,Sem defeito,Perfeito estado,Seca,Perfeito estado,Outras,60 km/h,Única," , PRC DO DERBY, Recife, Pernambuco, Brasil",-8.0615339,-34.8974443
6273,2019-07-21 16:58:00,SEM VÍTIMA,DERBY,PRC DO DERBY, ,417.0,SUBURBIO,ABALROAMENTO LONGITUDINAL,2.0,1.0,1.0,1.0,1.0,1.0,1.0,1.0,1.0,0.0,1.0,Longo da via,Bom,Sem defeito,Perfeito estado,Seca,Perfeito estado,Outras,60 km/h,Única," , PRC DO DERBY, Recife, Pernambuco, Brasil",-8.0615339,-34.8974443
2225,2019-03-14 21:46:00,SEM VÍTIMA,DERBY,AV GOVERNADOR AGAMENON MAGALHAES, ,650.0,SUBURBIO,COLISÃO TRASEIRA,2.0,1.0,1.0,1.0,1.0,1.0,1.0,1.0,1.0,0.0,1.0,Longo da via,Bom,Sem defeito,Perfeito estado,Seca,Perfeito estado,Não há placas,60 km/h,Dupla," , AV GOVERNADOR AGAMENON MAGALHAES, Recife, Pernambuco, Brasil",-8.0615339,-34.8974443
1046,2019-02-07 19:24:00,SEM VÍTIMA,DERBY,AV GOVERNADOR AGAMENON MAGALHAES, ,650.0,SUBURBIO,ABALROAMENTO LONGITUDINAL,2.0,1.0,1.0,1.0,1.0,1.0,1.0,1.0,1.0,0.0,1.0,Longo da via,Bom,Sem defeito,Perfeito estado,Seca,Perfeito estado,Não há placas,60 km/h,Dupla," , AV GOVERNADOR AGAMENON MAGALHAES, Recife, Pernambuco, Brasil",-8.0615339,-34.8974443
11407,2019-12-12 13:57:00,SEM VÍTIMA,DERBY,AV GOVERNADOR AGAMENON MAGALHAES, ,174.0,SUBURBIO,ABALROAMENTO LONGITUDINAL,1.0,1.0,1.0,1.0,1.0,1.0,1.0,1.0,1.0,0.0,1.0,Longo da via,Bom,Sem defeito,Perfeito estado,Seca,Perfeito estado,Outras,60 km/h,Dupla," , AV GOVERNADOR AGAMENON MAGALHAES, Recife, Pernambuco, Brasil",-8.0615339,-34.8974443
5616,2019-06-28 14:36:00,COM VÍTIMA,DERBY,AV GOVERNADOR AGAMENON MAGALHAES, ,174.0,SUBURBIO,COLISÃO TRASEIRA,1.0,1.0,1.0,1.0,1.0,1.0,1.0,1.0,1.0,1.0,1.0,Longo da via,Bom,Não existe,Perfeito estado,Seca,Perfeito estado,Não há placas,60 km/h,Dupla," , AV GOVERNADOR AGAMENON MAGALHAES, Recife, Pernambuco, Brasil",-8.0615339,-34.8974443
4030,2019-05-08 07:42:00,SEM VÍTIMA,DERBY,RUA GUILHERME PINTO,265,174.0,CIDADE,COLISÃO TRASEIRA,2.0,1.0,1.0,1.0,1.0,1.0,1.0,1.0,1.0,0.0,1.0,Longo da via,Chuvoso,Não existe,Perfeito estado,Molhada,Perfeito estado,Não há placas,60 km/h,Única,"265, RUA GUILHERME PINTO, Recife, Pernambuco, Brasil",-8.0537559,-34.9020577
9159,2019-10-16 10:32:00,SEM VÍTIMA,DERBY,RUA MANOEL CAETANO,42,174.0,CIDADE,ABALROAMENTO TRANSVERSAL,2.0,1.0,1.0,1.0,1.0,1.0,1.0,1.0,1.0,0.0,1.0,Longo da via,Bom,Não existe,Perfeito estado,Seca,Perfeito estado,Outras,60 km/h,Única,"42, RUA MANOEL CAETANO, Recife, Pernambuco, Brasil",-8.0539976,-34.9009161
8796,2019-10-06 17:31:00,SEM VÍTIMA,DERBY,RUA GUILHERME PINTO,360,174.0,CIDADE,ABALROAMENTO LONGITUDINAL,2.0,1.0,1.0,1.0,1.0,1.0,1.0,1.0,1.0,0.0,1.0,Longo da via,Bom,Não existe,Perfeito estado,Seca,Perfeito estado,Não há placas,60 km/h,Única,"360, RUA GUILHERME PINTO, Recife, Pernambuco, Brasil",-8.0537559,-34.9020577
8403,2019-09-26 09:08:00,SEM VÍTIMA,DERBY,PRC DO DERBY, ,75.0,CIDADE,ABALROAMENTO LONGITUDINAL,2.0,1.0,1.0,1.0,1.0,1.0,1.0,1.0,1.0,0.0,1.0,Longo da via,Bom,Sem defeito,Perfeito estado,Seca,Perfeito estado,Não há placas,60 km/h,Dupla," , PRC DO DERBY, Recife, Pernambuco, Brasil",-8.0537559,-34.9020577
3615,2019-04-24 21:22:00,SEM VÍTIMA,DERBY,RUA JORNALISTA PAULO BITTENCOURT, ,75.0,CIDADE,COLISÃO,2.0,1.0,1.0,1.0,1.0,1.0,1.0,1.0,1.0,0.0,1.0,Longo da via,Bom,Sem defeito,Perfeito estado,Seca,Perfeito estado,Não há placas,60 km/h,Dupla," , RUA JORNALISTA PAULO BITTENCOURT, Recife, Pernambuco, Brasil",-8.0547784,-34.8978376
11030,2019-12-04 14:06:00,SEM VÍTIMA,DERBY,PTE ESTACIO COIMBRA, ,75.0,CIDADE,COLISÃO TRASEIRA,1.0,1.0,1.0,1.0,1.0,1.0,1.0,1.0,1.0,0.0,1.0,Longo da via,Bom,Não existe,Perfeito estado,Seca,Perfeito estado,Não há placas,60 km/h,Dupla," , PTE ESTACIO COIMBRA, Recife, Pernambuco, Brasil",-8.0547784,-34.8978376
166,2019-01-07 17:28:00,SEM VÍTIMA,DERBY,AV GOVERNADOR AGAMENON MAGALHAES, ,75.0,SUBURBIO,COLISÃO TRASEIRA,1.0,1.0,1.0,1.0,1.0,1.0,1.0,2.0,1.0,0.0,1.0,Longo da via,Bom,Não existe,Perfeito estado,Seca,Perfeito estado,Outras,60 km/h,Dupla," , AV GOVERNADOR AGAMENON MAGALHAES, Recife, Pernambuco, Brasil",-8.0615339,-34.8974443
6257,2019-07-20 22:00:00,SEM VÍTIMA,DERBY,AV GOVERNADOR AGAMENON MAGALHAES, ,75.0,SUBURBIO,ABALROAMENTO LONGITUDINAL,1.0,1.0,1.0,1.0,1.0,1.0,1.0,2.0,1.0,0.0,1.0,Longo da via,Chuvoso,Sem defeito,Perfeito estado,Molhada,Perfeito estado,Não há placas,60 km/h,Única," , AV GOVERNADOR AGAMENON MAGALHAES, Recife, Pernambuco, Brasil",-8.0615339,-34.8974443
881,2019-02-02 17:41:00,COM VÍTIMA,DERBY,RUA JENER DE SOUZA, ,75.0,SUBURBIO,COLISÃO,1.0,1.0,1.0,1.0,1.0,1.0,1.0,2.0,1.0,1.0,1.0,Cruzamento,Bom,Não existe,Perfeito estado,Seca,Perfeito estado,Não há placas,60 km/h,Dupla," , RUA JENER DE SOUZA, Recife, Pernambuco, Brasil",-8.0583675,-34.9000085
10702,2019-11-27 07:54:00,SEM VÍTIMA,DERBY,RUA JENER DE SOUZA, ,418.0,CIDADE,ABALROAMENTO LONGITUDINAL,1.0,1.0,1.0,1.0,1.0,1.0,1.0,2.0,1.0,0.0,1.0,Cruzamento,Bom,Sem defeito,Perfeito estado,Seca,Perfeito estado,Outras,60 km/h,Dupla," , RUA JENER DE SOUZA, Recife, Pernambuco, Brasil",-8.0583675,-34.9000085
1577,2019-02-22 19:24:00,SEM VÍTIMA,DERBY,AV GOVERNADOR AGAMENON MAGALHAES, ,174.0,CIDADE,ABALROAMENTO LONGITUDINAL,2.0,1.0,1.0,1.0,1.0,1.0,1.0,2.0,1.0,0.0,1.0,Longo da via,Bom,Sem defeito,Perfeito estado,Seca,Perfeito estado,Outras,60 km/h,Dupla," , AV GOVERNADOR AGAMENON MAGALHAES, Recife, Pernambuco, Brasil",-8.0615339,-34.8974443
10183,2019-11-13 08:42:00,SEM VÍTIMA,DERBY,PRC DO DERBY,237,418.0,CIDADE,ABALROAMENTO LONGITUDINAL,1.0,1.0,1.0,1.0,1.0,1.0,1.0,2.0,1.0,0.0,1.0,Cruzamento,Bom,Sem defeito,Perfeito estado,Seca,Perfeito estado,Outras,60 km/h,Dupla,"237, PRC DO DERBY, Recife, Pernambuco, Brasil",-8.0615339,-34.8974443
6812,2019-08-08 18:04:00,SEM VÍTIMA,DERBY,AV GOVERNADOR CARLOS DE LIMA CAVALCANTI, ,75.0,CIDADE,ABALROAMENTO LONGITUDINAL,1.0,1.0,1.0,1.0,1.0,1.0,1.0,2.0,1.0,0.0,1.0,Cruzamento,Bom,Sem defeito,Perfeito estado,Seca,Perfeito estado,Outras,40 km/h,Dupla," , AV GOVERNADOR CARLOS DE LIMA CAVALCANTI, Recife, Pernambuco, Brasil",-8.0562075,-34.8964065
11354,2019-12-11 13:06:00,SEM VÍTIMA,DERBY,AV GOVERNADOR AGAMENON MAGALHAES, ,75.0,SUBURBIO,COLISÃO TRASEIRA,3.0,1.0,1.0,1.0,1.0,1.0,1.0,2.0,1.0,0.0,1.0,Longo da via,Bom,Sem defeito,Perfeito estado,Seca,Perfeito estado,Não há placas,60 km/h,Única," , AV GOVERNADOR AGAMENON MAGALHAES, Recife, Pernambuco, Brasil",-8.0615339,-34.8974443
917,2019-02-04 16:03:00,COM VÍTIMA,DERBY,RUA JENER DE SOUZA, ,75.0,SUBURBIO,COLISÃO,3.0,2.0,1.0,1.0,1.0,1.0,1.0,2.0,1.0,1.0,1.0,Longo da via,Bom,Sem defeito,Perfeito estado,Seca,Perfeito estado,Não há placas,60 km/h,Única," , RUA JENER DE SOUZA, Recife, Pernambuco, Brasil",-8.0583675,-34.9000085
3508,2019-04-21 15:16:00,SEM VÍTIMA,DERBY,RUA HENRIQUE DIAS, ,68.0,CIDADE,ABALROAMENTO TRANSVERSAL,1.0,2.0,1.0,1.0,1.0,1.0,1.0,2.0,1.0,0.0,1.0,Cruzamento,Bom,Sem defeito,Perfeito estado,Seca,Perfeito estado,R-6a,40 km/h,Única," , RUA HENRIQUE DIAS, Recife, Pernambuco, Brasil",-8.0588832,-34.897815
11390,2019-12-12 10:02:00,SEM VÍTIMA,DERBY,AV ENGENHEIRO AGAMENON DE MAGALHAES MELO, ,68.0,CIDADE,COLISÃO,2.0,2.0,1.0,1.0,1.0,1.0,1.0,2.0,1.0,0.0,1.0,Cruzamento,Bom,Sem defeito,Perfeito estado,Seca,Perfeito estado,R-6a,40 km/h,Única," , AV ENGENHEIRO AGAMENON DE MAGALHAES MELO, Recife, Pernambuco, Brasil",-8.0282901,-34.8954276
7275,2019-08-22 15:12:00,SEM VÍTIMA,DERBY,AV GOVERNADOR AGAMENON MAGALHAES, ,75.0,CIDADE,COLISÃO TRASEIRA,2.0,2.0,1.0,1.0,1.0,1.0,1.0,2.0,1.0,0.0,1.0,Longo da via,Bom,Sem defeito,Perfeito estado,Seca,Perfeito estado,Outras,60 km/h,Dupla," , AV GOVERNADOR AGAMENON MAGALHAES, Recife, Pernambuco, Brasil",-8.0615339,-34.8974443
11108,2019-12-05 21:23:00,SEM VÍTIMA,DERBY,AV GOVERNADOR AGAMENON MAGALHAES, ,174.0,CIDADE,ABALROAMENTO LONGITUDINAL,2.0,2.0,1.0,1.0,1.0,1.0,1.0,2.0,1.0,0.0,1.0,Cruzamento,Bom,Sem defeito,Perfeito estado,Seca,Perfeito estado,Outras,60 km/h,Única," , AV GOVERNADOR AGAMENON MAGALHAES, Recife, Pernambuco, Brasil",-8.0615339,-34.8974443
11840,2019-12-23 13:07:00,SEM VÍTIMA,DERBY,RUA JOAQUIM NABUCO, ,174.0,SUBURBIO,ABALROAMENTO LONGITUDINAL,2.0,2.0,1.0,1.0,1.0,1.0,1.0,2.0,1.0,0.0,1.0,Longo da via,Bom,Não existe,Perfeito estado,Seca,Perfeito estado,Outras,60 km/h,Única," , RUA JOAQUIM NABUCO, Recife, Pernambuco, Brasil",-8.0524615,-34.8995139
5087,2019-06-11 01:41:00,COM VÍTIMA,DERBY,AV GOVERNADOR AGAMENON MAGALHAES, ,78.0,SUBURBIO,CAPOTAMENTO,1.0,2.0,1.0,1.0,1.0,1.0,1.0,2.0,1.0,1.0,1.0,Longo da via,Bom,Sem defeito,Perfeito estado,Seca,Perfeito estado,Outras,60 km/h,Única," , AV GOVERNADOR AGAMENON MAGALHAES, Recife, Pernambuco, Brasil",-8.0615339,-34.8974443
10030,2019-11-09 09:15:00,SEM VÍTIMA,DERBY,PTE ESTACIO COIMBRA, ,78.0,CIDADE,COLISÃO TRASEIRA,3.0,2.0,1.0,1.0,1.0,1.0,1.0,2.0,1.0,0.0,1.0,Ponte,Bom,Não existe,Perfeito estado,Seca,Perfeito estado,Não há placas,60 km/h,Dupla," , PTE ESTACIO COIMBRA, Recife, Pernambuco, Brasil",-8.0615339,-34.8974443