,data_hora,natureza_acidente,bairro,endereco,numero,num_semaforo,sentido_via,tipo,auto,moto,ciclom,ciclista,pedestre,onibus,caminhao,viatura,outros,vitimas,vitimasfatais,acidente_verificado,tempo_clima,situacao_semaforo,sinalizacao,condicao_via,conservacao_via,situacao_placa,velocidade_max_via,mao_direcao,end,latitude,longitude
1483,2019-02-20 17:10:00,SEM VÍTIMA,DERBY,PRC DO DERBY, ,418.0,CIDADE,COLISÃO TRASEIRA,2.0,1.0,1.0,1.0,1.0,1.0,1.0,2.0,1.0,0.0,1.0,Cruzamento,Bom,Sem defeito,Perfeito estado,Seca,Perfeito estado,R-6a,60 km/h,Única," , PRC DO DERBY, Recife, Pernambuco, Brasil",-8.0615339,-34.8974443
2345,2019-03-18 08:45:00,SEM VÍTIMA,DERBY,RUA HENRIQUE DIAS,906,418.0,CIDADE,ABALROAMENTO TRANSVERSAL,1.0,1.0,1.0,1.0,1.0,1.0,1.0,2.0,1.0,0.0,1.0,Cruzamento,Chuvoso,Não existe,Perfeito estado,Molhada,Perfeito estado,Outras,60 km/h,Única,"906, RUA HENRIQUE DIAS, Recife, Pernambuco, Brasil",-8.0588746,-34.8977438
7433,2019-08-28 12:11:00,SEM VÍTIMA,DERBY,AV GOVERNADOR AGAMENON MAGALHAES,63,418.0,CIDADE,ABALROAMENTO LONGITUDINAL,2.0,1.0,1.0,1.0,1.0,1.0,1.0,2.0,1.0,0.0,1.0,Longo da via,Bom,Sem defeito,Perfeito estado,Seca,Perfeito estado,Não há placas,60 km/h,Dupla,"63, AV GOVERNADOR AGAMENON MAGALHAES, Recife, Pernambuco, Brasil",-8.05719245,-34.89739976446599
10359,2019-11-18 08:41:00,SEM VÍTIMA,DERBY,AV GOVERNADOR AGAMENON MAGALHAES, ,174.0,CIDADE,COLISÃO TRASEIRA,2.0,1.0,1.0,1.0,1.0,1.0,1.0,2.0,1.0,0.0,1.0,Longo da via,Bom,Sem defeito,Perfeito estado,Seca,Perfeito estado,Não há placas,60 km/h,Dupla," , AV GOVERNADOR AGAMENON MAGALHAES, Recife, Pernambuco, Brasil",-8.0615339,-34.8974443
1280,2019-02-14 12:40:00,SEM VÍTIMA,DERBY,AV GOVERNADOR AGAMENON MAGALHAES,3855,174.0,CIDADE,ABALROAMENTO LONGITUDINAL,1.0,1.0,1.0,1.0,1.0,1.0,1.0,2.0,1.0,0.0,1.0,Longo da via,Bom,Sem defeito,Perfeito estado,Seca,Perfeito estado,Não há placas,60 km/h,Dupla,"3855, AV GOVERNADOR AGAMENON MAGALHAES, Recife, Pernambuco, Brasil",-8.055408750000002,-34.89722459155971
7023,2019-08-15 07:45:00,SEM VÍTIMA,DERBY,AV GOVERNADOR AGAMENON MAGALHAES, ,75.0,SUBURBIO,COLISÃO TRASEIRA,2.0,1.0,1.0,1.0,1.0,1.0,1.0,2.0,1.0,0.0,1.0,Longo da via,Chuvoso,Sem defeito,Perfeito estado,Molhada,Perfeito estado,Outras,60 km/h,Dupla," , AV GOVERNADOR AGAMENON MAGALHAES, Recife, Pernambuco, Brasil",-8.0615339,-34.8974443
10367,2019-11-18 11:30:00,COM VÍTIMA,DERBY,AV GOVERNADOR AGAMENON MAGALHAES,241A,75.0,SUBURBIO,COLISÃO TRASEIRA,2.0,2.0,1.0,1.0,1.0,1.0,1.0,2.0,1.0,2.0,1.0,Longo da via,Bom,Sem defeito,Perfeito estado,Seca,Perfeito estado,Outras,60 km/h,Dupla,"241A, AV GOVERNADOR AGAMENON MAGALHAES, Recife, Pernambuco, Brasil",-8.0603778,-34.8980782
2885,2019-04-02 11:24:00,SEM VÍTIMA,DERBY,RUA JENER DE SOUZA, ,75.0,SUBURBIO,COLISÃO TRASEIRA,2.0,2.0,1.0,1.0,1.0,1.0,1.0,2.0,1.0,0.0,1.0,Longo da via,Bom,Não existe,Não existente,Seca,Perfeito estado,Não há placas,40 km/h,Dupla," , RUA JENER DE SOUZA, Recife, Pernambuco, Brasil",-8.0583675,-34.9000085
2884,2019-04-02 10:59:00,COM VÍTIMA,DERBY,AV GOVERNADOR AGAMENON MAGALHAES, ,68.0,SUBURBIO,ABALROAMENTO LONGITUDINAL,1.0,1.0,1.0,1.0,1.0,1.0,1.0,2.0,1.0,1.0,1.0,Cruzamento,Bom,Sem defeito,Incompleta,Seca,Perfeito estado,R-19,60 km/h,Dupla," , AV GOVERNADOR AGAMENON MAGALHAES, Recife, Pernambuco, Brasil",-8.0615339,-34.8974443
2070,2019-03-11 06:06:00,SEM VÍTIMA,DERBY,RUA GUILHERME PINTO,345,68.0,CIDADE,COLISÃO TRASEIRA,2.0,1.0,1.0,1.0,1.0,1.0,1.0,2.0,1.0,0.0,1.0,Longo da via,Bom,Não existe,Perfeito estado,Seca,Perfeito estado,R-6a,20 km/h,Única,"345, RUA GUILHERME PINTO, Recife, Pernambuco, Brasil",-8.0537559,-34.9020577
4740,2019-05-31 07:58:00,SEM VÍTIMA,DERBY,RUA AMAURI DE MEDEIROS, ,68.0,CIDADE,ABALROAMENTO LONGITUDINAL,1.0,1.0,1.0,1.0,1.0,1.0,1.0,2.0,1.0,0.0,1.0,Cruzamento,Bom,Não existe,Perfeito estado,Seca,Perfeito estado,R-6a,20 km/h,Única," , RUA AMAURI DE MEDEIROS, Recife, Pernambuco, Brasil",-8.0583265,-34.8988519
2074,2019-03-11 07:58:00,SEM VÍTIMA,DERBY,PRC DO DERBY, ,75.0,CIDADE,ABALROAMENTO LONGITUDINAL,2.0,1.0,1.0,1.0,1.0,1.0,1.0,2.0,1.0,0.0,1.0,Cruzamento,Bom,Sem defeito,Perfeito estado,Seca,Perfeito estado,R-6a,20 km/h,Única," , PRC DO DERBY, Recife, Pernambuco, Brasil",-8.0583265,-34.8988519
542,2019-01-22 08:42:00,SEM VÍTIMA,DERBY,AV GOVERNADOR AGAMENON MAGALHAES, ,68.0,CIDADE,COLISÃO TRASEIRA,2.0,1.0,1.0,1.0,1.0,1.0,1.0,2.0,1.0,0.0,1.0,Cruzamento,Chuvoso,Sem defeito,Perfeito estado,Molhada,Perfeito estado,Outras,60 km/h,Única," , AV GOVERNADOR AGAMENON MAGALHAES, Recife, Pernambuco, Brasil",-8.0615339,-34.8974443
1471,2019-02-20 14:16:00,SEM VÍTIMA,DERBY,RUA JENER DE SOUZA, ,68.0,CIDADE,COLISÃO,1.0,1.0,1.0,1.0,1.0,1.0,1.0,2.0,1.0,0.0,1.0,Cruzamento,Chuvoso,Sem defeito,Perfeito estado,Molhada,Perfeito estado,Outras,60 km/h,Única," , RUA JENER DE SOUZA, Recife, Pernambuco, Brasil",-8.0583675,-34.9000085
2868,2019-04-01 15:47:00,SEM VÍTIMA,DERBY,PRC DO DERBY, ,68.0,CIDADE,COLISÃO TRASEIRA,1.0,1.0,1.0,1.0,1.0,1.0,1.0,2.0,1.0,0.0,1.0,Longo da via,Nublado,Sem defeito,Perfeito estado,Seca,Perfeito estado,Não há placas,60 km/h,Dupla," , PRC DO DERBY, Recife, Pernambuco, Brasil",-8.0583675,-34.9000085
6522,2019-07-31 09:33:00,SEM VÍTIMA,DERBY,RUA JENER DE SOUZA,635,68.0,CIDADE,ABALROAMENTO LONGITUDINAL,1.0,1.0,1.0,1.0,1.0,1.0,1.0,2.0,1.0,0.0,1.0,Longo da via,Chuvoso,Não existe,Incompleta,Molhada,Perfeito estado,Não há placas,60 km/h,Dupla,"635, RUA JENER DE SOUZA, Recife, Pernambuco, Brasil",-8.0572332,-34.9000336
460,2019-01-15 09:10:00,COM VÍTIMA,DERBY,AV GOVERNADOR AGAMENON MAGALHAES, ,75.0,SUBURBIO,ABALROAMENTO TRANSVERSAL,1.0,1.0,1.0,1.0,1.0,1.0,1.0,2.0,1.0,1.0,1.0,Cruzamento,Bom,Sem defeito,Perfeito estado,Seca,Perfeito estado,Não há placas,60 km/h,Dupla," , AV GOVERNADOR AGAMENON MAGALHAES, Recife, Pernambuco, Brasil",-8.0615339,-34.8974443
67,2019-01-03 13:29:00,SEM VÍTIMA,DERBY,RUA SAO SALVADOR,24,75.0,SUBURBIO,COLISÃO,2.0,1.0,1.0,1.0,1.0,1.0,1.0,2.0,1.0,0.0,1.0,Cruzamento,Bom,Sem defeito,Perfeito estado,Seca,Perfeito estado,Não há placas,60 km/h,Dupla,"24, RUA SAO SALVADOR, Recife, Pernambuco, Brasil",-8.0497816,-34.894161
1462,2019-02-20 10:50:00,SEM VÍTIMA,DERBY,RUA GUILHERME PINTO,1360,75.0,CIDADE,ABALROAMENTO LONGITUDINAL,1.0,1.0,1.0,1.0,1.0,1.0,1.0,2.0,1.0,0.0,1.0,Longo da via,Bom,Sem defeito,Perfeito estado,Seca,Perfeito estado,Outras,60 km/h,Única,"1360, RUA GUILHERME PINTO, Recife, Pernambuco, Brasil",-8.0537559,-34.9020577
1287,2019-02-14 15:54:00,SEM VÍTIMA,DERBY,RUA AMARO BEZERRA, ,75.0,CIDADE,ABALROAMENTO TRANSVERSAL,2.0,1.0,1.0,1.0,1.0,1.0,1.0,2.0,1.0,0.0,1.0,Cruzamento,Bom,Não existe,Perfeito estado,Seca,Perfeito estado,Placas Pare,30 km/h,Dupla," , RUA AMARO BEZERRA, Recife, Pernambuco, Brasil",-8.0568322,-34.9008453
5924,2019-07-09 14:10:00,SEM VÍTIMA,DERBY,RUA JOAQUIM NABUCO,92,75.0,SUBURBIO,ABALROAMENTO LONGITUDINAL,2.0,1.0,1.0,1.0,1.0,1.0,1.0,2.0,1.0,0.0,1.0,Longo da via,Bom,Sem defeito,Perfeito estado,Seca,Perfeito estado,Não há placas,30 km/h,Única,"92, RUA JOAQUIM NABUCO, Recife, Pernambuco, Brasil",-8.0532648,-34.8965122
5929,2019-07-09 15:55:00,SEM VÍTIMA,DERBY,RUA LUIZ BARBALHO,279,75.0,SUBURBIO,COLISÃO,2.0,1.0,1.0,1.0,1.0,1.0,1.0,2.0,1.0,0.0,1.0,Longo da via,Bom,Sem defeito,Perfeito estado,Seca,Perfeito estado,Não há placas,30 km/h,Única,"279, RUA LUIZ BARBALHO, Recife, Pernambuco, Brasil",-8.0576329,-34.897422641786875
2849,2019-04-01 11:43:00,SEM VÍTIMA,DERBY,RUA AMAURI DE MEDEIROS,110,75.0,SUBURBIO,ABALROAMENTO LONGITUDINAL,2.0,1.0,1.0,1.0,1.0,1.0,1.0,2.0,1.0,0.0,1.0,Cruzamento,Chuvoso,Não existe,Incompleta,Molhada,Perfeito estado,Não há placas,30 km/h,Única,"110, RUA AMAURI DE MEDEIROS, Recife, Pernambuco, Brasil",-8.0583265,-34.8988519
10757,2019-11-28 14:03:00,SEM VÍTIMA,DERBY,RUA BENFICA, ,75.0,CIDADE,COLISÃO TRASEIRA,2.0,1.0,1.0,1.0,1.0,1.0,1.0,2.0,1.0,0.0,1.0,Longo da via,Bom,Não existe,Perfeito estado,Seca,Perfeito estado,Outras,30 km/h,Única," , RUA BENFICA, Recife, Pernambuco, Brasil",-8.0576866,-34.9086687
2835,2019-03-31 17:14:00,SEM VÍTIMA,DERBY,AV GOVERNADOR AGAMENON MAGALHAES,3265,75.0,SUBURBIO,COLISÃO TRASEIRA,2.0,1.0,1.0,1.0,1.0,1.0,1.0,2.0,1.0,0.0,1.0,Longo da via,Bom,Não existe,Não existente,Seca,Perfeito estado,Placas Pare,30 km/h,Dupla,"3265, AV GOVERNADOR AGAMENON MAGALHAES, Recife, Pernambuco, Brasil",-8.0603778,-34.8980782
4316,2019-05-17 11:20:00,COM VÍTIMA,DERBY,AV GOVERNADOR AGAMENON MAGALHAES,41,75.0,SUBURBIO,ABALROAMENTO LONGITUDINAL,1.0,1.0,1.0,1.0,1.0,1.0,1.0,2.0,1.0,1.0,1.0,Longo da via,Bom,Sem defeito,Perfeito estado,Seca,Perfeito estado,R-19,60 km/h,Dupla,"41, AV GOVERNADOR AGAMENON MAGALHAES, Recife, Pernambuco, Brasil",-8.0603778,-34.8980782
4705,2019-05-30 07:23:00,SEM VÍTIMA,DERBY,RUA FELICIANO GOMES,229,75.0,CIDADE,ABALROAMENTO TRANSVERSAL,2.0,1.0,1.0,1.0,1.0,1.0,1.0,2.0,1.0,0.0,1.0,Longo da via,Bom,Não existe,Não existente,Seca,Perfeito estado,Não há placas,60 km/h,Dupla,"229, RUA FELICIANO GOMES, Recife, Pernambuco, Brasil",-8.0552069,-34.8993223
10789,2019-11-29 11:50:00,SEM VÍTIMA,DERBY,AV GOVERNADOR AGAMENON MAGALHAES, ,75.0,CIDADE,COLISÃO FRONTAL,3.0,1.0,1.0,1.0,1.0,1.0,1.0,2.0,1.0,0.0,1.0,Longo da via,Bom,Sem defeito,Perfeito estado,Seca,Perfeito estado,Não há placas,60 km/h,Dupla," , AV GOVERNADOR AGAMENON MAGALHAES, Recife, Pernambuco, Brasil",-8.0615339,-34.8974443
4244,2019-05-14 18:52:00,SEM VÍTIMA,DERBY,RUA JORNALISTA PAULO BITTENCOURT, ,75.0,SUBURBIO,ABALROAMENTO LONGITUDINAL,2.0,1.0,1.0,1.0,1.0,1.0,1.0,2.0,1.0,0.0,1.0,Longo da via,Bom,Não existe,Perfeito estado,Seca,Perfeito estado,Não há placas,60 km/h,Dupla," , RUA JORNALISTA PAULO BITTENCOURT, Recife, Pernambuco, Brasil",-8.0547784,-34.8978376
6996,2019-08-14 12:27:00,SEM VÍTIMA,DERBY,PRC DO DERBY, ,75.0,SUBURBIO,COLISÃO,1.0,1.0,1.0,1.0,1.0,1.0,1.0,2.0,1.0,0.0,1.0,Longo da via,Bom,Não existe,Perfeito estado,Seca,Perfeito estado,Não há placas,60 km/h,Dupla," , PRC DO DERBY, Recife, Pernambuco, Brasil",-8.0547784,-34.8978376
6354,2019-07-24 11:37:00,SEM VÍTIMA,DERBY,RUA AMARO BEZERRA,418A,75.0,CIDADE,ABALROAMENTO LONGITUDINAL,2.0,1.0,1.0,1.0,1.0,1.0,1.0,2.0,1.0,0.0,1.0,Longo da via,Chuvoso,Não existe,Perfeito estado,Molhada,Perfeito estado,R-6a,40 km/h,Única,"418A, RUA AMARO BEZERRA, Recife, Pernambuco, Brasil",-8.0533421,-34.8999229
2295,2019-03-16 14:02:00,SEM VÍTIMA,DERBY,PRC DO DERBY,63,75.0,CIDADE,COLISÃO,2.0,1.0,1.0,1.0,1.0,1.0,1.0,2.0,1.0,0.0,1.0,Longo da via,Chuvoso,Não existe,Perfeito estado,Molhada,Perfeito estado,R-6a,40 km/h,Única,"63, PRC DO DERBY, Recife, Pernambuco, Brasil",-8.0533421,-34.8999229
8474,2019-09-27 23:35:00,SEM VÍTIMA,DERBY,AV GOVERNADOR AGAMENON MAGALHAES, ,75.0,SUBURBIO,COLISÃO TRASEIRA,2.0,1.0,1.0,1.0,1.0,1.0,1.0,2.0,1.0,0.0,1.0,Longo da via,Bom,Não existe,Perfeito estado,Seca,Perfeito estado,Não há placas,60 km/h,Dupla," , AV GOVERNADOR AGAMENON MAGALHAES, Recife, Pernambuco, Brasil",-8.0615339,-34.8974443
6968,2019-08-13 14:51:00,SEM VÍTIMA,DERBY,AV GOVERNADOR AGAMENON MAGALHAES, ,75.0,SUBURBIO,COLISÃO TRASEIRA,2.0,1.0,1.0,1.0,1.0,1.0,1.0,2.0,1.0,0.0,1.0,Longo da via,Bom,Não existe,Perfeito estado,Seca,Perfeito estado,Não há placas,60 km/h,Dupla," , AV GOVERNADOR AGAMENON MAGALHAES, Recife, Pernambuco, Brasil",-8.0615339,-34.8974443
7980,2019-09-13 17:43:00,SEM VÍTIMA,DERBY,AV GOVERNADOR AGAMENON MAGALHAES, ,174.0,SUBURBIO,ABALROAMENTO LONGITUDINAL,2.0,1.0,1.0,1.0,1.0,1.0,1.0,2.0,1.0,0.0,1.0,Cruzamento,Bom,Sem defeito,Perfeito estado,Seca,Perfeito estado,Não há placas,60 km/h,Única," , AV GOVERNADOR AGAMENON MAGALHAES, Recife, Pernambuco, Brasil",-8.0615339,-34.8974443
6471,2019-07-29 10:47:00,SEM VÍTIMA,DERBY,AV GOVERNADOR AGAMENON MAGALHAES, ,174.0,SUBURBIO,ABALROAMENTO LONGITUDINAL,1.0,1.0,1.0,1.0,1.0,1.0,1.0,2.0,1.0,0.0,1.0,Longo da via,Bom,Não existe,Perfeito estado,Seca,Perfeito estado,Não há placas,60 km/h,Dupla," , AV GOVERNADOR AGAMENON MAGALHAES, Recife, Pernambuco, Brasil",-8.0615339,-34.8974443
6105,2019-07-15 15:13:00,SEM VÍTIMA,DERBY,AV GOVERNADOR AGAMENON MAGALHAES,190,174.0,SUBURBIO,ABALROAMENTO LONGITUDINAL,2.0,1.0,1.0,1.0,1.0,1.0,1.0,2.0,1.0,0.0,1.0,Longo da via,Bom,Não existe,Perfeito estado,Seca,Perfeito estado,Não há placas,60 km/h,Única,"190, AV GOVERNADOR AGAMENON MAGALHAES, Recife, Pernambuco, Brasil",-8.0603778,-34.8980782
1376,2019-02-17 13:14:00,COM VÍTIMA,DERBY,RUA AMARO BEZERRA,458,174.0,SUBURBIO,ABALROAMENTO LONGITUDINAL,1.0,1.0,1.0,1.0,1.0,1.0,1.0,2.0,1.0,1.0,1.0,Longo da via,Bom,Não existe,Perfeito estado,Seca,Perfeito estado,R-6a,60 km/h,Única,"458, RUA AMARO BEZERRA, Recife, Pernambuco, Brasil",-8.0533421,-34.8999229
9429,2019-10-24 07:51:00,SEM VÍTIMA,DERBY,AV GOVERNADOR AGAMENON MAGALHAES,4775,174.0,SUBURBIO,ABALROAMENTO LONGITUDINAL,2.0,1.0,1.0,1.0,1.0,1.0,1.0,2.0,1.0,0.0,1.0,Longo da via,Bom,Sem defeito,Perfeito estado,Seca,Perfeito estado,Placas Pare,60 km/h,Única,"4775, AV GOVERNADOR AGAMENON MAGALHAES, Recife, Pernambuco, Brasil",-8.064121,-34.89671307497645
8469,2019-09-27 17:40:00,COM VÍTIMA,DERBY,AV GOVERNADOR AGAMENON MAGALHAES, ,174.0,NORTE,ABALROAMENTO LONGITUDINAL,1.0,1.0,1.0,1.0,1.0,1.0,1.0,2.0,1.0,1.0,1.0,Longo da via,Bom,Não existe,Perfeito estado,Seca,Perfeito estado,R-19,60 km/h,Dupla," , AV GOVERNADOR AGAMENON MAGALHAES, Recife, Pernambuco, Brasil",-8.0615339,-34.8974443
2166,2019-03-13 10:41:00,SEM VÍTIMA,DERBY,AV GOVERNADOR AGAMENON MAGALHAES, ,68.0,NORTE,ABALROAMENTO LONGITUDINAL,2.0,1.0,1.0,1.0,1.0,1.0,1.0,2.0,1.0,0.0,1.0,Cruzamento,Bom,Sem defeito,Perfeito estado,Seca,Perfeito estado,Não há placas,60 km/h,Dupla," , AV GOVERNADOR AGAMENON MAGALHAES, Recife, Pernambuco, Brasil",-8.0615339,-34.8974443
9388,2019-10-22 18:11:00,SEM VÍTIMA,DERBY,AV GOVERNADOR AGAMENON MAGALHAES, ,75.0,NORTE,ABALROAMENTO TRANSVERSAL,2.0,1.0,1.0,1.0,1.0,1.0,1.0,2.0,1.0,0.0,1.0,Cruzamento,Bom,Sem defeito,Perfeito estado,Seca,Perfeito estado,Não há placas,60 km/h,Única," , AV GOVERNADOR AGAMENON MAGALHAES, Recife, Pernambuco, Brasil",-8.0615339,-34.8974443
4497,2019-05-23 08:56:00,SEM VÍTIMA,DERBY,AV GOVERNADOR AGAMENON MAGALHAES, ,75.0,NORTE,COLISÃO TRASEIRA,2.0,1.0,1.0,1.0,1.0,1.0,1.0,2.0,1.0,0.0,1.0,Longo da via,Bom,Sem defeito,Perfeito estado,Seca,Perfeito estado,Não há placas,60 km/h,Dupla," , AV GOVERNADOR AGAMENON MAGALHAES, Recife, Pernambuco, Brasil",-8.0615339,-34.8974443
1339,2019-02-15 19:32:00,COM VÍTIMA,DERBY,AV GOVERNADOR AGAMENON MAGALHAES, ,75.0,SUBURBIO,ABALROAMENTO TRANSVERSAL,2.0,2.0,1.0,1.0,1.0,1.0,1.0,2.0,1.0,1.0,1.0,Cruzamento,Bom,Sem defeito,Perfeito estado,Seca,Perfeito estado,Outras,60 km/h,Dupla," , AV GOVERNADOR AGAMENON MAGALHAES, Recife, Pernambuco, Brasil",-8.0615339,-34.8974443
8453,2019-09-27 12:57:00,SEM VÍTIMA,DERBY,RUA JENER DE SOUZA, ,418.0,SUBURBIO,COLISÃO TRASEIRA,1.0,2.0,1.0,1.0,1.0,1.0,1.0,2.0,1.0,0.0,1.0,Cruzamento,Bom,Sem defeito,Perfeito estado,Seca,Perfeito estado,R-4a,60 km/h,Dupla," , RUA JENER DE SOUZA, Recife, Pernambuco, Brasil",-8.0583675,-34.9000085
9418,2019-10-23 19:43:00,SEM VÍTIMA,DERBY,RUA AMARO BEZERRA,489,418.0,SUBURBIO,COLISÃO TRASEIRA,1.0,2.0,1.0,1.0,1.0,1.0,1.0,2.0,1.0,0.0,1.0,Longo da via,Bom,Não existe,Incompleta,Seca,Perfeito estado,R-6a,60 km/h,Única,"489, RUA AMARO BEZERRA, Recife, Pernambuco, Brasil",-8.0533421,-34.8999229
11251,2019-12-09 10:20:00,SEM VÍTIMA,DERBY,AV GOVERNADOR AGAMENON MAGALHAES, ,418.0,SUBURBIO,COLISÃO TRASEIRA,2.0,2.0,1.0,1.0,1.0,1.0,1.0,2.0,1.0,0.0,1.0,Longo da via,Bom,Não existe,Perfeito estado,Seca,Perfeito estado,Não há placas,60 km/h,Dupla," , AV GOVERNADOR AGAMENON MAGALHAES, Recife, Pernambuco, Brasil",-8.0615339,-34.8974443
1350,2019-02-16 08:24:00,COM VÍTIMA,DERBY,AV GOVERNADOR AGAMENON MAGALHAES, ,75.0,CIDADE,COLISÃO TRASEIRA,1.0,1.0,1.0,1.0,1.0,1.0,1.0,2.0,1.0,1.0,1.0,Ponte,Bom,Sem defeito,Perfeito estado,Seca,Perfeito estado,Outras,60 km/h,Dupla," , AV GOVERNADOR AGAMENON MAGALHAES, Recife, Pernambuco, Brasil",-8.0615339,-34.8974443
6123,2019-07-16 10:53:00,SEM VÍTIMA,DERBY,AV GOVERNADOR AGAMENON MAGALHAES,183,75.0,CIDADE,COLISÃO,2.0,1.0,1.0,1.0,1.0,1.0,1.0,2.0,1.0,0.0,1.0,Ponte,Bom,Sem defeito,Perfeito estado,Seca,Perfeito estado,Outras,60 km/h,Dupla,"183, AV GOVERNADOR AGAMENON MAGALHAES, Recife, Pernambuco, Brasil",-8.05834175,-34.8974385045365
2593,2019-03-25 10:57:00,SEM VÍTIMA,DERBY,RUA BARAO DE GOIANA,102,75.0,CIDADE,COLISÃO,2.0,1.0,1.0,1.0,1.0,1.0,1.0,2.0,1.0,0.0,1.0,Ponte,Bom,Sem defeito,Perfeito estado,Seca,Perfeito estado,Outras,60 km/h,Dupla,"102, RUA BARAO DE GOIANA, Recife, Pernambuco, Brasil",-8.0583265,-34.8988519
11636,2019-12-18 10:38:00,SEM VÍTIMA,DERBY,AV GOVERNADOR AGAMENON MAGALHAES,55,75.0,SUBURBIO,COLISÃO TRASEIRA,2.0,1.0,1.0,1.0,1.0,1.0,1.0,2.0,1.0,0.0,1.0,Longo da via,Bom,Não existe,Perfeito estado,Seca,Perfeito estado,Não há placas,60 km/h,Única,"55, AV GOVERNADOR AGAMENON MAGALHAES, Recife, Pernambuco, Brasil",-8.057075000000001,-34.89742080711583
4536,2019-05-24 06:38:00,SEM VÍTIMA,DERBY,RUA DA BAIXA VERDE, ,75.0,CIDADE,ABALROAMENTO TRANSVERSAL,2.0,1.0,1.0,1.0,1.0,1.0,1.0,2.0,1.0,0.0,1.0,Cruzamento,Bom,Não existe,Incompleta,Seca,Perfeito estado,Placas Pare,60 km/h,Única," , RUA DA BAIXA VERDE, Recife, Pernambuco, Brasil",-8.0552069,-34.8993223
4535,2019-05-24 05:28:00,SEM VÍTIMA,DERBY,AV GOVERNADOR AGAMENON MAGALHAES, ,68.0,CIDADE,ABALROAMENTO TRANSVERSAL,2.0,1.0,1.0,1.0,1.0,1.0,1.0,2.0,1.0,0.0,1.0,Cruzamento,Bom,Sem defeito,Perfeito estado,Seca,Perfeito estado,Placas Pare,60 km/h,Dupla," , AV GOVERNADOR AGAMENON MAGALHAES, Recife, Pernambuco, Brasil",-8.0615339,-34.8974443
6140,2019-07-17 09:19:00,COM VÍTIMA,DERBY,AV GOVERNADOR AGAMENON MAGALHAES, ,68.0,CID/SUB,ABALROAMENTO TRANSVERSAL,1.0,1.0,1.0,1.0,1.0,1.0,1.0,2.0,1.0,2.0,1.0,Cruzamento,Bom,Sem defeito,Perfeito estado,Seca,Perfeito estado,Não há placas,60 km/h,Dupla," , AV GOVERNADOR AGAMENON MAGALHAES, Recife, Pernambuco, Brasil",-8.0615339,-34.8974443
6128,2019-07-16 15:30:00,SEM VÍTIMA,DERBY,AV GOVERNADOR AGAMENON MAGALHAES,2291,68.0,SUBURBIO,COLISÃO TRASEIRA,5.0,1.0,1.0,1.0,1.0,1.0,1.0,2.0,1.0,0.0,1.0,Longo da via,Bom,Sem defeito,Perfeito estado,Seca,Perfeito estado,Outras,60 km/h,Dupla,"2291, AV GOVERNADOR AGAMENON MAGALHAES, Recife, Pernambuco, Brasil",-8.0603778,-34.8980782
12018,2019-12-29 10:04:00,SEM VÍTIMA,DERBY,AV GOVERNADOR AGAMENON MAGALHAES, ,650.0,SUBURBIO,COLISÃO TRASEIRA,5.0,1.0,1.0,1.0,1.0,1.0,1.0,2.0,1.0,0.0,1.0,Longo da via,Bom,Sem defeito,Perfeito estado,Seca,Perfeito estado,Outras,60 km/h,Dupla," , AV GOVERNADOR AGAMENON MAGALHAES, Recife, Pernambuco, Brasil",-8.0615339,-34.8974443
10708,2019-11-27 09:37:00,SEM VÍTIMA,DERBY,AV GOVERNADOR AGAMENON MAGALHAES,211,75.0,SUBURBIO,CHOQUE,2.0,1.0,1.0,1.0,1.0,1.0,1.0,2.0,1.0,0.0,1.0,Longo da via,Bom,Sem defeito,Perfeito estado,Seca,Perfeito estado,Outras,60 km/h,Dupla,"211, AV GOVERNADOR AGAMENON MAGALHAES, Recife, Pernambuco, Brasil",-8.0603778,-34.8980782
9421,2019-10-23 20:03:00,SEM VÍTIMA,DERBY,RUA JENER DE SOUZA, ,40.0,SUBURBIO,ABALROAMENTO TRANSVERSAL,2.0,1.0,1.0,1.0,1.0,1.0,1.0,2.0,1.0,0.0,1.0,Cruzamento,Bom,Sem defeito,Perfeito estado,Seca,Perfeito estado,Outras,60 km/h,Dupla," , RUA JENER DE SOUZA, Recife, Pernambuco, Brasil",-8.0583675,-34.9000085
2629,2019-03-26 08:02:00,SEM VÍTIMA,DERBY,AV GOVERNADOR AGAMENON MAGALHAES,4318,40.0,SUBURBIO,ABALROAMENTO LONGITUDINAL,1.0,1.0,1.0,1.0,1.0,1.0,1.0,2.0,1.0,0.0,1.0,Longo da via,Chuvoso,Não existe,Perfeito estado,Molhada,Perfeito estado,Não há placas,60 km/h,Dupla,"4318, AV GOVERNADOR AGAMENON MAGALHAES, Recife, Pernambuco, Brasil",-8.0555157,-34.8982845
9434,2019-10-24 09:30:00,SEM VÍTIMA,DERBY,RUA JENER DE SOUZA, ,40.0,SUBURBIO,ABALROAMENTO LONGITUDINAL,1.0,1.0,1.0,1.0,1.0,1.0,1.0,2.0,1.0,0.0,1.0,Longo da via,Bom,Não existe,Perfeito estado,Seca,Perfeito estado,Outras,60 km/h,Dupla," , RUA JENER DE SOUZA, Recife, Pernambuco, Brasil",-8.0583675,-34.9000085
1336,2019-02-15 18:17:00,SEM VÍTIMA,DERBY,PRC DO DERBY, ,40.0,SUBURBIO,ABALROAMENTO LONGITUDINAL,1.0,1.0,1.0,1.0,1.0,1.0,1.0,2.0,1.0,0.0,1.0,Longo da via,Bom,Sem defeito,Perfeito estado,Seca,Perfeito estado,Não há placas,60 km/h,Única," , PRC DO DERBY, Recife, Pernambuco, Brasil",-8.0583675,-34.9000085