,data_hora,natureza_acidente,bairro,endereco,numero,num_semaforo,sentido_via,tipo,auto,moto,ciclom,ciclista,pedestre,onibus,caminhao,viatura,outros,vitimas,vitimasfatais,acidente_verificado,tempo_clima,situacao_semaforo,sinalizacao,condicao_via,conservacao_via,situacao_placa,velocidade_max_via,mao_direcao,end,latitude,longitude
10464,2019-11-20 19:15:00,SEM VÍTIMA,DERBY,RUA DOM BOSCO, ,174.0,SUBURBIO,ABALROAMENTO LONGITUDINAL,1.0,1.0,1.0,1.0,1.0,1.0,1.0,2.0,1.0,0.0,1.0,Cruzamento,Bom,Sem defeito,Perfeito estado,Seca,Perfeito estado,Outras,40 km/h,Única," , RUA DOM BOSCO, Recife, Pernambuco, Brasil",-8.0551501,-34.8956937
6036,2019-07-12 20:03:00,SEM VÍTIMA,DERBY,AV GOVERNADOR AGAMENON MAGALHAES, ,174.0,SUBURBIO,COLISÃO TRASEIRA,2.0,1.0,1.0,1.0,1.0,1.0,1.0,2.0,1.0,0.0,1.0,Cruzamento,Bom,Sem defeito,Perfeito estado,Seca,Perfeito estado,Outras,60 km/h,Dupla," , AV GOVERNADOR AGAMENON MAGALHAES, Recife, Pernambuco, Brasil",-8.0615339,-34.8974443
1408,2019-02-18 17:19:00,SEM VÍTIMA,DERBY,RUA HENRIQUE DIAS,609,174.0,SUBURBIO,ABALROAMENTO TRANSVERSAL,2.0,1.0,1.0,1.0,1.0,1.0,1.0,2.0,1.0,0.0,1.0,Cruzamento,Chuvoso,Não existe,Perfeito estado,Molhada,Perfeito estado,Não há placas,60 km/h,Única,"609, RUA HENRIQUE DIAS, Recife, Pernambuco, Brasil",-8.05992715,-34.89962834639958
10470,2019-11-20 22:09:00,SEM VÍTIMA,DERBY,RUA DR SEVERINO PINHEIRO, ,174.0,SUBURBIO,COLISÃO,1.0,1.0,1.0,1.0,1.0,1.0,1.0,2.0,1.0,0.0,1.0,Cruzamento,Chuvoso,Não existe,Perfeito estado,Molhada,Perfeito estado,Não há placas,60 km/h,Única," , RUA DR SEVERINO PINHEIRO, Recife, Pernambuco, Brasil",-8.05992715,-34.89962834639958
1317,2019-02-15 12:16:00,SEM VÍTIMA,DERBY,RUA JENER DE SOUZA, ,174.0,SUBURBIO,COLISÃO,2.0,1.0,1.0,1.0,1.0,1.0,1.0,2.0,1.0,0.0,1.0,Cruzamento,Chuvoso,Não existe,Perfeito estado,Molhada,Perfeito estado,Não há placas,60 km/h,Única," , RUA JENER DE SOUZA, Recife, Pernambuco, Brasil",-8.0583675,-34.9000085
4620,2019-05-27 12:55:00,SEM VÍTIMA,DERBY,RUA HENRIQUE DIAS, ,174.0,SUBURBIO,COLISÃO,1.0,1.0,1.0,1.0,1.0,1.0,1.0,2.0,1.0,0.0,1.0,Cruzamento,Chuvoso,Não existe,Perfeito estado,Molhada,Perfeito estado,Não há placas,60 km/h,Única," , RUA HENRIQUE DIAS, Recife, Pernambuco, Brasil",-8.0588832,-34.897815
8505,2019-09-29 08:05:00,SEM VÍTIMA,DERBY,AV GOVERNADOR AGAMENON MAGALHAES, ,174.0,SUBURBIO,ABALROAMENTO LONGITUDINAL,2.0,1.0,1.0,1.0,1.0,1.0,1.0,2.0,1.0,0.0,1.0,Longo da via,Bom,Não existe,Perfeito estado,Seca,Perfeito estado,Não há placas,60 km/h,Única," , AV GOVERNADOR AGAMENON MAGALHAES, Recife, Pernambuco, Brasil",-8.0615339,-34.8974443
7660,2019-09-04 12:54:00,SEM VÍTIMA,DERBY,RUA DR SEVERINO PINHEIRO, ,174.0,SUBURBIO,COLISÃO,2.0,1.0,1.0,1.0,1.0,1.0,1.0,2.0,1.0,0.0,1.0,Longo da via,Bom,Não existe,Perfeito estado,Seca,Perfeito estado,Não há placas,60 km/h,Única," , RUA DR SEVERINO PINHEIRO, Recife, Pernambuco, Brasil",-8.0615339,-34.8974443
4613,2019-05-27 07:38:00,SEM VÍTIMA,DERBY,RUA JENER DE SOUZA, ,174.0,SUBURBIO,ABALROAMENTO LONGITUDINAL,2.0,1.0,1.0,1.0,1.0,1.0,1.0,2.0,1.0,0.0,1.0,Longo da via,Chuvoso,Não existe,Perfeito estado,Molhada,Perfeito estado,R-6a,60 km/h,Dupla," , RUA JENER DE SOUZA, Recife, Pernambuco, Brasil",-8.0583675,-34.9000085
9354,2019-10-22 11:15:00,SEM VÍTIMA,DERBY,AV GOVERNADOR AGAMENON MAGALHAES, ,174.0,SUBURBIO,COLISÃO,2.0,1.0,1.0,1.0,1.0,1.0,1.0,2.0,1.0,0.0,1.0,Longo da via,Chuvoso,Não existe,Perfeito estado,Molhada,Perfeito estado,R-6a,60 km/h,Dupla," , AV GOVERNADOR AGAMENON MAGALHAES, Recife, Pernambuco, Brasil",-8.0615339,-34.8974443
9467,2019-10-25 10:53:00,SEM VÍTIMA,DERBY,AV GOVERNADOR AGAMENON MAGALHAES, ,174.0,SUBURBIO,ABALROAMENTO LONGITUDINAL,1.0,1.0,1.0,1.0,1.0,1.0,1.0,2.0,1.0,0.0,1.0,Longo da via,Bom,Não existe,Perfeito estado,Seca,Perfeito estado,Não há placas,60 km/h,Dupla," , AV GOVERNADOR AGAMENON MAGALHAES, Recife, Pernambuco, Brasil",-8.0615339,-34.8974443
6980,2019-08-14 03:38:00,COM VÍTIMA,DERBY,AV GOVERNADOR AGAMENON MAGALHAES, ,174.0,SUBURBIO,ABALROAMENTO TRANSVERSAL,2.0,1.0,1.0,1.0,1.0,1.0,1.0,2.0,1.0,1.0,1.0,Cruzamento,Chuvoso,Sem defeito,Perfeito estado,Molhada,Perfeito estado,Outras,60 km/h,Dupla," , AV GOVERNADOR AGAMENON MAGALHAES, Recife, Pernambuco, Brasil",-8.0615339,-34.8974443
9357,2019-10-22 11:55:00,SEM VÍTIMA,DERBY,RUA JOAQUIM NABUCO,171,174.0,SUBURBIO,ABALROAMENTO LONGITUDINAL,2.0,1.0,1.0,1.0,1.0,1.0,1.0,2.0,1.0,0.0,1.0,Longo da via,Bom,Não existe,Perfeito estado,Seca,Perfeito estado,R-6a,60 km/h,Única,"171, RUA JOAQUIM NABUCO, Recife, Pernambuco, Brasil",-8.05301025,-34.89802340400925
1392,2019-02-18 08:25:00,SEM VÍTIMA,DERBY,AV GOVERNADOR AGAMENON MAGALHAES,125,174.0,SUBURBIO,ABALROAMENTO LONGITUDINAL,1.0,1.0,1.0,1.0,1.0,1.0,1.0,2.0,1.0,0.0,1.0,Longo da via,Bom,Não existe,Perfeito estado,Seca,Perfeito estado,Placas Pare,60 km/h,Dupla,"125, AV GOVERNADOR AGAMENON MAGALHAES, Recife, Pernambuco, Brasil",-8.0603778,-34.8980782
10496,2019-11-21 13:35:00,SEM VÍTIMA,DERBY,RUA JENER DE SOUZA, ,174.0,SUBURBIO,COLISÃO,1.0,1.0,1.0,1.0,1.0,1.0,1.0,2.0,1.0,0.0,1.0,Longo da via,Bom,Não existe,Perfeito estado,Seca,Perfeito estado,Placas Pare,60 km/h,Dupla," , RUA JENER DE SOUZA, Recife, Pernambuco, Brasil",-8.0583675,-34.9000085
661,2019-01-26 02:46:00,SEM VÍTIMA,DERBY,RUA DA BAIXA VERDE, ,174.0,SUBURBIO,ABALROAMENTO TRANSVERSAL,2.0,1.0,1.0,1.0,1.0,1.0,1.0,2.0,1.0,0.0,1.0,Cruzamento,Bom,Não existe,Perfeito estado,Seca,Perfeito estado,Placas Pare,30 km/h,Única," , RUA DA BAIXA VERDE, Recife, Pernambuco, Brasil",-8.0552069,-34.8993223
535,2019-01-21 18:25:00,SEM VÍTIMA,DERBY,AV GOVERNADOR AGAMENON MAGALHAES, ,174.0,SUBURBIO,COLISÃO,2.0,1.0,1.0,1.0,1.0,1.0,1.0,2.0,1.0,0.0,1.0,Cruzamento,Bom,Não existe,Perfeito estado,Seca,Perfeito estado,Placas Pare,30 km/h,Única," , AV GOVERNADOR AGAMENON MAGALHAES, Recife, Pernambuco, Brasil",-8.0615339,-34.8974443
1329,2019-02-15 17:06:00,SEM VÍTIMA,DERBY,AV GOVERNADOR AGAMENON MAGALHAES, ,174.0,SUBURBIO,COLISÃO,1.0,2.0,1.0,1.0,1.0,1.0,1.0,2.0,1.0,0.0,1.0,Cruzamento,Bom,Não existe,Perfeito estado,Seca,Perfeito estado,Placas Pare,30 km/h,Única," , AV GOVERNADOR AGAMENON MAGALHAES, Recife, Pernambuco, Brasil",-8.0615339,-34.8974443
10570,2019-11-23 05:07:00,SEM VÍTIMA,DERBY,AV GOVERNADOR AGAMENON MAGALHAES, ,174.0,SUBURBIO,CAPOTAMENTO,1.0,2.0,1.0,1.0,1.0,1.0,1.0,2.0,1.0,0.0,1.0,Cruzamento,Bom,Não existe,Perfeito estado,Seca,Perfeito estado,Placas Pare,30 km/h,Única," , AV GOVERNADOR AGAMENON MAGALHAES, Recife, Pernambuco, Brasil",-8.0615339,-34.8974443
9369,2019-10-22 14:03:00,SEM VÍTIMA,DERBY,AV GOVERNADOR AGAMENON MAGALHAES, ,68.0,SUBURBIO,COLISÃO TRASEIRA,2.0,2.0,1.0,1.0,1.0,1.0,1.0,2.0,1.0,0.0,1.0,Longo da via,Bom,Sem defeito,Perfeito estado,Seca,Perfeito estado,R-6a,60 km/h,Dupla," , AV GOVERNADOR AGAMENON MAGALHAES, Recife, Pernambuco, Brasil",-8.0615339,-34.8974443
11238,2019-12-08 23:25:00,SEM VÍTIMA,DERBY,AV GOVERNADOR AGAMENON MAGALHAES, ,68.0,SUBURBIO,COLISÃO TRASEIRA,1.0,1.0,1.0,1.0,1.0,1.0,1.0,2.0,1.0,0.0,1.0,Cruzamento,Bom,Sem defeito,Perfeito estado,Seca,Perfeito estado,Não há placas,60 km/h,Dupla," , AV GOVERNADOR AGAMENON MAGALHAES, Recife, Pernambuco, Brasil",-8.0615339,-34.8974443
9371,2019-10-22 15:10:00,SEM VÍTIMA,DERBY,AV GOVERNADOR AGAMENON MAGALHAES, ,68.0,SUBURBIO,COLISÃO TRASEIRA,1.0,1.0,1.0,1.0,1.0,1.0,1.0,2.0,1.0,0.0,1.0,Longo da via,Bom,Sem defeito,Perfeito estado,Seca,Perfeito estado,Não há placas,60 km/h,Dupla," , AV GOVERNADOR AGAMENON MAGALHAES, Recife, Pernambuco, Brasil",-8.0615339,-34.8974443
10506,2019-11-21 17:56:00,SEM VÍTIMA,DERBY,AV GOVERNADOR AGAMENON MAGALHAES, ,68.0,SUBURBIO,COLISÃO,1.0,1.0,1.0,1.0,1.0,1.0,1.0,2.0,1.0,0.0,1.0,Longo da via,Bom,Sem defeito,Perfeito estado,Seca,Perfeito estado,Não há placas,60 km/h,Dupla," , AV GOVERNADOR AGAMENON MAGALHAES, Recife, Pernambuco, Brasil",-8.0615339,-34.8974443
6087,2019-07-14 23:49:00,SEM VÍTIMA,DERBY,AV GOVERNADOR AGAMENON MAGALHAES,174,68.0,SUBURBIO,COLISÃO,1.0,1.0,1.0,1.0,1.0,1.0,1.0,2.0,1.0,0.0,1.0,Longo da via,Bom,Sem defeito,Perfeito estado,Seca,Perfeito estado,Não há placas,60 km/h,Dupla,"174, AV GOVERNADOR AGAMENON MAGALHAES, Recife, Pernambuco, Brasil",-8.0603778,-34.8980782
656,2019-01-25 18:48:00,COM VÍTIMA,DERBY,AV GOVERNADOR AGAMENON MAGALHAES, ,68.0,CIDADE,COLISÃO TRASEIRA,3.0,1.0,1.0,1.0,1.0,1.0,1.0,2.0,1.0,3.0,1.0,Longo da via,Bom,Sem defeito,Perfeito estado,Seca,Perfeito estado,Outras,60 km/h,Dupla," , AV GOVERNADOR AGAMENON MAGALHAES, Recife, Pernambuco, Brasil",-8.0615339,-34.8974443
6147,2019-07-17 11:24:00,COM VÍTIMA,DERBY,AV GOVERNADOR AGAMENON MAGALHAES, ,68.0,CIDADE,COLISÃO,1.0,1.0,1.0,1.0,1.0,1.0,1.0,2.0,1.0,2.0,1.0,Longo da via,Bom,Sem defeito,Perfeito estado,Seca,Perfeito estado,Outras,60 km/h,Dupla," , AV GOVERNADOR AGAMENON MAGALHAES, Recife, Pernambuco, Brasil",-8.0615339,-34.8974443
7999,2019-09-14 12:28:00,SEM VÍTIMA,DERBY,RUA JOAQUIM NABUCO, ,174.0,SUBURBIO,ABALROAMENTO TRANSVERSAL,2.0,1.0,1.0,1.0,1.0,1.0,1.0,2.0,1.0,0.0,1.0,Cruzamento,Bom,Sem defeito,Perfeito estado,Seca,Perfeito estado,Outras,60 km/h,Única," , RUA JOAQUIM NABUCO, Recife, Pernambuco, Brasil",-8.0524615,-34.8995139
6033,2019-07-12 18:17:00,SEM VÍTIMA,DERBY,AV GOVERNADOR AGAMENON MAGALHAES, ,174.0,SUBURBIO,ABALROAMENTO LONGITUDINAL,1.0,1.0,1.0,1.0,1.0,1.0,1.0,2.0,1.0,0.0,1.0,Longo da via,Bom,Sem defeito,Perfeito estado,Seca,Perfeito estado,Não há placas,60 km/h,Dupla," , AV GOVERNADOR AGAMENON MAGALHAES, Recife, Pernambuco, Brasil",-8.0615339,-34.8974443
10591,2019-11-23 16:14:00,SEM VÍTIMA,DERBY,RUA BETANIA,40,174.0,SUBURBIO,ABALROAMENTO LONGITUDINAL,2.0,1.0,1.0,1.0,1.0,1.0,1.0,2.0,1.0,0.0,1.0,Longo da via,Bom,Não existe,Perfeito estado,Seca,Perfeito estado,Placas Pare,60 km/h,Única,"40, RUA BETANIA, Recife, Pernambuco, Brasil",-7.799091,-34.8399277
4707,2019-05-30 08:06:00,SEM VÍTIMA,DERBY,AV GOVERNADOR AGAMENON MAGALHAES,1114,174.0,SUBURBIO,COLISÃO TRASEIRA,2.0,1.0,1.0,1.0,1.0,1.0,1.0,2.0,1.0,0.0,1.0,Longo da via,Bom,Sem defeito,Perfeito estado,Seca,Perfeito estado,Outras,60 km/h,Dupla,"1114, AV GOVERNADOR AGAMENON MAGALHAES, Recife, Pernambuco, Brasil",-8.0603778,-34.8980782
10302,2019-11-15 21:20:00,SEM VÍTIMA,DERBY,PRC DO DERBY, ,174.0,CIDADE,COLISÃO,2.0,1.0,1.0,1.0,1.0,1.0,1.0,2.0,1.0,0.0,1.0,Longo da via,Bom,Sem defeito,Perfeito estado,Seca,Perfeito estado,Outras,60 km/h,Dupla," , PRC DO DERBY, Recife, Pernambuco, Brasil",-8.0603778,-34.8980782
1521,2019-02-21 13:40:00,COM VÍTIMA,DERBY,RUA AMAURI DE MEDEIROS,110,174.0,SUBURBIO,ABALROAMENTO TRANSVERSAL,1.0,1.0,1.0,1.0,1.0,1.0,1.0,2.0,1.0,1.0,1.0,Cruzamento,Bom,Não existe,Ilegível,Seca,Perfeito estado,Não há placas,60 km/h,Única,"110, RUA AMAURI DE MEDEIROS, Recife, Pernambuco, Brasil",-8.0583265,-34.8988519
4794,2019-06-01 19:27:00,SEM VÍTIMA,DERBY,AV GOVERNADOR AGAMENON MAGALHAES, ,174.0,SUBURBIO,ABALROAMENTO LONGITUDINAL,1.0,1.0,1.0,1.0,1.0,1.0,1.0,2.0,1.0,0.0,1.0,Longo da via,Bom,Sem defeito,Perfeito estado,Seca,Perfeito estado,Não há placas,60 km/h,Dupla," , AV GOVERNADOR AGAMENON MAGALHAES, Recife, Pernambuco, Brasil",-8.0615339,-34.8974443
2018,2019-03-08 17:23:00,SEM VÍTIMA,DERBY,RUA HENRIQUE DIAS, ,68.0,CIDADE,ABALROAMENTO LONGITUDINAL,1.0,1.0,1.0,1.0,1.0,1.0,1.0,2.0,1.0,0.0,1.0,Cruzamento,Bom,Sem defeito,Perfeito estado,Seca,Perfeito estado,Outras,60 km/h,Única," , RUA HENRIQUE DIAS, Recife, Pernambuco, Brasil",-8.0588832,-34.897815
7698,2019-09-05 14:49:00,SEM VÍTIMA,DERBY,PRC DO DERBY, ,68.0,CIDADE,ABALROAMENTO LONGITUDINAL,1.0,1.0,1.0,1.0,1.0,1.0,1.0,2.0,1.0,0.0,1.0,Cruzamento,Bom,Não existe,Incompleta,Seca,Mal conservada,Outras,60 km/h,Única," , PRC DO DERBY, Recife, Pernambuco, Brasil",-8.0588832,-34.897815
9652,2019-10-30 13:57:00,SEM VÍTIMA,DERBY,AV GOVERNADOR AGAMENON MAGALHAES, ,68.0,CIDADE,ABALROAMENTO LONGITUDINAL,1.0,1.0,1.0,1.0,1.0,1.0,1.0,2.0,1.0,0.0,1.0,Longo da via,Bom,Não existe,Perfeito estado,Seca,Perfeito estado,R-6c,60 km/h,Única," , AV GOVERNADOR AGAMENON MAGALHAES, Recife, Pernambuco, Brasil",-8.0615339,-34.8974443
6545,2019-07-31 16:36:00,SEM VÍTIMA,DERBY,AV GOVERNADOR AGAMENON MAGALHAES, ,68.0,SUBURBIO,COLISÃO,2.0,1.0,1.0,1.0,1.0,1.0,1.0,2.0,1.0,0.0,1.0,Longo da via,Bom,Não existe,Perfeito estado,Seca,Perfeito estado,R-6c,60 km/h,Única," , AV GOVERNADOR AGAMENON MAGALHAES, Recife, Pernambuco, Brasil",-8.0615339,-34.8974443
7385,2019-08-26 16:35:00,SEM VÍTIMA,DERBY,AV GOVERNADOR AGAMENON MAGALHAES, ,75.0,SUBURBIO,COLISÃO TRASEIRA,1.0,1.0,1.0,1.0,1.0,1.0,1.0,2.0,1.0,0.0,1.0,Cruzamento,Bom,Sem defeito,Perfeito estado,Seca,Perfeito estado,R-6c,60 km/h,Única," , AV GOVERNADOR AGAMENON MAGALHAES, Recife, Pernambuco, Brasil",-8.0615339,-34.8974443
4849,2019-06-04 07:28:00,SEM VÍTIMA,DERBY,AV GOVERNADOR AGAMENON MAGALHAES, ,75.0,SUBURBIO,COLISÃO TRASEIRA,3.0,1.0,1.0,1.0,1.0,1.0,1.0,2.0,1.0,0.0,1.0,Longo da via,Chuvoso,Sem defeito,Perfeito estado,Molhada,Perfeito estado,Outras,60 km/h,Dupla," , AV GOVERNADOR AGAMENON MAGALHAES, Recife, Pernambuco, Brasil",-8.0615339,-34.8974443
11315,2019-12-10 15:51:00,SEM VÍTIMA,DERBY,PRC DO DERBY, ,418.0,SUBURBIO,ABALROAMENTO LONGITUDINAL,1.0,1.0,1.0,1.0,1.0,1.0,1.0,2.0,1.0,0.0,1.0,Longo da via,Bom,Sem defeito,Perfeito estado,Seca,Perfeito estado,Outras,60 km/h,Dupla," , PRC DO DERBY, Recife, Pernambuco, Brasil",-8.0615339,-34.8974443
807,2019-01-31 14:43:00,SEM VÍTIMA,DERBY,RUA AMAURI DE MEDEIROS,110,418.0,SUBURBIO,ABALROAMENTO TRANSVERSAL,2.0,1.0,1.0,1.0,1.0,1.0,1.0,2.0,1.0,0.0,1.0,Cruzamento,Bom,Não existe,Perfeito estado,Seca,Perfeito estado,Outras,60 km/h,Única,"110, RUA AMAURI DE MEDEIROS, Recife, Pernambuco, Brasil",-8.0583265,-34.8988519
11307,2019-12-10 14:45:00,SEM VÍTIMA,DERBY,AV GOVERNADOR AGAMENON MAGALHAES,4775,672.0,SUBURBIO,ABALROAMENTO LONGITUDINAL,1.0,1.0,1.0,1.0,1.0,1.0,1.0,2.0,1.0,0.0,1.0,Longo da via,Bom,Sem defeito,Perfeito estado,Seca,Perfeito estado,Não há placas,60 km/h,Única,"4775, AV GOVERNADOR AGAMENON MAGALHAES, Recife, Pernambuco, Brasil",-8.064121,-34.89671307497645
10594,2019-11-23 19:00:00,SEM VÍTIMA,DERBY,RUA DOM BOSCO,1329,174.0,SUBURBIO,ABALROAMENTO LONGITUDINAL,1.0,1.0,1.0,1.0,1.0,1.0,1.0,2.0,1.0,0.0,1.0,Longo da via,Bom,Sem defeito,Perfeito estado,Seca,Perfeito estado,Outras,60 km/h,Única,"1329, RUA DOM BOSCO, Recife, Pernambuco, Brasil",-8.05413015,-34.89625893956263
8242,2019-09-21 09:13:00,SEM VÍTIMA,DERBY,RUA JORNALISTA PAULO BITTENCOURT,168,174.0,SUBURBIO,CHOQUE VEÍCULO PARADO,2.0,1.0,1.0,1.0,1.0,1.0,1.0,2.0,1.0,0.0,1.0,Longo da via,Bom,Não existe,Perfeito estado,Seca,Perfeito estado,R-6a,30 km/h,Dupla,"168, RUA JORNALISTA PAULO BITTENCOURT, Recife, Pernambuco, Brasil",-8.0547784,-34.8978376
1995,2019-03-08 11:05:00,SEM VÍTIMA,DERBY,RUA JENER DE SOUZA,635,174.0,CIDADE,ABALROAMENTO LONGITUDINAL,2.0,1.0,1.0,1.0,1.0,1.0,1.0,2.0,1.0,0.0,1.0,Cruzamento,Bom,Não existe,Perfeito estado,Seca,Perfeito estado,Outras,30 km/h,Dupla,"635, RUA JENER DE SOUZA, Recife, Pernambuco, Brasil",-8.0572332,-34.9000336
8041,2019-09-16 06:19:00,SEM VÍTIMA,DERBY,AV GOVERNADOR AGAMENON MAGALHAES, ,174.0,CIDADE,ABALROAMENTO LONGITUDINAL,2.0,1.0,1.0,1.0,1.0,1.0,1.0,2.0,1.0,0.0,1.0,Longo da via,Bom,Sem defeito,Perfeito estado,Seca,Perfeito estado,Outras,60 km/h,Dupla," , AV GOVERNADOR AGAMENON MAGALHAES, Recife, Pernambuco, Brasil",-8.0615339,-34.8974443
72,2019-01-03 16:07:00,SEM VÍTIMA,DERBY,AV GOVERNADOR AGAMENON MAGALHAES,4386,174.0,CIDADE,COLISÃO,2.0,1.0,1.0,1.0,1.0,1.0,1.0,2.0,1.0,0.0,1.0,Longo da via,Bom,Sem defeito,Perfeito estado,Seca,Perfeito estado,Outras,60 km/h,Dupla,"4386, AV GOVERNADOR AGAMENON MAGALHAES, Recife, Pernambuco, Brasil",-8.06055185,-34.8981999786815
1993,2019-03-08 10:38:00,SEM VÍTIMA,DERBY,RUA JOAQUIM NABUCO, ,174.0,CIDADE,ABALROAMENTO LONGITUDINAL,2.0,1.0,1.0,1.0,1.0,1.0,1.0,2.0,1.0,0.0,1.0,Longo da via,Bom,Não existe,Perfeito estado,Seca,Perfeito estado,Não há placas,60 km/h,Única," , RUA JOAQUIM NABUCO, Recife, Pernambuco, Brasil",-8.0524615,-34.8995139
9639,2019-10-30 08:43:00,COM VÍTIMA,DERBY,AV GOVERNADOR AGAMENON MAGALHAES,75,174.0,CIDADE,ATROPELAMENTO,2.0,1.0,1.0,1.0,1.0,1.0,1.0,2.0,1.0,1.0,1.0,Cruzamento,Bom,Sem defeito,Perfeito estado,Seca,Perfeito estado,Placas Dê a preferência,60 km/h,Dupla,"75, AV GOVERNADOR AGAMENON MAGALHAES, Recife, Pernambuco, Brasil",-8.0603778,-34.8980782
607,2019-01-24 07:33:00,SEM VÍTIMA,DERBY,RUA FELICIANO GOMES,342,174.0,SUBURBIO,COLISÃO TRASEIRA,2.0,1.0,1.0,1.0,1.0,1.0,1.0,2.0,1.0,0.0,1.0,Longo da via,Bom,Não existe,Perfeito estado,Seca,Perfeito estado,Placas Pare,60 km/h,Dupla,"342, RUA FELICIANO GOMES, Recife, Pernambuco, Brasil",-8.0552069,-34.8993223
4193,2019-05-13 16:06:00,SEM VÍTIMA,DERBY,RUA JOAQUIM NABUCO, ,174.0,SUBURBIO,ABALROAMENTO TRANSVERSAL,1.0,1.0,1.0,1.0,1.0,1.0,1.0,2.0,1.0,0.0,1.0,Longo da via,Bom,Sem defeito,Perfeito estado,Seca,Perfeito estado,R-6a,60 km/h,Única," , RUA JOAQUIM NABUCO, Recife, Pernambuco, Brasil",-8.0524615,-34.8995139
2513,2019-03-22 10:10:00,COM VÍTIMA,DERBY,RUA BENFICA,285,174.0,CIDADE,COLISÃO TRASEIRA,1.0,1.0,1.0,1.0,1.0,1.0,1.0,2.0,1.0,1.0,1.0,Longo da via,Bom,Não existe,Perfeito estado,Seca,Perfeito estado,R-6a,60 km/h,Única,"285, RUA BENFICA, Recife, Pernambuco, Brasil",-8.0596548,-34.9022276
11996,2019-12-28 09:18:00,SEM VÍTIMA,DERBY,RUA JENER DE SOUZA, ,174.0,SUBURBIO,ABALROAMENTO LONGITUDINAL,1.0,1.0,1.0,1.0,1.0,1.0,1.0,2.0,1.0,0.0,1.0,Longo da via,Bom,Não existe,Perfeito estado,Seca,Perfeito estado,Não há placas,60 km/h,Dupla," , RUA JENER DE SOUZA, Recife, Pernambuco, Brasil",-8.0583675,-34.9000085
4190,2019-05-13 13:32:00,SEM VÍTIMA,DERBY,RUA AMAURI DE MEDEIROS, ,174.0,SUBURBIO,ABALROAMENTO LONGITUDINAL,1.0,1.0,1.0,1.0,1.0,1.0,1.0,2.0,1.0,0.0,1.0,Longo da via,Bom,Não existe,Incompleta,Seca,Mal conservada,R-6a,60 km/h,Única," , RUA AMAURI DE MEDEIROS, Recife, Pernambuco, Brasil",-8.0583265,-34.8988519
4822,2019-06-03 10:13:00,SEM VÍTIMA,DERBY,RUA DR SEVERINO PINHEIRO, ,174.0,CIDADE,COLISÃO TRASEIRA,2.0,1.0,1.0,1.0,1.0,1.0,1.0,2.0,1.0,0.0,1.0,Longo da via,Bom,Não existe,Perfeito estado,Seca,Perfeito estado,Não há placas,60 km/h,Dupla," , RUA DR SEVERINO PINHEIRO, Recife, Pernambuco, Brasil",-8.0583265,-34.8988519
608,2019-01-24 07:38:00,SEM VÍTIMA,DERBY,RUA DOM FELICIANO,342,174.0,CIDADE,COLISÃO,2.0,1.0,1.0,1.0,1.0,1.0,1.0,2.0,1.0,0.0,1.0,Longo da via,Bom,Não existe,Perfeito estado,Seca,Perfeito estado,Não há placas,60 km/h,Dupla,"342, RUA DOM FELICIANO, Recife, Pernambuco, Brasil",-7.9968241,-34.9312623
7953,2019-09-13 07:24:00,SEM VÍTIMA,DERBY,AV GOVERNADOR AGAMENON MAGALHAES, ,174.0,CIDADE,COLISÃO COM CICLISTA,1.0,1.0,1.0,1.0,1.0,1.0,1.0,2.0,1.0,0.0,1.0,Longo da via,Bom,Sem defeito,Perfeito estado,Seca,Perfeito estado,Não há placas,60 km/h,Dupla," , AV GOVERNADOR AGAMENON MAGALHAES, Recife, Pernambuco, Brasil",-8.0615339,-34.8974443
5793,2019-07-04 12:14:00,SEM VÍTIMA,DERBY,RUA AMARO BEZERRA,419,174.0,SUBURBIO,ABALROAMENTO TRANSVERSAL,1.0,1.0,1.0,1.0,1.0,1.0,1.0,1.0,1.0,0.0,1.0,Longo da via,Bom,Sem defeito,Perfeito estado,Seca,Perfeito estado,Outras,60 km/h,Única,"419, RUA AMARO BEZERRA, Recife, Pernambuco, Brasil",-8.0533421,-34.8999229
2964,2019-04-04 13:27:00,SEM VÍTIMA,DERBY,RUA BENFICA, ,174.0,CIDADE,COLISÃO TRASEIRA,2.0,1.0,1.0,1.0,1.0,1.0,1.0,1.0,1.0,0.0,1.0,Longo da via,Bom,Não existe,Perfeito estado,Seca,Perfeito estado,R-6a,40 km/h,Única," , RUA BENFICA, Recife, Pernambuco, Brasil",-8.0576866,-34.9086687
2961,2019-04-04 12:03:00,SEM VÍTIMA,DERBY,AV GOVERNADOR AGAMENON MAGALHAES, ,174.0,CIDADE,COLISÃO,2.0,1.0,1.0,1.0,1.0,1.0,1.0,1.0,1.0,0.0,1.0,Longo da via,Bom,Não existe,Perfeito estado,Seca,Perfeito estado,R-6a,40 km/h,Única," , AV GOVERNADOR AGAMENON MAGALHAES, Recife, Pernambuco, Brasil",-8.0615339,-34.8974443