,data_hora,natureza_acidente,bairro,endereco,numero,num_semaforo,sentido_via,tipo,auto,moto,ciclom,ciclista,pedestre,onibus,caminhao,viatura,outros,vitimas,vitimasfatais,acidente_verificado,tempo_clima,situacao_semaforo,sinalizacao,condicao_via,conservacao_via,situacao_placa,velocidade_max_via,mao_direcao,end,latitude,longitude
3082,2019-04-08 07:57:00,SEM VÍTIMA,ENCRUZILHADA,AV JOAO DE BARROS,1883,665.0,CIDADE,ABALROAMENTO LONGITUDINAL,2.0,1.0,1.0,1.0,1.0,1.0,1.0,1.0,1.0,0.0,1.0,Longo da via,Bom,Sem defeito,Perfeito estado,Seca,Perfeito estado,R-6a,60 km/h,Única,"1883, AV JOAO DE BARROS, Recife, Pernambuco, Brasil",-8.0381512,-34.8919742
3593,2019-04-24 11:01:00,COM VÍTIMA,ENCRUZILHADA,AV NORTE,2141,665.0,CIDADE,ABALROAMENTO TRANSVERSAL,1.0,1.0,1.0,1.0,1.0,1.0,1.0,1.0,1.0,2.0,1.0,Esquina,Chuvoso,Não existe,Perfeito estado,Molhada,Perfeito estado,R-6a,60 km/h,Dupla,"2141, AV NORTE, Recife, Pernambuco, Brasil",-8.027844,-34.903102
431,2019-01-17 12:49:00,SEM VÍTIMA,ENCRUZILHADA,AV BEBERIBE, ,186.0,SUBURBIO,COLISÃO TRASEIRA,3.0,1.0,1.0,1.0,1.0,1.0,1.0,1.0,1.0,0.0,1.0,Cruzamento,Bom,Sem defeito,Perfeito estado,Seca,Perfeito estado,Outras,60 km/h,Dupla," , AV BEBERIBE, Recife, Pernambuco, Brasil",-8.013146,-34.8893491
8954,2019-10-10 19:29:00,SEM VÍTIMA,ENCRUZILHADA,RUA FERNANDO CESAR,242,186.0,SUBURBIO,ABALROAMENTO TRANSVERSAL,1.0,1.0,1.0,1.0,1.0,1.0,1.0,1.0,1.0,0.0,1.0,Cruzamento,Bom,Não existe,Perfeito estado,Seca,Perfeito estado,Placas Pare,60 km/h,Única,"242, RUA FERNANDO CESAR, Recife, Pernambuco, Brasil",-8.005459,-35.0281101
8587,2019-10-01 14:06:00,SEM VÍTIMA,ENCRUZILHADA,AV BEBERIBE,570,186.0,SUBURBIO,COLISÃO,2.0,1.0,1.0,1.0,1.0,1.0,1.0,1.0,1.0,0.0,1.0,Cruzamento,Bom,Não existe,Perfeito estado,Seca,Perfeito estado,Placas Pare,60 km/h,Única,"570, AV BEBERIBE, Recife, Pernambuco, Brasil",-8.0321996,-34.8919303
7844,2019-09-10 11:34:00,COM VÍTIMA,ENCRUZILHADA,EST DE BELEM,190,186.0,SUBURBIO,ABALROAMENTO LONGITUDINAL,1.0,1.0,1.0,1.0,1.0,1.0,1.0,1.0,1.0,1.0,1.0,Longo da via,Bom,Não existe,Perfeito estado,Seca,Perfeito estado,Outras,60 km/h,Dupla,"190, EST DE BELEM, Recife, Pernambuco, Brasil",-8.0070266,-34.871269330000004
5536,2019-06-26 07:47:00,SEM VÍTIMA,ENCRUZILHADA,RUA ARTUR AZEVEDO, ,186.0,SUBURBIO,ABALROAMENTO LONGITUDINAL,1.0,1.0,1.0,1.0,1.0,1.0,1.0,1.0,1.0,0.0,1.0,Longo da via,Bom,Não existe,Não existente,Seca,Perfeito estado,Não há placas,60 km/h,Dupla," , RUA ARTUR AZEVEDO, Recife, Pernambuco, Brasil",-7.9918518,-34.9709006
6717,2019-08-06 07:34:00,SEM VÍTIMA,ENCRUZILHADA,RUA JOSE DE SA CARNEIRO, ,666.0,SUBURBIO,ABALROAMENTO LONGITUDINAL,1.0,1.0,1.0,1.0,1.0,1.0,1.0,1.0,1.0,0.0,1.0,Longo da via,Chuvoso,Sem defeito,Perfeito estado,Molhada,Perfeito estado,R-6a,30 km/h,Única," , RUA JOSE DE SA CARNEIRO, Recife, Pernambuco, Brasil",-7.9918518,-34.9709006
5516,2019-06-25 16:29:00,SEM VÍTIMA,ENCRUZILHADA,RUA CASTRO ALVES,1847,42.0,SUBURBIO,ABALROAMENTO LONGITUDINAL,3.0,1.0,1.0,1.0,1.0,1.0,1.0,1.0,1.0,0.0,1.0,Longo da via,Bom,Sem defeito,Perfeito estado,Seca,Perfeito estado,R-6a,30 km/h,Única,"1847, RUA CASTRO ALVES, Recife, Pernambuco, Brasil",-8.0371725,-34.8908757
8210,2019-09-20 11:22:00,SEM VÍTIMA,ENCRUZILHADA,AV NORTE, ,43.0,SUBURBIO,COLISÃO,2.0,1.0,1.0,1.0,1.0,1.0,1.0,1.0,1.0,0.0,1.0,Longo da via,Bom,Sem defeito,Perfeito estado,Seca,Perfeito estado,R-6a,30 km/h,Única," , AV NORTE, Recife, Pernambuco, Brasil",-8.027844,-34.903102
2224,2019-03-14 21:12:00,COM VÍTIMA,ENCRUZILHADA,AV BEBERIBE,603,480.0,SUBURBIO,ABALROAMENTO TRANSVERSAL,2.0,2.0,1.0,1.0,1.0,1.0,1.0,1.0,1.0,2.0,1.0,Longo da via,Bom,Sem defeito,Perfeito estado,Outros,Mal conservada,Não há placas,60 km/h,Dupla,"603, AV BEBERIBE, Recife, Pernambuco, Brasil",-8.0319311,-34.8922611
1741,2019-02-27 14:45:00,SEM VÍTIMA,ENCRUZILHADA,RUA FERNANDO CESAR,202,480.0,CIDADE,ABALROAMENTO TRANSVERSAL,2.0,2.0,1.0,1.0,1.0,1.0,1.0,1.0,1.0,0.0,1.0,Cruzamento,Bom,Não existe,Perfeito estado,Seca,Perfeito estado,Placas Pare,30 km/h,Única,"202, RUA FERNANDO CESAR, Recife, Pernambuco, Brasil",-8.005459,-35.0281101
845,2019-02-01 15:58:00,SEM VÍTIMA,ENCRUZILHADA,RUA VINTE E QUATRO DE JUNHO,279,480.0,SUBURBIO,ABALROAMENTO TRANSVERSAL,1.0,2.0,1.0,1.0,1.0,1.0,1.0,1.0,1.0,0.0,1.0,Longo da via,Bom,Não existe,Perfeito estado,Seca,Perfeito estado,R-4b,30 km/h,Única,"279, RUA VINTE E QUATRO DE JUNHO, Recife, Pernambuco, Brasil",-8.037365,-34.8862615
6529,2019-07-31 11:33:00,SEM VÍTIMA,ENCRUZILHADA,RUA INACIO GALVAO DOS SANTOS,290,480.0,SUBURBIO,CHOQUE VEÍCULO PARADO,1.0,2.0,1.0,1.0,1.0,1.0,1.0,1.0,1.0,0.0,1.0,Longo da via,Bom,Não existe,Perfeito estado,Seca,Perfeito estado,Placas Pare,30 km/h,Dupla,"290, RUA INACIO GALVAO DOS SANTOS, Recife, Pernambuco, Brasil",-8.0348109,-34.8925581
8398,2019-09-26 07:30:00,SEM VÍTIMA,ENCRUZILHADA,AV BEBERIBE,66,480.0,SUBURBIO,COLISÃO,1.0,1.0,1.0,1.0,1.0,1.0,1.0,1.0,1.0,0.0,1.0,Longo da via,Bom,Não existe,Perfeito estado,Seca,Perfeito estado,Placas Pare,30 km/h,Dupla,"66, AV BEBERIBE, Recife, Pernambuco, Brasil",-8.0367237,-34.8909384
11523,2019-12-15 15:20:00,COM VÍTIMA,ENCRUZILHADA,AV NORTE, ,45.0,CIDADE,CHOQUE OBJETO FIXO,1.0,1.0,1.0,1.0,1.0,1.0,1.0,1.0,1.0,1.0,1.0,Longo da via,Bom,Sem defeito,Perfeito estado,Seca,Perfeito estado,R-6a,30 km/h,Dupla," , AV NORTE, Recife, Pernambuco, Brasil",-8.027844,-34.903102
5548,2019-06-26 12:09:00,SEM VÍTIMA,ENCRUZILHADA,AV JOAO DE BARROS,1858,43.0,CIDADE,COLISÃO TRASEIRA,1.0,1.0,1.0,1.0,1.0,1.0,1.0,1.0,1.0,0.0,1.0,Longo da via,Bom,Sem defeito,Perfeito estado,Seca,Perfeito estado,Outras,40 km/h,Única,"1858, AV JOAO DE BARROS, Recife, Pernambuco, Brasil",-8.0384953,-34.8918213
12013,2019-12-28 23:17:00,COM VÍTIMA,ENCRUZILHADA,RUA DONA JULIETA, ,43.0,CIDADE,COLISÃO,1.0,1.0,1.0,1.0,1.0,1.0,1.0,1.0,1.0,1.0,1.0,Longo da via,Bom,Sem defeito,Perfeito estado,Seca,Perfeito estado,Outras,40 km/h,Única," , RUA DONA JULIETA, Recife, Pernambuco, Brasil",-8.0331002,-34.8913912
10119,2019-11-11 16:31:00,COM VÍTIMA,ENCRUZILHADA,RUA AMARO COUTINHO,475,43.0,SUBURBIO,CHOQUE VEÍCULO PARADO,1.0,1.0,1.0,1.0,1.0,1.0,1.0,1.0,1.0,1.0,1.0,Longo da via,Bom,Não existe,Perfeito estado,Seca,Perfeito estado,R-34,40 km/h,Dupla,"475, RUA AMARO COUTINHO, Recife, Pernambuco, Brasil",-8.0341651,-34.8944933
946,2019-02-05 11:17:00,SEM VÍTIMA,ENCRUZILHADA,RUA VINTE E QUATRO DE JUNHO,109,43.0,SUBURBIO,CHOQUE VEÍCULO PARADO,3.0,1.0,1.0,1.0,1.0,1.0,1.0,1.0,1.0,0.0,1.0,Longo da via,Bom,Não existe,Perfeito estado,Seca,Perfeito estado,R-6a,30 km/h,Única,"109, RUA VINTE E QUATRO DE JUNHO, Recife, Pernambuco, Brasil",-8.0361012,-34.8872019
6521,2019-07-31 09:05:00,SEM VÍTIMA,ENCRUZILHADA,AV BEBERIBE,415,43.0,CIDADE,ABALROAMENTO LONGITUDINAL,1.0,1.0,1.0,1.0,1.0,1.0,1.0,1.0,1.0,0.0,1.0,Longo da via,Chuvoso,Não existe,Perfeito estado,Molhada,Perfeito estado,R-6a,60 km/h,Dupla,"415, AV BEBERIBE, Recife, Pernambuco, Brasil",-8.0339404,-34.8918786
10590,2019-11-23 15:45:00,SEM VÍTIMA,ENCRUZILHADA,RUA PROFESSOR JERONIMO GUEIROS, ,495.0,SUBURBIO,ABALROAMENTO TRANSVERSAL,2.0,1.0,1.0,1.0,1.0,1.0,1.0,1.0,1.0,0.0,1.0,Cruzamento,Bom,Sem defeito,Perfeito estado,Molhada,Perfeito estado,Não há placas,60 km/h,Dupla," , RUA PROFESSOR JERONIMO GUEIROS, Recife, Pernambuco, Brasil",-8.0312653,-34.8898999
8658,2019-10-03 14:45:00,SEM VÍTIMA,ENCRUZILHADA,AV JOAO DE BARROS,1912,495.0,CIDADE,ABALROAMENTO LONGITUDINAL,2.0,1.0,1.0,1.0,1.0,1.0,1.0,1.0,1.0,0.0,1.0,Longo da via,Bom,Sem defeito,Perfeito estado,Seca,Perfeito estado,Não há placas,60 km/h,Única,"1912, AV JOAO DE BARROS, Recife, Pernambuco, Brasil",-8.038038,-34.891522
5481,2019-06-24 06:48:00,SEM VÍTIMA,ENCRUZILHADA,EST DE BELEM,636,504.0,CIDADE,COLISÃO TRASEIRA,2.0,1.0,1.0,1.0,1.0,1.0,1.0,1.0,1.0,0.0,1.0,Longo da via,Bom,Sem defeito,Perfeito estado,Seca,Perfeito estado,R-6a,60 km/h,Dupla,"636, EST DE BELEM, Recife, Pernambuco, Brasil",-8.0070266,-34.871269330000004
1015,2019-02-07 11:16:00,SEM VÍTIMA,ENCRUZILHADA,AV BEBERIBE,286,504.0,CIDADE,COLISÃO,2.0,1.0,1.0,1.0,1.0,1.0,1.0,1.0,1.0,0.0,1.0,Longo da via,Bom,Sem defeito,Perfeito estado,Seca,Perfeito estado,R-6a,60 km/h,Dupla,"286, AV BEBERIBE, Recife, Pernambuco, Brasil",-8.0223817,-34.8940353
1014,2019-02-07 11:15:00,SEM VÍTIMA,ENCRUZILHADA,AV BEBERIBE, ,186.0,SUBURBIO,COLISÃO TRASEIRA,2.0,1.0,1.0,1.0,1.0,1.0,1.0,1.0,1.0,0.0,1.0,Longo da via,Bom,Sem defeito,Perfeito estado,Seca,Perfeito estado,R-6a,60 km/h,Dupla," , AV BEBERIBE, Recife, Pernambuco, Brasil",-8.013146,-34.8893491
8804,2019-10-07 08:04:00,SEM VÍTIMA,ENCRUZILHADA,RUA MARQUES DO PARANA, ,186.0,SUBURBIO,ABALROAMENTO LONGITUDINAL,1.0,1.0,1.0,1.0,1.0,1.0,1.0,1.0,1.0,0.0,1.0,Cruzamento,Bom,Não existe,Não existente,Seca,Perfeito estado,R-6a,60 km/h,Única," , RUA MARQUES DO PARANA, Recife, Pernambuco, Brasil",-8.0413532,-34.888612
496,2019-01-20 15:07:00,COM VÍTIMA,ENCRUZILHADA,AV NORTE, ,43.0,SUBURBIO,ABALROAMENTO TRANSVERSAL,1.0,1.0,1.0,1.0,1.0,1.0,1.0,1.0,1.0,1.0,1.0,Cruzamento,Bom,Sem defeito,Perfeito estado,Seca,Perfeito estado,R-6a,60 km/h,Única," , AV NORTE, Recife, Pernambuco, Brasil",-8.027844,-34.903102
789,2019-01-31 03:21:00,SEM VÍTIMA,ENCRUZILHADA,AV JOAO DE BARROS, ,43.0,SUBURBIO,COLISÃO,2.0,1.0,1.0,1.0,1.0,1.0,1.0,1.0,1.0,0.0,1.0,Cruzamento,Bom,Sem defeito,Perfeito estado,Seca,Perfeito estado,R-6a,60 km/h,Única," , AV JOAO DE BARROS, Recife, Pernambuco, Brasil",-8.0379305,-34.8915966
6618,2019-08-02 14:33:00,SEM VÍTIMA,ENCRUZILHADA,EST DE BELEM,30,43.0,SUBURBIO,COLISÃO TRASEIRA,2.0,1.0,1.0,1.0,1.0,1.0,1.0,1.0,1.0,0.0,1.0,Longo da via,Bom,Não existe,Perfeito estado,Seca,Perfeito estado,R-6a,60 km/h,Dupla,"30, EST DE BELEM, Recife, Pernambuco, Brasil",-8.0070266,-34.871269330000004
398,2019-01-16 07:16:00,SEM VÍTIMA,ENCRUZILHADA,AV JOAO DE BARROS,1890,43.0,SUBURBIO,COLISÃO TRASEIRA,2.0,1.0,1.0,1.0,1.0,1.0,1.0,1.0,1.0,0.0,1.0,Longo da via,Bom,Sem defeito,Perfeito estado,Seca,Perfeito estado,Não há placas,40 km/h,Única,"1890, AV JOAO DE BARROS, Recife, Pernambuco, Brasil",-8.0379305,-34.8915966
2111,2019-03-11 22:48:00,SEM VÍTIMA,ENCRUZILHADA,AV NORTE, ,43.0,SUBURBIO,COLISÃO,1.0,1.0,1.0,1.0,1.0,1.0,1.0,1.0,1.0,0.0,1.0,Longo da via,Bom,Sem defeito,Perfeito estado,Seca,Perfeito estado,Não há placas,40 km/h,Única," , AV NORTE, Recife, Pernambuco, Brasil",-8.027844,-34.903102
1868,2019-03-02 16:31:00,COM VÍTIMA,ENCRUZILHADA,AV NORTE,2215,665.0,SUBURBIO,ABALROAMENTO TRANSVERSAL,1.0,1.0,1.0,1.0,1.0,1.0,1.0,1.0,1.0,1.0,1.0,Esquina,Bom,Sem defeito,Perfeito estado,Seca,Perfeito estado,Outras,40 km/h,Dupla,"2215, AV NORTE, Recife, Pernambuco, Brasil",-8.027844,-34.903102
3465,2019-04-18 21:27:00,COM VÍTIMA,ENCRUZILHADA,RUA FERNANDO CESAR, ,665.0,CIDADE,ABALROAMENTO TRANSVERSAL,1.0,1.0,1.0,1.0,1.0,1.0,1.0,1.0,1.0,1.0,1.0,Cruzamento,Bom,Não existe,Perfeito estado,Seca,Perfeito estado,Placas Pare,40 km/h,Única," , RUA FERNANDO CESAR, Recife, Pernambuco, Brasil",-8.0354396,-34.8931596
2510,2019-03-25 09:52:00,SEM VÍTIMA,ENCRUZILHADA,AV BEBERIBE, ,186.0,SUBURBIO,COLISÃO TRASEIRA,1.0,1.0,1.0,1.0,1.0,1.0,1.0,1.0,1.0,0.0,1.0,Longo da via,Bom,Sem defeito,Perfeito estado,Seca,Perfeito estado,R-6a,60 km/h,Única," , AV BEBERIBE, Recife, Pernambuco, Brasil",-8.013146,-34.8893491
2776,2019-03-29 15:14:00,SEM VÍTIMA,ENCRUZILHADA,RUA PROFESSOR OTAVIO DE FREITAS,72,186.0,SUBURBIO,COLISÃO,2.0,1.0,1.0,1.0,1.0,1.0,1.0,1.0,1.0,0.0,1.0,Longo da via,Bom,Sem defeito,Perfeito estado,Seca,Perfeito estado,R-6a,60 km/h,Única,"72, RUA PROFESSOR OTAVIO DE FREITAS, Recife, Pernambuco, Brasil",-8.0350924,-34.8948155
705,2019-01-28 11:43:00,COM VÍTIMA,ENCRUZILHADA,RUA ALFREDO DE CASTRO,171,186.0,SUBURBIO,CHOQUE VEÍCULO PARADO,1.0,1.0,1.0,1.0,1.0,1.0,1.0,1.0,1.0,1.0,1.0,Longo da via,Chuvoso,Com defeito,Perfeito estado,Molhada,Perfeito estado,Não há placas,60 km/h,Única,"171, RUA ALFREDO DE CASTRO, Recife, Pernambuco, Brasil",-8.0392139,-34.8904389
1842,2019-03-01 19:02:00,SEM VÍTIMA,ENCRUZILHADA,RUA FERNANDO CESAR, ,186.0,SUBURBIO,COLISÃO,2.0,1.0,1.0,1.0,1.0,1.0,1.0,1.0,1.0,0.0,1.0,Longo da via,Chuvoso,Com defeito,Perfeito estado,Molhada,Perfeito estado,Não há placas,60 km/h,Única," , RUA FERNANDO CESAR, Recife, Pernambuco, Brasil",-8.0354396,-34.8931596
10931,2019-12-02 15:56:00,COM VÍTIMA,ENCRUZILHADA,AV JOAO DE BARROS, ,186.0,CIDADE,COLISÃO TRASEIRA,1.0,1.0,1.0,1.0,1.0,1.0,1.0,1.0,1.0,1.0,1.0,Longo da via,Bom,Sem defeito,Perfeito estado,Seca,Perfeito estado,Não há placas,60 km/h,Única," , AV JOAO DE BARROS, Recife, Pernambuco, Brasil",-8.0379305,-34.8915966
396,2019-01-15 18:51:00,SEM VÍTIMA,ENCRUZILHADA,RUA FERNANDO CESAR,255,186.0,SUBURBIO,ABALROAMENTO TRANSVERSAL,2.0,1.0,1.0,1.0,1.0,1.0,1.0,1.0,1.0,0.0,1.0,Longo da via,Bom,Não existe,Incompleta,Seca,Perfeito estado,Placas Pare,30 km/h,Única,"255, RUA FERNANDO CESAR, Recife, Pernambuco, Brasil",-8.005459,-35.0281101
10919,2019-12-02 14:47:00,SEM VÍTIMA,ENCRUZILHADA,AV JOAO DE BARROS, ,43.0,SUBURBIO,COLISÃO,2.0,1.0,1.0,1.0,1.0,1.0,1.0,1.0,1.0,0.0,1.0,Longo da via,Bom,Não existe,Incompleta,Seca,Perfeito estado,Placas Pare,30 km/h,Única," , AV JOAO DE BARROS, Recife, Pernambuco, Brasil",-8.0379305,-34.8915966
5419,2019-06-21 10:45:00,SEM VÍTIMA,ENCRUZILHADA,AV NORTE,2303,43.0,CIDADE,ABALROAMENTO LONGITUDINAL,1.0,1.0,1.0,1.0,1.0,1.0,1.0,1.0,1.0,0.0,1.0,Longo da via,Bom,Sem defeito,Perfeito estado,Seca,Perfeito estado,R-6a,30 km/h,Dupla,"2303, AV NORTE, Recife, Pernambuco, Brasil",-8.027844,-34.903102
8444,2019-09-27 10:33:00,SEM VÍTIMA,ENCRUZILHADA,RUA NATIVIDADE SALDANHA,49,377.0,SUBURBIO,ABALROAMENTO LONGITUDINAL,1.0,1.0,1.0,1.0,1.0,1.0,1.0,1.0,1.0,0.0,1.0,Cruzamento,Bom,Sem defeito,Perfeito estado,Seca,Perfeito estado,R-6a,40 km/h,Única,"49, RUA NATIVIDADE SALDANHA, Recife, Pernambuco, Brasil",-8.0938461,-34.9699216
10317,2019-11-16 13:09:00,SEM VÍTIMA,ENCRUZILHADA,RUA DR JOSE MARIA,151,377.0,SUBURBIO,ABALROAMENTO LONGITUDINAL,2.0,1.0,1.0,1.0,1.0,1.0,1.0,1.0,1.0,0.0,1.0,Cruzamento,Bom,Não existe,Perfeito estado,Seca,Perfeito estado,Outras,40 km/h,Dupla,"151, RUA DR JOSE MARIA, Recife, Pernambuco, Brasil",-8.0938461,-34.9699216
11597,2019-12-17 11:31:00,SEM VÍTIMA,ENCRUZILHADA,AV JOAO DE BARROS,1817,43.0,CIDADE,COLISÃO TRASEIRA,2.0,1.0,1.0,1.0,1.0,1.0,1.0,1.0,1.0,0.0,1.0,Longo da via,Bom,Sem defeito,Perfeito estado,Seca,Perfeito estado,Não há placas,40 km/h,Única,"1817, AV JOAO DE BARROS, Recife, Pernambuco, Brasil",-8.0379305,-34.8915966
2783,2019-03-29 16:27:00,COM VÍTIMA,ENCRUZILHADA,RUA DONA ELVIRA,110,43.0,CIDADE,COLISÃO COM CICLISTA,1.0,1.0,1.0,1.0,1.0,1.0,1.0,1.0,1.0,1.0,1.0,Longo da via,Bom,Não existe,Perfeito estado,Seca,Perfeito estado,Não há placas,40 km/h,Dupla,"110, RUA DONA ELVIRA, Recife, Pernambuco, Brasil",-8.0347778,-34.8889745
582,2019-01-23 08:08:00,SEM VÍTIMA,ENCRUZILHADA,AV NORTE,2261,43.0,SUBURBIO,COLISÃO FRONTAL,2.0,1.0,1.0,1.0,1.0,1.0,1.0,1.0,1.0,0.0,1.0,Longo da via,Bom,Sem defeito,Perfeito estado,Seca,Perfeito estado,Outras,40 km/h,Única,"2261, AV NORTE, Recife, Pernambuco, Brasil",-8.027844,-34.903102
5975,2019-07-11 07:15:00,COM VÍTIMA,ENCRUZILHADA,RUA FERNANDO CESAR, ,43.0,SUBURBIO,ABALROAMENTO LONGITUDINAL,2.0,1.0,1.0,1.0,1.0,1.0,1.0,1.0,1.0,1.0,1.0,Cruzamento,Bom,Não existe,Perfeito estado,Seca,Perfeito estado,Placas Pare,40 km/h,Única," , RUA FERNANDO CESAR, Recife, Pernambuco, Brasil",-8.0354396,-34.8931596
10197,2019-11-13 11:24:00,SEM VÍTIMA,ENCRUZILHADA,AV NORTE,2270,43.0,SUBURBIO,COLISÃO TRASEIRA,3.0,1.0,1.0,1.0,1.0,1.0,1.0,1.0,1.0,0.0,1.0,Longo da via,Bom,Não existe,Incompleta,Seca,Perfeito estado,Outras,40 km/h,Dupla,"2270, AV NORTE, Recife, Pernambuco, Brasil",-8.027844,-34.903102
3573,2019-04-23 17:24:00,SEM VÍTIMA,ENCRUZILHADA,EST DE BELEM,396,43.0,SUBURBIO,ABALROAMENTO TRANSVERSAL,1.0,1.0,1.0,1.0,1.0,1.0,1.0,1.0,1.0,0.0,1.0,Longo da via,Chuvoso,Não existe,Perfeito estado,Molhada,Perfeito estado,Outras,40 km/h,Dupla,"396, EST DE BELEM, Recife, Pernambuco, Brasil",-8.027844,-34.903102
6226,2019-07-19 13:01:00,SEM VÍTIMA,ENCRUZILHADA,RUA INACIO GALVAO DOS SANTOS,104,43.0,SUBURBIO,COLISÃO,2.0,1.0,1.0,1.0,1.0,1.0,1.0,1.0,1.0,0.0,1.0,Longo da via,Chuvoso,Não existe,Perfeito estado,Molhada,Perfeito estado,Outras,40 km/h,Dupla,"104, RUA INACIO GALVAO DOS SANTOS, Recife, Pernambuco, Brasil",-8.0342378,-34.8927506
3366,2019-04-16 09:47:00,SEM VÍTIMA,ENCRUZILHADA,AV NORTE, ,43.0,SUBURBIO,COLISÃO,2.0,1.0,1.0,1.0,1.0,1.0,1.0,1.0,1.0,0.0,1.0,Longo da via,Chuvoso,Não existe,Perfeito estado,Molhada,Perfeito estado,Outras,40 km/h,Dupla," , AV NORTE, Recife, Pernambuco, Brasil",-8.027844,-34.903102
5640,2019-06-28 23:49:00,SEM VÍTIMA,ENCRUZILHADA,AV BEBERIBE,433,43.0,CIDADE,CHOQUE VEÍCULO PARADO,1.0,1.0,1.0,1.0,1.0,1.0,1.0,1.0,1.0,0.0,1.0,Longo da via,Chuvoso,Não existe,Ilegível,Molhada,Mal iluminada,Não há placas,40 km/h,Dupla,"433, AV BEBERIBE, Recife, Pernambuco, Brasil",-8.0335167,-34.8919672
3055,2019-04-07 09:41:00,SEM VÍTIMA,ENCRUZILHADA,AV NORTE,2354,43.0,SUBURBIO,COLISÃO TRASEIRA,1.0,1.0,1.0,1.0,1.0,1.0,1.0,1.0,1.0,0.0,1.0,Cruzamento,Chuvoso,Sem defeito,Perfeito estado,Molhada,Perfeito estado,Outras,40 km/h,Dupla,"2354, AV NORTE, Recife, Pernambuco, Brasil",-8.027844,-34.903102
8694,2019-10-04 08:44:00,SEM VÍTIMA,ENCRUZILHADA,RUA CEARA, ,43.0,SUBURBIO,ABALROAMENTO TRANSVERSAL,2.0,1.0,1.0,1.0,1.0,1.0,1.0,1.0,1.0,0.0,1.0,Cruzamento,Bom,Não existe,Incompleta,Seca,Perfeito estado,Outras,20 km/h,Dupla," , RUA CEARA, Recife, Pernambuco, Brasil",-8.0355466,-34.8941565
10175,2019-11-13 07:28:00,SEM VÍTIMA,ENCRUZILHADA,AV NORTE,2443,43.0,CIDADE,COLISÃO TRASEIRA,1.0,1.0,1.0,1.0,1.0,1.0,1.0,1.0,1.0,0.0,1.0,Cruzamento,Bom,Sem defeito,Perfeito estado,Seca,Perfeito estado,Outras,20 km/h,Dupla,"2443, AV NORTE, Recife, Pernambuco, Brasil",-8.027844,-34.903102
1032,2019-02-07 16:34:00,SEM VÍTIMA,ENCRUZILHADA,AV NORTE,2160,665.0,SUBURBIO,ABALROAMENTO LONGITUDINAL,1.0,1.0,1.0,1.0,1.0,1.0,1.0,1.0,1.0,0.0,1.0,Longo da via,Bom,Sem defeito,Perfeito estado,Seca,Perfeito estado,R-6a,60 km/h,Dupla,"2160, AV NORTE, Recife, Pernambuco, Brasil",-8.027844,-34.903102
2465,2019-03-21 08:43:00,COM VÍTIMA,ENCRUZILHADA,AV BEBERIBE, ,665.0,CIDADE,ABALROAMENTO LONGITUDINAL,1.0,2.0,1.0,1.0,1.0,1.0,1.0,1.0,1.0,1.0,1.0,Longo da via,Bom,Não existe,Perfeito estado,Seca,Perfeito estado,R-6a,60 km/h,Dupla," , AV BEBERIBE, Recife, Pernambuco, Brasil",-8.013146,-34.8893491
6651,2019-08-03 13:18:00,SEM VÍTIMA,ENCRUZILHADA,RUA FERNANDO CESAR, ,665.0,SUBURBIO,ABALROAMENTO TRANSVERSAL,2.0,2.0,1.0,1.0,1.0,1.0,1.0,1.0,1.0,0.0,1.0,Cruzamento,Bom,Não existe,Perfeito estado,Seca,Perfeito estado,Placas Pare,60 km/h,Única," , RUA FERNANDO CESAR, Recife, Pernambuco, Brasil",-8.0354396,-34.8931596
418,2019-01-16 22:53:00,COM VÍTIMA,ENCRUZILHADA,RUA INACIO GALVAO DOS SANTOS,290,665.0,SUBURBIO,ABALROAMENTO TRANSVERSAL,1.0,1.0,1.0,1.0,1.0,1.0,1.0,1.0,1.0,1.0,1.0,Cruzamento,Bom,Não existe,Ilegível,Seca,Mal iluminada,Placas Pare,30 km/h,Única,"290, RUA INACIO GALVAO DOS SANTOS, Recife, Pernambuco, Brasil",-8.0348109,-34.8925581
5862,2019-07-06 19:14:00,SEM VÍTIMA,ENCRUZILHADA,AV NORTE,2829,665.0,CIDADE,ABALROAMENTO LONGITUDINAL,2.0,1.0,1.0,1.0,1.0,1.0,1.0,1.0,1.0,0.0,1.0,Longo da via,Bom,Não existe,Ilegível,Seca,Mal iluminada,Não há placas,30 km/h,Dupla,"2829, AV NORTE, Recife, Pernambuco, Brasil",-8.027844,-34.903102
56,2019-01-03 09:04:00,SEM VÍTIMA,ENCRUZILHADA,AV NORTE,1861,43.0,CIDADE,ABALROAMENTO LONGITUDINAL,2.0,1.0,1.0,1.0,1.0,1.0,1.0,1.0,1.0,0.0,1.0,Longo da via,Bom,Sem defeito,Perfeito estado,Seca,Perfeito estado,Não há placas,60 km/h,Dupla,"1861, AV NORTE, Recife, Pernambuco, Brasil",-8.027844,-34.903102
2674,2019-03-27 09:38:00,SEM VÍTIMA,ENCRUZILHADA,AV NORTE, ,43.0,CIDADE,COLISÃO TRASEIRA,1.0,1.0,1.0,1.0,1.0,1.0,1.0,1.0,1.0,0.0,1.0,Longo da via,Bom,Sem defeito,Perfeito estado,Seca,Perfeito estado,Não há placas,60 km/h,Dupla," , AV NORTE, Recife, Pernambuco, Brasil",-8.027844,-34.903102