,data_hora,natureza_acidente,bairro,endereco,numero,num_semaforo,sentido_via,tipo,auto,moto,ciclom,ciclista,pedestre,onibus,caminhao,viatura,outros,vitimas,vitimasfatais,acidente_verificado,tempo_clima,situacao_semaforo,sinalizacao,condicao_via,conservacao_via,situacao_placa,velocidade_max_via,mao_direcao,end,latitude,longitude
8112,2019-09-17 15:00:00,COM VÍTIMA,ENCRUZILHADA,RUA DONA JULIETA,360,666.0,CIDADE,ABALROAMENTO TRANSVERSAL,1.0,1.0,1.0,1.0,2.0,1.0,1.0,1.0,1.0,1.0,1.0,Cruzamento,Nublado,Não existe,Não existente,Outros,Mal conservada,Não há placas,40 km/h,Dupla,"360, RUA DONA JULIETA, Recife, Pernambuco, Brasil",-8.0331002,-34.8913912
4321,2019-05-17 08:49:00,SEM VÍTIMA,ENCRUZILHADA,RUA ANDRE REBOUCAS,45,666.0,CIDADE,ABALROAMENTO LONGITUDINAL,1.0,1.0,1.0,1.0,2.0,1.0,1.0,1.0,1.0,0.0,1.0,Longo da via,Bom,Não existe,Perfeito estado,Seca,Perfeito estado,Placas Pare,40 km/h,Dupla,"45, RUA ANDRE REBOUCAS, Recife, Pernambuco, Brasil",-8.0331253,-34.8970122
4107,2019-05-10 12:04:00,COM VÍTIMA,ENCRUZILHADA,AV NORTE,2120,665.0,SUBURBIO,ABALROAMENTO LONGITUDINAL,1.0,1.0,1.0,1.0,2.0,1.0,1.0,1.0,1.0,1.0,1.0,Longo da via,Bom,Sem defeito,Perfeito estado,Seca,Perfeito estado,R-6a,60 km/h,Dupla,"2120, AV NORTE, Recife, Pernambuco, Brasil",-8.027844,-34.903102
9671,2019-10-30 21:46:00,SEM VÍTIMA,ENCRUZILHADA,AV ENGENHEIRO JOSE ESTELITA,2548,665.0,SUBURBIO,COLISÃO,2.0,1.0,1.0,1.0,2.0,1.0,1.0,1.0,1.0,0.0,1.0,Longo da via,Bom,Sem defeito,Perfeito estado,Seca,Perfeito estado,R-6a,60 km/h,Dupla,"2548, AV ENGENHEIRO JOSE ESTELITA, Recife, Pernambuco, Brasil",-8.0779998,-34.8928846
4691,2019-05-29 11:10:00,COM VÍTIMA,ENCRUZILHADA,AV NORTE, ,665.0,CIDADE,CAPOTAMENTO,2.0,1.0,1.0,1.0,2.0,1.0,1.0,1.0,1.0,1.0,1.0,Longo da via,Chuvoso,Não existe,Perfeito estado,Molhada,Perfeito estado,Outras,60 km/h,Dupla," , AV NORTE, Recife, Pernambuco, Brasil",-8.027844,-34.903102
7067,2019-08-16 08:33:00,SEM VÍTIMA,ENCRUZILHADA,RUA DR JOSE MARIA, ,665.0,SUBURBIO,ABALROAMENTO LONGITUDINAL,2.0,1.0,1.0,1.0,2.0,1.0,1.0,1.0,1.0,0.0,1.0,Cruzamento,Chuvoso,Não existe,Perfeito estado,Molhada,Perfeito estado,Placas Pare,60 km/h,Dupla," , RUA DR JOSE MARIA, Recife, Pernambuco, Brasil",-8.027844,-34.903102
1435,2019-02-19 14:47:00,SEM VÍTIMA,ENCRUZILHADA,RUA DR EDUARDO WANDERLEY,72,665.0,SUBURBIO,COLISÃO TRASEIRA,2.0,1.0,1.0,1.0,2.0,1.0,1.0,1.0,1.0,0.0,1.0,Cruzamento,Bom,Não existe,Não existente,Seca,Perfeito estado,Não há placas,60 km/h,Dupla,"72, RUA DR EDUARDO WANDERLEY, Recife, Pernambuco, Brasil",-8.027844,-34.903102
4104,2019-05-10 09:37:00,SEM VÍTIMA,ENCRUZILHADA,RUA MARECHAL DEODORO,404,665.0,SUBURBIO,ABALROAMENTO LONGITUDINAL,2.0,1.0,1.0,1.0,2.0,1.0,1.0,1.0,1.0,0.0,1.0,Longo da via,Bom,Não existe,Perfeito estado,Seca,Perfeito estado,Placas Pare,60 km/h,Única,"404, RUA MARECHAL DEODORO, Recife, Pernambuco, Brasil",-8.0365378,-34.8839893
9657,2019-10-30 15:44:00,SEM VÍTIMA,ENCRUZILHADA,AV NORTE, ,665.0,SUBURBIO,COLISÃO,2.0,1.0,1.0,1.0,2.0,1.0,1.0,1.0,1.0,0.0,1.0,Longo da via,Bom,Não existe,Perfeito estado,Seca,Perfeito estado,Placas Pare,60 km/h,Única," , AV NORTE, Recife, Pernambuco, Brasil",-8.027844,-34.903102
9655,2019-10-30 15:26:00,SEM VÍTIMA,ENCRUZILHADA,AV NORTE, ,56.0,SUBURBIO,ABALROAMENTO TRANSVERSAL,2.0,1.0,1.0,1.0,2.0,1.0,1.0,1.0,1.0,0.0,1.0,Cruzamento,Bom,Sem defeito,Perfeito estado,Seca,Perfeito estado,Outras,60 km/h,Dupla," , AV NORTE, Recife, Pernambuco, Brasil",-8.027844,-34.903102
3696,2019-04-27 05:42:00,SEM VÍTIMA,ENCRUZILHADA,AV NORTE, ,665.0,SUBURBIO,COLISÃO,1.0,1.0,1.0,1.0,2.0,1.0,1.0,1.0,1.0,0.0,1.0,Cruzamento,Bom,Sem defeito,Perfeito estado,Seca,Perfeito estado,Outras,60 km/h,Dupla," , AV NORTE, Recife, Pernambuco, Brasil",-8.027844,-34.903102
8605,2019-10-01 20:20:00,SEM VÍTIMA,ENGENHO DO MEIO,RUA ANTONIO CURADO, ,665.0,SUBURBIO,ABALROAMENTO TRANSVERSAL,1.0,1.0,1.0,1.0,2.0,1.0,1.0,1.0,1.0,0.0,1.0,Cruzamento,Bom,Não existe,Não existente,Seca,Perfeito estado,Não há placas,30 km/h,Dupla," , RUA ANTONIO CURADO, Recife, Pernambuco, Brasil",-8.0557704,-34.9418342
6075,2019-07-14 11:15:00,SEM VÍTIMA,ENGENHO DO MEIO,RUA ANTONIO CURADO,200,665.0,CIDADE,ABALROAMENTO LONGITUDINAL,1.0,1.0,1.0,1.0,2.0,1.0,1.0,1.0,1.0,0.0,1.0,Longo da via,Chuvoso,Não existe,Não existente,Molhada,Perfeito estado,Não há placas,30 km/h,Dupla,"200, RUA ANTONIO CURADO, Recife, Pernambuco, Brasil",-8.0511457,-34.9413821
10926,2019-12-02 15:25:00,SEM VÍTIMA,ENGENHO DO MEIO,RUA BOM PASTOR, ,665.0,SUBURBIO,CAPOTAMENTO,1.0,1.0,1.0,1.0,2.0,1.0,1.0,1.0,1.0,0.0,1.0,Longo da via,Bom,Não existe,Não existente,Seca,Mal conservada,Não há placas,30 km/h,Única," , RUA BOM PASTOR, Recife, Pernambuco, Brasil",-8.0460345,-34.9401927
5655,2019-06-29 19:25:00,SEM VÍTIMA,ENGENHO DO MEIO,RUA JOSE DOS SANTOS,204,665.0,SUBURBIO,COLISÃO,1.0,1.0,1.0,1.0,2.0,1.0,1.0,1.0,1.0,0.0,1.0,Longo da via,Bom,Não existe,Não existente,Seca,Mal conservada,Não há placas,30 km/h,Única,"204, RUA JOSE DOS SANTOS, Recife, Pernambuco, Brasil",-8.0605219,-34.9426631
7431,2019-08-28 09:24:00,COM VÍTIMA,ENGENHO DO MEIO,RUA LINDOLFO COLOR,65,665.0,BR101,ABALROAMENTO TRANSVERSAL,1.0,1.0,1.0,1.0,2.0,1.0,1.0,1.0,1.0,1.0,1.0,Longo da via,Bom,Não existe,Incompleta,Seca,Perfeito estado,Não há placas,30 km/h,Dupla,"65, RUA LINDOLFO COLOR, Recife, Pernambuco, Brasil",-8.0527833,-34.9387491
8290,2019-09-23 07:14:00,COM VÍTIMA,ENGENHO DO MEIO,AV MUCIO UCHOA CAVALCANTE,415,665.0,SUBURBIO,ABALROAMENTO TRANSVERSAL,1.0,1.0,1.0,1.0,2.0,1.0,1.0,1.0,1.0,1.0,1.0,Longo da via,Bom,Não existe,Perfeito estado,Seca,Perfeito estado,Não há placas,30 km/h,Dupla,"415, AV MUCIO UCHOA CAVALCANTE, Recife, Pernambuco, Brasil",-8.0499146,-34.9430557
10825,2019-11-29 19:02:00,SEM VÍTIMA,ENGENHO DO MEIO,RUA GOVERNADOR LOPO GARRO, ,665.0,SUBURBIO,CHOQUE,1.0,1.0,1.0,1.0,2.0,1.0,1.0,1.0,1.0,0.0,1.0,Longo da via,Bom,Não existe,Perfeito estado,Seca,Perfeito estado,Não há placas,30 km/h,Dupla," , RUA GOVERNADOR LOPO GARRO, Recife, Pernambuco, Brasil",-8.0532678,-34.9431024
10098,2019-11-11 10:10:00,COM VÍTIMA,ENGENHO DO MEIO,RUA ANTONIO CURADO,183,665.0,SUBURBIO,ABALROAMENTO LONGITUDINAL,1.0,1.0,1.0,1.0,2.0,1.0,1.0,1.0,1.0,1.0,1.0,Longo da via,Bom,Não existe,Perfeito estado,Seca,Perfeito estado,Não há placas,30 km/h,Dupla,"183, RUA ANTONIO CURADO, Recife, Pernambuco, Brasil",-8.0518095,-34.9411121
1669,2019-02-25 14:34:00,COM VÍTIMA,ENGENHO DO MEIO,RUA ANTONIO CURADO,170,665.0,SUBURBIO,ABALROAMENTO TRANSVERSAL,2.0,1.0,1.0,1.0,2.0,1.0,1.0,1.0,1.0,1.0,1.0,Esquina,Bom,Não existe,Não existente,Seca,Perfeito estado,Não há placas,30 km/h,Dupla,"170, RUA ANTONIO CURADO, Recife, Pernambuco, Brasil",-8.0557704,-34.9418342
10564,2019-11-22 19:08:00,COM VÍTIMA,ENGENHO DO MEIO,RUA LINDOLFO COLOR, ,395.0,SUBURBIO,COLISÃO,1.0,1.0,1.0,1.0,2.0,1.0,1.0,1.0,1.0,1.0,1.0,Esquina,Bom,Não existe,Não existente,Seca,Perfeito estado,Não há placas,30 km/h,Dupla," , RUA LINDOLFO COLOR, Recife, Pernambuco, Brasil",-8.0514775,-34.9449369
2149,2019-03-12 23:13:00,SEM VÍTIMA,ENGENHO DO MEIO,RUA ANTONIO BEZERRA,241,395.0,SUBURBIO,CHOQUE VEÍCULO PARADO,1.0,1.0,1.0,1.0,2.0,1.0,1.0,1.0,1.0,0.0,1.0,Longo da via,Bom,Não existe,Não existente,Seca,Mal iluminada,Não há placas,30 km/h,Dupla,"241, RUA ANTONIO BEZERRA, Recife, Pernambuco, Brasil",-8.0554707,-34.9428648
11143,2019-12-06 14:00:00,SEM VÍTIMA,ENGENHO DO MEIO,RUA GOVERNADOR LOPO GARRO, ,395.0,SUBURBIO,ABALROAMENTO TRANSVERSAL,2.0,1.0,1.0,1.0,2.0,1.0,1.0,1.0,1.0,0.0,1.0,Cruzamento,Bom,Não existe,Não existente,Seca,Perfeito estado,Não há placas,30 km/h,Dupla," , RUA GOVERNADOR LOPO GARRO, Recife, Pernambuco, Brasil",-8.0532678,-34.9431024
208,2019-01-09 08:32:00,SEM VÍTIMA,ENGENHO DO MEIO,RUA GOVERNADOR LOPO GARRO,198,395.0,CIDADE,ABALROAMENTO LONGITUDINAL,2.0,1.0,1.0,1.0,2.0,1.0,1.0,1.0,1.0,0.0,1.0,Longo da via,Bom,Não existe,Perfeito estado,Seca,Perfeito estado,Outras,30 km/h,Dupla,"198, nan, Recife, Pernambuco, Brasil",-8.0584933,-34.8848193
7568,2019-09-02 08:33:00,SEM VÍTIMA,ENGENHO DO MEIO,RUA COSTA SEPULVEDA,749,395.0,SUBURBIO,COLISÃO TRASEIRA,2.0,1.0,1.0,1.0,2.0,1.0,1.0,1.0,1.0,0.0,1.0,Longo da via,Chuvoso,Não existe,Não existente,Molhada,Mal conservada,Não há placas,30 km/h,Dupla,"749, RUA COSTA SEPULVEDA, Recife, Pernambuco, Brasil",-8.0530346,-34.94591211425593
6016,2019-07-12 10:28:00,SEM VÍTIMA,ENGENHO DO MEIO,RUA GOVERNADOR LOPO GARRO, ,395.0,SUBURBIO,ABALROAMENTO TRANSVERSAL,2.0,1.0,1.0,1.0,2.0,1.0,1.0,1.0,1.0,0.0,1.0,Cruzamento,Bom,Não existe,Não existente,Seca,Perfeito estado,Não há placas,40 km/h,Dupla," , RUA GOVERNADOR LOPO GARRO, Recife, Pernambuco, Brasil",-8.0532678,-34.9431024
6025,2019-07-12 16:35:00,SEM VÍTIMA,ENGENHO DO MEIO,RUA MANOEL CORTE REAL,375,395.0,SUBURBIO,ABALROAMENTO TRANSVERSAL,2.0,1.0,1.0,1.0,2.0,1.0,1.0,1.0,1.0,0.0,1.0,Cruzamento,Bom,Não existe,Não existente,Seca,Mal conservada,Não há placas,40 km/h,Dupla,"375, RUA MANOEL CORTE REAL, Recife, Pernambuco, Brasil",-8.055484,-34.9428675
6026,2019-07-12 16:52:00,SEM VÍTIMA,ENGENHO DO MEIO,RUA CARNEIRO DE MARIZ,1001,395.0,SUBURBIO,COLISÃO TRASEIRA,2.0,1.0,1.0,1.0,2.0,1.0,1.0,1.0,1.0,0.0,1.0,Longo da via,Bom,Não existe,Não existente,Seca,Perfeito estado,Não há placas,30 km/h,Dupla,"1001, RUA CARNEIRO DE MARIZ, Recife, Pernambuco, Brasil",-8.0636061,-34.9423144
11,2019-01-01 19:26:00,SEM VÍTIMA,ENGENHO DO MEIO,RUA ANTONIO CURADO, ,395.0,CIDADE,ABALROAMENTO TRANSVERSAL,2.0,1.0,1.0,1.0,2.0,1.0,1.0,1.0,1.0,0.0,1.0,Cruzamento,Bom,Não existe,Incompleta,Seca,Mal iluminada,Placas Pare,30 km/h,Dupla," , RUA ANTONIO CURADO, Recife, Pernambuco, Brasil",-8.0557704,-34.9418342
2511,2019-03-22 08:50:00,SEM VÍTIMA,ENGENHO DO MEIO,RUA AMARO LOPES MADEIRA,14,395.0,SUBURBIO,ABALROAMENTO LONGITUDINAL,2.0,1.0,1.0,1.0,2.0,1.0,1.0,1.0,1.0,0.0,1.0,Longo da via,Bom,Não existe,Não existente,Seca,Perfeito estado,Não há placas,30 km/h,Dupla,"14, RUA AMARO LOPES MADEIRA, Recife, Pernambuco, Brasil",-8.057746,-34.9405023
2765,2019-03-29 12:18:00,COM VÍTIMA,ENGENHO DO MEIO,RUA ANTONIO CURADO,448,395.0,SUBURBIO,ATROPELAMENTO,2.0,1.0,1.0,1.0,1.0,1.0,1.0,1.0,1.0,1.0,1.0,Longo da via,Bom,Não existe,Perfeito estado,Seca,Perfeito estado,Outras,30 km/h,Dupla,"448, RUA ANTONIO CURADO, Recife, Pernambuco, Brasil",-8.0557704,-34.9418342
8264,2019-09-21 18:31:00,SEM VÍTIMA,ENGENHO DO MEIO,RUA GOVERNADOR LOPO GARRO, ,395.0,SUBURBIO,COLISÃO,2.0,1.0,1.0,1.0,1.0,1.0,1.0,1.0,1.0,0.0,1.0,Longo da via,Bom,Não existe,Perfeito estado,Seca,Perfeito estado,Outras,30 km/h,Dupla," , RUA GOVERNADOR LOPO GARRO, Recife, Pernambuco, Brasil",-8.0532678,-34.9431024
8178,2019-09-19 14:42:00,SEM VÍTIMA,ENGENHO DO MEIO,RUA GOVERNADOR LOPO GARRO,400,395.0,SUBURBIO,ABALROAMENTO TRANSVERSAL,2.0,1.0,1.0,1.0,1.0,1.0,1.0,1.0,1.0,0.0,1.0,Cruzamento,Bom,Não existe,Ilegível,Seca,Perfeito estado,Não há placas,30 km/h,Dupla,"400, RUA GOVERNADOR LOPO GARRO, Recife, Pernambuco, Brasil",-8.051163,-34.9430866
2950,2019-04-04 08:36:00,SEM VÍTIMA,ENGENHO DO MEIO,RUA ANTONIO CURADO,35,395.0,CIDADE,ABALROAMENTO LONGITUDINAL,1.0,1.0,1.0,1.0,1.0,1.0,1.0,1.0,1.0,0.0,1.0,Longo da via,Bom,Não existe,Perfeito estado,Seca,Perfeito estado,Não há placas,40 km/h,Dupla,"35, RUA ANTONIO CURADO, Recife, Pernambuco, Brasil",-8.0544069,-34.9415642
2197,2019-03-14 07:54:00,SEM VÍTIMA,ENGENHO DO MEIO,RUA LINDOLFO COLOR,334,395.0,CIDADE,COLISÃO TRASEIRA,2.0,1.0,1.0,1.0,1.0,1.0,1.0,1.0,1.0,0.0,1.0,Longo da via,Bom,Não existe,Não existente,Seca,Perfeito estado,Não há placas,40 km/h,Dupla,"334, RUA LINDOLFO COLOR, Recife, Pernambuco, Brasil",-8.0517592,-34.9431492
3950,2019-05-04 00:55:00,SEM VÍTIMA,ENGENHO DO MEIO,AV CAXANGA, ,533.0,CIDADE,ABALROAMENTO TRANSVERSAL,2.0,1.0,1.0,1.0,1.0,1.0,1.0,1.0,1.0,0.0,1.0,Cruzamento,Bom,Sem defeito,Perfeito estado,Seca,Mal iluminada,Não há placas,60 km/h,Dupla," , AV CAXANGA, Recife, Pernambuco, Brasil",-8.0311907,-34.956089
2929,2019-04-03 16:54:00,SEM VÍTIMA,ENGENHO DO MEIO,RUA MAURICEIA, ,533.0,CIDADE,COLISÃO,2.0,1.0,1.0,1.0,1.0,1.0,1.0,1.0,1.0,0.0,1.0,Cruzamento,Bom,Sem defeito,Perfeito estado,Seca,Mal iluminada,Não há placas,60 km/h,Dupla," , RUA MAURICEIA, Recife, Pernambuco, Brasil",-8.0466491,-34.9407058
8853,2019-10-08 13:52:00,SEM VÍTIMA,ENGENHO DO MEIO,RUA ANTONIO CURADO,928,533.0,CIDADE,ABALROAMENTO TRANSVERSAL,2.0,1.0,1.0,1.0,1.0,1.0,1.0,1.0,1.0,0.0,1.0,Cruzamento,Bom,Não existe,Incompleta,Seca,Perfeito estado,Não há placas,60 km/h,Dupla,"928, RUA ANTONIO CURADO, Recife, Pernambuco, Brasil",-8.0557704,-34.9418342
9704,2019-10-31 18:40:00,SEM VÍTIMA,ENGENHO DO MEIO,RUA MAURICEIA,308,533.0,SUBURBIO,COLISÃO TRASEIRA,2.0,1.0,1.0,1.0,1.0,1.0,1.0,1.0,1.0,0.0,1.0,Longo da via,Bom,Não existe,Perfeito estado,Seca,Perfeito estado,Não há placas,60 km/h,Dupla,"308, RUA MAURICEIA, Recife, Pernambuco, Brasil",-8.0461443,-34.9417488
9682,2019-10-31 08:52:00,COM VÍTIMA,ENGENHO DO MEIO,EST DO FORTE DO ARRAIAL N. DO B. JESUS, ,533.0,CIDADE,ABALROAMENTO LONGITUDINAL,1.0,1.0,1.0,1.0,1.0,1.0,1.0,1.0,1.0,2.0,1.0,Longo da via,Bom,Sem defeito,Perfeito estado,Seca,Perfeito estado,Não há placas,60 km/h,Dupla," , EST DO FORTE DO ARRAIAL N. DO B. JESUS, Recife, Pernambuco, Brasil",-8.0461443,-34.9417488
10827,2019-11-29 21:36:00,SEM VÍTIMA,ENGENHO DO MEIO,RUA JOSE DOS SANTOS, ,533.0,CIDADE,COLISÃO,2.0,1.0,1.0,1.0,1.0,1.0,1.0,1.0,1.0,0.0,1.0,Longo da via,Bom,Sem defeito,Perfeito estado,Seca,Perfeito estado,Não há placas,60 km/h,Dupla," , RUA JOSE DOS SANTOS, Recife, Pernambuco, Brasil",-8.0602041,-34.9440163
2250,2019-03-15 11:49:00,SEM VÍTIMA,ENGENHO DO MEIO,RUA ANTONIO CURADO,351,533.0,SUBURBIO,COLISÃO TRASEIRA,2.0,1.0,1.0,1.0,1.0,1.0,1.0,1.0,1.0,0.0,1.0,Longo da via,Bom,Não existe,Não existente,Seca,Perfeito estado,Não há placas,60 km/h,Dupla,"351, RUA ANTONIO CURADO, Recife, Pernambuco, Brasil",-8.0572188,-34.9419291
6136,2019-07-17 08:12:00,SEM VÍTIMA,ENGENHO DO MEIO,AV MARIO ALVARES PEREIRA DE LYRA,323,533.0,CIDADE,ABALROAMENTO LONGITUDINAL,2.0,1.0,1.0,1.0,1.0,1.0,1.0,1.0,1.0,0.0,1.0,Cruzamento,Bom,Não existe,Não existente,Seca,Perfeito estado,Não há placas,60 km/h,Dupla,"323, AV MARIO ALVARES PEREIRA DE LYRA, Recife, Pernambuco, Brasil",-8.0468657,-34.935822
574,2019-01-22 17:38:00,COM VÍTIMA,ENGENHO DO MEIO,RUA ANTONIO CURADO, ,395.0,SUBURBIO,ABALROAMENTO TRANSVERSAL,2.0,1.0,1.0,1.0,1.0,1.0,1.0,1.0,1.0,1.0,1.0,Cruzamento,Chuvoso,Sem defeito,Não existente,Molhada,Perfeito estado,Não há placas,60 km/h,Dupla," , RUA ANTONIO CURADO, Recife, Pernambuco, Brasil",-8.0557704,-34.9418342
490,2019-01-20 07:26:00,SEM VÍTIMA,ENGENHO DO MEIO,RUA OSVALDO GUIMARAES,30,395.0,SUBURBIO,ABALROAMENTO LONGITUDINAL,1.0,1.0,1.0,1.0,1.0,1.0,1.0,1.0,1.0,0.0,1.0,Longo da via,Bom,Não existe,Perfeito estado,Seca,Perfeito estado,Outras,60 km/h,Única,"30, RUA OSVALDO GUIMARAES, Recife, Pernambuco, Brasil",-8.0438262,-34.9413132
1353,2019-02-16 11:10:00,SEM VÍTIMA,ENGENHO DO MEIO,RUA GOVERNADOR LOPO GARRO, ,395.0,SUBURBIO,ABALROAMENTO TRANSVERSAL,1.0,1.0,1.0,1.0,1.0,1.0,1.0,1.0,1.0,0.0,1.0,Cruzamento,Bom,Não existe,Não existente,Seca,Perfeito estado,Não há placas,30 km/h,Dupla," , RUA GOVERNADOR LOPO GARRO, Recife, Pernambuco, Brasil",-8.0532678,-34.9431024
6598,2019-08-02 00:03:00,SEM VÍTIMA,ESPINHEIRO,RUA DO ESPINHEIRO, ,166.0,SUBURBIO,ABALROAMENTO TRANSVERSAL,2.0,1.0,1.0,1.0,1.0,1.0,1.0,1.0,1.0,0.0,1.0,Cruzamento,Chuvoso,Sem defeito,Perfeito estado,Molhada,Perfeito estado,Outras,30 km/h,Única," , RUA DO ESPINHEIRO, Recife, Pernambuco, Brasil",-8.0426365,-34.8927867
4071,2019-05-09 07:25:00,SEM VÍTIMA,ESPINHEIRO,RUA DO ESPINHEIRO,316,195.0,CIDADE,ABALROAMENTO LONGITUDINAL,2.0,1.0,1.0,1.0,1.0,1.0,1.0,1.0,1.0,0.0,1.0,Longo da via,Bom,Sem defeito,Perfeito estado,Seca,Perfeito estado,Outras,30 km/h,Única,"316, RUA DO ESPINHEIRO, Recife, Pernambuco, Brasil",-8.0426365,-34.8927867
4907,2019-06-05 09:57:00,SEM VÍTIMA,ESPINHEIRO,RUA DR VICENTE MEIRA, ,195.0,SUBURBIO,ABALROAMENTO LONGITUDINAL,2.0,1.0,1.0,1.0,1.0,1.0,1.0,1.0,1.0,0.0,1.0,Longo da via,Bom,Sem defeito,Perfeito estado,Seca,Perfeito estado,R-6a,20 km/h,Dupla," , RUA DR VICENTE MEIRA, Recife, Pernambuco, Brasil",-8.043955,-34.894815
4068,2019-05-09 00:29:00,SEM VÍTIMA,ESPINHEIRO,RUA DO ESPINHEIRO, ,166.0,CIDADE,ABALROAMENTO TRANSVERSAL,2.0,1.0,1.0,1.0,1.0,1.0,1.0,1.0,1.0,0.0,1.0,Cruzamento,Chuvoso,Sem defeito,Perfeito estado,Molhada,Perfeito estado,Não há placas,20 km/h,Única," , RUA DO ESPINHEIRO, Recife, Pernambuco, Brasil",-8.0426365,-34.8927867
8775,2019-10-05 22:32:00,COM VÍTIMA,ESPINHEIRO,RUA BARAO DE ITAMARACA, ,86.0,CIDADE,ABALROAMENTO TRANSVERSAL,1.0,1.0,1.0,1.0,1.0,1.0,1.0,1.0,1.0,1.0,1.0,Cruzamento,Bom,Sem defeito,Perfeito estado,Seca,Perfeito estado,Não há placas,40 km/h,Dupla," , RUA BARAO DE ITAMARACA, Recife, Pernambuco, Brasil",-8.0440056,-34.8926061
2481,2019-03-21 13:41:00,SEM VÍTIMA,ESPINHEIRO,AV JOAO DE BARROS,1200,86.0,SUBURBIO,ABALROAMENTO TRANSVERSAL,2.0,1.0,1.0,1.0,1.0,1.0,1.0,1.0,1.0,0.0,1.0,Longo da via,Bom,Não existe,Incompleta,Seca,Mal conservada,R-6a,40 km/h,Única,"1200, AV JOAO DE BARROS, Recife, Pernambuco, Brasil",-8.0438904,-34.8899915
470,2019-01-18 19:29:00,SEM VÍTIMA,ESPINHEIRO,AV CONS ROSA E SILVA, ,86.0,SUBURBIO,ABALROAMENTO LONGITUDINAL,2.0,1.0,1.0,1.0,1.0,1.0,1.0,1.0,1.0,0.0,1.0,Longo da via,Bom,Não existe,Perfeito estado,Seca,Perfeito estado,Não há placas,40 km/h,Única," , AV CONS ROSA E SILVA, Recife, Pernambuco, Brasil",-8.0438904,-34.8899915
9960,2019-11-07 16:43:00,SEM VÍTIMA,ESPINHEIRO,AV GOVERNADOR AGAMENON MAGALHAES, ,86.0,CIDADE,COLISÃO TRASEIRA,1.0,1.0,1.0,1.0,1.0,1.0,1.0,1.0,1.0,0.0,1.0,Longo da via,Bom,Não existe,Perfeito estado,Seca,Perfeito estado,Não há placas,40 km/h,Dupla," , AV GOVERNADOR AGAMENON MAGALHAES, Recife, Pernambuco, Brasil",-8.0615339,-34.8974443
4677,2019-05-29 06:56:00,SEM VÍTIMA,ESPINHEIRO,RUA DO ESPINHEIRO,319,195.0,CIDADE,COLISÃO,2.0,1.0,1.0,1.0,1.0,1.0,1.0,1.0,1.0,0.0,1.0,Longo da via,Bom,Não existe,Perfeito estado,Seca,Perfeito estado,Não há placas,40 km/h,Dupla,"319, RUA DO ESPINHEIRO, Recife, Pernambuco, Brasil",-8.045352999999999,-34.895277561102176
381,2019-01-15 10:01:00,SEM VÍTIMA,ESPINHEIRO,RUA BARAO DE ITAMARACA,379,195.0,CIDADE,ABALROAMENTO TRANSVERSAL,2.0,1.0,1.0,1.0,1.0,1.0,1.0,1.0,1.0,0.0,1.0,Longo da via,Bom,Não existe,Não existente,Seca,Perfeito estado,Não há placas,40 km/h,Dupla,"379, RUA BARAO DE ITAMARACA, Recife, Pernambuco, Brasil",-8.0440056,-34.8926061
541,2019-01-22 08:26:00,SEM VÍTIMA,ESPINHEIRO,RUA SAO SALVADOR, ,195.0,CIDADE,ABALROAMENTO LONGITUDINAL,3.0,1.0,1.0,1.0,1.0,1.0,1.0,1.0,1.0,0.0,1.0,Longo da via,Chuvoso,Não existe,Perfeito estado,Molhada,Perfeito estado,Não há placas,40 km/h,Única," , RUA SAO SALVADOR, Recife, Pernambuco, Brasil",-8.039422,-34.874641
4353,2019-05-18 09:52:00,COM VÍTIMA,ESPINHEIRO,RUA DO ESPINHEIRO,280,195.0,SUBURBIO,ABALROAMENTO LONGITUDINAL,1.0,1.0,1.0,1.0,1.0,1.0,1.0,1.0,1.0,1.0,1.0,Cruzamento,Bom,Sem defeito,Perfeito estado,Seca,Perfeito estado,R-6a,40 km/h,Única,"280, RUA DO ESPINHEIRO, Recife, Pernambuco, Brasil",-8.0426365,-34.8927867
9316,2019-10-21 09:25:00,SEM VÍTIMA,ESPINHEIRO,RUA AMELIA, ,46.0,CIDADE,ABALROAMENTO LONGITUDINAL,2.0,1.0,1.0,1.0,1.0,1.0,1.0,1.0,1.0,0.0,1.0,Cruzamento,Bom,Sem defeito,Perfeito estado,Seca,Perfeito estado,R-6a,40 km/h,Única," , RUA AMELIA, Recife, Pernambuco, Brasil",-8.0455717,-34.9041156
9167,2019-10-16 11:58:00,SEM VÍTIMA,ESPINHEIRO,RUA DO ESPINHEIRO,119,46.0,SUBURBIO,ABALROAMENTO LONGITUDINAL,2.0,1.0,1.0,1.0,1.0,1.0,1.0,1.0,1.0,0.0,1.0,Longo da via,Bom,Não existe,Perfeito estado,Seca,Perfeito estado,Outras,40 km/h,Única,"119, RUA DO ESPINHEIRO, Recife, Pernambuco, Brasil",-8.04681295,-34.89617457915308
1571,2019-02-22 17:05:00,SEM VÍTIMA,ESPINHEIRO,AV JOAO DE BARROS, ,46.0,SUBURBIO,COLISÃO,1.0,1.0,1.0,1.0,1.0,1.0,1.0,1.0,1.0,0.0,1.0,Longo da via,Bom,Não existe,Perfeito estado,Seca,Perfeito estado,Outras,40 km/h,Única," , AV JOAO DE BARROS, Recife, Pernambuco, Brasil",-8.0379305,-34.8915966