,data_hora,natureza_acidente,bairro,endereco,numero,num_semaforo,sentido_via,tipo,auto,moto,ciclom,ciclista,pedestre,onibus,caminhao,viatura,outros,vitimas,vitimasfatais,acidente_verificado,tempo_clima,situacao_semaforo,sinalizacao,condicao_via,conservacao_via,situacao_placa,velocidade_max_via,mao_direcao,end,latitude,longitude
2751,2019-03-29 07:36:00,SEM VÍTIMA,ESPINHEIRO,AV JOAO DE BARROS,1629,665.0,SUBURBIO,COLISÃO TRASEIRA,2.0,1.0,1.0,1.0,1.0,1.0,1.0,1.0,1.0,0.0,1.0,Longo da via,Bom,Não existe,Perfeito estado,Seca,Perfeito estado,R-6a,60 km/h,Única,"1629, AV JOAO DE BARROS, Recife, Pernambuco, Brasil",-8.0379305,-34.8915966
2476,2019-03-21 12:13:00,SEM VÍTIMA,ESPINHEIRO,AV CONS ROSA E SILVA, ,665.0,SUBURBIO,ABALROAMENTO LONGITUDINAL,1.0,1.0,1.0,1.0,1.0,1.0,1.0,1.0,1.0,0.0,1.0,Longo da via,Bom,Sem defeito,Perfeito estado,Seca,Perfeito estado,R-6a,60 km/h,Única," , AV CONS ROSA E SILVA, Recife, Pernambuco, Brasil",-8.0379305,-34.8915966
4029,2019-05-08 07:41:00,SEM VÍTIMA,ESPINHEIRO,RUA DA HORA,797,665.0,SUBURBIO,ABALROAMENTO TRANSVERSAL,2.0,1.0,1.0,1.0,1.0,1.0,1.0,1.0,1.0,0.0,1.0,Longo da via,Chuvoso,Não existe,Perfeito estado,Molhada,Perfeito estado,R-6a,60 km/h,Única,"797, RUA DA HORA, Recife, Pernambuco, Brasil",-8.0489579,-34.8963515
10889,2019-12-02 07:17:00,SEM VÍTIMA,ESPINHEIRO,RUA CONS PORTELA,525,11.0,CIDADE,ABALROAMENTO LONGITUDINAL,1.0,1.0,1.0,1.0,1.0,1.0,1.0,1.0,1.0,0.0,1.0,Cruzamento,Bom,Sem defeito,Perfeito estado,Seca,Perfeito estado,R-6a,40 km/h,Única,"525, RUA CONS PORTELA, Recife, Pernambuco, Brasil",-8.0425573,-34.894699
6617,2019-08-02 14:21:00,COM VÍTIMA,ESPINHEIRO,RUA DO ESPINHEIRO,468,11.0,CID/SUB,ATROPELAMENTO,1.0,1.0,1.0,1.0,1.0,1.0,1.0,1.0,1.0,1.0,1.0,Longo da via,Nublado,Não existe,Perfeito estado,Seca,Perfeito estado,Outras,40 km/h,Única,"468, RUA DO ESPINHEIRO, Recife, Pernambuco, Brasil",-8.0426365,-34.8927867
10981,2019-12-03 16:32:00,SEM VÍTIMA,ESPINHEIRO,RUA DR FERNANDO ALLAIN,45,11.0,CIDADE,COLISÃO FRONTAL,2.0,1.0,1.0,1.0,1.0,1.0,1.0,1.0,1.0,0.0,1.0,Longo da via,Bom,Não existe,Perfeito estado,Seca,Perfeito estado,Outras,40 km/h,Dupla,"45, RUA DR FERNANDO ALLAIN, Recife, Pernambuco, Brasil",-8.0426365,-34.8927867
5297,2019-06-17 10:00:00,SEM VÍTIMA,ESPINHEIRO,RUA ALFREDO DE CARVALHO,209,11.0,CIDADE,COLISÃO TRASEIRA,2.0,1.0,1.0,1.0,1.0,1.0,1.0,1.0,1.0,0.0,1.0,Longo da via,Chuvoso,Não existe,Perfeito estado,Molhada,Perfeito estado,Placas Pare,40 km/h,Única,"209, RUA ALFREDO DE CARVALHO, Recife, Pernambuco, Brasil",-8.0418174,-34.8892013
11490,2019-12-14 10:43:00,SEM VÍTIMA,ESPINHEIRO,RUA DO ESPINHEIRO,685,11.0,SUBURBIO,COLISÃO TRASEIRA,2.0,1.0,1.0,1.0,1.0,1.0,1.0,1.0,1.0,0.0,1.0,Longo da via,Bom,Não existe,Perfeito estado,Seca,Perfeito estado,Não há placas,40 km/h,Única,"685, RUA DO ESPINHEIRO, Recife, Pernambuco, Brasil",-8.0426365,-34.8927867
7742,2019-09-11 08:00:00,COM VÍTIMA,ESPINHEIRO,RUA DO ESPINHEIRO, ,11.0,CIDADE,ABALROAMENTO LONGITUDINAL,1.0,1.0,1.0,1.0,1.0,1.0,1.0,1.0,1.0,1.0,1.0,Longo da via,Bom,Não existe,Perfeito estado,Seca,Perfeito estado,R-6a,40 km/h,Única," , RUA DO ESPINHEIRO, Recife, Pernambuco, Brasil",-8.0426365,-34.8927867
5595,2019-06-27 16:27:00,SEM VÍTIMA,ESPINHEIRO,RUA QUARENTA E OITO,525,11.0,CIDADE,COLISÃO TRASEIRA,2.0,1.0,1.0,1.0,1.0,1.0,1.0,1.0,1.0,0.0,1.0,Longo da via,Bom,Sem defeito,Perfeito estado,Seca,Perfeito estado,R-6a,30 km/h,Única,"525, RUA QUARENTA E OITO, Recife, Pernambuco, Brasil",-7.9118,-34.9074212
3221,2019-04-11 23:14:00,SEM VÍTIMA,ESPINHEIRO,RUA SANTO ELIAS, ,11.0,CIDADE,ABALROAMENTO TRANSVERSAL,2.0,1.0,1.0,1.0,1.0,1.0,1.0,1.0,1.0,0.0,1.0,Cruzamento,Bom,Não existe,Perfeito estado,Seca,Perfeito estado,Placas Pare,40 km/h,Dupla," , RUA SANTO ELIAS, Recife, Pernambuco, Brasil",-8.0444599,-34.8941741
2123,2019-03-12 09:52:00,SEM VÍTIMA,ESPINHEIRO,AV GOVERNADOR AGAMENON MAGALHAES,2805,78.0,CIDADE,ABALROAMENTO LONGITUDINAL,2.0,1.0,1.0,1.0,1.0,1.0,1.0,1.0,1.0,0.0,1.0,Longo da via,Bom,Sem defeito,Perfeito estado,Seca,Perfeito estado,Outras,40 km/h,Dupla,"2805, AV GOVERNADOR AGAMENON MAGALHAES, Recife, Pernambuco, Brasil",-8.04793315,-34.89166940770432
8809,2019-10-07 09:23:00,SEM VÍTIMA,ESPINHEIRO,AV GOVERNADOR AGAMENON MAGALHAES,2864,78.0,CIDADE,COLISÃO TRASEIRA,3.0,1.0,1.0,1.0,1.0,1.0,1.0,1.0,1.0,0.0,1.0,Longo da via,Bom,Não existe,Perfeito estado,Seca,Perfeito estado,Outras,40 km/h,Dupla,"2864, AV GOVERNADOR AGAMENON MAGALHAES, Recife, Pernambuco, Brasil",-8.0603778,-34.8980782
1045,2019-02-07 19:20:00,COM VÍTIMA,ESPINHEIRO,AV GOVERNADOR AGAMENON MAGALHAES, ,78.0,CIDADE,COLISÃO,1.0,1.0,1.0,1.0,1.0,1.0,1.0,1.0,1.0,1.0,1.0,Longo da via,Bom,Não existe,Perfeito estado,Seca,Perfeito estado,Outras,40 km/h,Dupla," , AV GOVERNADOR AGAMENON MAGALHAES, Recife, Pernambuco, Brasil",-8.0615339,-34.8974443
5587,2019-06-27 13:40:00,SEM VÍTIMA,ESPINHEIRO,RUA SANTO ELIAS,210,78.0,CIDADE,ABALROAMENTO TRANSVERSAL,2.0,1.0,1.0,1.0,1.0,1.0,1.0,1.0,1.0,0.0,1.0,Longo da via,Bom,Não existe,Não existente,Seca,Perfeito estado,Não há placas,30 km/h,Dupla,"210, RUA SANTO ELIAS, Recife, Pernambuco, Brasil",-8.0436341,-34.8952066
58,2019-01-03 09:29:00,SEM VÍTIMA,ESPINHEIRO,RUA DO ESPINHEIRO,602,86.0,SUBURBIO,COLISÃO TRASEIRA,2.0,1.0,1.0,1.0,1.0,1.0,1.0,1.0,1.0,0.0,1.0,Não informado,Bom,Sem defeito,Perfeito estado,Seca,Perfeito estado,R-6a,30 km/h,Única,"602, RUA DO ESPINHEIRO, Recife, Pernambuco, Brasil",-8.0426365,-34.8927867
5712,2019-07-01 20:48:00,COM VÍTIMA,ESPINHEIRO,RUA DA HORA,628,361.0,CIDADE,CHOQUE OBJETO FIXO,1.0,1.0,1.0,1.0,1.0,1.0,1.0,1.0,1.0,1.0,1.0,Cruzamento,Bom,Sem defeito,Perfeito estado,Seca,Perfeito estado,R-6a,30 km/h,Única,"628, RUA DA HORA, Recife, Pernambuco, Brasil",-8.0489579,-34.8963515
5713,2019-07-02 00:30:00,COM VÍTIMA,ESPINHEIRO,AV JOAO DE BARROS, ,89.0,SUBURBIO,ABALROAMENTO TRANSVERSAL,2.0,1.0,1.0,1.0,1.0,1.0,1.0,1.0,1.0,2.0,1.0,Cruzamento,Chuvoso,Sem defeito,Perfeito estado,Molhada,Perfeito estado,Outras,30 km/h,Única," , AV JOAO DE BARROS, Recife, Pernambuco, Brasil",-8.0379305,-34.8915966
7725,2019-09-06 13:05:00,SEM VÍTIMA,ESPINHEIRO,AV NORTE, ,89.0,CIDADE,COLISÃO TRASEIRA,2.0,1.0,1.0,1.0,1.0,1.0,1.0,1.0,1.0,0.0,1.0,Longo da via,Bom,Sem defeito,Perfeito estado,Seca,Perfeito estado,R-4b,30 km/h,Dupla," , AV NORTE, Recife, Pernambuco, Brasil",-8.027844,-34.903102
8337,2019-09-24 13:36:00,SEM VÍTIMA,ESPINHEIRO,RUA BARAO DE ITAMARACA,293,89.0,CIDADE,COLISÃO,2.0,1.0,1.0,1.0,1.0,1.0,1.0,1.0,1.0,0.0,1.0,Longo da via,Bom,Sem defeito,Perfeito estado,Seca,Perfeito estado,R-4b,30 km/h,Dupla,"293, RUA BARAO DE ITAMARACA, Recife, Pernambuco, Brasil",-8.0440056,-34.8926061
6722,2019-08-06 09:13:00,SEM VÍTIMA,ESPINHEIRO,AV CONS ROSA E SILVA,403,89.0,SUBURBIO,ABALROAMENTO LONGITUDINAL,1.0,1.0,1.0,1.0,1.0,1.0,1.0,1.0,1.0,0.0,1.0,Cruzamento,Bom,Não existe,Perfeito estado,Seca,Perfeito estado,Não há placas,30 km/h,Única,"403, AV CONS ROSA E SILVA, Recife, Pernambuco, Brasil",-8.0440056,-34.8926061
11570,2019-12-16 18:52:00,SEM VÍTIMA,ESPINHEIRO,AV GOVERNADOR AGAMENON MAGALHAES, ,89.0,SUBURBIO,COLISÃO TRASEIRA,2.0,1.0,1.0,1.0,1.0,1.0,1.0,1.0,1.0,0.0,1.0,Longo da via,Bom,Sem defeito,Perfeito estado,Seca,Perfeito estado,Não há placas,60 km/h,Dupla," , AV GOVERNADOR AGAMENON MAGALHAES, Recife, Pernambuco, Brasil",-8.0615339,-34.8974443
4796,2019-06-01 21:32:00,SEM VÍTIMA,ESPINHEIRO,AV GOVERNADOR AGAMENON MAGALHAES,1800,89.0,SUBURBIO,COLISÃO,2.0,1.0,1.0,1.0,1.0,1.0,1.0,1.0,1.0,0.0,1.0,Longo da via,Bom,Sem defeito,Perfeito estado,Seca,Perfeito estado,Não há placas,60 km/h,Dupla,"1800, AV GOVERNADOR AGAMENON MAGALHAES, Recife, Pernambuco, Brasil",-8.0424388,-34.8867843
4219,2019-05-14 11:08:00,SEM VÍTIMA,ESPINHEIRO,AV GOVERNADOR AGAMENON MAGALHAES, ,89.0,SUBURBIO,ABALROAMENTO LONGITUDINAL,1.0,1.0,1.0,1.0,1.0,1.0,1.0,1.0,1.0,0.0,1.0,Longo da via,Bom,Sem defeito,Perfeito estado,Seca,Perfeito estado,Outras,60 km/h,Única," , AV GOVERNADOR AGAMENON MAGALHAES, Recife, Pernambuco, Brasil",-8.0615339,-34.8974443
6550,2019-07-31 17:12:00,COM VÍTIMA,ESPINHEIRO,RUA BUENOS AYRES, ,78.0,OLINDA,ABALROAMENTO TRANSVERSAL,1.0,2.0,1.0,1.0,1.0,1.0,1.0,1.0,1.0,1.0,1.0,Cruzamento,Bom,Sem defeito,Perfeito estado,Seca,Perfeito estado,Outras,60 km/h,Única," , RUA BUENOS AYRES, Recife, Pernambuco, Brasil",-8.0615339,-34.8974443
7017,2019-08-14 20:22:00,SEM VÍTIMA,ESPINHEIRO,RUA DR FERNANDO ALLAIN, ,78.0,CIDADE,ABALROAMENTO LONGITUDINAL,2.0,2.0,1.0,1.0,1.0,1.0,1.0,1.0,1.0,0.0,1.0,Cruzamento,Chuvoso,Não existe,Incompleta,Molhada,Perfeito estado,Placas Pare,60 km/h,Única," , RUA DR FERNANDO ALLAIN, Recife, Pernambuco, Brasil",-8.0615339,-34.8974443
2081,2019-03-11 11:21:00,SEM VÍTIMA,ESPINHEIRO,RUA QUARENTA E OITO, ,166.0,CIDADE,COLISÃO TRASEIRA,2.0,2.0,1.0,1.0,1.0,1.0,1.0,1.0,1.0,0.0,1.0,Longo da via,Bom,Sem defeito,Perfeito estado,Seca,Perfeito estado,R-6a,60 km/h,Única," , RUA QUARENTA E OITO, Recife, Pernambuco, Brasil",-8.0406146,-34.894858
7016,2019-08-14 19:17:00,SEM VÍTIMA,ESPINHEIRO,AV GOVERNADOR AGAMENON MAGALHAES, ,166.0,CIDADE,COLISÃO,2.0,2.0,1.0,1.0,1.0,1.0,1.0,1.0,1.0,0.0,1.0,Longo da via,Bom,Sem defeito,Perfeito estado,Seca,Perfeito estado,R-6a,60 km/h,Única," , AV GOVERNADOR AGAMENON MAGALHAES, Recife, Pernambuco, Brasil",-8.0615339,-34.8974443
9604,2019-10-29 14:49:00,SEM VÍTIMA,ESPINHEIRO,AV CONS ROSA E SILVA, ,166.0,SUBURBIO,ABALROAMENTO TRANSVERSAL,2.0,2.0,1.0,1.0,1.0,1.0,1.0,1.0,1.0,0.0,1.0,Cruzamento,Bom,Não existe,Perfeito estado,Seca,Perfeito estado,R-6a,60 km/h,Única," , AV CONS ROSA E SILVA, Recife, Pernambuco, Brasil",-8.0615339,-34.8974443
3662,2019-04-26 09:08:00,SEM VÍTIMA,ESPINHEIRO,RUA MARQUES DO PARANA, ,166.0,SUBURBIO,ABALROAMENTO TRANSVERSAL,2.0,2.0,1.0,1.0,1.0,1.0,1.0,1.0,1.0,0.0,1.0,Cruzamento,Bom,Não existe,Perfeito estado,Seca,Perfeito estado,Placas Pare,60 km/h,Dupla," , RUA MARQUES DO PARANA, Recife, Pernambuco, Brasil",-8.0413532,-34.888612
10384,2019-11-18 16:45:00,SEM VÍTIMA,ESPINHEIRO,AV CONS ROSA E SILVA,4635,166.0,SUBURBIO,COLISÃO,1.0,0.0,1.0,1.0,1.0,1.0,1.0,1.0,1.0,0.0,1.0,Cruzamento,Bom,Não existe,Perfeito estado,Seca,Perfeito estado,Placas Pare,60 km/h,Dupla,"4635, AV CONS ROSA E SILVA, Recife, Pernambuco, Brasil",-8.0413532,-34.888612
9010,2019-10-12 11:21:00,SEM VÍTIMA,ESPINHEIRO,RUA QUARENTA E OITO, ,166.0,CIDADE,ABALROAMENTO LONGITUDINAL,2.0,0.0,1.0,1.0,1.0,1.0,1.0,1.0,1.0,0.0,1.0,Cruzamento,Bom,Sem defeito,Perfeito estado,Seca,Perfeito estado,Não há placas,40 km/h,Única," , RUA QUARENTA E OITO, Recife, Pernambuco, Brasil",-8.0406146,-34.894858
778,2019-01-30 18:38:00,SEM VÍTIMA,ESPINHEIRO,RUA DO ESPINHEIRO, ,166.0,CIDADE,COLISÃO,3.0,0.0,1.0,1.0,1.0,1.0,1.0,1.0,1.0,0.0,1.0,Cruzamento,Bom,Sem defeito,Perfeito estado,Seca,Perfeito estado,Não há placas,40 km/h,Única," , RUA DO ESPINHEIRO, Recife, Pernambuco, Brasil",-8.0426365,-34.8927867
6557,2019-08-01 00:00:00,SEM VÍTIMA,ESPINHEIRO,AV CONS ROSA E SILVA, ,166.0,SUBURBIO,ABALROAMENTO LONGITUDINAL,3.0,0.0,1.0,1.0,1.0,1.0,1.0,1.0,1.0,0.0,1.0,Cruzamento,Bom,Sem defeito,Perfeito estado,Seca,Perfeito estado,Não há placas,40 km/h,Única," , AV CONS ROSA E SILVA, Recife, Pernambuco, Brasil",-8.0426365,-34.8927867
10754,2019-11-28 13:05:00,SEM VÍTIMA,ESPINHEIRO,RUA DO ESPINHEIRO,1527,89.0,SUBURBIO,ABALROAMENTO LONGITUDINAL,1.0,0.0,1.0,1.0,1.0,1.0,1.0,1.0,1.0,0.0,1.0,Cruzamento,Bom,Sem defeito,Perfeito estado,Seca,Perfeito estado,R-6a,40 km/h,Única,"1527, RUA DO ESPINHEIRO, Recife, Pernambuco, Brasil",-8.0426365,-34.8927867
2082,2019-03-11 11:38:00,SEM VÍTIMA,ESPINHEIRO,AV GOVERNADOR AGAMENON MAGALHAES, ,37.0,OLINDA,COLISÃO,2.0,0.0,1.0,1.0,1.0,1.0,1.0,1.0,1.0,0.0,1.0,Cruzamento,Bom,Sem defeito,Perfeito estado,Seca,Perfeito estado,R-6a,40 km/h,Única," , AV GOVERNADOR AGAMENON MAGALHAES, Recife, Pernambuco, Brasil",-8.0615339,-34.8974443
8662,2019-10-03 15:48:00,SEM VÍTIMA,ESPINHEIRO,AV GOVERNADOR AGAMENON MAGALHAES,2265,37.0,OLINDA,ABALROAMENTO LONGITUDINAL,1.0,0.0,1.0,1.0,1.0,1.0,1.0,1.0,1.0,0.0,1.0,Longo da via,Bom,Não existe,Perfeito estado,Seca,Perfeito estado,Não há placas,60 km/h,Dupla,"2265, AV GOVERNADOR AGAMENON MAGALHAES, Recife, Pernambuco, Brasil",-8.0603778,-34.8980782
10312,2019-11-16 08:41:00,SEM VÍTIMA,ESPINHEIRO,RUA DR BANDEIRA FILHO, ,173.0,OLINDA,COLISÃO,2.0,0.0,1.0,1.0,1.0,1.0,1.0,1.0,1.0,0.0,1.0,Longo da via,Bom,Não existe,Perfeito estado,Seca,Perfeito estado,Não há placas,60 km/h,Dupla," , RUA DR BANDEIRA FILHO, Recife, Pernambuco, Brasil",-8.0603778,-34.8980782
7408,2019-08-27 13:12:00,SEM VÍTIMA,ESPINHEIRO,AV JOAO DE BARROS, ,173.0,OLINDA,CHOQUE,2.0,0.0,1.0,1.0,1.0,1.0,1.0,1.0,1.0,0.0,1.0,Longo da via,Bom,Não existe,Perfeito estado,Seca,Perfeito estado,Não há placas,60 km/h,Dupla," , AV JOAO DE BARROS, Recife, Pernambuco, Brasil",-8.0379305,-34.8915966
9620,2019-10-29 19:33:00,SEM VÍTIMA,ESPINHEIRO,RUA DO ESPINHEIRO, ,173.0,CIDADE,ABALROAMENTO LONGITUDINAL,2.0,0.0,1.0,1.0,1.0,1.0,1.0,1.0,1.0,0.0,1.0,Cruzamento,Bom,Não existe,Perfeito estado,Seca,Perfeito estado,R-6a,60 km/h,Única," , RUA DO ESPINHEIRO, Recife, Pernambuco, Brasil",-8.0426365,-34.8927867
4209,2019-05-14 06:45:00,SEM VÍTIMA,ESPINHEIRO,RUA DO ESPINHEIRO,690,173.0,CIDADE,ABALROAMENTO LONGITUDINAL,1.0,0.0,1.0,1.0,1.0,1.0,1.0,1.0,1.0,0.0,1.0,Longo da via,Bom,Não existe,Perfeito estado,Seca,Perfeito estado,R-6a,60 km/h,Única,"690, RUA DO ESPINHEIRO, Recife, Pernambuco, Brasil",-8.0426365,-34.8927867
4790,2019-06-01 16:00:00,SEM VÍTIMA,ESPINHEIRO,RUA DO ESPINHEIRO, ,173.0,CIDADE,ABALROAMENTO TRANSVERSAL,2.0,0.0,1.0,1.0,1.0,1.0,1.0,1.0,1.0,0.0,1.0,Cruzamento,Bom,Não existe,Perfeito estado,Seca,Perfeito estado,Placas Pare,60 km/h,Única," , RUA DO ESPINHEIRO, Recife, Pernambuco, Brasil",-8.0426365,-34.8927867
5238,2019-06-14 19:28:00,SEM VÍTIMA,ESPINHEIRO,AV GOVERNADOR AGAMENON MAGALHAES, ,173.0,CIDADE,ENGAVETAMENTO,4.0,0.0,1.0,1.0,1.0,1.0,1.0,1.0,1.0,0.0,1.0,Cruzamento,Bom,Não existe,Perfeito estado,Seca,Perfeito estado,Placas Pare,60 km/h,Única," , AV GOVERNADOR AGAMENON MAGALHAES, Recife, Pernambuco, Brasil",-8.0615339,-34.8974443
251,2019-01-10 16:30:00,COM VÍTIMA,ESPINHEIRO,RUA QUARENTA E OITO,447,173.0,CIDADE,ABALROAMENTO LONGITUDINAL,1.0,1.0,1.0,1.0,1.0,1.0,1.0,1.0,1.0,1.0,1.0,Longo da via,Bom,Sem defeito,Perfeito estado,Seca,Perfeito estado,R-6a,60 km/h,Única,"447, RUA QUARENTA E OITO, Recife, Pernambuco, Brasil",-8.0382968,-34.8942819
4743,2019-05-31 10:01:00,SEM VÍTIMA,ESPINHEIRO,AV GOVERNADOR AGAMENON MAGALHAES,2265,173.0,CIDADE,ABALROAMENTO LONGITUDINAL,1.0,1.0,1.0,1.0,1.0,1.0,1.0,1.0,1.0,0.0,1.0,Longo da via,Bom,Não existe,Perfeito estado,Seca,Perfeito estado,Não há placas,60 km/h,Dupla,"2265, AV GOVERNADOR AGAMENON MAGALHAES, Recife, Pernambuco, Brasil",-8.0603778,-34.8980782
8131,2019-09-18 07:54:00,SEM VÍTIMA,ESPINHEIRO,RUA BARAO DE ITAMARACA,160,173.0,CIDADE,COLISÃO,1.0,1.0,1.0,1.0,1.0,1.0,1.0,1.0,1.0,0.0,1.0,Longo da via,Bom,Não existe,Perfeito estado,Seca,Perfeito estado,Não há placas,60 km/h,Dupla,"160, RUA BARAO DE ITAMARACA, Recife, Pernambuco, Brasil",-8.0440056,-34.8926061
9589,2019-10-29 11:16:00,SEM VÍTIMA,ESPINHEIRO,RUA AMELIA, ,48.0,CIDADE,ABALROAMENTO LONGITUDINAL,2.0,1.0,1.0,1.0,1.0,1.0,1.0,1.0,1.0,0.0,1.0,Longo da via,Bom,Sem defeito,Perfeito estado,Seca,Perfeito estado,Outras,60 km/h,Única," , RUA AMELIA, Recife, Pernambuco, Brasil",-8.0455717,-34.9041156
8026,2019-09-15 13:23:00,SEM VÍTIMA,ESPINHEIRO,RUA BARAO DE ITAMARACA,78,48.0,CIDADE,ABALROAMENTO TRANSVERSAL,1.0,1.0,1.0,1.0,1.0,1.0,1.0,1.0,1.0,0.0,1.0,Longo da via,Bom,Sem defeito,Perfeito estado,Seca,Perfeito estado,Não há placas,60 km/h,Única,"78, RUA BARAO DE ITAMARACA, Recife, Pernambuco, Brasil",-8.0440056,-34.8926061
3672,2019-04-26 13:21:00,SEM VÍTIMA,ESPINHEIRO,RUA CONS PORTELA, ,11.0,CIDADE,COLISÃO TRASEIRA,1.0,1.0,1.0,1.0,1.0,1.0,1.0,1.0,1.0,0.0,1.0,Cruzamento,Bom,Sem defeito,Perfeito estado,Seca,Perfeito estado,R-6a,60 km/h,Única," , RUA CONS PORTELA, Recife, Pernambuco, Brasil",-8.0425573,-34.894699
9402,2019-10-23 10:37:00,SEM VÍTIMA,ESPINHEIRO,AV GOVERNADOR AGAMENON MAGALHAES,2754,78.0,CIDADE,COLISÃO TRASEIRA,3.0,1.0,1.0,1.0,1.0,1.0,1.0,1.0,1.0,0.0,1.0,Longo da via,Bom,Sem defeito,Perfeito estado,Seca,Perfeito estado,R-6a,60 km/h,Dupla,"2754, AV GOVERNADOR AGAMENON MAGALHAES, Recife, Pernambuco, Brasil",-8.0603778,-34.8980782
8377,2019-09-25 12:30:00,SEM VÍTIMA,ESPINHEIRO,RUA DA HORA,248,78.0,CIDADE,CHOQUE VEÍCULO PARADO,1.0,1.0,1.0,1.0,1.0,1.0,1.0,1.0,1.0,0.0,1.0,Longo da via,Bom,Sem defeito,Perfeito estado,Seca,Perfeito estado,R-6a,60 km/h,Única,"248, RUA DA HORA, Recife, Pernambuco, Brasil",-8.0489579,-34.8963515
4765,2019-05-31 17:25:00,SEM VÍTIMA,ESPINHEIRO,AV CONS ROSA E SILVA,419,78.0,SUBURBIO,ABALROAMENTO LONGITUDINAL,1.0,1.0,1.0,1.0,1.0,1.0,1.0,1.0,1.0,0.0,1.0,Longo da via,Bom,Não existe,Perfeito estado,Seca,Perfeito estado,Outras,60 km/h,Única,"419, AV CONS ROSA E SILVA, Recife, Pernambuco, Brasil",-8.0489579,-34.8963515
6526,2019-07-31 10:32:00,SEM VÍTIMA,ESPINHEIRO,RUA CONS PORTELA,678,78.0,SUBURBIO,ABALROAMENTO LONGITUDINAL,1.0,1.0,1.0,1.0,1.0,1.0,1.0,1.0,1.0,0.0,1.0,Longo da via,Bom,Não existe,Perfeito estado,Seca,Perfeito estado,R-6a,60 km/h,Única,"678, RUA CONS PORTELA, Recife, Pernambuco, Brasil",-8.0425573,-34.894699
7546,2019-09-01 11:23:00,SEM VÍTIMA,ESPINHEIRO,AV JOAO DE BARROS,1500,78.0,SUBURBIO,ABALROAMENTO LONGITUDINAL,2.0,1.0,1.0,1.0,1.0,1.0,1.0,1.0,1.0,0.0,1.0,Longo da via,Bom,Sem defeito,Perfeito estado,Seca,Perfeito estado,Outras,60 km/h,Única,"1500, AV JOAO DE BARROS, Recife, Pernambuco, Brasil",-8.0379305,-34.8915966
9249,2019-10-18 15:07:00,SEM VÍTIMA,ESPINHEIRO,RUA MARQUES DO PARANA, ,78.0,CIDADE,ABALROAMENTO TRANSVERSAL,1.0,1.0,1.0,1.0,1.0,1.0,1.0,1.0,1.0,0.0,1.0,Cruzamento,Nublado,Não existe,Perfeito estado,Seca,Perfeito estado,Outras,30 km/h,Única," , RUA MARQUES DO PARANA, Recife, Pernambuco, Brasil",-8.0413532,-34.888612
8025,2019-09-15 13:05:00,COM VÍTIMA,ESPINHEIRO,RUA DO ESPINHEIRO, ,78.0,CIDADE,ABALROAMENTO LONGITUDINAL,1.0,1.0,1.0,1.0,1.0,1.0,1.0,1.0,1.0,1.0,1.0,Cruzamento,Bom,Não existe,Perfeito estado,Seca,Perfeito estado,Placas Pare,30 km/h,Única," , RUA DO ESPINHEIRO, Recife, Pernambuco, Brasil",-8.0426365,-34.8927867
6542,2019-07-31 15:46:00,SEM VÍTIMA,ESPINHEIRO,RUA MARQUES DO PARANA,396,78.0,CIDADE,ABALROAMENTO LONGITUDINAL,2.0,1.0,1.0,1.0,1.0,1.0,1.0,1.0,1.0,0.0,1.0,Longo da via,Bom,Não existe,Perfeito estado,Seca,Perfeito estado,Placas Pare,30 km/h,Única,"396, RUA MARQUES DO PARANA, Recife, Pernambuco, Brasil",-8.0407454,-34.8879552
4278,2019-05-16 07:06:00,COM VÍTIMA,ESPINHEIRO,RUA QUARENTA E OITO,560,11.0,CIDADE,CHOQUE VEÍCULO PARADO,1.0,1.0,1.0,1.0,1.0,1.0,1.0,1.0,1.0,1.0,1.0,Longo da via,Bom,Sem defeito,Perfeito estado,Seca,Perfeito estado,R-4a,30 km/h,Única,"560, RUA QUARENTA E OITO, Recife, Pernambuco, Brasil",-8.0382968,-34.8942819
2346,2019-03-18 08:48:00,SEM VÍTIMA,ESPINHEIRO,RUA DA HORA,399,11.0,CIDADE,ABALROAMENTO TRANSVERSAL,2.0,1.0,1.0,1.0,1.0,1.0,1.0,1.0,1.0,0.0,1.0,Cruzamento,Chuvoso,Não existe,Perfeito estado,Molhada,Perfeito estado,Outras,30 km/h,Única,"399, RUA DA HORA, Recife, Pernambuco, Brasil",-8.0489579,-34.8963515
4229,2019-05-14 13:49:00,SEM VÍTIMA,ESPINHEIRO,AV NORTE, ,11.0,CIDADE,COLISÃO TRASEIRA,2.0,1.0,1.0,1.0,1.0,1.0,1.0,1.0,1.0,0.0,1.0,Longo da via,Bom,Sem defeito,Perfeito estado,Seca,Perfeito estado,R-6a,30 km/h,Dupla," , AV NORTE, Recife, Pernambuco, Brasil",-8.027844,-34.903102
8590,2019-10-01 14:25:00,SEM VÍTIMA,ESPINHEIRO,RUA DO ESPINHEIRO,119,11.0,CIDADE,ABALROAMENTO LONGITUDINAL,1.0,1.0,1.0,1.0,1.0,1.0,1.0,1.0,1.0,0.0,1.0,Longo da via,Bom,Não existe,Perfeito estado,Seca,Perfeito estado,R-6a,30 km/h,Única,"119, RUA DO ESPINHEIRO, Recife, Pernambuco, Brasil",-8.04681295,-34.89617457915308