,data_hora,natureza_acidente,bairro,endereco,numero,num_semaforo,sentido_via,tipo,auto,moto,ciclom,ciclista,pedestre,onibus,caminhao,viatura,outros,vitimas,vitimasfatais,acidente_verificado,tempo_clima,situacao_semaforo,sinalizacao,condicao_via,conservacao_via,situacao_placa,velocidade_max_via,mao_direcao,end,latitude,longitude
1443,2019-02-19 18:34:00,SEM VÍTIMA,ESTÂNCIA,RUA NOSSA SENHORA DE FATIMA, ,261.0,SUBURBIO,ABALROAMENTO LONGITUDINAL,1.0,1.0,1.0,1.0,1.0,1.0,1.0,1.0,1.0,0.0,1.0,Cruzamento,Bom,Sem defeito,Ilegível,Seca,Perfeito estado,Outras,40 km/h,Única," , RUA NOSSA SENHORA DE FATIMA, Recife, Pernambuco, Brasil",-8.0830176,-34.9340475
8689,2019-10-04 07:51:00,SEM VÍTIMA,ESTÂNCIA,AV RECIFE,5402,261.0,SUBURBIO,ABALROAMENTO LONGITUDINAL,1.0,1.0,1.0,1.0,1.0,1.0,1.0,1.0,2.0,0.0,1.0,Longo da via,Bom,Não existe,Perfeito estado,Seca,Perfeito estado,R-6a,40 km/h,Dupla,"5402, AV RECIFE, Recife, Pernambuco, Brasil",-8.0846575,-34.9321359
5393,2019-06-20 10:27:00,COM VÍTIMA,ESTÂNCIA,AV JOAO CABRAL DE MELO NETO, ,259.0,SUBURBIO,COLISÃO TRASEIRA,1.0,2.0,1.0,1.0,1.0,1.0,1.0,1.0,2.0,1.0,1.0,Cruzamento,Bom,Sem defeito,Perfeito estado,Seca,Perfeito estado,R-6a,40 km/h,Dupla," , AV JOAO CABRAL DE MELO NETO, Recife, Pernambuco, Brasil",-8.0791891,-34.9327205
11719,2019-12-20 09:19:00,SEM VÍTIMA,ESTÂNCIA,AV RECIFE, ,259.0,SUBURBIO,ABALROAMENTO LONGITUDINAL,2.0,2.0,1.0,1.0,1.0,1.0,1.0,1.0,2.0,0.0,1.0,Longo da via,Bom,Sem defeito,Perfeito estado,Seca,Perfeito estado,Outras,60 km/h,Única," , AV RECIFE, Recife, Pernambuco, Brasil",-8.1160254,-34.923929
310,2019-01-12 11:43:00,COM VÍTIMA,ESTÂNCIA,AV RECIFE,758,59.0,SUBURBIO,ABALROAMENTO LONGITUDINAL,1.0,1.0,1.0,1.0,1.0,1.0,1.0,1.0,2.0,2.0,1.0,Longo da via,Chuvoso,Sem defeito,Perfeito estado,Molhada,Perfeito estado,R-6a,60 km/h,Dupla,"758, AV RECIFE, Recife, Pernambuco, Brasil",-8.0929262,-34.9294716
8425,2019-09-26 16:16:00,SEM VÍTIMA,ESTÂNCIA,AV RECIFE,5388,59.0,SUBURBIO,ABALROAMENTO LONGITUDINAL,1.0,1.0,1.0,1.0,1.0,1.0,1.0,1.0,2.0,0.0,1.0,Longo da via,Bom,Não existe,Perfeito estado,Seca,Perfeito estado,Outras,60 km/h,Dupla,"5388, AV RECIFE, Recife, Pernambuco, Brasil",-8.0846575,-34.9321359
2050,2019-03-09 15:26:00,SEM VÍTIMA,ESTÂNCIA,AV RECIFE,59,59.0,SUBURBIO,COLISÃO,2.0,1.0,1.0,1.0,1.0,1.0,1.0,1.0,2.0,0.0,1.0,Longo da via,Bom,Não existe,Perfeito estado,Seca,Perfeito estado,Outras,60 km/h,Dupla,"59, AV RECIFE, Recife, Pernambuco, Brasil",-8.0869669,-34.930474
6548,2019-07-31 16:57:00,SEM VÍTIMA,ESTÂNCIA,AV DR JOSE RUFINO, ,491.0,SUBURBIO,ABALROAMENTO LONGITUDINAL,2.0,1.0,1.0,1.0,1.0,2.0,1.0,1.0,2.0,0.0,1.0,Longo da via,Chuvoso,Sem defeito,Perfeito estado,Molhada,Perfeito estado,Outras,60 km/h,Única," , AV DR JOSE RUFINO, Recife, Pernambuco, Brasil",-8.0869669,-34.930474
2625,2019-03-25 23:53:00,SEM VÍTIMA,ESTÂNCIA,AV ESTANCIA,43,491.0,SUBURBIO,ABALROAMENTO TRANSVERSAL,2.0,1.0,1.0,1.0,1.0,2.0,1.0,1.0,2.0,0.0,1.0,Cruzamento,Bom,Não existe,Perfeito estado,Seca,Perfeito estado,Outras,60 km/h,Única,"43, AV ESTANCIA, Recife, Pernambuco, Brasil",-8.0853273,-34.9301751
6517,2019-07-30 19:57:00,SEM VÍTIMA,ESTÂNCIA,RUA ORLEANS,76,491.0,SUBURBIO,CHOQUE,1.0,1.0,1.0,1.0,1.0,2.0,1.0,1.0,1.0,0.0,1.0,Cruzamento,Bom,Não existe,Perfeito estado,Seca,Perfeito estado,Outras,60 km/h,Única,"76, RUA ORLEANS, Recife, Pernambuco, Brasil",-8.0853273,-34.9301751
7034,2019-08-15 11:03:00,SEM VÍTIMA,ESTÂNCIA,RUA ROCHA POMBO,464,491.0,SUBURBIO,ABALROAMENTO TRANSVERSAL,2.0,1.0,1.0,1.0,1.0,2.0,1.0,1.0,1.0,0.0,1.0,Longo da via,Bom,Não existe,Perfeito estado,Seca,Perfeito estado,R-6a,30 km/h,Dupla,"464, RUA ROCHA POMBO, Recife, Pernambuco, Brasil",-8.0813324,-34.9319822
760,2019-01-30 12:08:00,SEM VÍTIMA,ESTÂNCIA,AV RECIFE, ,461.0,SUBURBIO,COLISÃO FRONTAL,3.0,1.0,1.0,1.0,1.0,2.0,1.0,1.0,1.0,0.0,1.0,Longo da via,Bom,Sem defeito,Perfeito estado,Seca,Perfeito estado,Outras,30 km/h,Dupla," , AV RECIFE, Recife, Pernambuco, Brasil",-8.1160254,-34.923929
8625,2019-10-02 12:48:00,SEM VÍTIMA,ESTÂNCIA,AV RECIFE, ,461.0,SUBURBIO,ENGAVETAMENTO,2.0,1.0,1.0,1.0,1.0,2.0,1.0,1.0,1.0,0.0,1.0,Longo da via,Bom,Sem defeito,Perfeito estado,Seca,Perfeito estado,Outras,30 km/h,Dupla," , AV RECIFE, Recife, Pernambuco, Brasil",-8.1160254,-34.923929
2338,2019-03-18 07:56:00,SEM VÍTIMA,ESTÂNCIA,RUA JOAO TEIXEIRA,292,82.0,SUBURBIO,ABALROAMENTO LONGITUDINAL,1.0,1.0,1.0,1.0,1.0,2.0,1.0,1.0,1.0,0.0,1.0,Longo da via,Bom,Sem defeito,Perfeito estado,Molhada,Perfeito estado,R-6a,30 km/h,Única,"292, RUA JOAO TEIXEIRA, Recife, Pernambuco, Brasil",-8.0910547,-34.9257869
10648,2019-11-25 18:32:00,SEM VÍTIMA,ESTÂNCIA,AV DR JOSE RUFINO,535,82.0,SUBURBIO,ABALROAMENTO LONGITUDINAL,1.0,1.0,1.0,1.0,1.0,1.0,1.0,1.0,1.0,0.0,1.0,Longo da via,Bom,Não existe,Perfeito estado,Seca,Perfeito estado,Não há placas,40 km/h,Dupla,"535, AV DR JOSE RUFINO, Recife, Pernambuco, Brasil",-8.0910547,-34.9257869
8473,2019-09-27 19:20:00,SEM VÍTIMA,ESTÂNCIA,AV ESTANCIA,110,82.0,SUBURBIO,COLISÃO,2.0,1.0,1.0,1.0,1.0,1.0,1.0,1.0,1.0,0.0,1.0,Longo da via,Bom,Não existe,Perfeito estado,Seca,Perfeito estado,Não há placas,40 km/h,Dupla,"110, AV ESTANCIA, Recife, Pernambuco, Brasil",-8.0853067,-34.930594
9047,2019-10-13 22:24:00,SEM VÍTIMA,ESTÂNCIA,RUA JOAO TEIXEIRA,40,82.0,CIDADE,ABALROAMENTO LONGITUDINAL,2.0,1.0,1.0,1.0,1.0,1.0,1.0,1.0,1.0,0.0,1.0,Longo da via,Chuvoso,Sem defeito,Perfeito estado,Molhada,Perfeito estado,Não há placas,40 km/h,Única,"40, RUA JOAO TEIXEIRA, Recife, Pernambuco, Brasil",-8.0851298,-34.9281793
9385,2019-10-22 16:53:00,SEM VÍTIMA,ESTÂNCIA,AV RECIFE, ,82.0,CIDADE,COLISÃO TRASEIRA,2.0,1.0,1.0,1.0,1.0,1.0,1.0,1.0,1.0,0.0,1.0,Longo da via,Bom,Não existe,Perfeito estado,Seca,Perfeito estado,Não há placas,40 km/h,Dupla," , AV RECIFE, Recife, Pernambuco, Brasil",-8.1160254,-34.923929
7812,2019-09-09 16:11:00,SEM VÍTIMA,ESTÂNCIA,RUA SAO MIGUEL,2149,82.0,SUBURBIO,ABALROAMENTO LONGITUDINAL,1.0,1.0,1.0,1.0,1.0,1.0,1.0,1.0,1.0,0.0,1.0,Longo da via,Bom,Não existe,Perfeito estado,Seca,Perfeito estado,Não há placas,40 km/h,Dupla,"2149, RUA SAO MIGUEL, Recife, Pernambuco, Brasil",-8.0863832,-34.9306608
7428,2019-08-28 07:35:00,SEM VÍTIMA,ESTÂNCIA,AV DR JOSE RUFINO,58,82.0,CIDADE,ABALROAMENTO LONGITUDINAL,1.0,1.0,1.0,1.0,1.0,1.0,1.0,1.0,1.0,0.0,1.0,Longo da via,Bom,Sem defeito,Perfeito estado,Seca,Perfeito estado,Outras,60 km/h,Única,"58, AV DR JOSE RUFINO, Recife, Pernambuco, Brasil",-8.0863832,-34.9306608
11418,2019-12-12 16:25:00,SEM VÍTIMA,ESTÂNCIA,AV RECIFE,5586,82.0,SUBURBIO,ABALROAMENTO LONGITUDINAL,2.0,1.0,1.0,1.0,1.0,1.0,1.0,1.0,1.0,0.0,1.0,Longo da via,Bom,Não existe,Perfeito estado,Seca,Perfeito estado,Não há placas,60 km/h,Dupla,"5586, AV RECIFE, Recife, Pernambuco, Brasil",-8.0806708,-34.9333585
8456,2019-09-27 13:05:00,SEM VÍTIMA,ESTÂNCIA,AV RECIFE,29,620.0,SUBURBIO,COLISÃO,1.0,1.0,1.0,1.0,1.0,1.0,1.0,1.0,1.0,0.0,1.0,Longo da via,Bom,Não existe,Perfeito estado,Seca,Perfeito estado,Não há placas,60 km/h,Dupla,"29, AV RECIFE, Recife, Pernambuco, Brasil",-8.0846575,-34.9321359
10019,2019-11-08 20:16:00,SEM VÍTIMA,ESTÂNCIA,AV RECIFE, ,620.0,SUBURBIO,COLISÃO,1.0,1.0,1.0,1.0,1.0,1.0,1.0,1.0,1.0,0.0,1.0,Longo da via,Bom,Não existe,Perfeito estado,Seca,Perfeito estado,Não há placas,60 km/h,Dupla," , AV RECIFE, Recife, Pernambuco, Brasil",-8.1160254,-34.923929
6250,2019-07-20 12:32:00,SEM VÍTIMA,ESTÂNCIA,AV DR JOSE RUFINO,58,620.0,SUBURBIO,ABALROAMENTO LONGITUDINAL,2.0,1.0,1.0,1.0,1.0,1.0,1.0,1.0,1.0,0.0,1.0,Longo da via,Chuvoso,Não existe,Incompleta,Molhada,Mal conservada,Não há placas,60 km/h,Dupla,"58, AV DR JOSE RUFINO, Recife, Pernambuco, Brasil",-8.1160254,-34.923929
1026,2019-02-07 14:09:00,SEM VÍTIMA,ESTÂNCIA,AV RECIFE,5516,620.0,SUBURBIO,COLISÃO TRASEIRA,2.0,1.0,1.0,1.0,1.0,1.0,1.0,1.0,1.0,0.0,1.0,Longo da via,Bom,Não existe,Perfeito estado,Seca,Perfeito estado,Não há placas,60 km/h,Única,"5516, AV RECIFE, Recife, Pernambuco, Brasil",-8.0846575,-34.9321359
2298,2019-03-16 15:34:00,SEM VÍTIMA,ESTÂNCIA,AV DR JOSE RUFINO, ,491.0,CIDADE,COLISÃO TRASEIRA,2.0,1.0,1.0,1.0,1.0,1.0,1.0,1.0,1.0,0.0,1.0,Longo da via,Bom,Sem defeito,Perfeito estado,Seca,Perfeito estado,Outras,60 km/h,Dupla," , AV DR JOSE RUFINO, Recife, Pernambuco, Brasil",-8.0846575,-34.9321359
8341,2019-09-24 14:53:00,SEM VÍTIMA,ESTÂNCIA,RUA HAVAI,49,491.0,CIDADE,COLISÃO FRONTAL,1.0,1.0,1.0,1.0,1.0,1.0,1.0,1.0,1.0,0.0,1.0,Longo da via,Bom,Não existe,Não existente,Seca,Perfeito estado,Não há placas,60 km/h,Dupla,"49, RUA HAVAI, Recife, Pernambuco, Brasil",-8.1117139,-35.0254636
11895,2019-12-25 05:27:00,COM VÍTIMA,ESTÂNCIA,AV ESTANCIA,43,491.0,SUBURBIO,ABALROAMENTO TRANSVERSAL,2.0,1.0,1.0,1.0,1.0,1.0,1.0,1.0,1.0,2.0,1.0,Cruzamento,Bom,Não existe,Ilegível,Seca,Perfeito estado,Não há placas,60 km/h,Única,"43, AV ESTANCIA, Recife, Pernambuco, Brasil",-8.0853273,-34.9301751
10844,2019-11-30 15:36:00,SEM VÍTIMA,ESTÂNCIA,AV RECIFE, ,617.0,CIDADE,COLISÃO TRASEIRA,3.0,1.0,1.0,1.0,1.0,1.0,1.0,1.0,1.0,0.0,1.0,Longo da via,Bom,Sem defeito,Perfeito estado,Seca,Perfeito estado,R-6a,60 km/h,Única," , AV RECIFE, Recife, Pernambuco, Brasil",-8.1160254,-34.923929
2048,2019-03-09 15:10:00,COM VÍTIMA,ESTÂNCIA,AV RECIFE,5005,461.0,SUBURBIO,COLISÃO TRASEIRA,1.0,1.0,1.0,1.0,1.0,1.0,1.0,1.0,1.0,2.0,1.0,Longo da via,Bom,Sem defeito,Perfeito estado,Seca,Perfeito estado,R-6a,60 km/h,Dupla,"5005, AV RECIFE, Recife, Pernambuco, Brasil",-8.0846575,-34.9321359
4215,2019-05-14 08:18:00,SEM VÍTIMA,ESTÂNCIA,RUA JUAREZ MILLET, ,461.0,SUBURBIO,ABALROAMENTO TRANSVERSAL,2.0,1.0,1.0,1.0,1.0,1.0,1.0,1.0,1.0,0.0,1.0,Cruzamento,Bom,Não existe,Perfeito estado,Seca,Perfeito estado,Não há placas,60 km/h,Dupla," , RUA JUAREZ MILLET, Recife, Pernambuco, Brasil",-8.0884914,-34.9256911
8681,2019-10-03 19:03:00,SEM VÍTIMA,ESTÂNCIA,RUA JOSE GOMES DE MOURA, ,461.0,SUBURBIO,ABALROAMENTO LONGITUDINAL,2.0,1.0,1.0,1.0,1.0,1.0,1.0,1.0,1.0,0.0,1.0,Cruzamento,Bom,Não existe,Perfeito estado,Seca,Perfeito estado,Não há placas,60 km/h,Única," , RUA JOSE GOMES DE MOURA, Recife, Pernambuco, Brasil",-8.0787628,-34.9336318
643,2019-01-25 14:52:00,SEM VÍTIMA,ESTÂNCIA,AV RECIFE, ,461.0,SUBURBIO,COLISÃO,1.0,1.0,1.0,1.0,1.0,1.0,1.0,1.0,1.0,0.0,1.0,Cruzamento,Bom,Não existe,Perfeito estado,Seca,Perfeito estado,Não há placas,60 km/h,Única," , AV RECIFE, Recife, Pernambuco, Brasil",-8.1160254,-34.923929
4444,2019-05-21 09:17:00,COM VÍTIMA,ESTÂNCIA,AV DR JOSE RUFINO, ,461.0,SUBURBIO,COLISÃO,1.0,1.0,1.0,1.0,1.0,1.0,1.0,1.0,1.0,1.0,1.0,Cruzamento,Bom,Não existe,Perfeito estado,Seca,Perfeito estado,Não há placas,60 km/h,Única," , AV DR JOSE RUFINO, Recife, Pernambuco, Brasil",-8.1160254,-34.923929
790,2019-01-31 05:39:00,SEM VÍTIMA,ESTÂNCIA,AV RECIFE, ,461.0,SUBURBIO,COLISÃO TRASEIRA,1.0,1.0,1.0,1.0,1.0,1.0,1.0,1.0,1.0,0.0,1.0,Cruzamento,Bom,Sem defeito,Perfeito estado,Seca,Perfeito estado,Não há placas,60 km/h,Dupla," , AV RECIFE, Recife, Pernambuco, Brasil",-8.1160254,-34.923929
10580,2019-11-23 11:17:00,SEM VÍTIMA,ESTÂNCIA,AV DR JOSE RUFINO,535,461.0,SUBURBIO,COLISÃO,2.0,1.0,1.0,1.0,1.0,1.0,1.0,1.0,1.0,0.0,1.0,Cruzamento,Bom,Sem defeito,Perfeito estado,Seca,Perfeito estado,Não há placas,60 km/h,Dupla,"535, AV DR JOSE RUFINO, Recife, Pernambuco, Brasil",-8.1160254,-34.923929
4178,2019-05-13 08:30:00,SEM VÍTIMA,ESTÂNCIA,AV DR JOSE RUFINO,299,82.0,CIDADE,ABALROAMENTO LONGITUDINAL,1.0,1.0,1.0,1.0,1.0,1.0,1.0,1.0,1.0,0.0,1.0,Longo da via,Nublado,Sem defeito,Incompleta,Seca,Perfeito estado,Outras,60 km/h,Dupla,"299, AV DR JOSE RUFINO, Recife, Pernambuco, Brasil",-8.1160254,-34.923929
10752,2019-11-28 11:32:00,SEM VÍTIMA,ESTÂNCIA,AV RECIFE, ,82.0,CIDADE,COLISÃO,1.0,1.0,1.0,1.0,1.0,1.0,1.0,1.0,1.0,0.0,1.0,Longo da via,Nublado,Sem defeito,Incompleta,Seca,Perfeito estado,Outras,60 km/h,Dupla," , AV RECIFE, Recife, Pernambuco, Brasil",-8.1160254,-34.923929
659,2019-01-25 20:27:00,SEM VÍTIMA,ESTÂNCIA,AV RECIFE,5705,82.0,SUBURBIO,ABALROAMENTO LONGITUDINAL,1.0,1.0,1.0,1.0,1.0,1.0,1.0,1.0,1.0,0.0,1.0,Longo da via,Bom,Não existe,Ilegível,Seca,Mal iluminada,Não há placas,60 km/h,Única,"5705, AV RECIFE, Recife, Pernambuco, Brasil",-8.0787947,-34.9345038
4711,2019-05-30 08:47:00,SEM VÍTIMA,ESTÂNCIA,AV DR JOSE RUFINO,548,82.0,SUBURBIO,ABALROAMENTO TRANSVERSAL,1.0,1.0,1.0,1.0,1.0,1.0,1.0,1.0,1.0,0.0,1.0,Cruzamento,Bom,Não existe,Perfeito estado,Seca,Perfeito estado,Outras,60 km/h,Dupla,"548, AV DR JOSE RUFINO, Recife, Pernambuco, Brasil",-8.0787947,-34.9345038
4820,2019-06-03 08:48:00,SEM VÍTIMA,ESTÂNCIA,AV RECIFE,204,82.0,BR101,COLISÃO,1.0,1.0,1.0,1.0,1.0,1.0,1.0,1.0,1.0,0.0,1.0,Cruzamento,Bom,Não existe,Perfeito estado,Seca,Perfeito estado,Outras,60 km/h,Dupla,"204, AV RECIFE, Recife, Pernambuco, Brasil",-8.0845633,-34.932079
2989,2019-04-05 08:59:00,SEM VÍTIMA,ESTÂNCIA,AV RECIFE,5516,82.0,BR 101,COLISÃO,1.0,1.0,1.0,1.0,1.0,1.0,1.0,1.0,1.0,0.0,1.0,Cruzamento,Bom,Não existe,Perfeito estado,Seca,Perfeito estado,Outras,60 km/h,Dupla,"5516, AV RECIFE, Recife, Pernambuco, Brasil",-8.0846575,-34.9321359
1794,2019-02-28 18:48:00,SEM VÍTIMA,ESTÂNCIA,AV RECIFE, ,82.0,BR 101,COLISÃO,2.0,1.0,1.0,1.0,1.0,1.0,1.0,1.0,1.0,0.0,1.0,Cruzamento,Bom,Não existe,Perfeito estado,Seca,Perfeito estado,Outras,60 km/h,Dupla," , AV RECIFE, Recife, Pernambuco, Brasil",-8.1160254,-34.923929
11441,2019-12-13 10:02:00,SEM VÍTIMA,ESTÂNCIA,AV DR JOSE RUFINO, ,82.0,SUBURBIO,COLISÃO FRONTAL,1.0,1.0,1.0,1.0,1.0,1.0,1.0,1.0,1.0,0.0,1.0,Longo da via,Bom,Não existe,Perfeito estado,Seca,Perfeito estado,R-6a,60 km/h,Dupla," , AV DR JOSE RUFINO, Recife, Pernambuco, Brasil",-8.1160254,-34.923929
1247,2019-02-13 15:16:00,SEM VÍTIMA,ESTÂNCIA,AV RECIFE, ,82.0,SUBURBIO,COLISÃO,1.0,1.0,1.0,1.0,1.0,1.0,1.0,1.0,1.0,0.0,1.0,Longo da via,Bom,Não existe,Perfeito estado,Seca,Perfeito estado,R-6a,60 km/h,Dupla," , AV RECIFE, Recife, Pernambuco, Brasil",-8.1160254,-34.923929
6185,2019-07-18 10:02:00,SEM VÍTIMA,ESTÂNCIA,AV DR JOSE RUFINO,374,82.0,SUBURBIO,ABALROAMENTO LONGITUDINAL,1.0,1.0,1.0,1.0,1.0,1.0,1.0,1.0,1.0,0.0,1.0,Longo da via,Bom,Não existe,Perfeito estado,Seca,Perfeito estado,Não há placas,60 km/h,Dupla,"374, AV DR JOSE RUFINO, Recife, Pernambuco, Brasil",-8.1160254,-34.923929
9619,2019-10-29 18:53:00,SEM VÍTIMA,ESTÂNCIA,RUA MORAIS E SILVA, ,82.0,SUBURBIO,ABALROAMENTO TRANSVERSAL,2.0,1.0,1.0,1.0,1.0,1.0,1.0,1.0,1.0,0.0,1.0,Cruzamento,Bom,Não existe,Não existente,Seca,Perfeito estado,Não há placas,60 km/h,Única," , RUA MORAIS E SILVA, Recife, Pernambuco, Brasil",-8.0810714,-34.931453
4197,2019-05-13 16:40:00,SEM VÍTIMA,ESTÂNCIA,AV DR JOSE RUFINO,354,82.0,SUBURBIO,ABALROAMENTO LONGITUDINAL,2.0,1.0,1.0,1.0,1.0,1.0,1.0,1.0,1.0,0.0,1.0,Longo da via,Bom,Não existe,Perfeito estado,Seca,Perfeito estado,Outras,60 km/h,Dupla,"354, AV DR JOSE RUFINO, Recife, Pernambuco, Brasil",-8.0810714,-34.931453
3483,2019-04-20 11:14:00,SEM VÍTIMA,ESTÂNCIA,AV RECIFE,497,261.0,CIDADE,COLISÃO TRASEIRA,4.0,1.0,1.0,1.0,1.0,1.0,1.0,1.0,1.0,0.0,1.0,Longo da via,Nublado,Sem defeito,Perfeito estado,Molhada,Perfeito estado,Outras,60 km/h,Dupla,"497, AV RECIFE, Recife, Pernambuco, Brasil",-8.0846575,-34.9321359
10681,2019-11-26 12:54:00,SEM VÍTIMA,ESTÂNCIA,AV DR JOSE RUFINO, ,261.0,CIDADE,ABALROAMENTO LONGITUDINAL,1.0,1.0,1.0,1.0,1.0,1.0,1.0,1.0,1.0,0.0,1.0,Longo da via,Bom,Intermitente,Incompleta,Seca,Mal conservada,Não há placas,60 km/h,Dupla," , AV DR JOSE RUFINO, Recife, Pernambuco, Brasil",-8.0846575,-34.9321359
4311,2019-05-17 06:33:00,SEM VÍTIMA,ESTÂNCIA,RUA HAVAI,130,261.0,SUBURBIO,COLISÃO TRASEIRA,2.0,1.0,1.0,1.0,1.0,1.0,1.0,1.0,1.0,0.0,1.0,Longo da via,Bom,Não existe,Incompleta,Seca,Perfeito estado,Não há placas,60 km/h,Dupla,"130, RUA HAVAI, Recife, Pernambuco, Brasil",-8.1117139,-35.0254636
10382,2019-11-18 16:29:00,SEM VÍTIMA,ESTÂNCIA,AV DR JOSE RUFINO, ,82.0,SUBURBIO,ABALROAMENTO LONGITUDINAL,1.0,1.0,1.0,1.0,1.0,1.0,1.0,1.0,1.0,0.0,1.0,Longo da via,Bom,Intermitente,Incompleta,Seca,Mal conservada,Não há placas,60 km/h,Dupla," , AV DR JOSE RUFINO, Recife, Pernambuco, Brasil",-8.1117139,-35.0254636
2851,2019-04-01 12:11:00,SEM VÍTIMA,ESTÂNCIA,AV RECIFE, ,82.0,SUBURBIO,ABALROAMENTO LONGITUDINAL,1.0,1.0,1.0,1.0,1.0,1.0,1.0,1.0,1.0,0.0,1.0,Longo da via,Chuvoso,Não existe,Ilegível,Molhada,Perfeito estado,R-6a,60 km/h,Dupla," , AV RECIFE, Recife, Pernambuco, Brasil",-8.1160254,-34.923929
8584,2019-10-01 13:04:00,SEM VÍTIMA,ESTÂNCIA,AV RECIFE,408,82.0,CIDADE,COLISÃO TRASEIRA,3.0,1.0,1.0,1.0,1.0,1.0,1.0,1.0,1.0,0.0,1.0,Longo da via,Bom,Não existe,Perfeito estado,Seca,Perfeito estado,Não há placas,60 km/h,Dupla,"408, AV RECIFE, Recife, Pernambuco, Brasil",-8.0846575,-34.9321359
9548,2019-10-28 11:31:00,SEM VÍTIMA,ESTÂNCIA,RUA NOSSA SENHORA DE FATIMA,18,261.0,CIDADE,COLISÃO,2.0,1.0,1.0,1.0,1.0,1.0,1.0,1.0,1.0,0.0,1.0,Longo da via,Bom,Não existe,Perfeito estado,Seca,Perfeito estado,Não há placas,60 km/h,Dupla,"18, RUA NOSSA SENHORA DE FATIMA, Recife, Pernambuco, Brasil",-8.113318,-35.2903606
2534,2019-03-22 15:06:00,COM VÍTIMA,ESTÂNCIA,RUA MAESTRO ALCIDES LEAO, ,261.0,CIDADE,CHOQUE VEÍCULO PARADO,1.0,1.0,1.0,1.0,1.0,1.0,1.0,1.0,1.0,1.0,1.0,Longo da via,Bom,Não existe,Não existente,Seca,Perfeito estado,Não há placas,60 km/h,Única," , RUA MAESTRO ALCIDES LEAO, Recife, Pernambuco, Brasil",-8.0494174,-34.9116145
3599,2019-04-24 15:21:00,SEM VÍTIMA,ESTÂNCIA,AV ESTANCIA,58,261.0,SUBURBIO,ABALROAMENTO TRANSVERSAL,2.0,1.0,1.0,1.0,1.0,1.0,1.0,1.0,1.0,0.0,1.0,Cruzamento,Chuvoso,Não existe,Ilegível,Molhada,Perfeito estado,Não há placas,60 km/h,Única,"58, AV ESTANCIA, Recife, Pernambuco, Brasil",-8.0851763,-34.9301514
4940,2019-06-06 07:22:00,SEM VÍTIMA,ESTÂNCIA,AV RECIFE,5516,261.0,SUBURBIO,COLISÃO,1.0,1.0,1.0,1.0,1.0,1.0,1.0,1.0,1.0,0.0,1.0,Cruzamento,Chuvoso,Não existe,Ilegível,Molhada,Perfeito estado,Não há placas,60 km/h,Única,"5516, AV RECIFE, Recife, Pernambuco, Brasil",-8.0846575,-34.9321359
4019,2019-05-07 16:52:00,SEM VÍTIMA,ESTÂNCIA,AV DR JOSE RUFINO, ,261.0,CIDADE,ABALROAMENTO LONGITUDINAL,1.0,1.0,1.0,1.0,1.0,1.0,1.0,1.0,1.0,0.0,1.0,Longo da via,Bom,Não existe,Ilegível,Seca,Perfeito estado,R-6a,60 km/h,Dupla," , AV DR JOSE RUFINO, Recife, Pernambuco, Brasil",-8.0846575,-34.9321359
10674,2019-11-26 10:42:00,SEM VÍTIMA,ESTÂNCIA,AV RECIFE,495,261.0,CIDADE,COLISÃO TRASEIRA,3.0,1.0,1.0,1.0,1.0,1.0,1.0,1.0,1.0,0.0,1.0,Longo da via,Bom,Sem defeito,Perfeito estado,Seca,Perfeito estado,Não há placas,60 km/h,Dupla,"495, AV RECIFE, Recife, Pernambuco, Brasil",-8.0846575,-34.9321359
2122,2019-03-12 09:33:00,SEM VÍTIMA,ESTÂNCIA,AV RECIFE,5388,261.0,CEASA,COLISÃO,1.0,1.0,1.0,1.0,1.0,1.0,1.0,1.0,1.0,0.0,1.0,Longo da via,Bom,Sem defeito,Perfeito estado,Seca,Perfeito estado,Não há placas,60 km/h,Dupla,"5388, AV RECIFE, Recife, Pernambuco, Brasil",-8.0846575,-34.9321359
10892,2019-12-02 07:37:00,COM VÍTIMA,ESTÂNCIA,RUA MORAIS E SILVA,540,261.0,SUBURBIO,ABALROAMENTO TRANSVERSAL,1.0,1.0,1.0,1.0,1.0,1.0,1.0,1.0,1.0,1.0,1.0,Cruzamento,Bom,Não existe,Incompleta,Seca,Mal conservada,R-6a,60 km/h,Dupla,"540, RUA MORAIS E SILVA, Recife, Pernambuco, Brasil",-8.0810714,-34.931453
2121,2019-03-12 09:22:00,SEM VÍTIMA,ESTÂNCIA,AV RECIFE, ,261.0,SUBURBIO,ABALROAMENTO LONGITUDINAL,1.0,1.0,1.0,1.0,1.0,1.0,1.0,1.0,1.0,0.0,1.0,Longo da via,Bom,Não existe,Ilegível,Seca,Perfeito estado,Não há placas,60 km/h,Dupla," , AV RECIFE, Recife, Pernambuco, Brasil",-8.1160254,-34.923929
5998,2019-07-11 17:04:00,SEM VÍTIMA,ESTÂNCIA,AV DR JOSE RUFINO,392,261.0,SUBURBIO,ABALROAMENTO LONGITUDINAL,1.0,1.0,1.0,1.0,1.0,1.0,1.0,1.0,1.0,0.0,1.0,Longo da via,Bom,Não existe,Perfeito estado,Seca,Perfeito estado,Não há placas,60 km/h,Dupla,"392, AV DR JOSE RUFINO, Recife, Pernambuco, Brasil",-8.1160254,-34.923929
8949,2019-10-10 16:12:00,SEM VÍTIMA,ESTÂNCIA,AV RECIFE,272,261.0,SUBURBIO,COLISÃO,1.0,1.0,1.0,1.0,1.0,1.0,1.0,1.0,1.0,0.0,1.0,Longo da via,Bom,Não existe,Perfeito estado,Seca,Perfeito estado,Não há placas,60 km/h,Dupla,"272, AV RECIFE, Recife, Pernambuco, Brasil",-8.0846575,-34.9321359