,data_hora,natureza_acidente,bairro,endereco,numero,num_semaforo,sentido_via,tipo,auto,moto,ciclom,ciclista,pedestre,onibus,caminhao,viatura,outros,vitimas,vitimasfatais,acidente_verificado,tempo_clima,situacao_semaforo,sinalizacao,condicao_via,conservacao_via,situacao_placa,velocidade_max_via,mao_direcao,end,latitude,longitude
3532,2019-04-22 15:54:00,SEM VÍTIMA,ESTÂNCIA,AV DR JOSE RUFINO,528,261.0,SUBURBIO,COLISÃO TRASEIRA,1.0,1.0,1.0,1.0,1.0,1.0,1.0,1.0,1.0,0.0,1.0,Longo da via,Bom,Não existe,Perfeito estado,Seca,Perfeito estado,Não há placas,40 km/h,Dupla,"528, AV DR JOSE RUFINO, Recife, Pernambuco, Brasil",-8.0846575,-34.9321359
9320,2019-10-21 11:18:00,SEM VÍTIMA,ESTÂNCIA,RUA ANDRE VIEIRA DE MELO,316,261.0,SUBURBIO,ABALROAMENTO LONGITUDINAL,2.0,1.0,1.0,1.0,1.0,1.0,1.0,1.0,1.0,0.0,1.0,Longo da via,Bom,Não existe,Não existente,Seca,Perfeito estado,Não há placas,40 km/h,Dupla,"316, RUA ANDRE VIEIRA DE MELO, Recife, Pernambuco, Brasil",-8.0826276,-34.929118
5623,2019-06-28 17:41:00,SEM VÍTIMA,ESTÂNCIA,RUA MORAIS E SILVA,548,261.0,SUBURBIO,COLISÃO,1.0,1.0,1.0,1.0,1.0,1.0,1.0,1.0,1.0,0.0,1.0,Longo da via,Bom,Não existe,Não existente,Seca,Perfeito estado,Não há placas,40 km/h,Dupla,"548, RUA MORAIS E SILVA, Recife, Pernambuco, Brasil",-8.0810714,-34.931453
8803,2019-10-07 08:03:00,SEM VÍTIMA,ESTÂNCIA,AV RECIFE, ,620.0,SUBURBIO,ABALROAMENTO LONGITUDINAL,1.0,2.0,1.0,1.0,1.0,1.0,1.0,1.0,1.0,0.0,1.0,Longo da via,Bom,Sem defeito,Perfeito estado,Seca,Perfeito estado,Outras,60 km/h,Dupla," , AV RECIFE, Recife, Pernambuco, Brasil",-8.1160254,-34.923929
5496,2019-06-25 07:38:00,SEM VÍTIMA,ESTÂNCIA,AV RECIFE, ,620.0,SUBURBIO,ABALROAMENTO LONGITUDINAL,2.0,2.0,1.0,1.0,1.0,1.0,1.0,1.0,1.0,0.0,1.0,Viaduto,Bom,Não existe,Perfeito estado,Seca,Perfeito estado,Não há placas,60 km/h,Dupla," , AV RECIFE, Recife, Pernambuco, Brasil",-8.1160254,-34.923929
2547,2019-03-22 19:27:00,SEM VÍTIMA,ESTÂNCIA,AV ESTANCIA, ,620.0,SUBURBIO,ABALROAMENTO TRANSVERSAL,2.0,2.0,1.0,1.0,1.0,1.0,1.0,1.0,1.0,0.0,1.0,Cruzamento,Bom,Não existe,Ilegível,Seca,Mal iluminada,Não há placas,60 km/h,Única," , AV ESTANCIA, Recife, Pernambuco, Brasil",-8.0856698,-34.93144
4540,2019-05-24 08:09:00,COM VÍTIMA,ESTÂNCIA,AV DR JOSE RUFINO,548,620.0,SUBURBIO,ABALROAMENTO TRANSVERSAL,1.0,1.0,1.0,1.0,1.0,1.0,1.0,1.0,1.0,1.0,1.0,Cruzamento,Bom,Não existe,Perfeito estado,Seca,Perfeito estado,Outras,60 km/h,Dupla,"548, AV DR JOSE RUFINO, Recife, Pernambuco, Brasil",-8.0856698,-34.93144
11470,2019-12-13 19:11:00,SEM VÍTIMA,ESTÂNCIA,AV DR JOSE RUFINO, ,491.0,SUBURBIO,COLISÃO TRASEIRA,2.0,1.0,1.0,1.0,1.0,1.0,1.0,1.0,1.0,0.0,1.0,Longo da via,Bom,Sem defeito,Perfeito estado,Seca,Perfeito estado,Não há placas,60 km/h,Dupla," , AV DR JOSE RUFINO, Recife, Pernambuco, Brasil",-8.0856698,-34.93144
11985,2019-12-27 19:10:00,SEM VÍTIMA,ESTÂNCIA,AV DR JOSE RUFINO, ,491.0,SUBURBIO,COLISÃO TRASEIRA,2.0,1.0,1.0,1.0,1.0,1.0,1.0,1.0,1.0,0.0,1.0,Longo da via,Bom,Não existe,Perfeito estado,Seca,Perfeito estado,Não há placas,60 km/h,Dupla," , AV DR JOSE RUFINO, Recife, Pernambuco, Brasil",-8.0856698,-34.93144
5320,2019-06-18 10:12:00,COM VÍTIMA,ESTÂNCIA,AV DR JOSE RUFINO,476,491.0,SUBURBIO,ABALROAMENTO LONGITUDINAL,1.0,1.0,1.0,1.0,1.0,1.0,1.0,1.0,1.0,1.0,1.0,Longo da via,Nublado,Não existe,Incompleta,Seca,Perfeito estado,R-6a,60 km/h,Dupla,"476, AV DR JOSE RUFINO, Recife, Pernambuco, Brasil",-8.0856698,-34.93144
10113,2019-11-11 14:42:00,SEM VÍTIMA,ESTÂNCIA,AV DR JOSE RUFINO,548,491.0,SUBURBIO,ABALROAMENTO TRANSVERSAL,2.0,1.0,1.0,1.0,1.0,1.0,1.0,1.0,1.0,0.0,1.0,Longo da via,Bom,Não existe,Perfeito estado,Seca,Perfeito estado,Outras,60 km/h,Dupla,"548, AV DR JOSE RUFINO, Recife, Pernambuco, Brasil",-8.0856698,-34.93144
2394,2019-03-19 11:12:00,SEM VÍTIMA,ESTÂNCIA,AV DR JOSE RUFINO,730,491.0,SUBURBIO,ABALROAMENTO LONGITUDINAL,2.0,1.0,1.0,1.0,1.0,1.0,1.0,1.0,1.0,0.0,1.0,Longo da via,Bom,Sem defeito,Perfeito estado,Seca,Perfeito estado,Outras,60 km/h,Dupla,"730, AV DR JOSE RUFINO, Recife, Pernambuco, Brasil",-8.0856698,-34.93144
10617,2019-11-25 04:51:00,SEM VÍTIMA,ESTÂNCIA,AV RECIFE,508,261.0,SUBURBIO,COLISÃO TRASEIRA,2.0,1.0,1.0,1.0,1.0,1.0,1.0,1.0,1.0,0.0,1.0,Cruzamento,Bom,Sem defeito,Perfeito estado,Seca,Perfeito estado,Não há placas,60 km/h,Dupla,"508, AV RECIFE, Recife, Pernambuco, Brasil",-8.0846575,-34.9321359
1620,2019-02-23 20:12:00,COM VÍTIMA,ESTÂNCIA,AV DR JOSE RUFINO,1488,261.0,SUBURBIO,ATROPELAMENTO,1.0,1.0,1.0,1.0,1.0,1.0,1.0,1.0,1.0,1.0,1.0,Longo da via,Bom,Não existe,Perfeito estado,Seca,Perfeito estado,Outras,60 km/h,Dupla,"1488, AV DR JOSE RUFINO, Recife, Pernambuco, Brasil",-8.0846575,-34.9321359
7778,2019-09-08 14:01:00,SEM VÍTIMA,ESTÂNCIA,AV RECIFE,150,621.0,SUBURBIO,COLISÃO,2.0,1.0,1.0,1.0,1.0,1.0,1.0,1.0,1.0,0.0,1.0,Longo da via,Bom,Não existe,Perfeito estado,Seca,Perfeito estado,Outras,60 km/h,Dupla,"150, AV RECIFE, Recife, Pernambuco, Brasil",-8.0846575,-34.9321359
884,2019-02-02 21:35:00,SEM VÍTIMA,ESTÂNCIA,AV DR JOSE RUFINO,790,621.0,SUBURBIO,COLISÃO FRONTAL,2.0,1.0,1.0,1.0,1.0,1.0,1.0,1.0,1.0,0.0,1.0,Longo da via,Bom,Não existe,Perfeito estado,Seca,Perfeito estado,Não há placas,60 km/h,Dupla,"790, AV DR JOSE RUFINO, Recife, Pernambuco, Brasil",-8.0846575,-34.9321359
2371,2019-03-18 17:07:00,SEM VÍTIMA,ESTÂNCIA,AV RECIFE,5388,621.0,CIDADE,COLISÃO TRASEIRA,2.0,1.0,1.0,1.0,1.0,1.0,1.0,1.0,1.0,0.0,1.0,Longo da via,Bom,Não existe,Perfeito estado,Seca,Perfeito estado,Não há placas,60 km/h,Dupla,"5388, AV RECIFE, Recife, Pernambuco, Brasil",-8.0846575,-34.9321359
10118,2019-11-11 16:27:00,SEM VÍTIMA,ESTÂNCIA,AV DR JOSE RUFINO, ,621.0,CIDADE,ABALROAMENTO LONGITUDINAL,1.0,1.0,1.0,1.0,1.0,1.0,1.0,1.0,1.0,0.0,1.0,Longo da via,Bom,Não existe,Incompleta,Seca,Mal conservada,Não há placas,40 km/h,Dupla," , AV DR JOSE RUFINO, Recife, Pernambuco, Brasil",-8.0846575,-34.9321359
212,2019-01-09 14:43:00,SEM VÍTIMA,ESTÂNCIA,AV RECIFE, ,621.0,SUBURBIO,ABALROAMENTO LONGITUDINAL,1.0,1.0,1.0,1.0,1.0,1.0,1.0,1.0,1.0,0.0,1.0,Longo da via,Bom,Não existe,Perfeito estado,Seca,Perfeito estado,Outras,40 km/h,Dupla," , AV RECIFE, Recife, Pernambuco, Brasil",-8.1160254,-34.923929
638,2019-01-25 12:07:00,SEM VÍTIMA,ESTÂNCIA,AV RECIFE, ,621.0,SUBURBIO,ABALROAMENTO LONGITUDINAL,1.0,1.0,1.0,1.0,1.0,1.0,1.0,1.0,1.0,0.0,1.0,Longo da via,Bom,Não existe,Perfeito estado,Seca,Perfeito estado,Outras,40 km/h,Dupla," , AV RECIFE, Recife, Pernambuco, Brasil",-8.1160254,-34.923929
3284,2019-04-13 14:44:00,SEM VÍTIMA,ESTÂNCIA,AV DR JOSE RUFINO, ,621.0,SUBURBIO,COLISÃO TRASEIRA,2.0,1.0,1.0,1.0,1.0,1.0,1.0,1.0,1.0,0.0,1.0,Longo da via,Bom,Não existe,Perfeito estado,Molhada,Perfeito estado,Outras,40 km/h,Dupla," , AV DR JOSE RUFINO, Recife, Pernambuco, Brasil",-8.1160254,-34.923929
11654,2019-12-18 17:03:00,SEM VÍTIMA,ESTÂNCIA,AV DR JOSE RUFINO,2626,621.0,CIDADE,COLISÃO TRASEIRA,2.0,1.0,1.0,1.0,1.0,1.0,1.0,1.0,1.0,0.0,1.0,Longo da via,Bom,Não existe,Perfeito estado,Seca,Perfeito estado,Não há placas,40 km/h,Dupla,"2626, AV DR JOSE RUFINO, Recife, Pernambuco, Brasil",-8.1160254,-34.923929
7000,2019-08-14 13:21:00,SEM VÍTIMA,ESTÂNCIA,AV DR JOSE RUFINO,321,621.0,SUBURBIO,ABALROAMENTO LONGITUDINAL,1.0,1.0,1.0,1.0,1.0,1.0,1.0,1.0,1.0,0.0,1.0,Longo da via,Chuvoso,Não existe,Perfeito estado,Seca,Perfeito estado,Não há placas,60 km/h,Dupla,"321, AV DR JOSE RUFINO, Recife, Pernambuco, Brasil",-8.1160254,-34.923929
8959,2019-10-11 07:42:00,SEM VÍTIMA,ESTÂNCIA,AV RECIFE,220,621.0,SUBURBIO,ABALROAMENTO LONGITUDINAL,2.0,1.0,1.0,1.0,1.0,1.0,1.0,1.0,1.0,0.0,1.0,Longo da via,Bom,Não existe,Perfeito estado,Seca,Perfeito estado,Não há placas,60 km/h,Dupla,"220, AV RECIFE, Recife, Pernambuco, Brasil",-8.1025089,-34.9279337
10453,2019-11-20 13:14:00,SEM VÍTIMA,ESTÂNCIA,AV DR JOSE RUFINO, ,621.0,SUBURBIO,COLISÃO,2.0,1.0,1.0,1.0,1.0,2.0,1.0,1.0,1.0,0.0,1.0,Longo da via,Bom,Não existe,Perfeito estado,Seca,Perfeito estado,Não há placas,60 km/h,Dupla," , AV DR JOSE RUFINO, Recife, Pernambuco, Brasil",-8.1025089,-34.9279337
4997,2019-06-07 13:17:00,COM VÍTIMA,ESTÂNCIA,AV RECIFE,5005,461.0,CIDADE,CHOQUE VEÍCULO PARADO,1.0,1.0,1.0,1.0,1.0,2.0,1.0,1.0,1.0,1.0,1.0,Longo da via,Bom,Com defeito,Ilegível,Seca,Perfeito estado,Não há placas,60 km/h,Única,"5005, AV RECIFE, Recife, Pernambuco, Brasil",-8.0846575,-34.9321359
6738,2019-08-06 15:51:00,SEM VÍTIMA,ESTÂNCIA,AV RECIFE, ,261.0,CIDADE,ABALROAMENTO LONGITUDINAL,1.0,1.0,1.0,1.0,1.0,2.0,1.0,1.0,1.0,0.0,1.0,Longo da via,Bom,Sem defeito,Perfeito estado,Seca,Perfeito estado,Não há placas,60 km/h,Única," , AV RECIFE, Recife, Pernambuco, Brasil",-8.1160254,-34.923929
10670,2019-11-26 09:21:00,SEM VÍTIMA,ESTÂNCIA,AV RECIFE,26,261.0,CIDADE,COLISÃO TRASEIRA,4.0,1.0,1.0,1.0,1.0,2.0,1.0,1.0,1.0,0.0,1.0,Longo da via,Bom,Sem defeito,Perfeito estado,Seca,Perfeito estado,Não há placas,60 km/h,Dupla,"26, AV RECIFE, Recife, Pernambuco, Brasil",-8.0846575,-34.9321359
5303,2019-06-17 14:43:00,SEM VÍTIMA,ESTÂNCIA,AV RECIFE,810,261.0,CAXANGA,COLISÃO,4.0,1.0,1.0,1.0,1.0,2.0,1.0,1.0,1.0,0.0,1.0,Longo da via,Bom,Sem defeito,Perfeito estado,Seca,Perfeito estado,Não há placas,60 km/h,Dupla,"810, AV RECIFE, Recife, Pernambuco, Brasil",-8.100162749999999,-34.9256068367588
8805,2019-10-07 08:11:00,SEM VÍTIMA,ESTÂNCIA,AV RECIFE,5520,261.0,SUBURBIO,ABALROAMENTO LONGITUDINAL,1.0,1.0,1.0,1.0,1.0,2.0,1.0,1.0,2.0,0.0,1.0,Viaduto,Bom,Não existe,Perfeito estado,Seca,Perfeito estado,Não há placas,60 km/h,Dupla,"5520, AV RECIFE, Recife, Pernambuco, Brasil",-8.0846575,-34.9321359
12,2019-01-01 20:30:00,COM VÍTIMA,ESTÂNCIA,AV DR JOSE RUFINO, ,82.0,CIDADE,COLISÃO FRONTAL,3.0,1.0,1.0,1.0,1.0,2.0,1.0,1.0,2.0,1.0,1.0,Cruzamento,Bom,Sem defeito,Perfeito estado,Seca,Perfeito estado,Outras,60 km/h,Dupla," , AV DR JOSE RUFINO, Recife, Pernambuco, Brasil",-8.0846575,-34.9321359
9736,2019-11-01 14:33:00,SEM VÍTIMA,ESTÂNCIA,AV DR JOSE RUFINO,170,82.0,CIDADE,COLISÃO,2.0,1.0,1.0,1.0,1.0,2.0,1.0,1.0,2.0,0.0,1.0,Cruzamento,Bom,Sem defeito,Perfeito estado,Seca,Perfeito estado,Outras,60 km/h,Dupla,"170, AV DR JOSE RUFINO, Recife, Pernambuco, Brasil",-8.0846575,-34.9321359
3961,2019-05-04 20:23:00,COM VÍTIMA,ESTÂNCIA,AV DR JOSE RUFINO,12A,82.0,CIDADE,ABALROAMENTO LONGITUDINAL,1.0,1.0,1.0,1.0,1.0,2.0,1.0,1.0,2.0,1.0,1.0,Longo da via,Bom,Não existe,Perfeito estado,Seca,Perfeito estado,Não há placas,60 km/h,Dupla,"12A, AV DR JOSE RUFINO, Recife, Pernambuco, Brasil",-8.0846575,-34.9321359
416,2019-01-16 22:20:00,COM VÍTIMA,ESTÂNCIA,AV RECIFE,1040,82.0,CIDADE,ACID. DE PERCURSO,1.0,1.0,1.0,1.0,1.0,2.0,1.0,1.0,2.0,2.0,1.0,Longo da via,Bom,Não existe,Perfeito estado,Seca,Perfeito estado,Não há placas,60 km/h,Dupla,"1040, AV RECIFE, Recife, Pernambuco, Brasil",-8.0954614,-34.9290703
11487,2019-12-14 09:57:00,SEM VÍTIMA,ESTÂNCIA,AV RECIFE,5586,82.0,SUBURBIO,COLISÃO TRASEIRA,2.0,1.0,1.0,1.0,1.0,2.0,1.0,1.0,2.0,0.0,1.0,Longo da via,Bom,Não existe,Perfeito estado,Seca,Perfeito estado,Não há placas,50 km/h,Dupla,"5586, AV RECIFE, Recife, Pernambuco, Brasil",-8.0806708,-34.9333585
6010,2019-07-12 07:01:00,SEM VÍTIMA,ESTÂNCIA,AV DR JOSE RUFINO, ,82.0,CIDADE,COLISÃO TRASEIRA,3.0,1.0,1.0,1.0,1.0,2.0,1.0,1.0,2.0,0.0,1.0,Longo da via,Bom,Não existe,Perfeito estado,Seca,Perfeito estado,Não há placas,50 km/h,Dupla," , AV DR JOSE RUFINO, Recife, Pernambuco, Brasil",-8.0806708,-34.9333585
4371,2019-05-18 16:52:00,SEM VÍTIMA,ESTÂNCIA,AV RECIFE, ,461.0,CIDADE,COLISÃO TRASEIRA,1.0,1.0,1.0,1.0,1.0,2.0,1.0,1.0,1.0,0.0,1.0,Longo da via,Bom,Sem defeito,Perfeito estado,Seca,Perfeito estado,Não há placas,50 km/h,Dupla," , AV RECIFE, Recife, Pernambuco, Brasil",-8.1160254,-34.923929
3582,2019-04-23 23:06:00,SEM VÍTIMA,ESTÂNCIA,AV DR JOSE RUFINO, ,461.0,SUBURBIO,ABALROAMENTO TRANSVERSAL,1.0,1.0,1.0,1.0,1.0,1.0,1.0,1.0,1.0,0.0,1.0,Longo da via,Chuvoso,Não existe,Perfeito estado,Molhada,Perfeito estado,R-6a,50 km/h,Dupla," , AV DR JOSE RUFINO, Recife, Pernambuco, Brasil",-8.1160254,-34.923929
9878,2019-11-05 16:09:00,SEM VÍTIMA,ESTÂNCIA,RUA MORAIS E SILVA,548,461.0,SUBURBIO,COLISÃO,2.0,1.0,1.0,1.0,1.0,1.0,1.0,1.0,1.0,0.0,1.0,Longo da via,Chuvoso,Não existe,Perfeito estado,Molhada,Perfeito estado,R-6a,50 km/h,Dupla,"548, RUA MORAIS E SILVA, Recife, Pernambuco, Brasil",-8.0810714,-34.931453
9706,2019-10-31 19:00:00,SEM VÍTIMA,ESTÂNCIA,AV DR JOSE RUFINO,656,491.0,SUBURBIO,COLISÃO,1.0,1.0,1.0,1.0,1.0,1.0,1.0,1.0,1.0,0.0,1.0,Longo da via,Chuvoso,Não existe,Perfeito estado,Molhada,Perfeito estado,R-6a,50 km/h,Dupla,"656, AV DR JOSE RUFINO, Recife, Pernambuco, Brasil",-8.0810714,-34.931453
3218,2019-04-11 19:25:00,SEM VÍTIMA,ESTÂNCIA,AV DR JOSE RUFINO, ,491.0,SUBURBIO,COLISÃO TRASEIRA,2.0,1.0,1.0,1.0,1.0,1.0,1.0,1.0,1.0,0.0,1.0,Longo da via,Bom,Sem defeito,Perfeito estado,Seca,Perfeito estado,Outras,50 km/h,Dupla," , AV DR JOSE RUFINO, Recife, Pernambuco, Brasil",-8.0810714,-34.931453
2609,2019-03-25 16:40:00,SEM VÍTIMA,ESTÂNCIA,AV DR JOSE RUFINO, ,491.0,SUBURBIO,ABALROAMENTO LONGITUDINAL,1.0,1.0,1.0,1.0,1.0,1.0,1.0,1.0,1.0,0.0,1.0,Longo da via,Bom,Sem defeito,Perfeito estado,Seca,Perfeito estado,Não há placas,50 km/h,Dupla," , AV DR JOSE RUFINO, Recife, Pernambuco, Brasil",-8.0810714,-34.931453
12056,2019-12-31 12:52:00,SEM VÍTIMA,ESTÂNCIA,AV RECIFE, ,261.0,SUBURBIO,COLISÃO TRASEIRA,2.0,1.0,1.0,1.0,1.0,1.0,1.0,1.0,1.0,0.0,1.0,Longo da via,Bom,Sem defeito,Perfeito estado,Seca,Perfeito estado,Não há placas,50 km/h,Dupla," , AV RECIFE, Recife, Pernambuco, Brasil",-8.1160254,-34.923929
11526,2019-12-15 18:46:00,SEM VÍTIMA,ESTÂNCIA,AV RECIFE, ,261.0,SUBURBIO,COLISÃO TRASEIRA,2.0,1.0,1.0,1.0,1.0,1.0,1.0,1.0,1.0,0.0,1.0,Longo da via,Bom,Sem defeito,Perfeito estado,Seca,Perfeito estado,Não há placas,60 km/h,Única," , AV RECIFE, Recife, Pernambuco, Brasil",-8.1160254,-34.923929
8351,2019-09-24 18:24:00,SEM VÍTIMA,ESTÂNCIA,AV RECIFE, ,261.0,SUBURBIO,ABALROAMENTO LONGITUDINAL,1.0,1.0,1.0,1.0,1.0,1.0,1.0,1.0,1.0,0.0,1.0,Longo da via,Bom,Não existe,Perfeito estado,Seca,Perfeito estado,Não há placas,60 km/h,Dupla," , AV RECIFE, Recife, Pernambuco, Brasil",-8.1160254,-34.923929
4098,2019-05-09 22:51:00,SEM VÍTIMA,ESTÂNCIA,AV DR JOSE RUFINO, ,82.0,SUBURBIO,COLISÃO TRASEIRA,1.0,1.0,1.0,1.0,1.0,1.0,1.0,1.0,1.0,0.0,1.0,Longo da via,Chuvoso,Sem defeito,Perfeito estado,Molhada,Perfeito estado,R-6a,60 km/h,Dupla," , AV DR JOSE RUFINO, Recife, Pernambuco, Brasil",-8.1160254,-34.923929
8208,2019-09-20 10:50:00,SEM VÍTIMA,ESTÂNCIA,AV DR JOSE RUFINO,617,82.0,SUBURBIO,ABALROAMENTO TRANSVERSAL,2.0,1.0,1.0,1.0,1.0,1.0,1.0,1.0,1.0,0.0,1.0,Longo da via,Chuvoso,Não existe,Perfeito estado,Molhada,Perfeito estado,Outras,60 km/h,Dupla,"617, AV DR JOSE RUFINO, Recife, Pernambuco, Brasil",-8.1160254,-34.923929
9188,2019-10-17 07:18:00,SEM VÍTIMA,ESTÂNCIA,AV DR JOSE RUFINO,726,82.0,SUBURBIO,COLISÃO,2.0,1.0,1.0,1.0,1.0,1.0,1.0,1.0,1.0,0.0,1.0,Longo da via,Chuvoso,Não existe,Perfeito estado,Molhada,Perfeito estado,Outras,60 km/h,Dupla,"726, AV DR JOSE RUFINO, Recife, Pernambuco, Brasil",-8.1160254,-34.923929
3558,2019-04-23 10:44:00,SEM VÍTIMA,ESTÂNCIA,AV ESTANCIA,58,82.0,SUBURBIO,COLISÃO TRASEIRA,2.0,1.0,1.0,1.0,1.0,1.0,1.0,1.0,1.0,0.0,1.0,Longo da via,Bom,Não existe,Perfeito estado,Seca,Perfeito estado,Não há placas,30 km/h,Única,"58, AV ESTANCIA, Recife, Pernambuco, Brasil",-8.0851763,-34.9301514
1874,2019-03-02 18:42:00,SEM VÍTIMA,ESTÂNCIA,AV DR JOSE RUFINO,582,82.0,SUBURBIO,COLISÃO TRASEIRA,1.0,1.0,1.0,1.0,1.0,1.0,1.0,1.0,1.0,0.0,1.0,Longo da via,Bom,Não existe,Perfeito estado,Seca,Perfeito estado,R-6a,60 km/h,Dupla,"582, AV DR JOSE RUFINO, Recife, Pernambuco, Brasil",-8.0851763,-34.9301514
11921,2019-12-26 10:30:00,SEM VÍTIMA,ESTÂNCIA,AV RECIFE,5816,82.0,SUBURBIO,ABALROAMENTO TRANSVERSAL,1.0,1.0,1.0,1.0,1.0,1.0,1.0,1.0,1.0,0.0,1.0,Viaduto,Bom,Não existe,Perfeito estado,Seca,Perfeito estado,Outras,60 km/h,Única,"5816, AV RECIFE, Recife, Pernambuco, Brasil",-8.0846575,-34.9321359
5086,2019-06-10 21:43:00,SEM VÍTIMA,ESTÂNCIA,AV RECIFE, ,259.0,SUBURBIO,CHOQUE VEÍCULO PARADO,2.0,1.0,1.0,1.0,1.0,1.0,1.0,1.0,1.0,0.0,1.0,Longo da via,Chuvoso,Sem defeito,Perfeito estado,Molhada,Perfeito estado,Outras,60 km/h,Dupla," , AV RECIFE, Recife, Pernambuco, Brasil",-8.1160254,-34.923929
10095,2019-11-11 08:59:00,SEM VÍTIMA,ESTÂNCIA,RUA ERNESTO NAZARETH,57A,259.0,SUBURBIO,ABALROAMENTO LONGITUDINAL,2.0,1.0,1.0,1.0,1.0,1.0,1.0,1.0,1.0,0.0,1.0,Longo da via,Bom,Não existe,Não existente,Seca,Perfeito estado,Não há placas,60 km/h,Dupla,"57A, RUA ERNESTO NAZARETH, Recife, Pernambuco, Brasil",-8.0958185,-34.9251651
11161,2019-12-06 20:52:00,SEM VÍTIMA,ESTÂNCIA,AV DR JOSE RUFINO,43,259.0,SUBURBIO,ABALROAMENTO LONGITUDINAL,2.0,1.0,1.0,1.0,1.0,1.0,1.0,1.0,1.0,0.0,1.0,Longo da via,Bom,Não existe,Não existente,Seca,Perfeito estado,Não há placas,60 km/h,Dupla,"43, AV DR JOSE RUFINO, Recife, Pernambuco, Brasil",-8.0958185,-34.9251651
2795,2019-03-29 18:21:00,SEM VÍTIMA,ESTÂNCIA,AV RECIFE,5516,259.0,SUBURBIO,ABALROAMENTO LONGITUDINAL,1.0,1.0,1.0,1.0,1.0,1.0,1.0,1.0,1.0,0.0,1.0,Longo da via,Chuvoso,Não existe,Perfeito estado,Molhada,Perfeito estado,R-6a,60 km/h,Dupla,"5516, AV RECIFE, Recife, Pernambuco, Brasil",-8.0846575,-34.9321359
8550,2019-09-30 17:15:00,SEM VÍTIMA,ESTÂNCIA,AV DR JOSE RUFINO, ,259.0,SUBURBIO,ABALROAMENTO LONGITUDINAL,1.0,1.0,1.0,1.0,1.0,1.0,1.0,1.0,1.0,0.0,1.0,Longo da via,Bom,Não existe,Incompleta,Seca,Perfeito estado,Outras,60 km/h,Dupla," , AV DR JOSE RUFINO, Recife, Pernambuco, Brasil",-8.0846575,-34.9321359
9182,2019-10-16 20:11:00,COM VÍTIMA,ESTÂNCIA,AV JOAO CABRAL DE MELO NETO, ,259.0,CIDADE,CHOQUE OBJETO FIXO,1.0,1.0,1.0,1.0,1.0,1.0,1.0,1.0,1.0,1.0,1.0,Cruzamento,Bom,Sem defeito,Incompleta,Seca,Perfeito estado,Não há placas,60 km/h,Dupla," , AV JOAO CABRAL DE MELO NETO, Recife, Pernambuco, Brasil",-8.0791891,-34.9327205
4411,2019-05-20 12:13:00,SEM VÍTIMA,ESTÂNCIA,AV DR JOSE RUFINO,773,259.0,CIDADE,COLISÃO TRASEIRA,2.0,1.0,1.0,1.0,1.0,1.0,1.0,1.0,1.0,0.0,1.0,Cruzamento,Bom,Não existe,Perfeito estado,Seca,Perfeito estado,Não há placas,60 km/h,Dupla,"773, AV DR JOSE RUFINO, Recife, Pernambuco, Brasil",-8.0791891,-34.9327205
3923,2019-05-03 13:15:00,SEM VÍTIMA,ESTÂNCIA,AV RECIFE,3436,259.0,SUBURBIO,ABALROAMENTO LONGITUDINAL,1.0,1.0,1.0,1.0,1.0,1.0,1.0,1.0,1.0,0.0,1.0,Ponte,Bom,Sem defeito,Perfeito estado,Seca,Perfeito estado,Não há placas,60 km/h,Dupla,"3436, AV RECIFE, Recife, Pernambuco, Brasil",-8.0846575,-34.9321359
11285,2019-12-10 07:06:00,SEM VÍTIMA,ESTÂNCIA,RUA NOSSA SENHORA DE FATIMA,382,261.0,CIDADE,ABALROAMENTO LONGITUDINAL,2.0,1.0,1.0,1.0,1.0,1.0,1.0,1.0,1.0,0.0,1.0,Cruzamento,Bom,Sem defeito,Incompleta,Seca,Perfeito estado,Não há placas,60 km/h,Única,"382, RUA NOSSA SENHORA DE FATIMA, Recife, Pernambuco, Brasil",-8.113318,-35.2903606
3622,2019-04-25 10:43:00,SEM VÍTIMA,ESTÂNCIA,AV RECIFE,5520,261.0,CIDADE,ABALROAMENTO LONGITUDINAL,1.0,1.0,1.0,1.0,1.0,1.0,1.0,1.0,1.0,0.0,1.0,Longo da via,Chuvoso,Não existe,Não existente,Molhada,Perfeito estado,Não há placas,60 km/h,Dupla,"5520, AV RECIFE, Recife, Pernambuco, Brasil",-8.0846575,-34.9321359
2405,2019-03-19 13:30:00,SEM VÍTIMA,ESTÂNCIA,AV DR JOSE RUFINO,473,261.0,CIDADE,COLISÃO,1.0,1.0,1.0,1.0,1.0,1.0,1.0,1.0,1.0,0.0,1.0,Longo da via,Chuvoso,Não existe,Não existente,Molhada,Perfeito estado,Não há placas,60 km/h,Dupla,"473, AV DR JOSE RUFINO, Recife, Pernambuco, Brasil",-8.0846575,-34.9321359
2397,2019-03-19 11:51:00,SEM VÍTIMA,ESTÂNCIA,AV DR JOSE RUFINO, ,261.0,CIDADE,COLISÃO,1.0,1.0,1.0,1.0,1.0,1.0,1.0,1.0,1.0,0.0,1.0,Longo da via,Chuvoso,Não existe,Não existente,Molhada,Perfeito estado,Não há placas,60 km/h,Dupla," , AV DR JOSE RUFINO, Recife, Pernambuco, Brasil",-8.0846575,-34.9321359
4336,2019-05-17 15:30:00,SEM VÍTIMA,ESTÂNCIA,AV DR JOSE RUFINO, ,261.0,CIDADE,COLISÃO,1.0,1.0,1.0,1.0,1.0,1.0,1.0,1.0,1.0,0.0,1.0,Longo da via,Chuvoso,Não existe,Não existente,Molhada,Perfeito estado,Não há placas,60 km/h,Dupla," , AV DR JOSE RUFINO, Recife, Pernambuco, Brasil",-8.0846575,-34.9321359