,data_hora,natureza_acidente,bairro,endereco,numero,num_semaforo,sentido_via,tipo,auto,moto,ciclom,ciclista,pedestre,onibus,caminhao,viatura,outros,vitimas,vitimasfatais,acidente_verificado,tempo_clima,situacao_semaforo,sinalizacao,condicao_via,conservacao_via,situacao_placa,velocidade_max_via,mao_direcao,end,latitude,longitude
1552,2019-02-22 10:37:00,COM VÍTIMA,ESTÂNCIA,AV RECIFE,3797,261.0,CEASA,ABALROAMENTO LONGITUDINAL,1.0,1.0,1.0,1.0,1.0,1.0,1.0,1.0,1.0,1.0,1.0,Longo da via,Bom,Não existe,Perfeito estado,Seca,Perfeito estado,Outras,60 km/h,Dupla,"3797, AV RECIFE, Recife, Pernambuco, Brasil",-8.0846575,-34.9321359
1718,2019-02-27 06:56:00,SEM VÍTIMA,ESTÂNCIA,AV RECIFE, ,261.0,SUBURBIO,COLISÃO TRASEIRA,4.0,1.0,1.0,1.0,1.0,1.0,1.0,1.0,1.0,0.0,1.0,Viaduto,Bom,Não existe,Perfeito estado,Seca,Perfeito estado,Não há placas,60 km/h,Única," , AV RECIFE, Recife, Pernambuco, Brasil",-8.1160254,-34.923929
9463,2019-10-25 09:21:00,SEM VÍTIMA,ESTÂNCIA,AV DR JOSE RUFINO, ,261.0,SUBURBIO,ABALROAMENTO LONGITUDINAL,1.0,1.0,1.0,1.0,1.0,1.0,1.0,1.0,1.0,0.0,1.0,Viaduto,Bom,Não existe,Perfeito estado,Seca,Perfeito estado,Não há placas,60 km/h,Dupla," , AV DR JOSE RUFINO, Recife, Pernambuco, Brasil",-8.1160254,-34.923929
10236,2019-11-14 10:01:00,SEM VÍTIMA,ESTÂNCIA,AV RECIFE,5630,259.0,SUBURBIO,ABALROAMENTO TRANSVERSAL,2.0,1.0,1.0,1.0,1.0,1.0,1.0,1.0,1.0,0.0,1.0,Cruzamento,Bom,Sem defeito,Perfeito estado,Seca,Perfeito estado,Não há placas,60 km/h,Única,"5630, AV RECIFE, Recife, Pernambuco, Brasil",-8.079796550000001,-34.933538571931805
671,2019-01-26 13:06:00,COM VÍTIMA,ESTÂNCIA,AV RECIFE, ,621.0,CIDADE,ABALROAMENTO LONGITUDINAL,2.0,1.0,1.0,1.0,1.0,1.0,1.0,1.0,1.0,1.0,1.0,Outros,Bom,Sem defeito,Perfeito estado,Seca,Perfeito estado,Não há placas,60 km/h,Única," , AV RECIFE, Recife, Pernambuco, Brasil",-8.1160254,-34.923929
10233,2019-11-14 09:22:00,SEM VÍTIMA,ESTÂNCIA,AV RECIFE, ,621.0,SUBURBIO,COLISÃO TRASEIRA,2.0,1.0,1.0,1.0,1.0,1.0,1.0,1.0,1.0,0.0,1.0,Longo da via,Bom,Sem defeito,Perfeito estado,Seca,Perfeito estado,Não há placas,60 km/h,Dupla," , AV RECIFE, Recife, Pernambuco, Brasil",-8.1160254,-34.923929
1633,2019-02-24 19:37:00,SEM VÍTIMA,ESTÂNCIA,RUA SAO MIGUEL, ,621.0,CIDADE,ABALROAMENTO LONGITUDINAL,2.0,1.0,1.0,1.0,1.0,1.0,1.0,1.0,1.0,0.0,1.0,Longo da via,Bom,Não existe,Perfeito estado,Seca,Perfeito estado,Não há placas,60 km/h,Dupla," , RUA SAO MIGUEL, Recife, Pernambuco, Brasil",-8.08116,-34.9216693
9674,2019-10-31 07:03:00,SEM VÍTIMA,ESTÂNCIA,AV RECIFE,5520,621.0,SUBURBIO,ABALROAMENTO LONGITUDINAL,1.0,1.0,1.0,1.0,1.0,1.0,1.0,1.0,1.0,0.0,1.0,Longo da via,Bom,Não existe,Não existente,Seca,Perfeito estado,Não há placas,60 km/h,Dupla,"5520, AV RECIFE, Recife, Pernambuco, Brasil",-8.0846575,-34.9321359
6438,2019-07-27 15:51:00,SEM VÍTIMA,ESTÂNCIA,AV RECIFE,5635,259.0,SUBURBIO,COLISÃO TRASEIRA,2.0,1.0,1.0,1.0,1.0,1.0,1.0,1.0,1.0,0.0,1.0,Longo da via,Chuvoso,Sem defeito,Perfeito estado,Molhada,Perfeito estado,Não há placas,50 km/h,Dupla,"5635, AV RECIFE, Recife, Pernambuco, Brasil",-8.0846575,-34.9321359
3372,2019-04-16 10:43:00,SEM VÍTIMA,ESTÂNCIA,AV DR JOSE RUFINO, ,259.0,SUBURBIO,ABALROAMENTO LONGITUDINAL,2.0,1.0,1.0,1.0,1.0,1.0,1.0,1.0,1.0,0.0,1.0,Longo da via,Bom,Sem defeito,Perfeito estado,Seca,Perfeito estado,Não há placas,50 km/h,Dupla," , AV DR JOSE RUFINO, Recife, Pernambuco, Brasil",-8.0846575,-34.9321359
7916,2019-09-12 08:39:00,COM VÍTIMA,FUNDÃO,AV BEBERIBE,2442,153.0,SUBURBIO,COLISÃO,1.0,1.0,1.0,1.0,1.0,1.0,1.0,1.0,1.0,1.0,1.0,Longo da via,Bom,Sem defeito,Perfeito estado,Seca,Perfeito estado,Não há placas,50 km/h,Dupla,"2442, AV BEBERIBE, Recife, Pernambuco, Brasil",-8.0223817,-34.8940353
7522,2019-08-30 21:32:00,SEM VÍTIMA,FUNDÃO,AV BEBERIBE, ,307.0,SUBURBIO,ABALROAMENTO TRANSVERSAL,1.0,1.0,1.0,1.0,1.0,1.0,1.0,1.0,1.0,0.0,1.0,Cruzamento,Bom,Sem defeito,Perfeito estado,Seca,Perfeito estado,Não há placas,50 km/h,Dupla," , AV BEBERIBE, Recife, Pernambuco, Brasil",-8.013146,-34.8893491
2316,2019-03-17 10:19:00,SEM VÍTIMA,FUNDÃO,AV BEBERIBE,2665,307.0,CIDADE,COLISÃO TRASEIRA,3.0,1.0,1.0,1.0,1.0,1.0,1.0,1.0,1.0,0.0,1.0,Longo da via,Bom,Sem defeito,Perfeito estado,Seca,Perfeito estado,Outras,50 km/h,Dupla,"2665, AV BEBERIBE, Recife, Pernambuco, Brasil",-8.0223817,-34.8940353
7087,2019-08-16 15:13:00,SEM VÍTIMA,FUNDÃO,AV BEBERIBE, ,388.0,SUBURBIO,ABALROAMENTO LONGITUDINAL,1.0,1.0,1.0,1.0,1.0,1.0,1.0,1.0,1.0,0.0,1.0,Cruzamento,Bom,Sem defeito,Perfeito estado,Seca,Perfeito estado,R-6a,50 km/h,Dupla," , AV BEBERIBE, Recife, Pernambuco, Brasil",-8.013146,-34.8893491
6142,2019-07-17 09:43:00,SEM VÍTIMA,FUNDÃO,AV BEBERIBE, ,307.0,CIDADE,COLISÃO TRASEIRA,1.0,1.0,1.0,1.0,1.0,1.0,1.0,1.0,1.0,0.0,1.0,Cruzamento,Bom,Sem defeito,Perfeito estado,Seca,Perfeito estado,Outras,60 km/h,Dupla," , AV BEBERIBE, Recife, Pernambuco, Brasil",-8.013146,-34.8893491
7556,2019-09-01 21:44:00,SEM VÍTIMA,FUNDÃO,AV BEBERIBE,2693,307.0,CIDADE,COLISÃO,2.0,1.0,1.0,1.0,1.0,1.0,1.0,1.0,1.0,0.0,1.0,Cruzamento,Bom,Sem defeito,Perfeito estado,Seca,Perfeito estado,Outras,60 km/h,Dupla,"2693, AV BEBERIBE, Recife, Pernambuco, Brasil",-8.0223817,-34.8940353
10853,2019-11-30 19:09:00,COM VÍTIMA,FUNDÃO,RUA CORONEL URBANO RIBEIRO DE SENA, ,307.0,SUBURBIO,ABALROAMENTO LONGITUDINAL,1.0,1.0,1.0,1.0,1.0,1.0,1.0,1.0,1.0,1.0,1.0,Longo da via,Bom,Sem defeito,Perfeito estado,Seca,Perfeito estado,Não há placas,60 km/h,Dupla," , RUA CORONEL URBANO RIBEIRO DE SENA, Recife, Pernambuco, Brasil",-8.0168563,-34.8879109
11066,2019-12-05 09:47:00,SEM VÍTIMA,FUNDÃO,AV BEBERIBE,2693,307.0,CIDADE,COLISÃO TRASEIRA,1.0,1.0,1.0,1.0,1.0,1.0,1.0,1.0,1.0,0.0,1.0,Longo da via,Bom,Não existe,Incompleta,Seca,Perfeito estado,Outras,60 km/h,Dupla,"2693, AV BEBERIBE, Recife, Pernambuco, Brasil",-8.0223817,-34.8940353
1539,2019-02-22 01:22:00,SEM VÍTIMA,FUNDÃO,RUA CORONEL URBANO RIBEIRO DE SENA,665 A,307.0,SUBURBIO,CHOQUE OBJETO FIXO,1.0,1.0,1.0,1.0,1.0,1.0,1.0,1.0,1.0,0.0,1.0,Longo da via,Bom,Não existe,Perfeito estado,Seca,Perfeito estado,Não há placas,30 km/h,Dupla,"665 A, RUA CORONEL URBANO RIBEIRO DE SENA, Recife, Pernambuco, Brasil",-8.0158714,-34.8893045
10987,2019-12-03 18:59:00,COM VÍTIMA,FUNDÃO,AV BEBERIBE,2442,153.0,SUBURBIO,ABALROAMENTO TRANSVERSAL,1.0,1.0,1.0,1.0,1.0,1.0,1.0,1.0,1.0,1.0,1.0,Esquina,Bom,Sem defeito,Perfeito estado,Seca,Perfeito estado,Outras,30 km/h,Dupla,"2442, AV BEBERIBE, Recife, Pernambuco, Brasil",-8.0223817,-34.8940353
5449,2019-06-22 11:04:00,SEM VÍTIMA,FUNDÃO,AV BEBERIBE,2595,153.0,SUBURBIO,COLISÃO,3.0,1.0,1.0,1.0,1.0,1.0,1.0,1.0,1.0,0.0,1.0,Esquina,Bom,Sem defeito,Perfeito estado,Seca,Perfeito estado,Outras,30 km/h,Dupla,"2595, AV BEBERIBE, Recife, Pernambuco, Brasil",-8.01546145,-34.891109033656406
4314,2019-05-17 07:21:00,SEM VÍTIMA,FUNDÃO,AV BEBERIBE, ,307.0,CIDADE,COLISÃO TRASEIRA,2.0,1.0,1.0,1.0,1.0,1.0,1.0,1.0,1.0,0.0,1.0,Cruzamento,Bom,Sem defeito,Perfeito estado,Seca,Perfeito estado,Outras,30 km/h,Dupla," , AV BEBERIBE, Recife, Pernambuco, Brasil",-8.013146,-34.8893491
1475,2019-02-20 15:00:00,SEM VÍTIMA,FUNDÃO,AV BEBERIBE,2840,307.0,SUBURBIO,ABALROAMENTO LONGITUDINAL,1.0,1.0,1.0,1.0,1.0,1.0,1.0,1.0,1.0,0.0,1.0,Longo da via,Bom,Não existe,Perfeito estado,Seca,Perfeito estado,Outras,30 km/h,Dupla,"2840, AV BEBERIBE, Recife, Pernambuco, Brasil",-8.0223817,-34.8940353
10872,2019-12-01 16:26:00,SEM VÍTIMA,FUNDÃO,RUA GRAVATA, ,307.0,SUBURBIO,ATROPELAMENTO,1.0,1.0,1.0,1.0,1.0,1.0,1.0,1.0,1.0,0.0,1.0,Longo da via,Bom,Não existe,Perfeito estado,Seca,Perfeito estado,Outras,30 km/h,Dupla," , RUA GRAVATA, Recife, Pernambuco, Brasil",-8.0145277,-34.8923561
3466,2019-04-19 00:17:00,COM VÍTIMA,FUNDÃO,RUA MANOEL SILVA, ,307.0,SUBURBIO,CHOQUE,1.0,1.0,1.0,1.0,1.0,1.0,1.0,1.0,1.0,1.0,1.0,Longo da via,Bom,Não existe,Perfeito estado,Seca,Perfeito estado,Outras,30 km/h,Dupla," , RUA MANOEL SILVA, Recife, Pernambuco, Brasil",-8.0182693,-34.8888865
11058,2019-12-05 08:06:00,SEM VÍTIMA,FUNDÃO,AV BEBERIBE,2969,307.0,SUBURBIO,ABALROAMENTO LONGITUDINAL,1.0,1.0,1.0,1.0,1.0,1.0,1.0,1.0,1.0,0.0,1.0,Longo da via,Bom,Não existe,Perfeito estado,Seca,Perfeito estado,Outras,30 km/h,Dupla,"2969, AV BEBERIBE, Recife, Pernambuco, Brasil",-8.0223817,-34.8940353
4760,2019-05-31 14:53:00,SEM VÍTIMA,FUNDÃO,AV BEBERIBE,2856,307.0,SUBURBIO,ABALROAMENTO LONGITUDINAL,2.0,1.0,1.0,1.0,1.0,1.0,1.0,1.0,1.0,0.0,1.0,Longo da via,Bom,Não existe,Perfeito estado,Seca,Perfeito estado,Não há placas,50 km/h,Dupla,"2856, AV BEBERIBE, Recife, Pernambuco, Brasil",-8.0223817,-34.8940353
2291,2019-03-16 10:45:00,SEM VÍTIMA,FUNDÃO,AV BEBERIBE,2817,307.0,CIDADE,COLISÃO,1.0,1.0,1.0,1.0,1.0,1.0,1.0,1.0,1.0,0.0,1.0,Longo da via,Bom,Não existe,Perfeito estado,Seca,Perfeito estado,Não há placas,50 km/h,Dupla,"2817, AV BEBERIBE, Recife, Pernambuco, Brasil",-8.0223817,-34.8940353
11142,2019-12-06 13:47:00,SEM VÍTIMA,FUNDÃO,AV BEBERIBE,3060,307.0,SUBURBIO,COLISÃO TRASEIRA,2.0,1.0,1.0,1.0,1.0,1.0,1.0,1.0,1.0,0.0,1.0,Longo da via,Bom,Não existe,Perfeito estado,Seca,Perfeito estado,Não há placas,50 km/h,Dupla,"3060, AV BEBERIBE, Recife, Pernambuco, Brasil",-8.0121025,-34.8892136
6607,2019-08-02 10:39:00,SEM VÍTIMA,FUNDÃO,AV BEBERIBE, ,388.0,CIDADE,COLISÃO TRASEIRA,2.0,1.0,1.0,1.0,1.0,1.0,1.0,1.0,1.0,0.0,1.0,Longo da via,Chuvoso,Sem defeito,Perfeito estado,Molhada,Perfeito estado,R-6a,50 km/h,Dupla," , AV BEBERIBE, Recife, Pernambuco, Brasil",-8.013146,-34.8893491
1911,2019-03-05 16:31:00,COM VÍTIMA,FUNDÃO,AV BEBERIBE,2782,388.0,CIDADE,COLISÃO,1.0,1.0,1.0,1.0,1.0,1.0,1.0,1.0,1.0,1.0,1.0,Longo da via,Chuvoso,Sem defeito,Perfeito estado,Molhada,Perfeito estado,R-6a,50 km/h,Dupla,"2782, AV BEBERIBE, Recife, Pernambuco, Brasil",-8.0223817,-34.8940353
7940,2019-09-12 18:01:00,SEM VÍTIMA,FUNDÃO,AV BEBERIBE, ,307.0,CIDADE,ABALROAMENTO LONGITUDINAL,2.0,1.0,1.0,1.0,1.0,1.0,1.0,1.0,1.0,0.0,1.0,Longo da via,Bom,Sem defeito,Perfeito estado,Seca,Perfeito estado,R-6a,60 km/h,Dupla," , AV BEBERIBE, Recife, Pernambuco, Brasil",-8.013146,-34.8893491
10888,2019-12-02 07:15:00,SEM VÍTIMA,FUNDÃO,AV BEBERIBE,2960,307.0,CIDADE,COLISÃO,1.0,1.0,1.0,1.0,1.0,1.0,1.0,1.0,1.0,0.0,1.0,Longo da via,Bom,Sem defeito,Perfeito estado,Seca,Perfeito estado,R-6a,60 km/h,Dupla,"2960, AV BEBERIBE, Recife, Pernambuco, Brasil",-8.0127765,-34.8891526
8331,2019-09-24 11:06:00,SEM VÍTIMA,FUNDÃO,AV BEBERIBE, ,307.0,CIDADE,COLISÃO FRONTAL,1.0,1.0,1.0,1.0,1.0,1.0,1.0,1.0,1.0,0.0,1.0,Cruzamento,Bom,Sem defeito,Perfeito estado,Seca,Perfeito estado,Outras,60 km/h,Dupla," , AV BEBERIBE, Recife, Pernambuco, Brasil",-8.013146,-34.8893491
10073,2019-11-10 13:01:00,SEM VÍTIMA,FUNDÃO,AV CIDADE DE MONTEIRO,26,307.0,CIDADE,COLISÃO,1.0,1.0,1.0,1.0,1.0,1.0,1.0,1.0,1.0,0.0,1.0,Cruzamento,Bom,Sem defeito,Perfeito estado,Seca,Perfeito estado,Outras,60 km/h,Dupla,"26, AV CIDADE DE MONTEIRO, Recife, Pernambuco, Brasil",-8.008878,-34.888352
9505,2019-10-26 13:10:00,SEM VÍTIMA,GRAÇAS,AV RUI BARBOSA, ,307.0,CIDADE,COLISÃO,2.0,1.0,1.0,1.0,1.0,1.0,1.0,1.0,1.0,0.0,1.0,Cruzamento,Bom,Sem defeito,Perfeito estado,Seca,Perfeito estado,Outras,60 km/h,Dupla," , AV RUI BARBOSA, Recife, Pernambuco, Brasil",-8.0460464,-34.9018773
2799,2019-03-29 19:14:00,SEM VÍTIMA,GRAÇAS,RUA JOAQUIM NABUCO,343,307.0,CIDADE,COLISÃO,2.0,1.0,1.0,1.0,1.0,1.0,1.0,1.0,1.0,0.0,1.0,Cruzamento,Bom,Sem defeito,Perfeito estado,Seca,Perfeito estado,Outras,60 km/h,Dupla,"343, RUA JOAQUIM NABUCO, Recife, Pernambuco, Brasil",-7.9193196,-34.8466936
6344,2019-07-23 22:31:00,SEM VÍTIMA,GRAÇAS,RUA DAS PERNAMBUCANAS,36,307.0,SUBURBIO,ABALROAMENTO LONGITUDINAL,1.0,1.0,1.0,1.0,1.0,1.0,1.0,1.0,1.0,0.0,1.0,Longo da via,Chuvoso,Não existe,Perfeito estado,Molhada,Perfeito estado,Outras,40 km/h,Única,"36, RUA DAS PERNAMBUCANAS, Recife, Pernambuco, Brasil",-8.0510274,-34.9003494
6340,2019-07-23 19:31:00,SEM VÍTIMA,GRAÇAS,AV GOVERNADOR AGAMENON MAGALHAES, ,307.0,SUBURBIO,COLISÃO TRASEIRA,2.0,1.0,1.0,1.0,1.0,1.0,1.0,1.0,1.0,0.0,1.0,Longo da via,Chuvoso,Não existe,Perfeito estado,Molhada,Perfeito estado,Não há placas,40 km/h,Dupla," , AV GOVERNADOR AGAMENON MAGALHAES, Recife, Pernambuco, Brasil",-8.0615339,-34.8974443
10805,2019-11-29 15:29:00,SEM VÍTIMA,GRAÇAS,RUA DAS CREOULAS,239,307.0,CIDADE,ABALROAMENTO LONGITUDINAL,2.0,1.0,1.0,1.0,1.0,1.0,1.0,1.0,1.0,0.0,1.0,Longo da via,Bom,Não existe,Perfeito estado,Seca,Perfeito estado,Outras,40 km/h,Única,"239, RUA DAS CREOULAS, Recife, Pernambuco, Brasil",-8.0517468,-34.8991541
2527,2019-03-22 14:01:00,SEM VÍTIMA,GRAÇAS,AV RUI BARBOSA, ,307.0,CIDADE,COLISÃO TRASEIRA,3.0,1.0,1.0,1.0,1.0,1.0,1.0,1.0,1.0,0.0,1.0,Longo da via,Bom,Não existe,Perfeito estado,Seca,Perfeito estado,Não há placas,40 km/h,Única," , AV RUI BARBOSA, Recife, Pernambuco, Brasil",-8.0460464,-34.9018773
2720,2019-03-28 11:12:00,SEM VÍTIMA,GRAÇAS,RUA ALBERTO PAIVA, ,305.0,SUBURBIO,ABALROAMENTO LONGITUDINAL,2.0,1.0,1.0,1.0,1.0,1.0,1.0,1.0,1.0,0.0,1.0,Longo da via,Bom,Sem defeito,Perfeito estado,Seca,Perfeito estado,Outras,40 km/h,Única," , RUA ALBERTO PAIVA, Recife, Pernambuco, Brasil",-8.0448885,-34.9030575
2076,2019-03-11 08:29:00,SEM VÍTIMA,GRAÇAS,AV RUI BARBOSA, ,48.0,SUBURBIO,COLISÃO,1.0,1.0,1.0,1.0,1.0,1.0,1.0,1.0,1.0,0.0,1.0,Longo da via,Bom,Sem defeito,Perfeito estado,Seca,Perfeito estado,Outras,40 km/h,Única," , AV RUI BARBOSA, Recife, Pernambuco, Brasil",-8.0460464,-34.9018773
2626,2019-03-26 07:40:00,SEM VÍTIMA,GRAÇAS,RUA ALBERTO PAIVA,174,48.0,SUBURBIO,ABALROAMENTO LONGITUDINAL,1.0,1.0,1.0,1.0,1.0,1.0,1.0,1.0,1.0,0.0,1.0,Longo da via,Chuvoso,Sem defeito,Perfeito estado,Molhada,Perfeito estado,Outras,40 km/h,Única,"174, RUA ALBERTO PAIVA, Recife, Pernambuco, Brasil",-8.044092299999999,-34.9006077690141
10491,2019-11-21 10:36:00,SEM VÍTIMA,GRAÇAS,RUA JOAO RAMOS,220,48.0,SUBURBIO,COLISÃO,2.0,1.0,1.0,1.0,1.0,1.0,1.0,1.0,1.0,0.0,1.0,Longo da via,Chuvoso,Sem defeito,Perfeito estado,Molhada,Perfeito estado,Outras,40 km/h,Única,"220, RUA JOAO RAMOS, Recife, Pernambuco, Brasil",-8.0460637,-34.8985402
2600,2019-03-25 14:20:00,SEM VÍTIMA,GRAÇAS,PRC DO ENTRONCAMENTO, ,48.0,SUBURBIO,COLISÃO,2.0,1.0,1.0,1.0,1.0,1.0,1.0,1.0,1.0,0.0,1.0,Longo da via,Chuvoso,Sem defeito,Perfeito estado,Molhada,Perfeito estado,Outras,40 km/h,Única," , PRC DO ENTRONCAMENTO, Recife, Pernambuco, Brasil",-8.0460637,-34.8985402
4649,2019-05-28 09:52:00,SEM VÍTIMA,GRAÇAS,RUA JOAQUIM NABUCO,200,48.0,SUBURBIO,ABALROAMENTO LONGITUDINAL,1.0,1.0,1.0,1.0,1.0,1.0,1.0,1.0,1.0,0.0,1.0,Longo da via,Bom,Sem defeito,Perfeito estado,Seca,Perfeito estado,R-6a,40 km/h,Única,"200, RUA JOAQUIM NABUCO, Recife, Pernambuco, Brasil",-8.0524741,-34.8982486
8521,2019-09-29 23:30:00,SEM VÍTIMA,GRAÇAS,AV RUI BARBOSA, ,48.0,CIDADE,ABALROAMENTO LONGITUDINAL,2.0,1.0,1.0,1.0,1.0,1.0,1.0,1.0,1.0,0.0,1.0,Cruzamento,Bom,Sem defeito,Perfeito estado,Seca,Perfeito estado,R-6a,40 km/h,Única," , AV RUI BARBOSA, Recife, Pernambuco, Brasil",-8.0460464,-34.9018773
11589,2019-12-17 10:52:00,SEM VÍTIMA,GRAÇAS,AV GOVERNADOR AGAMENON MAGALHAES, ,173.0,CIDADE,COLISÃO TRASEIRA,1.0,1.0,1.0,1.0,1.0,1.0,1.0,1.0,1.0,0.0,1.0,Longo da via,Bom,Sem defeito,Perfeito estado,Seca,Perfeito estado,R-6a,60 km/h,Dupla," , AV GOVERNADOR AGAMENON MAGALHAES, Recife, Pernambuco, Brasil",-8.0615339,-34.8974443
9359,2019-10-22 12:05:00,SEM VÍTIMA,GRAÇAS,RUA JOAQUIM NABUCO, ,173.0,CIDADE,COLISÃO,2.0,1.0,1.0,1.0,1.0,1.0,1.0,1.0,1.0,0.0,1.0,Longo da via,Bom,Sem defeito,Perfeito estado,Seca,Perfeito estado,R-6a,60 km/h,Dupla," , RUA JOAQUIM NABUCO, Recife, Pernambuco, Brasil",-8.0524615,-34.8995139
11647,2019-12-18 15:59:00,SEM VÍTIMA,GRAÇAS,RUA AMELIA, ,173.0,CIDADE,COLISÃO,1.0,1.0,1.0,1.0,1.0,1.0,1.0,1.0,1.0,0.0,1.0,Longo da via,Bom,Sem defeito,Perfeito estado,Seca,Perfeito estado,R-6a,60 km/h,Dupla," , RUA AMELIA, Recife, Pernambuco, Brasil",-8.0455717,-34.9041156
11752,2019-12-20 18:37:00,SEM VÍTIMA,GRAÇAS,RUA DO ESPINHEIRO, ,195.0,CIDADE,ABALROAMENTO LONGITUDINAL,2.0,1.0,1.0,1.0,1.0,1.0,1.0,1.0,1.0,0.0,1.0,Cruzamento,Bom,Sem defeito,Perfeito estado,Seca,Perfeito estado,R-6a,60 km/h,Única," , RUA DO ESPINHEIRO, Recife, Pernambuco, Brasil",-8.0426365,-34.8927867
4638,2019-05-28 06:49:00,SEM VÍTIMA,GRAÇAS,AV GOVERNADOR AGAMENON MAGALHAES, ,195.0,CIDADE,COLISÃO TRASEIRA,2.0,1.0,1.0,1.0,1.0,1.0,1.0,1.0,1.0,0.0,1.0,Longo da via,Chuvoso,Sem defeito,Perfeito estado,Molhada,Perfeito estado,R-6a,60 km/h,Dupla," , AV GOVERNADOR AGAMENON MAGALHAES, Recife, Pernambuco, Brasil",-8.0615339,-34.8974443
2855,2019-04-01 12:49:00,SEM VÍTIMA,GRAÇAS,RUA ALBERTO PAIVA,299,195.0,SUBURBIO,COLISÃO TRASEIRA,2.0,1.0,1.0,1.0,1.0,1.0,1.0,1.0,1.0,0.0,1.0,Longo da via,Chuvoso,Sem defeito,Perfeito estado,Molhada,Perfeito estado,Outras,60 km/h,Única,"299, RUA ALBERTO PAIVA, Recife, Pernambuco, Brasil",-8.043652,-34.89945681593097
9490,2019-10-25 22:50:00,SEM VÍTIMA,GRAÇAS,RUA JOAQUIM NABUCO, ,174.0,SUBURBIO,ABALROAMENTO LONGITUDINAL,2.0,1.0,1.0,1.0,1.0,1.0,1.0,1.0,1.0,0.0,1.0,Longo da via,Bom,Sem defeito,Perfeito estado,Seca,Perfeito estado,Não há placas,60 km/h,Única," , RUA JOAQUIM NABUCO, Recife, Pernambuco, Brasil",-8.0524615,-34.8995139
2782,2019-03-29 16:11:00,SEM VÍTIMA,GRAÇAS,RUA DAS PERNAMBUCANAS,107,174.0,SUBURBIO,ABALROAMENTO TRANSVERSAL,2.0,1.0,1.0,1.0,1.0,1.0,1.0,1.0,1.0,0.0,1.0,Longo da via,Bom,Não existe,Perfeito estado,Seca,Perfeito estado,R-6b,30 km/h,Única,"107, RUA DAS PERNAMBUCANAS, Recife, Pernambuco, Brasil",-8.051317449999999,-34.900540904844604
1345,2019-02-15 23:36:00,COM VÍTIMA,GRAÇAS,RUA JOAQUIM NABUCO,677,498.0,SUBURBIO,ABALROAMENTO TRANSVERSAL,1.0,1.0,1.0,1.0,1.0,1.0,1.0,1.0,1.0,1.0,1.0,Cruzamento,Bom,Sem defeito,Perfeito estado,Seca,Perfeito estado,Não há placas,30 km/h,Única,"677, RUA JOAQUIM NABUCO, Recife, Pernambuco, Brasil",-8.0532648,-34.8965122
2185,2019-03-13 18:11:00,SEM VÍTIMA,GRAÇAS,RUA AMELIA, ,498.0,CIDADE,COLISÃO TRASEIRA,2.0,1.0,1.0,1.0,1.0,1.0,1.0,1.0,1.0,0.0,1.0,Ponte,Bom,Não existe,Perfeito estado,Seca,Perfeito estado,Não há placas,60 km/h,Dupla," , RUA AMELIA, Recife, Pernambuco, Brasil",-8.0455717,-34.9041156
8439,2019-09-27 03:30:00,SEM VÍTIMA,GRAÇAS,RUA AMELIA, ,498.0,CIDADE,COLISÃO,2.0,1.0,1.0,1.0,1.0,1.0,1.0,1.0,1.0,0.0,1.0,Ponte,Bom,Não existe,Perfeito estado,Seca,Perfeito estado,Não há placas,60 km/h,Dupla," , RUA AMELIA, Recife, Pernambuco, Brasil",-8.0455717,-34.9041156
9317,2019-10-21 10:00:00,SEM VÍTIMA,GRAÇAS,RUA ESMERALDINO BANDEIRA,55,498.0,CIDADE,ABALROAMENTO TRANSVERSAL,2.0,1.0,1.0,1.0,1.0,1.0,1.0,1.0,1.0,0.0,1.0,Cruzamento,Bom,Não existe,Perfeito estado,Seca,Perfeito estado,Placas Dê a preferência,60 km/h,Única,"55, RUA ESMERALDINO BANDEIRA, Recife, Pernambuco, Brasil",-8.0460244,-34.8992892
2538,2019-03-22 15:41:00,SEM VÍTIMA,GRAÇAS,RUA DAS PERNAMBUCANAS,265,498.0,SUBURBIO,ABALROAMENTO LONGITUDINAL,2.0,1.0,1.0,1.0,1.0,1.0,1.0,1.0,1.0,0.0,1.0,Longo da via,Bom,Não existe,Perfeito estado,Seca,Perfeito estado,Outras,60 km/h,Única,"265, RUA DAS PERNAMBUCANAS, Recife, Pernambuco, Brasil",-8.0510274,-34.9003494
8552,2019-09-30 18:06:00,SEM VÍTIMA,GRAÇAS,RUA AMELIA, ,498.0,SUBURBIO,ABALROAMENTO LONGITUDINAL,2.0,1.0,1.0,1.0,1.0,1.0,1.0,1.0,1.0,0.0,1.0,Longo da via,Bom,Não existe,Não existente,Seca,Perfeito estado,Não há placas,60 km/h,Dupla," , RUA AMELIA, Recife, Pernambuco, Brasil",-8.0455717,-34.9041156
6497,2019-07-30 13:19:00,SEM VÍTIMA,GRAÇAS,AV RUI BARBOSA, ,498.0,SUBURBIO,COLISÃO,2.0,1.0,1.0,1.0,1.0,1.0,1.0,1.0,1.0,0.0,1.0,Longo da via,Bom,Não existe,Não existente,Seca,Perfeito estado,Não há placas,60 km/h,Dupla," , AV RUI BARBOSA, Recife, Pernambuco, Brasil",-8.0460464,-34.9018773
2155,2019-03-13 07:39:00,SEM VÍTIMA,GRAÇAS,AV GOVERNADOR AGAMENON MAGALHAES, ,174.0,SUBURBIO,COLISÃO TRASEIRA,1.0,1.0,1.0,1.0,1.0,1.0,1.0,1.0,1.0,0.0,1.0,Cruzamento,Bom,Sem defeito,Perfeito estado,Seca,Perfeito estado,Outras,60 km/h,Dupla," , AV GOVERNADOR AGAMENON MAGALHAES, Recife, Pernambuco, Brasil",-8.0615339,-34.8974443