,data_hora,natureza_acidente,bairro,endereco,numero,num_semaforo,sentido_via,tipo,auto,moto,ciclom,ciclista,pedestre,onibus,caminhao,viatura,outros,vitimas,vitimasfatais,acidente_verificado,tempo_clima,situacao_semaforo,sinalizacao,condicao_via,conservacao_via,situacao_placa,velocidade_max_via,mao_direcao,end,latitude,longitude
8611,2019-10-02 07:26:00,SEM VÍTIMA,GRAÇAS,RUA JOAQUIM NABUCO,547,48.0,SUBURBIO,ABALROAMENTO LONGITUDINAL,2.0,1.0,1.0,1.0,1.0,1.0,1.0,1.0,1.0,0.0,1.0,Longo da via,Bom,Sem defeito,Perfeito estado,Seca,Perfeito estado,Outras,40 km/h,Única,"547, RUA JOAQUIM NABUCO, Recife, Pernambuco, Brasil",-8.0532648,-34.8965122
804,2019-01-31 13:38:00,SEM VÍTIMA,GRAÇAS,AV DR MALAQUIAS,145,48.0,CIDADE,ABALROAMENTO TRANSVERSAL,2.0,1.0,1.0,1.0,1.0,1.0,1.0,1.0,1.0,0.0,1.0,Longo da via,Bom,Não existe,Perfeito estado,Seca,Perfeito estado,Outras,40 km/h,Única,"145, AV DR MALAQUIAS, Recife, Pernambuco, Brasil",-8.0532648,-34.8965122
8686,2019-10-04 00:15:00,SEM VÍTIMA,GRAÇAS,AV RUI BARBOSA, ,48.0,CIDADE,ABALROAMENTO LONGITUDINAL,2.0,1.0,1.0,1.0,1.0,1.0,1.0,1.0,1.0,0.0,1.0,Longo da via,Bom,Não existe,Perfeito estado,Seca,Perfeito estado,Não há placas,60 km/h,Única," , AV RUI BARBOSA, Recife, Pernambuco, Brasil",-8.0460464,-34.9018773
9214,2019-10-17 19:11:00,SEM VÍTIMA,GRAÇAS,RUA DAS PERNAMBUCANAS, ,48.0,CIDADE,COLISÃO,2.0,1.0,1.0,1.0,1.0,1.0,1.0,1.0,1.0,0.0,1.0,Longo da via,Bom,Não existe,Perfeito estado,Seca,Perfeito estado,Não há placas,60 km/h,Única," , RUA DAS PERNAMBUCANAS, Recife, Pernambuco, Brasil",-8.0507942,-34.9017849
6572,2019-08-01 12:22:00,SEM VÍTIMA,GRAÇAS,RUA CONFEDERACAO DO EQUADOR,66,48.0,CIDADE,COLISÃO TRASEIRA,2.0,1.0,1.0,1.0,1.0,1.0,1.0,1.0,1.0,0.0,1.0,Longo da via,Bom,Não existe,Não existente,Seca,Perfeito estado,Não há placas,60 km/h,Única,"66, RUA CONFEDERACAO DO EQUADOR, Recife, Pernambuco, Brasil",-8.0479679,-34.8975724
10277,2019-11-14 18:29:00,SEM VÍTIMA,GRAÇAS,RUA DAS CREOULAS, ,48.0,CIDADE,COLISÃO,2.0,1.0,1.0,1.0,1.0,1.0,1.0,1.0,1.0,0.0,1.0,Longo da via,Bom,Não existe,Não existente,Seca,Perfeito estado,Não há placas,60 km/h,Única," , RUA DAS CREOULAS, Recife, Pernambuco, Brasil",-8.0517468,-34.8991541
1999,2019-03-08 11:44:00,SEM VÍTIMA,GRAÇAS,RUA MONSENHOR AMBROZINO LEITE, ,48.0,CIDADE,COLISÃO TRASEIRA,1.0,1.0,1.0,1.0,1.0,1.0,1.0,1.0,1.0,0.0,1.0,Longo da via,Bom,Não existe,Não existente,Seca,Perfeito estado,Não há placas,60 km/h,Única," , RUA MONSENHOR AMBROZINO LEITE, Recife, Pernambuco, Brasil",-8.0517468,-34.8991541
2055,2019-03-09 19:45:00,SEM VÍTIMA,GRAÇAS,AV CONS ROSA E SILVA,97,459.0,SUBURBIO,ABALROAMENTO TRANSVERSAL,2.0,1.0,1.0,1.0,1.0,1.0,1.0,1.0,1.0,0.0,1.0,Cruzamento,Bom,Sem defeito,Perfeito estado,Seca,Perfeito estado,Placas Pare,60 km/h,Única,"97, AV CONS ROSA E SILVA, Recife, Pernambuco, Brasil",-8.0517468,-34.8991541
8215,2019-09-20 13:35:00,SEM VÍTIMA,GRAÇAS,AV RUI BARBOSA,579,126.0,CIDADE,ABALROAMENTO LONGITUDINAL,1.0,1.0,1.0,1.0,1.0,1.0,1.0,1.0,1.0,0.0,1.0,Longo da via,Bom,Sem defeito,Perfeito estado,Seca,Perfeito estado,Outras,60 km/h,Única,"579, AV RUI BARBOSA, Recife, Pernambuco, Brasil",-8.0478949,-34.8994741
2056,2019-03-09 19:59:00,SEM VÍTIMA,GRAÇAS,RUA ALBERTO PAIVA, ,360.0,SUBURBIO,COLISÃO TRASEIRA,2.0,1.0,1.0,1.0,1.0,1.0,1.0,1.0,1.0,0.0,1.0,Longo da via,Bom,Sem defeito,Perfeito estado,Seca,Perfeito estado,Outras,60 km/h,Única," , RUA ALBERTO PAIVA, Recife, Pernambuco, Brasil",-8.0448885,-34.9030575
1491,2019-02-20 18:58:00,SEM VÍTIMA,GRAÇAS,AV RUI BARBOSA,2015,126.0,CIDADE,COLISÃO TRASEIRA,2.0,1.0,1.0,1.0,1.0,1.0,1.0,1.0,1.0,0.0,1.0,Longo da via,Bom,Sem defeito,Perfeito estado,Seca,Perfeito estado,Outras,60 km/h,Única,"2015, AV RUI BARBOSA, Recife, Pernambuco, Brasil",-8.0478949,-34.8994741
11541,2019-12-16 07:57:00,SEM VÍTIMA,GRAÇAS,RUA ALBERTO PAIVA, ,126.0,CIDADE,CHOQUE OBJETO FIXO,1.0,1.0,1.0,1.0,1.0,1.0,1.0,1.0,1.0,0.0,1.0,Longo da via,Chuvoso,Não existe,Perfeito estado,Molhada,Perfeito estado,R-6a,40 km/h,Única," , RUA ALBERTO PAIVA, Recife, Pernambuco, Brasil",-8.0448885,-34.9030575
230,2019-01-10 08:43:00,SEM VÍTIMA,GRAÇAS,RUA ALBERTO PAIVA, ,126.0,CIDADE,ABALROAMENTO LONGITUDINAL,2.0,1.0,1.0,1.0,1.0,1.0,1.0,1.0,1.0,0.0,1.0,Longo da via,Bom,Não existe,Perfeito estado,Seca,Perfeito estado,R-6a,40 km/h,Única," , RUA ALBERTO PAIVA, Recife, Pernambuco, Brasil",-8.0448885,-34.9030575
3071,2019-04-07 19:40:00,SEM VÍTIMA,GRAÇAS,RUA DO FUTURO,123,126.0,CIDADE,COLISÃO,2.0,1.0,1.0,1.0,1.0,1.0,1.0,1.0,1.0,0.0,1.0,Longo da via,Bom,Não existe,Perfeito estado,Seca,Perfeito estado,R-6a,40 km/h,Única,"123, RUA DO FUTURO, Recife, Pernambuco, Brasil",-8.04334015,-34.898694008696694
11769,2019-12-21 10:29:00,SEM VÍTIMA,GRAÇAS,AV CONS ROSA E SILVA,1715,126.0,CIDADE,ABALROAMENTO TRANSVERSAL,1.0,1.0,1.0,1.0,1.0,1.0,1.0,1.0,1.0,0.0,1.0,Cruzamento,Bom,Não existe,Perfeito estado,Seca,Perfeito estado,Placas Pare,40 km/h,Dupla,"1715, AV CONS ROSA E SILVA, Recife, Pernambuco, Brasil",-8.04334015,-34.898694008696694
10327,2019-11-17 10:17:00,SEM VÍTIMA,GRAÇAS,AV RUI BARBOSA, ,126.0,CIDADE,CHOQUE VEÍCULO PARADO,2.0,1.0,1.0,1.0,1.0,1.0,1.0,1.0,1.0,0.0,1.0,Longo da via,Bom,Não existe,Perfeito estado,Seca,Perfeito estado,Placas Pare,40 km/h,Única," , AV RUI BARBOSA, Recife, Pernambuco, Brasil",-8.0460464,-34.9018773
6391,2019-07-25 21:34:00,SEM VÍTIMA,GRAÇAS,RUA JOAQUIM NABUCO,504,595.0,SUBURBIO,COLISÃO TRASEIRA,3.0,1.0,1.0,1.0,1.0,1.0,1.0,1.0,1.0,0.0,1.0,Longo da via,Bom,Sem defeito,Perfeito estado,Seca,Perfeito estado,R-6a,40 km/h,Única,"504, RUA JOAQUIM NABUCO, Recife, Pernambuco, Brasil",-8.0532648,-34.8965122
10251,2019-11-14 13:09:00,SEM VÍTIMA,GRAÇAS,RUA ALBERTO PAIVA, ,360.0,SUBURBIO,COLISÃO TRASEIRA,4.0,1.0,1.0,1.0,1.0,1.0,1.0,1.0,1.0,0.0,1.0,Longo da via,Bom,Sem defeito,Perfeito estado,Seca,Perfeito estado,Não há placas,40 km/h,Única," , RUA ALBERTO PAIVA, Recife, Pernambuco, Brasil",-8.0448885,-34.9030575
4848,2019-06-04 07:02:00,SEM VÍTIMA,GRAÇAS,AV RUI BARBOSA, ,360.0,SUBURBIO,COLISÃO,1.0,1.0,1.0,1.0,1.0,1.0,1.0,1.0,1.0,0.0,1.0,Longo da via,Bom,Sem defeito,Perfeito estado,Seca,Perfeito estado,Não há placas,40 km/h,Única," , AV RUI BARBOSA, Recife, Pernambuco, Brasil",-8.0460464,-34.9018773
6193,2019-07-18 12:13:00,SEM VÍTIMA,GRAÇAS,RUA XAVIER MARQUES,275,360.0,CIDADE,ABALROAMENTO TRANSVERSAL,1.0,1.0,1.0,1.0,1.0,1.0,1.0,1.0,1.0,0.0,1.0,Longo da via,Bom,Não existe,Não existente,Seca,Perfeito estado,Não há placas,40 km/h,Única,"275, RUA XAVIER MARQUES, Recife, Pernambuco, Brasil",-8.039312800000001,-34.902201
8070,2019-09-16 16:50:00,SEM VÍTIMA,GRAÇAS,RUA AMELIA, ,48.0,CIDADE,ABALROAMENTO LONGITUDINAL,2.0,1.0,1.0,1.0,1.0,1.0,1.0,1.0,1.0,0.0,1.0,Longo da via,Bom,Sem defeito,Perfeito estado,Seca,Perfeito estado,Não há placas,40 km/h,Única," , RUA AMELIA, Recife, Pernambuco, Brasil",-8.0455717,-34.9041156
753,2019-01-30 11:36:00,SEM VÍTIMA,GRAÇAS,RUA DAS CREOULAS,260,48.0,CIDADE,COLISÃO TRASEIRA,2.0,1.0,1.0,1.0,1.0,1.0,1.0,1.0,1.0,0.0,1.0,Longo da via,Bom,Não existe,Perfeito estado,Seca,Perfeito estado,R-6a,40 km/h,Única,"260, RUA DAS CREOULAS, Recife, Pernambuco, Brasil",-8.0517468,-34.8991541
8641,2019-10-03 07:35:00,SEM VÍTIMA,GRAÇAS,RUA DO FUTURO,1200,48.0,CIDADE,ABALROAMENTO LONGITUDINAL,2.0,1.0,1.0,1.0,1.0,1.0,1.0,1.0,1.0,0.0,1.0,Longo da via,Bom,Não existe,Perfeito estado,Seca,Perfeito estado,Outras,40 km/h,Dupla,"1200, RUA DO FUTURO, Recife, Pernambuco, Brasil",-8.0341051,-34.9055237
1254,2019-02-13 18:24:00,SEM VÍTIMA,GRAÇAS,PRC PARQUE AMORIM, ,48.0,CIDADE,COLISÃO,2.0,1.0,1.0,1.0,1.0,1.0,1.0,1.0,1.0,0.0,1.0,Longo da via,Bom,Não existe,Perfeito estado,Seca,Perfeito estado,Outras,40 km/h,Dupla," , PRC PARQUE AMORIM, Recife, Pernambuco, Brasil",-8.0341051,-34.9055237
8230,2019-09-20 20:28:00,SEM VÍTIMA,GRAÇAS,AV RUI BARBOSA,48,48.0,CIDADE,ABALROAMENTO TRANSVERSAL,1.0,1.0,1.0,1.0,1.0,1.0,1.0,1.0,1.0,0.0,1.0,Cruzamento,Chuvoso,Sem defeito,Perfeito estado,Molhada,Perfeito estado,Não há placas,60 km/h,Única,"48, AV RUI BARBOSA, Recife, Pernambuco, Brasil",-8.0478949,-34.8994741
11766,2019-12-21 08:06:00,SEM VÍTIMA,GRAÇAS,RUA AMELIA, ,48.0,CIDADE,ABALROAMENTO LONGITUDINAL,1.0,1.0,1.0,1.0,1.0,1.0,1.0,1.0,1.0,0.0,1.0,Cruzamento,Bom,Sem defeito,Perfeito estado,Seca,Perfeito estado,Outras,40 km/h,Única," , RUA AMELIA, Recife, Pernambuco, Brasil",-8.0455717,-34.9041156
4793,2019-06-01 19:09:00,SEM VÍTIMA,GRAÇAS,AV RUI BARBOSA,815,48.0,CIDADE,COLISÃO,2.0,1.0,1.0,1.0,1.0,1.0,1.0,1.0,1.0,0.0,1.0,Cruzamento,Bom,Sem defeito,Perfeito estado,Seca,Perfeito estado,Outras,40 km/h,Única,"815, AV RUI BARBOSA, Recife, Pernambuco, Brasil",-8.0478949,-34.8994741
11896,2019-12-25 07:16:00,COM VÍTIMA,GRAÇAS,AV RUI BARBOSA,500,126.0,CIDADE,COLISÃO TRASEIRA,2.0,1.0,1.0,1.0,1.0,1.0,1.0,1.0,1.0,1.0,1.0,Cruzamento,Bom,Sem defeito,Perfeito estado,Seca,Perfeito estado,Outras,40 km/h,Única,"500, AV RUI BARBOSA, Recife, Pernambuco, Brasil",-7.9079353,-34.9053925
4806,2019-06-02 12:26:00,SEM VÍTIMA,GRAÇAS,AV GOVERNADOR AGAMENON MAGALHAES, ,37.0,CIDADE,COLISÃO TRASEIRA,3.0,1.0,1.0,1.0,1.0,1.0,1.0,1.0,1.0,0.0,1.0,Longo da via,Bom,Sem defeito,Perfeito estado,Seca,Perfeito estado,Outras,60 km/h,Única," , AV GOVERNADOR AGAMENON MAGALHAES, Recife, Pernambuco, Brasil",-8.0615339,-34.8974443
11999,2019-12-28 10:51:00,SEM VÍTIMA,GRAÇAS,AV RUI BARBOSA,264,102.0,CIDADE,COLISÃO TRASEIRA,1.0,1.0,1.0,1.0,1.0,1.0,1.0,1.0,1.0,0.0,1.0,Longo da via,Bom,Sem defeito,Perfeito estado,Molhada,Perfeito estado,Outras,60 km/h,Única,"264, AV RUI BARBOSA, Recife, Pernambuco, Brasil",-8.0478949,-34.8994741
8243,2019-09-21 09:32:00,SEM VÍTIMA,GRAÇAS,RUA DAS PERNAMBUCANAS, ,102.0,SUBURBIO,COLISÃO TRASEIRA,2.0,1.0,1.0,1.0,1.0,1.0,1.0,1.0,1.0,0.0,1.0,Longo da via,Bom,Não existe,Perfeito estado,Seca,Perfeito estado,Outras,60 km/h,Dupla," , RUA DAS PERNAMBUCANAS, Recife, Pernambuco, Brasil",-8.0507942,-34.9017849
6560,2019-08-01 07:06:00,SEM VÍTIMA,GRAÇAS,RUA XAVIER MARQUES, ,102.0,SUBURBIO,COLISÃO,2.0,1.0,1.0,1.0,1.0,1.0,1.0,1.0,1.0,0.0,1.0,Longo da via,Bom,Não existe,Perfeito estado,Seca,Perfeito estado,Outras,60 km/h,Dupla," , RUA XAVIER MARQUES, Recife, Pernambuco, Brasil",-8.0394194,-34.9012035
1244,2019-02-13 13:19:00,SEM VÍTIMA,GRAÇAS,AV RUI BARBOSA,57,102.0,CIDADE,COLISÃO TRASEIRA,2.0,1.0,1.0,1.0,1.0,1.0,1.0,1.0,1.0,0.0,1.0,Longo da via,Chuvoso,Não existe,Perfeito estado,Molhada,Perfeito estado,Outras,60 km/h,Única,"57, AV RUI BARBOSA, Recife, Pernambuco, Brasil",-8.0478949,-34.8994741
9626,2019-10-29 23:07:00,SEM VÍTIMA,GRAÇAS,AV GOVERNADOR AGAMENON MAGALHAES, ,173.0,SUBURBIO,ABALROAMENTO TRANSVERSAL,1.0,1.0,1.0,1.0,1.0,1.0,1.0,1.0,1.0,0.0,1.0,Cruzamento,Bom,Sem defeito,Perfeito estado,Seca,Perfeito estado,Não há placas,60 km/h,Dupla," , AV GOVERNADOR AGAMENON MAGALHAES, Recife, Pernambuco, Brasil",-8.0615339,-34.8974443
84,2019-01-04 14:07:00,COM VÍTIMA,GRAÇAS,AV RUI BARBOSA,896,48.0,CIDADE,COLISÃO,1.0,1.0,1.0,1.0,1.0,1.0,1.0,1.0,1.0,1.0,1.0,Cruzamento,Bom,Sem defeito,Perfeito estado,Seca,Perfeito estado,Não há placas,60 km/h,Única,"896, AV RUI BARBOSA, Recife, Pernambuco, Brasil",-8.0478949,-34.8994741
7393,2019-08-26 19:14:00,SEM VÍTIMA,GRAÇAS,RUA DAS GRACAS,366,48.0,CIDADE,ABALROAMENTO LONGITUDINAL,2.0,1.0,1.0,1.0,1.0,1.0,1.0,1.0,1.0,0.0,1.0,Longo da via,Chuvoso,Não existe,Perfeito estado,Molhada,Perfeito estado,Não há placas,60 km/h,Dupla,"366, RUA DAS GRACAS, Recife, Pernambuco, Brasil",-7.9923432,-34.8960771
7426,2019-08-28 07:10:00,SEM VÍTIMA,GRAÇAS,PRC DO ENTRONCAMENTO,66,48.0,CIDADE,ABALROAMENTO LONGITUDINAL,2.0,1.0,1.0,1.0,1.0,1.0,1.0,1.0,1.0,0.0,1.0,Longo da via,Bom,Não existe,Perfeito estado,Seca,Perfeito estado,R-6a,60 km/h,Única,"66, PRC DO ENTRONCAMENTO, Recife, Pernambuco, Brasil",-7.9923432,-34.8960771
2019,2019-03-08 17:31:00,SEM VÍTIMA,GRAÇAS,AV RUI BARBOSA, ,102.0,CIDADE,ABALROAMENTO TRANSVERSAL,2.0,1.0,1.0,1.0,1.0,1.0,1.0,1.0,1.0,0.0,1.0,Cruzamento,Bom,Sem defeito,Perfeito estado,Seca,Perfeito estado,Não há placas,60 km/h,Única," , AV RUI BARBOSA, Recife, Pernambuco, Brasil",-8.0460464,-34.9018773
2016,2019-03-08 16:33:00,SEM VÍTIMA,GRAÇAS,RUA CARDEAL ARCOVERDE, ,102.0,CIDADE,COLISÃO,2.0,1.0,1.0,1.0,1.0,1.0,1.0,1.0,1.0,0.0,1.0,Cruzamento,Bom,Sem defeito,Perfeito estado,Seca,Perfeito estado,Não há placas,60 km/h,Única," , RUA CARDEAL ARCOVERDE, Recife, Pernambuco, Brasil",-8.0498256,-34.90107
4222,2019-05-14 11:37:00,SEM VÍTIMA,GRAÇAS,AV RUI BARBOSA,1105,102.0,CIDADE,ABALROAMENTO LONGITUDINAL,1.0,1.0,1.0,1.0,1.0,1.0,1.0,1.0,1.0,0.0,1.0,Longo da via,Bom,Não existe,Perfeito estado,Seca,Perfeito estado,Outras,60 km/h,Única,"1105, AV RUI BARBOSA, Recife, Pernambuco, Brasil",-8.0434599,-34.90271676834222
4185,2019-05-13 12:26:00,SEM VÍTIMA,GRAÇAS,RUA DAS CREOULAS, ,102.0,CIDADE,COLISÃO TRASEIRA,2.0,1.0,1.0,1.0,1.0,1.0,1.0,1.0,1.0,0.0,1.0,Longo da via,Bom,Não existe,Perfeito estado,Seca,Perfeito estado,R-6a,60 km/h,Única," , RUA DAS CREOULAS, Recife, Pernambuco, Brasil",-8.0517468,-34.8991541
4871,2019-06-04 14:13:00,SEM VÍTIMA,GRAÇAS,AV RUI BARBOSA, ,102.0,CIDADE,COLISÃO,2.0,1.0,1.0,1.0,1.0,1.0,1.0,1.0,1.0,0.0,1.0,Longo da via,Bom,Não existe,Perfeito estado,Seca,Perfeito estado,R-6a,60 km/h,Única," , AV RUI BARBOSA, Recife, Pernambuco, Brasil",-8.0460464,-34.9018773
8232,2019-09-20 22:54:00,SEM VÍTIMA,GRAÇAS,RUA AMELIA, ,102.0,CIDADE,COLISÃO,2.0,1.0,1.0,1.0,1.0,1.0,1.0,1.0,1.0,0.0,1.0,Longo da via,Bom,Não existe,Perfeito estado,Seca,Perfeito estado,R-6a,60 km/h,Única," , RUA AMELIA, Recife, Pernambuco, Brasil",-8.0455717,-34.9041156
9695,2019-10-31 15:53:00,SEM VÍTIMA,GRAÇAS,AV RUI BARBOSA, ,102.0,CIDADE,COLISÃO,2.0,1.0,1.0,1.0,1.0,1.0,1.0,1.0,1.0,0.0,1.0,Longo da via,Bom,Não existe,Perfeito estado,Seca,Perfeito estado,R-6a,60 km/h,Única," , AV RUI BARBOSA, Recife, Pernambuco, Brasil",-8.0460464,-34.9018773
4758,2019-05-31 14:15:00,SEM VÍTIMA,GRAÇAS,AV RUI BARBOSA,320,102.0,CIDADE,ABALROAMENTO TRANSVERSAL,2.0,1.0,1.0,1.0,1.0,1.0,1.0,1.0,1.0,0.0,1.0,Longo da via,Bom,Não existe,Perfeito estado,Seca,Perfeito estado,Outras,60 km/h,Única,"320, AV RUI BARBOSA, Recife, Pernambuco, Brasil",-8.0478949,-34.8994741
8604,2019-10-01 20:20:00,SEM VÍTIMA,GRAÇAS,RUA JOAQUIM NABUCO,507,102.0,SUBURBIO,COLISÃO TRASEIRA,2.0,1.0,1.0,1.0,1.0,1.0,1.0,1.0,1.0,0.0,1.0,Longo da via,Bom,Não existe,Perfeito estado,Seca,Perfeito estado,Outras,60 km/h,Única,"507, RUA JOAQUIM NABUCO, Recife, Pernambuco, Brasil",-8.0532648,-34.8965122
1576,2019-02-22 18:37:00,SEM VÍTIMA,GRAÇAS,RUA AMELIA, ,178.0,CIDADE,COLISÃO TRASEIRA,2.0,1.0,1.0,1.0,1.0,1.0,1.0,1.0,1.0,0.0,1.0,Longo da via,Bom,Sem defeito,Perfeito estado,Seca,Perfeito estado,Outras,60 km/h,Única," , RUA AMELIA, Recife, Pernambuco, Brasil",-8.0455717,-34.9041156
10351,2019-11-18 06:31:00,SEM VÍTIMA,GRAÇAS,RUA DAS CREOULAS,58,178.0,CIDADE,COLISÃO,1.0,1.0,1.0,1.0,1.0,1.0,1.0,1.0,1.0,0.0,1.0,Longo da via,Bom,Sem defeito,Perfeito estado,Seca,Perfeito estado,Outras,60 km/h,Única,"58, RUA DAS CREOULAS, Recife, Pernambuco, Brasil",-8.0517468,-34.8991541
3171,2019-04-10 12:41:00,COM VÍTIMA,GRAÇAS,RUA JOAQUIM NABUCO,600,178.0,SUBURBIO,ABALROAMENTO LONGITUDINAL,2.0,1.0,1.0,1.0,1.0,1.0,1.0,1.0,1.0,1.0,1.0,Longo da via,Bom,Sem defeito,Perfeito estado,Seca,Perfeito estado,Outras,40 km/h,Única,"600, RUA JOAQUIM NABUCO, Recife, Pernambuco, Brasil",-8.0532648,-34.8965122
3168,2019-04-10 12:27:00,SEM VÍTIMA,GRAÇAS,RUA ANTENOR NAVARRO,129,178.0,SUBURBIO,COLISÃO,1.0,1.0,1.0,1.0,1.0,1.0,1.0,1.0,1.0,0.0,1.0,Longo da via,Bom,Sem defeito,Perfeito estado,Seca,Perfeito estado,Outras,40 km/h,Única,"129, RUA ANTENOR NAVARRO, Recife, Pernambuco, Brasil",-8.037567,-34.90255668138038
8065,2019-09-16 15:30:00,SEM VÍTIMA,GRAÇAS,RUA AMELIA,483,178.0,CIDADE,COLISÃO TRASEIRA,2.0,1.0,1.0,1.0,1.0,1.0,1.0,1.0,1.0,0.0,1.0,Longo da via,Bom,Não existe,Perfeito estado,Seca,Perfeito estado,Outras,40 km/h,Única,"483, RUA AMELIA, Recife, Pernambuco, Brasil",-8.0456806,-34.904241
1478,2019-02-20 15:34:00,SEM VÍTIMA,GRAÇAS,AV RUI BARBOSA, ,305.0,CIDADE,ABALROAMENTO LONGITUDINAL,2.0,1.0,1.0,1.0,1.0,1.0,1.0,1.0,1.0,0.0,1.0,Cruzamento,Bom,Sem defeito,Perfeito estado,Seca,Perfeito estado,Outras,40 km/h,Única," , AV RUI BARBOSA, Recife, Pernambuco, Brasil",-8.0460464,-34.9018773
6207,2019-07-18 19:39:00,SEM VÍTIMA,GRAÇAS,AV RUI BARBOSA,579,305.0,CIDADE,ABALROAMENTO LONGITUDINAL,2.0,1.0,1.0,1.0,1.0,1.0,1.0,1.0,1.0,0.0,1.0,Longo da via,Bom,Não existe,Perfeito estado,Seca,Perfeito estado,Outras,40 km/h,Única,"579, AV RUI BARBOSA, Recife, Pernambuco, Brasil",-8.0478949,-34.8994741
7030,2019-08-15 10:18:00,COM VÍTIMA,GRAÇAS,RUA DA AMIZADE,180,305.0,CIDADE,COLISÃO FRONTAL,1.0,1.0,1.0,1.0,1.0,1.0,1.0,1.0,1.0,2.0,1.0,Esquina,Bom,Não existe,Perfeito estado,Seca,Perfeito estado,Outras,40 km/h,Única,"180, RUA DA AMIZADE, Recife, Pernambuco, Brasil",-8.0497808,-34.8994382
9693,2019-10-31 14:14:00,SEM VÍTIMA,GRAÇAS,RUA AMELIA,900,305.0,CIDADE,ABALROAMENTO LONGITUDINAL,2.0,1.0,1.0,1.0,1.0,1.0,1.0,1.0,1.0,0.0,1.0,Longo da via,Bom,Não existe,Perfeito estado,Seca,Perfeito estado,Não há placas,60 km/h,Única,"900, RUA AMELIA, Recife, Pernambuco, Brasil",-8.045062900000001,-34.90270005
5632,2019-06-28 19:48:00,COM VÍTIMA,GRAÇAS,RUA JOAQUIM NABUCO,330,305.0,CIDADE,COLISÃO,1.0,1.0,1.0,1.0,1.0,1.0,1.0,1.0,1.0,1.0,1.0,Longo da via,Bom,Não existe,Perfeito estado,Seca,Perfeito estado,Não há placas,60 km/h,Única,"330, RUA JOAQUIM NABUCO, Recife, Pernambuco, Brasil",-8.0521919,-34.8991562
1204,2019-02-12 12:42:00,COM VÍTIMA,GRAÇAS,RUA DAS CREOULAS,322,71.0,CIDADE,ABALROAMENTO LONGITUDINAL,1.0,1.0,1.0,1.0,1.0,1.0,1.0,1.0,1.0,1.0,1.0,Cruzamento,Bom,Sem defeito,Perfeito estado,Seca,Perfeito estado,Outras,60 km/h,Única,"322, RUA DAS CREOULAS, Recife, Pernambuco, Brasil",-8.0517468,-34.8991541
5678,2019-07-01 05:37:00,SEM VÍTIMA,GRAÇAS,RUA DAS CREOULAS, ,102.0,CIDADE,ABALROAMENTO LONGITUDINAL,1.0,1.0,1.0,1.0,1.0,1.0,1.0,1.0,1.0,0.0,1.0,Cruzamento,Chuvoso,Sem defeito,Perfeito estado,Molhada,Perfeito estado,R-6a,20 km/h,Única," , RUA DAS CREOULAS, Recife, Pernambuco, Brasil",-8.0517468,-34.8991541
1561,2019-02-22 14:47:00,COM VÍTIMA,GRAÇAS,RUA DAS CREOULAS, ,102.0,CIDADE,ATROPELAMENTO,1.0,1.0,1.0,1.0,1.0,1.0,1.0,1.0,1.0,2.0,1.0,Cruzamento,Bom,Sem defeito,Perfeito estado,Seca,Perfeito estado,Outras,20 km/h,Única," , RUA DAS CREOULAS, Recife, Pernambuco, Brasil",-8.0517468,-34.8991541
8207,2019-09-20 10:37:00,COM VÍTIMA,GRAÇAS,PRC DO ENTRONCAMENTO,132,102.0,CIDADE,ATROPELAMENTO,1.0,1.0,1.0,1.0,1.0,1.0,1.0,1.0,1.0,1.0,1.0,Longo da via,Bom,Não existe,Perfeito estado,Seca,Perfeito estado,Outras,40 km/h,Única,"132, PRC DO ENTRONCAMENTO, Recife, Pernambuco, Brasil",-8.0517468,-34.8991541
10248,2019-11-14 12:55:00,SEM VÍTIMA,GRAÇAS,RUA DAS CREOULAS,251,102.0,CIDADE,ABALROAMENTO LONGITUDINAL,2.0,1.0,1.0,1.0,1.0,1.0,1.0,1.0,1.0,0.0,1.0,Longo da via,Bom,Sem defeito,Perfeito estado,Seca,Perfeito estado,Outras,40 km/h,Única,"251, RUA DAS CREOULAS, Recife, Pernambuco, Brasil",-8.0517468,-34.8991541
4085,2019-05-09 12:50:00,SEM VÍTIMA,GRAÇAS,AV RUI BARBOSA, ,102.0,CIDADE,COLISÃO,1.0,1.0,1.0,1.0,1.0,1.0,1.0,1.0,1.0,0.0,1.0,Longo da via,Bom,Sem defeito,Perfeito estado,Seca,Perfeito estado,Outras,40 km/h,Única," , AV RUI BARBOSA, Recife, Pernambuco, Brasil",-8.0460464,-34.9018773
3200,2019-04-11 09:59:00,SEM VÍTIMA,GRAÇAS,AV BEIRA RIO,660,102.0,CIDADE,ABALROAMENTO LONGITUDINAL,2.0,1.0,1.0,1.0,1.0,1.0,1.0,1.0,1.0,0.0,1.0,Longo da via,Bom,Não existe,Perfeito estado,Seca,Perfeito estado,R-6a,40 km/h,Dupla,"660, AV BEIRA RIO, Recife, Pernambuco, Brasil",-8.0502073,-34.9051265
8747,2019-10-05 09:33:00,SEM VÍTIMA,GRAÇAS,AV CONS ROSA E SILVA, ,102.0,SUBURBIO,COLISÃO TRASEIRA,2.0,1.0,1.0,1.0,1.0,1.0,1.0,1.0,1.0,0.0,1.0,Longo da via,Bom,Não existe,Perfeito estado,Seca,Perfeito estado,R-6a,40 km/h,Única," , AV CONS ROSA E SILVA, Recife, Pernambuco, Brasil",-8.0502073,-34.9051265