,data_hora,natureza_acidente,bairro,endereco,numero,num_semaforo,sentido_via,tipo,auto,moto,ciclom,ciclista,pedestre,onibus,caminhao,viatura,outros,vitimas,vitimasfatais,acidente_verificado,tempo_clima,situacao_semaforo,sinalizacao,condicao_via,conservacao_via,situacao_placa,velocidade_max_via,mao_direcao,end,latitude,longitude
6533,2019-07-31 11:54:00,COM VÍTIMA,GRAÇAS,RUA JOAO RAMOS,260,102.0,SUBURBIO,ABALROAMENTO TRANSVERSAL,1.0,1.0,1.0,1.0,1.0,1.0,1.0,1.0,1.0,1.0,1.0,Cruzamento,Bom,Não existe,Perfeito estado,Seca,Perfeito estado,Placas Pare,40 km/h,Única,"260, RUA JOAO RAMOS, Recife, Pernambuco, Brasil",-8.0460637,-34.8985402
890,2019-02-03 15:01:00,SEM VÍTIMA,GRAÇAS,AV RUI BARBOSA,550,102.0,SUBURBIO,COLISÃO,2.0,1.0,1.0,1.0,1.0,1.0,1.0,1.0,1.0,0.0,1.0,Cruzamento,Bom,Não existe,Perfeito estado,Seca,Perfeito estado,Placas Pare,40 km/h,Única,"550, AV RUI BARBOSA, Recife, Pernambuco, Brasil",-8.0478949,-34.8994741
1272,2019-02-14 10:29:00,SEM VÍTIMA,GRAÇAS,RUA CONS PORTELA, ,459.0,SUBURBIO,ABALROAMENTO LONGITUDINAL,2.0,1.0,1.0,1.0,1.0,1.0,1.0,1.0,1.0,0.0,1.0,Longo da via,Bom,Sem defeito,Perfeito estado,Seca,Perfeito estado,R-6a,40 km/h,Única," , RUA CONS PORTELA, Recife, Pernambuco, Brasil",-8.0425573,-34.894699
8057,2019-09-16 13:14:00,SEM VÍTIMA,GRAÇAS,AV RUI BARBOSA,320,459.0,CIDADE,COLISÃO TRASEIRA,2.0,1.0,1.0,1.0,1.0,1.0,1.0,1.0,1.0,0.0,1.0,Longo da via,Bom,Sem defeito,Perfeito estado,Seca,Perfeito estado,R-6a,40 km/h,Única,"320, AV RUI BARBOSA, Recife, Pernambuco, Brasil",-8.0478949,-34.8994741
2284,2019-03-16 03:33:00,SEM VÍTIMA,GRAÇAS,AV CONS ROSA E SILVA, ,46.0,SUBURBIO,ABALROAMENTO TRANSVERSAL,2.0,1.0,1.0,1.0,1.0,1.0,1.0,1.0,1.0,0.0,1.0,Cruzamento,Bom,Sem defeito,Perfeito estado,Molhada,Perfeito estado,Não há placas,40 km/h,Única," , AV CONS ROSA E SILVA, Recife, Pernambuco, Brasil",-8.0478949,-34.8994741
6596,2019-08-01 21:08:00,SEM VÍTIMA,GRAÇAS,RUA DO FUTURO,408,46.0,SUBURBIO,ABALROAMENTO LONGITUDINAL,2.0,1.0,1.0,1.0,1.0,1.0,1.0,1.0,1.0,0.0,1.0,Longo da via,Chuvoso,Não existe,Perfeito estado,Molhada,Perfeito estado,R-6a,30 km/h,Única,"408, RUA DO FUTURO, Recife, Pernambuco, Brasil",-8.0409146,-34.899545081165805
8734,2019-10-04 22:50:00,SEM VÍTIMA,GRAÇAS,RUA DR BANDEIRA FILHO, ,46.0,SUBURBIO,ABALROAMENTO LONGITUDINAL,2.0,1.0,1.0,1.0,1.0,1.0,1.0,1.0,1.0,0.0,1.0,Longo da via,Bom,Não existe,Perfeito estado,Seca,Perfeito estado,R-6a,30 km/h,Única," , RUA DR BANDEIRA FILHO, Recife, Pernambuco, Brasil",-8.0409146,-34.899545081165805
4259,2019-05-15 13:31:00,COM VÍTIMA,GRAÇAS,RUA GUILHERME PINTO,155,432.0,CIDADE,CHOQUE VEÍCULO PARADO,1.0,1.0,1.0,1.0,1.0,1.0,1.0,1.0,1.0,1.0,1.0,Longo da via,Bom,Sem defeito,Perfeito estado,Seca,Perfeito estado,Outras,30 km/h,Única,"155, RUA GUILHERME PINTO, Recife, Pernambuco, Brasil",-8.0537559,-34.9020577
9239,2019-10-18 11:27:00,SEM VÍTIMA,GUABIRABA,AV VEREADOR OTACILIO AZEVEDO,4674,432.0,SUBURBIO,CHOQUE VEÍCULO PARADO,2.0,1.0,1.0,1.0,1.0,1.0,1.0,1.0,1.0,0.0,1.0,Cruzamento,Chuvoso,Não existe,Perfeito estado,Molhada,Mal conservada,Placas Pare,30 km/h,Dupla,"4674, AV VEREADOR OTACILIO AZEVEDO, Recife, Pernambuco, Brasil",-8.0049828,-34.9158141
10042,2019-11-09 12:50:00,SEM VÍTIMA,GUABIRABA,AV DA RECUPERACAO, ,432.0,SUBURBIO,COLISÃO,2.0,1.0,1.0,1.0,1.0,1.0,1.0,1.0,1.0,0.0,1.0,Cruzamento,Chuvoso,Não existe,Perfeito estado,Molhada,Mal conservada,Placas Pare,30 km/h,Dupla," , AV DA RECUPERACAO, Recife, Pernambuco, Brasil",-7.9931374,-34.9365563
10696,2019-11-27 01:49:00,SEM VÍTIMA,GUABIRABA,AV DA RECUPERACAO, ,432.0,CIDADE,CHOQUE OBJETO FIXO,1.0,1.0,1.0,1.0,1.0,1.0,1.0,1.0,1.0,0.0,1.0,Cruzamento,Chuvoso,Não existe,Perfeito estado,Molhada,Perfeito estado,Não há placas,30 km/h,Única," , AV DA RECUPERACAO, Recife, Pernambuco, Brasil",-7.9931374,-34.9365563
3189,2019-04-10 21:48:00,SEM VÍTIMA,GUABIRABA,RUA DAS FLORES, ,432.0,CIDADE,CHOQUE VEÍCULO PARADO,1.0,1.0,1.0,1.0,1.0,2.0,1.0,1.0,1.0,0.0,1.0,Longo da via,Bom,Não existe,Não existente,Seca,Perfeito estado,Não há placas,30 km/h,Dupla," , RUA DAS FLORES, Recife, Pernambuco, Brasil",-7.9999088,-34.9041361
6969,2019-08-13 14:55:00,COM VÍTIMA,GUABIRABA,AV VEREADOR OTACILIO AZEVEDO,2011,432.0,SUBURBIO,ABALROAMENTO TRANSVERSAL,1.0,2.0,1.0,1.0,1.0,2.0,1.0,1.0,1.0,1.0,1.0,Esquina,Bom,Não existe,Perfeito estado,Seca,Perfeito estado,Placas Pare,30 km/h,Dupla,"2011, AV VEREADOR OTACILIO AZEVEDO, Recife, Pernambuco, Brasil",-8.0049828,-34.9158141
8023,2019-09-15 10:42:00,COM VÍTIMA,GUABIRABA,AV EMBAIXADOR ASSIS CHATEAUBRIAND,30,432.0,CIDADE,CHOQUE OBJETO FIXO,1.0,2.0,1.0,1.0,1.0,2.0,1.0,1.0,1.0,1.0,1.0,Longo da via,Bom,Não existe,Incompleta,Seca,Outros,Não há placas,30 km/h,Dupla,"30, AV EMBAIXADOR ASSIS CHATEAUBRIAND, Recife, Pernambuco, Brasil",-7.9921441,-34.9368987
5824,2019-07-05 11:21:00,COM VÍTIMA,GUABIRABA,AV DA RECUPERACAO, ,432.0,CIDADE,COLISÃO TRASEIRA,1.0,1.0,1.0,1.0,1.0,2.0,1.0,1.0,1.0,1.0,1.0,Longo da via,Bom,Não existe,Não existente,Seca,Perfeito estado,Não há placas,30 km/h,Dupla," , AV DA RECUPERACAO, Recife, Pernambuco, Brasil",-7.9931374,-34.9365563
6947,2019-08-13 08:09:00,SEM VÍTIMA,GUABIRABA,RUA DAS FLORES, ,432.0,CIDADE,ABALROAMENTO LONGITUDINAL,1.0,1.0,1.0,1.0,1.0,1.0,1.0,1.0,1.0,0.0,1.0,Longo da via,Bom,Não existe,Perfeito estado,Seca,Perfeito estado,Outras,30 km/h,Dupla," , RUA DAS FLORES, Recife, Pernambuco, Brasil",-7.9999088,-34.9041361
5043,2019-06-09 04:52:00,SEM VÍTIMA,GUABIRABA,AV DA RECUPERACAO,1702,432.0,SUBURBIO,CHOQUE OBJETO FIXO,1.0,1.0,1.0,1.0,1.0,1.0,1.0,1.0,1.0,0.0,1.0,Longo da via,Chuvoso,Não existe,Não existente,Molhada,Perfeito estado,Não há placas,30 km/h,Dupla,"1702, AV DA RECUPERACAO, Recife, Pernambuco, Brasil",-8.0166602,-34.9408652
2836,2019-03-31 18:16:00,SEM VÍTIMA,GUABIRABA,RUA POETA SOLANO TRINDADE,35,432.0,SUBURBIO,COLISÃO,2.0,1.0,1.0,1.0,1.0,1.0,1.0,1.0,1.0,0.0,1.0,Longo da via,Chuvoso,Não existe,Não existente,Molhada,Perfeito estado,Não há placas,30 km/h,Dupla,"35, RUA POETA SOLANO TRINDADE, Recife, Pernambuco, Brasil",-7.9910888,-34.9394457
11614,2019-12-17 16:26:00,COM VÍTIMA,GUABIRABA,AV DA RECUPERACAO,2691,432.0,SUBURBIO,COLISÃO,1.0,1.0,1.0,1.0,1.0,1.0,1.0,1.0,1.0,1.0,1.0,Longo da via,Chuvoso,Não existe,Não existente,Molhada,Perfeito estado,Não há placas,30 km/h,Dupla,"2691, AV DA RECUPERACAO, Recife, Pernambuco, Brasil",-8.0166602,-34.9408652
1763,2019-02-27 22:05:00,SEM VÍTIMA,GUABIRABA,RUA DAS FLORES, ,432.0,SUBURBIO,ABALROAMENTO TRANSVERSAL,1.0,1.0,1.0,1.0,1.0,1.0,1.0,1.0,1.0,0.0,1.0,Longo da via,Bom,Não existe,Perfeito estado,Seca,Perfeito estado,Não há placas,30 km/h,Dupla," , RUA DAS FLORES, Recife, Pernambuco, Brasil",-7.9999088,-34.9041361
1883,2019-03-03 13:57:00,SEM VÍTIMA,GUABIRABA,AV VEREADOR OTACILIO AZEVEDO,288,432.0,SUBURBIO,COLISÃO,2.0,1.0,1.0,1.0,1.0,1.0,1.0,1.0,1.0,0.0,1.0,Longo da via,Bom,Não existe,Perfeito estado,Seca,Perfeito estado,Não há placas,30 km/h,Dupla,"288, AV VEREADOR OTACILIO AZEVEDO, Recife, Pernambuco, Brasil",-8.0049828,-34.9158141
9253,2019-10-18 15:43:00,SEM VÍTIMA,GUABIRABA,EST DOS MACACOS,504 A,432.0,SUBURBIO,COLISÃO,1.0,1.0,1.0,1.0,1.0,1.0,1.0,1.0,1.0,0.0,1.0,Longo da via,Bom,Não existe,Perfeito estado,Seca,Perfeito estado,Não há placas,30 km/h,Dupla,"504 A, EST DOS MACACOS, Recife, Pernambuco, Brasil",-8.0049828,-34.9158141
6447,2019-07-28 11:55:00,SEM VÍTIMA,GUABIRABA,EST DOS MACACOS,138,432.0,SUBURBIO,ABALROAMENTO TRANSVERSAL,2.0,1.0,1.0,1.0,1.0,1.0,1.0,1.0,1.0,0.0,1.0,Longo da via,Chuvoso,Não existe,Não existente,Molhada,Perfeito estado,Outras,30 km/h,Dupla,"138, EST DOS MACACOS, Recife, Pernambuco, Brasil",-8.0699477,-34.9438098
5658,2019-06-29 19:54:00,SEM VÍTIMA,GUABIRABA,AV DA RECUPERACAO,213,432.0,GUABIRABA,COLISÃO,2.0,1.0,1.0,1.0,1.0,1.0,1.0,1.0,1.0,0.0,1.0,Longo da via,Chuvoso,Não existe,Não existente,Molhada,Perfeito estado,Outras,30 km/h,Dupla,"213, AV DA RECUPERACAO, Recife, Pernambuco, Brasil",-8.0166602,-34.9408652
11020,2019-12-04 12:23:00,SEM VÍTIMA,GUABIRABA,RUA DAS FLORES,6420,432.0,GUABIRABA,COLISÃO,2.0,1.0,1.0,1.0,1.0,1.0,1.0,1.0,1.0,0.0,1.0,Longo da via,Chuvoso,Não existe,Não existente,Molhada,Perfeito estado,Outras,30 km/h,Dupla,"6420, RUA DAS FLORES, Recife, Pernambuco, Brasil",-8.0834787,-34.9702428
4650,2019-05-28 10:53:00,SEM VÍTIMA,GUABIRABA,AV VEREADOR OTACILIO AZEVEDO, ,432.0,SUBURBIO,ABALROAMENTO LONGITUDINAL,1.0,1.0,1.0,1.0,1.0,1.0,1.0,1.0,1.0,0.0,1.0,Cruzamento,Bom,Não existe,Ilegível,Seca,Perfeito estado,Placas Pare,30 km/h,Dupla," , AV VEREADOR OTACILIO AZEVEDO, Recife, Pernambuco, Brasil",-8.0074204,-34.9117445
127,2019-01-06 12:18:00,SEM VÍTIMA,GUABIRABA,EST DOS MACACOS, ,432.0,SUBURBIO,COLISÃO FRONTAL,1.0,1.0,1.0,1.0,1.0,1.0,1.0,1.0,1.0,0.0,1.0,Não informado,Bom,Não existe,Não existente,Seca,Mal conservada,Não há placas,30 km/h,Dupla," , EST DOS MACACOS, Recife, Pernambuco, Brasil",-8.0699477,-34.9438098
6546,2019-07-31 16:37:00,SEM VÍTIMA,GUABIRABA,AV DA RECUPERACAO,3255,432.0,SUBURBIO,COLISÃO FRONTAL,1.0,1.0,1.0,1.0,1.0,1.0,1.0,1.0,1.0,0.0,1.0,Não informado,Bom,Não existe,Não existente,Seca,Perfeito estado,Não há placas,30 km/h,Única,"3255, AV DA RECUPERACAO, Recife, Pernambuco, Brasil",-8.0166602,-34.9408652
10177,2019-11-13 07:44:00,COM VÍTIMA,GUABIRABA,EST DOS MACACOS,60,432.0,CIDADE,COLISÃO FRONTAL,2.0,1.0,1.0,1.0,1.0,1.0,1.0,1.0,1.0,1.0,1.0,Longo da via,Bom,Não existe,Perfeito estado,Seca,Perfeito estado,Não há placas,40 km/h,Dupla,"60, EST DOS MACACOS, Recife, Pernambuco, Brasil",-8.0699477,-34.9438098
1573,2019-02-22 17:58:00,SEM VÍTIMA,GUABIRABA,AV DA RECUPERACAO, ,432.0,CIDADE,COLISÃO TRASEIRA,1.0,1.0,1.0,1.0,1.0,1.0,1.0,1.0,1.0,0.0,1.0,Longo da via,Bom,Não existe,Incompleta,Seca,Perfeito estado,Não há placas,40 km/h,Dupla," , AV DA RECUPERACAO, Recife, Pernambuco, Brasil",-7.9931374,-34.9365563
11785,2019-12-21 16:18:00,SEM VÍTIMA,GUABIRABA,EST DA MUMBECA,20,432.0,CIDADE,COLISÃO,2.0,1.0,1.0,1.0,1.0,1.0,1.0,1.0,1.0,0.0,1.0,Longo da via,Bom,Não existe,Incompleta,Seca,Perfeito estado,Não há placas,40 km/h,Dupla,"20, EST DA MUMBECA, Recife, Pernambuco, Brasil",-7.9931374,-34.9365563
4783,2019-06-01 10:26:00,SEM VÍTIMA,HIPÓDROMO,RUA JOAO PEREIRA DE MELO,227,432.0,CIDADE,COLISÃO,2.0,1.0,1.0,1.0,1.0,1.0,1.0,1.0,1.0,0.0,1.0,Longo da via,Bom,Não existe,Incompleta,Seca,Perfeito estado,Não há placas,40 km/h,Dupla,"227, RUA JOAO PEREIRA DE MELO, Recife, Pernambuco, Brasil",-8.0310521,-34.8878192
6256,2019-07-20 19:50:00,SEM VÍTIMA,HIPÓDROMO,RUA NOGUEIRA LIMA, ,432.0,SUBURBIO,ABALROAMENTO TRANSVERSAL,2.0,1.0,1.0,1.0,1.0,1.0,1.0,1.0,1.0,0.0,1.0,Cruzamento,Chuvoso,Não existe,Incompleta,Molhada,Perfeito estado,Outras,40 km/h,Dupla," , RUA NOGUEIRA LIMA, Recife, Pernambuco, Brasil",-8.0330135,-34.8879832
9908,2019-11-06 14:05:00,COM VÍTIMA,HIPÓDROMO,RUA PRUDENTE DE MORAES,124,432.0,SUBURBIO,ABALROAMENTO TRANSVERSAL,1.0,1.0,1.0,1.0,1.0,1.0,1.0,1.0,1.0,1.0,1.0,Cruzamento,Bom,Não existe,Perfeito estado,Seca,Perfeito estado,Placas Pare,30 km/h,Dupla,"124, RUA PRUDENTE DE MORAES, Recife, Pernambuco, Brasil",-8.0319502,-34.8849985
250,2019-01-10 16:24:00,SEM VÍTIMA,HIPÓDROMO,RUA MARQUES DE BAIPENDI,50,432.0,CIDADE,ABALROAMENTO TRANSVERSAL,2.0,1.0,1.0,1.0,1.0,1.0,1.0,1.0,1.0,0.0,1.0,Cruzamento,Bom,Não existe,Perfeito estado,Seca,Perfeito estado,Outras,30 km/h,Dupla,"50, RUA MARQUES DE BAIPENDI, Recife, Pernambuco, Brasil",-8.0297133,-34.8892353
5429,2019-06-21 15:08:00,COM VÍTIMA,HIPÓDROMO,RUA MARQUES DE BAIPENDI,184,432.0,CIDADE,ABALROAMENTO LONGITUDINAL,1.0,1.0,1.0,1.0,1.0,1.0,1.0,1.0,1.0,1.0,1.0,Cruzamento,Bom,Não existe,Não existente,Seca,Perfeito estado,Não há placas,30 km/h,Dupla,"184, RUA MARQUES DE BAIPENDI, Recife, Pernambuco, Brasil",-8.0291959,-34.8886566
7919,2019-09-12 09:31:00,COM VÍTIMA,HIPÓDROMO,EST DE BELEM,313,201.0,CIDADE,COLISÃO,1.0,1.0,1.0,1.0,1.0,1.0,1.0,1.0,1.0,1.0,1.0,Cruzamento,Bom,Sem defeito,Perfeito estado,Seca,Perfeito estado,Outras,30 km/h,Dupla,"313, EST DE BELEM, Recife, Pernambuco, Brasil",-8.0070266,-34.871269330000004
3365,2019-04-16 09:44:00,COM VÍTIMA,HIPÓDROMO,RUA DONA ELVIRA,215,201.0,CIDADE,ABALROAMENTO LONGITUDINAL,1.0,1.0,1.0,1.0,1.0,1.0,1.0,1.0,1.0,1.0,1.0,Longo da via,Bom,Não existe,Não existente,Seca,Outros,Outras,30 km/h,Dupla,"215, RUA DONA ELVIRA, Recife, Pernambuco, Brasil",-8.0340719,-34.8898357
104,2019-01-05 09:35:00,SEM VÍTIMA,HIPÓDROMO,RUA MARTINS RIBEIRO, ,201.0,SUBURBIO,CHOQUE VEÍCULO PARADO,1.0,1.0,1.0,1.0,1.0,1.0,1.0,1.0,1.0,0.0,1.0,Longo da via,Bom,Não existe,Perfeito estado,Seca,Perfeito estado,Não há placas,40 km/h,Dupla," , RUA MARTINS RIBEIRO, Recife, Pernambuco, Brasil",-8.0345008,-34.8883785
3450,2019-04-18 14:12:00,SEM VÍTIMA,HIPÓDROMO,RUA FONSECA OLIVEIRA, ,201.0,SUBURBIO,ABALROAMENTO TRANSVERSAL,1.0,1.0,1.0,1.0,1.0,1.0,1.0,1.0,1.0,0.0,1.0,Cruzamento,Bom,Não existe,Perfeito estado,Seca,Perfeito estado,Placas Pare,40 km/h,Dupla," , RUA FONSECA OLIVEIRA, Recife, Pernambuco, Brasil",-8.0321563,-34.8868355
8808,2019-10-07 09:17:00,SEM VÍTIMA,HIPÓDROMO,EST DE BELEM,611,201.0,CIDADE,COLISÃO TRASEIRA,2.0,1.0,1.0,1.0,1.0,1.0,1.0,1.0,1.0,0.0,1.0,Longo da via,Bom,Não existe,Perfeito estado,Seca,Perfeito estado,R-6a,60 km/h,Dupla,"611, EST DE BELEM, Recife, Pernambuco, Brasil",-8.0070266,-34.871269330000004
3865,2019-05-02 09:06:00,SEM VÍTIMA,HIPÓDROMO,RUA MARTINS RIBEIRO,392,201.0,SUBURBIO,CHOQUE VEÍCULO PARADO,1.0,1.0,1.0,1.0,1.0,1.0,1.0,1.0,1.0,0.0,1.0,Longo da via,Bom,Não existe,Incompleta,Seca,Perfeito estado,Não há placas,60 km/h,Dupla,"392, RUA MARTINS RIBEIRO, Recife, Pernambuco, Brasil",-8.0328059,-34.885126
7250,2019-08-22 00:48:00,SEM VÍTIMA,HIPÓDROMO,RUA MEM DE SA, ,495.0,SUBURBIO,ABALROAMENTO TRANSVERSAL,2.0,1.0,1.0,1.0,1.0,1.0,1.0,1.0,1.0,0.0,1.0,Cruzamento,Bom,Sem defeito,Ilegível,Seca,Mal iluminada,Não há placas,60 km/h,Dupla," , RUA MEM DE SA, Recife, Pernambuco, Brasil",-8.0298064,-34.8907448
7729,2019-09-06 15:50:00,SEM VÍTIMA,HIPÓDROMO,RUA PROFESSOR JERONIMO GUEIROS, ,495.0,SUBURBIO,COLISÃO FRONTAL,2.0,1.0,1.0,1.0,1.0,1.0,1.0,1.0,1.0,0.0,1.0,Cruzamento,Bom,Sem defeito,Incompleta,Seca,Perfeito estado,Não há placas,40 km/h,Dupla," , RUA PROFESSOR JERONIMO GUEIROS, Recife, Pernambuco, Brasil",-8.0312653,-34.8898999
11676,2019-12-19 09:47:00,SEM VÍTIMA,IBURA,AV DOIS RIOS, ,495.0,SUBURBIO,COLISÃO,2.0,1.0,1.0,1.0,1.0,1.0,1.0,1.0,1.0,0.0,1.0,Cruzamento,Bom,Sem defeito,Incompleta,Seca,Perfeito estado,Não há placas,40 km/h,Dupla," , AV DOIS RIOS, Recife, Pernambuco, Brasil",-8.1124016,-34.9382307
2257,2019-03-15 13:25:00,SEM VÍTIMA,IBURA,AV DOIS RIOS,1127,495.0,SUBURBIO,COLISÃO,1.0,1.0,1.0,1.0,1.0,1.0,1.0,1.0,1.0,0.0,1.0,Cruzamento,Bom,Sem defeito,Incompleta,Seca,Perfeito estado,Não há placas,40 km/h,Dupla,"1127, AV DOIS RIOS, Recife, Pernambuco, Brasil",-8.1159721,-34.940694
7561,2019-09-02 07:25:00,SEM VÍTIMA,IBURA,RUA RIO XINGU,95,495.0,SUBURBIO,CHOQUE VEÍCULO PARADO,1.0,1.0,1.0,1.0,1.0,1.0,1.0,1.0,1.0,0.0,1.0,Longo da via,Chuvoso,Não existe,Incompleta,Molhada,Mal conservada,Outras,40 km/h,Dupla,"95, RUA RIO XINGU, Recife, Pernambuco, Brasil",-8.1225074,-34.9352126
615,2019-01-24 11:11:00,SEM VÍTIMA,IBURA,AV DOIS RIOS, ,495.0,CIDADE,ABALROAMENTO LONGITUDINAL,1.0,1.0,1.0,1.0,1.0,1.0,1.0,1.0,1.0,0.0,1.0,Longo da via,Bom,Não existe,Não existente,Seca,Mal conservada,Não há placas,40 km/h,Dupla," , AV DOIS RIOS, Recife, Pernambuco, Brasil",-8.1124016,-34.9382307
2471,2019-03-21 10:40:00,SEM VÍTIMA,IBURA,RUA JORNALISTA EDSON REGIS, ,495.0,SUBURBIO,ABALROAMENTO LONGITUDINAL,1.0,1.0,1.0,1.0,1.0,1.0,1.0,1.0,1.0,0.0,1.0,Longo da via,Bom,Não existe,Não existente,Seca,Mal conservada,Não há placas,40 km/h,Dupla," , RUA JORNALISTA EDSON REGIS, Recife, Pernambuco, Brasil",-8.1128683,-34.9320649
12029,2019-12-30 01:22:00,COM VÍTIMA,IBURA,RUA RIO XINGU,262,495.0,CIDADE,COLISÃO TRASEIRA,1.0,1.0,1.0,1.0,1.0,1.0,1.0,1.0,1.0,1.0,1.0,Longo da via,Bom,Não existe,Perfeito estado,Seca,Perfeito estado,Não há placas,30 km/h,Dupla,"262, RUA RIO XINGU, Recife, Pernambuco, Brasil",-8.1225074,-34.9352126
10672,2019-11-26 09:53:00,SEM VÍTIMA,IBURA,RUA EXP FRANCISCO VITORIANO,280,495.0,SUBURBIO,COLISÃO TRASEIRA,1.0,1.0,1.0,1.0,1.0,1.0,1.0,1.0,1.0,0.0,1.0,Longo da via,Bom,Não existe,Perfeito estado,Seca,Perfeito estado,R-6a,30 km/h,Dupla,"280, RUA EXP FRANCISCO VITORIANO, Recife, Pernambuco, Brasil",-8.1225074,-34.9352126
540,2019-01-22 07:09:00,SEM VÍTIMA,IBURA,AV DOIS RIOS,612,325.0,SUBURBIO,COLISÃO,2.0,1.0,1.0,1.0,1.0,1.0,1.0,1.0,1.0,0.0,1.0,Longo da via,Bom,Não existe,Perfeito estado,Seca,Perfeito estado,R-6a,30 km/h,Dupla,"612, AV DOIS RIOS, Recife, Pernambuco, Brasil",-8.1159721,-34.940694
6219,2019-07-19 10:51:00,SEM VÍTIMA,IBURA,AV DOZE DE JUNHO,1010,325.0,SUBURBIO,ABALROAMENTO TRANSVERSAL,1.0,1.0,1.0,1.0,1.0,1.0,1.0,1.0,1.0,0.0,1.0,Longo da via,Bom,Sem defeito,Incompleta,Seca,Mal conservada,Não há placas,30 km/h,Dupla,"1010, AV DOZE DE JUNHO, Recife, Pernambuco, Brasil",-8.1103858,-34.9542998
6258,2019-07-20 22:19:00,COM VÍTIMA,IBURA,AV DOIS RIOS, ,325.0,SUBURBIO,ABALROAMENTO TRANSVERSAL,1.0,1.0,1.0,1.0,1.0,1.0,1.0,1.0,1.0,1.0,1.0,Longo da via,Chuvoso,Não existe,Perfeito estado,Molhada,Perfeito estado,Não há placas,30 km/h,Dupla," , AV DOIS RIOS, Recife, Pernambuco, Brasil",-8.1124016,-34.9382307
6436,2019-07-27 14:54:00,SEM VÍTIMA,IBURA,AV DOM HELDER CAMARA, ,325.0,SUBURBIO,COLISÃO TRASEIRA,1.0,1.0,1.0,1.0,1.0,1.0,1.0,1.0,1.0,0.0,1.0,Longo da via,Chuvoso,Não existe,Incompleta,Molhada,Mal conservada,Não há placas,30 km/h,Única," , AV DOM HELDER CAMARA, Recife, Pernambuco, Brasil",-8.1079672,-34.9270139
6348,2019-07-24 08:25:00,SEM VÍTIMA,IBURA,RUA PINTOR AGENOR DE ALBUQUERQUE CESAR,388,325.0,SUBURBIO,ABALROAMENTO TRANSVERSAL,1.0,1.0,1.0,1.0,1.0,1.0,1.0,1.0,1.0,0.0,1.0,Cruzamento,Chuvoso,Não existe,Ilegível,Molhada,Mal conservada,Não há placas,30 km/h,Dupla,"388, RUA PINTOR AGENOR DE ALBUQUERQUE CESAR, Recife, Pernambuco, Brasil",-8.1103211,-34.9418704
5,2019-01-01 09:30:00,COM VÍTIMA,IBURA,AV DOIS RIOS,1392,325.0,SUBURBIO,COLISÃO FRONTAL,1.0,1.0,1.0,1.0,1.0,1.0,1.0,1.0,1.0,2.0,1.0,Longo da via,Bom,Não existe,Perfeito estado,Seca,Perfeito estado,Não há placas,30 km/h,Dupla,"1392, AV DOIS RIOS, Recife, Pernambuco, Brasil",-8.1159721,-34.940694
6247,2019-07-20 10:38:00,COM VÍTIMA,IBURA,AV SANTOS,160 - A,325.0,SUBURBIO,ABALROAMENTO TRANSVERSAL,1.0,2.0,1.0,1.0,1.0,1.0,1.0,1.0,1.0,1.0,1.0,Cruzamento,Chuvoso,Não existe,Incompleta,Molhada,Mal iluminada,Placas Pare,30 km/h,Dupla,"160 - A, AV SANTOS, Recife, Pernambuco, Brasil",-8.1148306,-34.9553924
10603,2019-11-24 10:42:00,COM VÍTIMA,IBURA,AV DOIS RIOS,550,325.0,SUBURBIO,ABALROAMENTO TRANSVERSAL,1.0,1.0,1.0,1.0,1.0,1.0,1.0,1.0,1.0,1.0,1.0,Longo da via,Bom,Não existe,Perfeito estado,Seca,Perfeito estado,Não há placas,30 km/h,Dupla,"550, AV DOIS RIOS, Recife, Pernambuco, Brasil",-8.1127981,-34.938804642131686
10695,2019-11-26 19:17:00,SEM VÍTIMA,IBURA,AV DOIS RIOS, ,323.0,SUBURBIO,COLISÃO TRASEIRA,2.0,1.0,1.0,1.0,1.0,1.0,1.0,1.0,1.0,0.0,1.0,Longo da via,Bom,Sem defeito,Perfeito estado,Seca,Perfeito estado,Não há placas,30 km/h,Dupla," , AV DOIS RIOS, Recife, Pernambuco, Brasil",-8.1124016,-34.9382307
2551,2019-03-23 00:51:00,COM VÍTIMA,IBURA,RUA RIO ACIMA, ,323.0,SUBURBIO,ABALROAMENTO TRANSVERSAL,1.0,1.0,1.0,1.0,1.0,1.0,1.0,1.0,1.0,2.0,1.0,Cruzamento,Bom,Não existe,Incompleta,Seca,Mal iluminada,Não há placas,30 km/h,Dupla," , RUA RIO ACIMA, Recife, Pernambuco, Brasil",-8.1117948,-34.9446908
6325,2019-07-23 14:12:00,COM VÍTIMA,IBURA,TRV JOAO RIO BRANCO DE LIMA, ,323.0,SUBURBIO,COLISÃO,1.0,1.0,1.0,1.0,1.0,1.0,1.0,1.0,1.0,1.0,1.0,Cruzamento,Bom,Não existe,Incompleta,Seca,Mal iluminada,Não há placas,30 km/h,Dupla," , TRV JOAO RIO BRANCO DE LIMA, Recife, Pernambuco, Brasil",-8.1117948,-34.9446908
10687,2019-11-26 15:12:00,SEM VÍTIMA,IBURA,AV DOIS RIOS,1272,323.0,SUBURBIO,ABALROAMENTO TRANSVERSAL,1.0,1.0,1.0,1.0,1.0,1.0,1.0,1.0,1.0,0.0,1.0,Cruzamento,Bom,Sem defeito,Perfeito estado,Seca,Perfeito estado,Outras,30 km/h,Dupla,"1272, AV DOIS RIOS, Recife, Pernambuco, Brasil",-8.1159721,-34.940694