,data_hora,natureza_acidente,bairro,endereco,numero,num_semaforo,sentido_via,tipo,auto,moto,ciclom,ciclista,pedestre,onibus,caminhao,viatura,outros,vitimas,vitimasfatais,acidente_verificado,tempo_clima,situacao_semaforo,sinalizacao,condicao_via,conservacao_via,situacao_placa,velocidade_max_via,mao_direcao,end,latitude,longitude
10927,2019-12-02 15:34:00,SEM VÍTIMA,IBURA,RUA DR OTAVIO DE MORAES VASCONCELOS, ,351.0,CIDADE,COLISÃO,1.0,1.0,1.0,1.0,1.0,1.0,1.0,1.0,1.0,0.0,1.0,Longo da via,Bom,Sem defeito,Perfeito estado,Seca,Perfeito estado,Não há placas,40 km/h,Dupla," , RUA DR OTAVIO DE MORAES VASCONCELOS, Recife, Pernambuco, Brasil",-8.1124016,-34.9382307
3479,2019-04-20 08:02:00,SEM VÍTIMA,IBURA,AV DOM HELDER CAMARA, ,55.0,CIDADE,COLISÃO TRASEIRA,1.0,1.0,1.0,1.0,1.0,1.0,1.0,1.0,1.0,0.0,1.0,Cruzamento,Chuvoso,Sem defeito,Perfeito estado,Molhada,Perfeito estado,Não há placas,40 km/h,Dupla," , AV DOM HELDER CAMARA, Recife, Pernambuco, Brasil",-8.1079672,-34.9270139
10044,2019-11-09 13:59:00,SEM VÍTIMA,IBURA,RUA DR BENIGNO JORDAO DE VASCONCELOS,1315,55.0,CIDADE,COLISÃO,1.0,1.0,1.0,1.0,1.0,1.0,1.0,1.0,1.0,0.0,1.0,Cruzamento,Chuvoso,Sem defeito,Perfeito estado,Molhada,Perfeito estado,Não há placas,40 km/h,Dupla,"1315, RUA DR BENIGNO JORDAO DE VASCONCELOS, Recife, Pernambuco, Brasil",-8.1079672,-34.9270139
8913,2019-10-09 18:05:00,SEM VÍTIMA,IBURA,AV DOIS RIOS,106,55.0,SUBURBIO,ABALROAMENTO LONGITUDINAL,1.0,1.0,1.0,1.0,1.0,1.0,1.0,1.0,1.0,0.0,1.0,Longo da via,Bom,Não existe,Perfeito estado,Seca,Perfeito estado,Não há placas,40 km/h,Dupla,"106, AV DOIS RIOS, Recife, Pernambuco, Brasil",-8.1159721,-34.940694
1912,2019-03-05 19:30:00,SEM VÍTIMA,IBURA,RUA RIACHO DE SANTANA,566,55.0,SUBURBIO,CHOQUE VEÍCULO PARADO,2.0,1.0,1.0,1.0,1.0,1.0,1.0,1.0,1.0,0.0,1.0,Longo da via,Bom,Não existe,Não existente,Seca,Perfeito estado,Não há placas,40 km/h,Dupla,"566, RUA RIACHO DE SANTANA, Recife, Pernambuco, Brasil",-8.1118325,-34.9437522
931,2019-02-05 08:10:00,SEM VÍTIMA,IBURA,AV DOM HELDER CAMARA,40,55.0,CIDADE,ABALROAMENTO LONGITUDINAL,2.0,1.0,1.0,1.0,1.0,1.0,1.0,1.0,1.0,0.0,1.0,Longo da via,Chuvoso,Não existe,Perfeito estado,Seca,Perfeito estado,Não há placas,60 km/h,Dupla,"40, AV DOM HELDER CAMARA, Recife, Pernambuco, Brasil",-8.136113,-34.9695301
5479,2019-06-23 23:24:00,SEM VÍTIMA,IBURA,AV SANTA FE,346,55.0,SUBURBIO,COLISÃO FRONTAL,2.0,1.0,1.0,1.0,1.0,1.0,1.0,1.0,1.0,0.0,1.0,Longo da via,Bom,Não existe,Perfeito estado,Seca,Perfeito estado,R-6a,60 km/h,Dupla,"346, AV SANTA FE, Recife, Pernambuco, Brasil",-8.1184294,-34.954935312317666
3281,2019-04-13 14:12:00,SEM VÍTIMA,IBURA,AV DOIS RIOS, ,351.0,SUBURBIO,ABALROAMENTO LONGITUDINAL,2.0,1.0,1.0,1.0,1.0,1.0,1.0,1.0,1.0,0.0,1.0,Cruzamento,Bom,Sem defeito,Não existente,Seca,Perfeito estado,Não há placas,60 km/h,Dupla," , AV DOIS RIOS, Recife, Pernambuco, Brasil",-8.1124016,-34.9382307
3188,2019-04-10 21:34:00,SEM VÍTIMA,IBURA,AV DOM HELDER CAMARA, ,351.0,SUBURBIO,COLISÃO TRASEIRA,2.0,1.0,1.0,1.0,1.0,1.0,1.0,1.0,1.0,0.0,1.0,Longo da via,Bom,Não existe,Perfeito estado,Seca,Perfeito estado,Não há placas,60 km/h,Dupla," , AV DOM HELDER CAMARA, Recife, Pernambuco, Brasil",-8.1079672,-34.9270139
10162,2019-11-12 16:46:00,COM VÍTIMA,IBURA,AV DOIS RIOS, ,351.0,CIDADE,ABALROAMENTO LONGITUDINAL,1.0,1.0,1.0,1.0,1.0,1.0,1.0,1.0,1.0,1.0,1.0,Longo da via,Bom,Não existe,Perfeito estado,Seca,Perfeito estado,Não há placas,60 km/h,Dupla," , AV DOIS RIOS, Recife, Pernambuco, Brasil",-8.1124016,-34.9382307
8816,2019-10-07 11:59:00,SEM VÍTIMA,IBURA,AV SERRA DA MANTIQUEIRA, ,351.0,CIDADE,ABALROAMENTO LONGITUDINAL,1.0,1.0,1.0,1.0,1.0,1.0,1.0,1.0,1.0,0.0,1.0,Longo da via,Bom,Não existe,Não existente,Seca,Perfeito estado,Não há placas,60 km/h,Dupla," , AV SERRA DA MANTIQUEIRA, Recife, Pernambuco, Brasil",-8.1124567,-34.9591287
5654,2019-06-29 15:53:00,SEM VÍTIMA,IBURA,RUA EXP FRANCISCO VITORIANO, ,351.0,SUBURBIO,ABALROAMENTO LONGITUDINAL,1.0,1.0,1.0,1.0,1.0,1.0,1.0,1.0,1.0,0.0,1.0,Longo da via,Bom,Não existe,Perfeito estado,Seca,Perfeito estado,R-6a,60 km/h,Dupla," , RUA EXP FRANCISCO VITORIANO, Recife, Pernambuco, Brasil",-8.1124567,-34.9591287
11777,2019-12-21 13:06:00,SEM VÍTIMA,IBURA,RUA EXP FRANCISCO VITORIANO,116,351.0,CIDADE,ABALROAMENTO LONGITUDINAL,1.0,1.0,1.0,1.0,1.0,1.0,1.0,1.0,1.0,0.0,1.0,Longo da via,Bom,Não existe,Incompleta,Seca,Mal conservada,R-6a,60 km/h,Dupla,"116, RUA EXP FRANCISCO VITORIANO, Recife, Pernambuco, Brasil",-8.1124567,-34.9591287
5643,2019-06-29 07:52:00,SEM VÍTIMA,IBURA,AV DOIS RIOS, ,351.0,CIDADE,COLISÃO,2.0,1.0,1.0,1.0,1.0,1.0,1.0,1.0,1.0,0.0,1.0,Longo da via,Bom,Não existe,Incompleta,Seca,Mal conservada,R-6a,60 km/h,Dupla," , AV DOIS RIOS, Recife, Pernambuco, Brasil",-8.1124016,-34.9382307
3226,2019-04-12 07:31:00,SEM VÍTIMA,IBURA,RUA CAPITAO VICENTE CURADO, ,351.0,SUBURBIO,COLISÃO TRASEIRA,2.0,1.0,1.0,1.0,1.0,1.0,1.0,1.0,1.0,0.0,1.0,Longo da via,Bom,Não existe,Não existente,Seca,Perfeito estado,Não há placas,60 km/h,Dupla," , RUA CAPITAO VICENTE CURADO, Recife, Pernambuco, Brasil",-8.1322994,-34.9483463
895,2019-02-03 22:17:00,SEM VÍTIMA,IBURA,AV DOIS RIOS,1399,351.0,SUBURBIO,CHOQUE VEÍCULO PARADO,1.0,1.0,1.0,1.0,1.0,1.0,1.0,1.0,1.0,0.0,1.0,Longo da via,Chuvoso,Não existe,Incompleta,Molhada,Mal iluminada,Não há placas,60 km/h,Dupla,"1399, AV DOIS RIOS, Recife, Pernambuco, Brasil",-8.1159721,-34.940694
902,2019-02-04 08:15:00,SEM VÍTIMA,IBURA,RUA RIO XINGU, ,351.0,SUB/CID,ABALROAMENTO LONGITUDINAL,1.0,1.0,1.0,1.0,1.0,1.0,1.0,1.0,1.0,0.0,1.0,Longo da via,Chuvoso,Não existe,Não existente,Molhada,Mal conservada,Outras,60 km/h,Dupla," , RUA RIO XINGU, Recife, Pernambuco, Brasil",-8.1225074,-34.9352126
5607,2019-06-28 08:25:00,SEM VÍTIMA,IBURA,AV DOIS RIOS, ,351.0,SUBURBIO,ABALROAMENTO LONGITUDINAL,1.0,1.0,1.0,1.0,1.0,1.0,2.0,1.0,1.0,0.0,1.0,Longo da via,Bom,Sem defeito,Ilegível,Molhada,Mal conservada,Não há placas,60 km/h,Dupla," , AV DOIS RIOS, Recife, Pernambuco, Brasil",-8.1124016,-34.9382307
8094,2019-09-17 09:37:00,SEM VÍTIMA,ILHA DO LEITE,RUA ESTADO DE ISRAEL,35,373.0,CIDADE,CHOQUE VEÍCULO PARADO,1.0,1.0,1.0,1.0,1.0,1.0,2.0,1.0,1.0,0.0,1.0,Longo da via,Bom,Sem defeito,Perfeito estado,Seca,Perfeito estado,R-6a,60 km/h,Única,"35, RUA ESTADO DE ISRAEL, Recife, Pernambuco, Brasil",-8.0652746,-34.8939033
8139,2019-09-18 11:18:00,SEM VÍTIMA,ILHA DO LEITE,RUA JOSE DE ALENCAR,725,373.0,CIDADE,CHOQUE VEÍCULO PARADO,2.0,1.0,1.0,1.0,1.0,1.0,2.0,1.0,1.0,0.0,1.0,Longo da via,Bom,Não existe,Incompleta,Seca,Perfeito estado,R-6a,60 km/h,Dupla,"725, RUA JOSE DE ALENCAR, Recife, Pernambuco, Brasil",-8.0645029,-34.89114647815036
7274,2019-08-22 15:09:00,SEM VÍTIMA,ILHA DO LEITE,RUA MARQUES AMORIM, ,373.0,CIDADE,ABALROAMENTO LONGITUDINAL,3.0,1.0,1.0,1.0,1.0,1.0,2.0,1.0,1.0,0.0,1.0,Cruzamento,Bom,Não existe,Não existente,Seca,Mal conservada,Não há placas,60 km/h,Única," , RUA MARQUES AMORIM, Recife, Pernambuco, Brasil",-8.064952,-34.8931877
8276,2019-09-22 13:59:00,SEM VÍTIMA,ILHA DO LEITE,AV GOVERNADOR AGAMENON MAGALHAES,4575,373.0,CIDADE,COLISÃO TRASEIRA,1.0,1.0,1.0,1.0,1.0,1.0,2.0,1.0,1.0,0.0,1.0,Longo da via,Bom,Sem defeito,Perfeito estado,Seca,Perfeito estado,Outras,60 km/h,Dupla,"4575, AV GOVERNADOR AGAMENON MAGALHAES, Recife, Pernambuco, Brasil",-8.06300905,-34.896918970925455
8075,2019-09-16 17:39:00,SEM VÍTIMA,ILHA DO LEITE,RUA PAISSANDU, ,373.0,SUBURBIO,ABALROAMENTO LONGITUDINAL,2.0,1.0,1.0,1.0,1.0,1.0,2.0,1.0,1.0,0.0,1.0,Longo da via,Bom,Não existe,Perfeito estado,Seca,Perfeito estado,Outras,60 km/h,Dupla," , RUA PAISSANDU, Recife, Pernambuco, Brasil",-8.0593916,-34.894114
6925,2019-08-12 10:59:00,COM VÍTIMA,ILHA DO LEITE,RUA SENADOR JOSE HENRIQUE,53,373.0,CIDADE,ABALROAMENTO LONGITUDINAL,1.0,1.0,1.0,1.0,1.0,1.0,2.0,1.0,1.0,1.0,1.0,Cruzamento,Bom,Não existe,Ilegível,Seca,Perfeito estado,Outras,60 km/h,Única,"53, RUA SENADOR JOSE HENRIQUE, Recife, Pernambuco, Brasil",-8.06551645,-34.8942942505781
6817,2019-08-08 19:45:00,SEM VÍTIMA,ILHA DO LEITE,AV LINS PETIT, ,373.0,CIDADE,ABALROAMENTO TRANSVERSAL,2.0,1.0,1.0,1.0,1.0,1.0,2.0,1.0,1.0,0.0,1.0,Longo da via,Bom,Sem defeito,Perfeito estado,Seca,Perfeito estado,Não há placas,60 km/h,Dupla," , AV LINS PETIT, Recife, Pernambuco, Brasil",-8.0615379,-34.895044
7830,2019-09-10 07:21:00,SEM VÍTIMA,ILHA DO LEITE,AV GOVERNADOR AGAMENON MAGALHAES, ,373.0,BOA VIAGEM,COLISÃO,2.0,1.0,1.0,1.0,1.0,1.0,2.0,1.0,1.0,0.0,1.0,Longo da via,Bom,Sem defeito,Perfeito estado,Seca,Perfeito estado,Não há placas,60 km/h,Dupla," , AV GOVERNADOR AGAMENON MAGALHAES, Recife, Pernambuco, Brasil",-8.0615339,-34.8974443
11916,2019-12-26 08:37:00,SEM VÍTIMA,ILHA DO LEITE,AV GOVERNADOR AGAMENON MAGALHAES, ,69.0,SUBURBIO,COLISÃO TRASEIRA,2.0,1.0,1.0,1.0,1.0,1.0,2.0,1.0,1.0,0.0,1.0,Longo da via,Bom,Sem defeito,Perfeito estado,Seca,Perfeito estado,Outras,60 km/h,Dupla," , AV GOVERNADOR AGAMENON MAGALHAES, Recife, Pernambuco, Brasil",-8.0615339,-34.8974443
7813,2019-09-09 16:23:00,SEM VÍTIMA,ILHA DO LEITE,RUA PAISSANDU, ,69.0,SUBURBIO,COLISÃO,2.0,1.0,1.0,1.0,1.0,1.0,2.0,1.0,1.0,0.0,1.0,Longo da via,Bom,Sem defeito,Perfeito estado,Seca,Perfeito estado,Outras,60 km/h,Dupla," , RUA PAISSANDU, Recife, Pernambuco, Brasil",-8.0593916,-34.894114
6934,2019-08-12 14:53:00,SEM VÍTIMA,ILHA DO LEITE,RUA ESTADO DE ISRAEL,30,69.0,SUBURBIO,ABALROAMENTO LONGITUDINAL,2.0,1.0,1.0,1.0,1.0,1.0,2.0,1.0,1.0,0.0,1.0,Cruzamento,Chuvoso,Não existe,Incompleta,Seca,Perfeito estado,R-4a,60 km/h,Única,"30, RUA ESTADO DE ISRAEL, Recife, Pernambuco, Brasil",-8.0652746,-34.8939033
7509,2019-08-30 14:54:00,SEM VÍTIMA,ILHA DO LEITE,RUA MARIO DOMINGUES,152,69.0,SUBURBIO,ABALROAMENTO LONGITUDINAL,2.0,1.0,1.0,1.0,1.0,1.0,2.0,1.0,1.0,0.0,1.0,Longo da via,Bom,Não existe,Não existente,Seca,Perfeito estado,Não há placas,30 km/h,Única,"152, RUA MARIO DOMINGUES, Recife, Pernambuco, Brasil",-8.0598655,-34.89636
6943,2019-08-12 20:28:00,SEM VÍTIMA,ILHA DO LEITE,RUA FRANCISCO ALVES, ,69.0,CIDADE,ABALROAMENTO LONGITUDINAL,2.0,1.0,1.0,1.0,1.0,1.0,2.0,1.0,1.0,0.0,1.0,Longo da via,Bom,Não existe,Perfeito estado,Seca,Perfeito estado,Não há placas,30 km/h,Única," , RUA FRANCISCO ALVES, Recife, Pernambuco, Brasil",-8.0665387,-34.8954211
8146,2019-09-18 14:07:00,SEM VÍTIMA,ILHA DO LEITE,AV GOVERNADOR AGAMENON MAGALHAES, ,69.0,CIDADE,COLISÃO TRASEIRA,2.0,1.0,1.0,1.0,1.0,1.0,2.0,1.0,1.0,0.0,1.0,Longo da via,Bom,Não existe,Perfeito estado,Seca,Perfeito estado,Não há placas,60 km/h,Dupla," , AV GOVERNADOR AGAMENON MAGALHAES, Recife, Pernambuco, Brasil",-8.0615339,-34.8974443
8273,2019-09-22 08:51:00,COM VÍTIMA,ILHA DO LEITE,RUA FRANCISCO ALVES,325,69.0,CIDADE,COLISÃO TRASEIRA,1.0,1.0,1.0,1.0,1.0,1.0,2.0,1.0,1.0,1.0,1.0,Longo da via,Bom,Não existe,Incompleta,Seca,Perfeito estado,Outras,60 km/h,Dupla,"325, RUA FRANCISCO ALVES, Recife, Pernambuco, Brasil",-8.06805035,-34.89274912017474
7468,2019-08-29 13:45:00,SEM VÍTIMA,ILHA DO LEITE,RUA PAISSANDU,112,69.0,CIDADE,ABALROAMENTO LONGITUDINAL,1.0,1.0,1.0,1.0,1.0,1.0,1.0,1.0,1.0,0.0,1.0,Longo da via,Bom,Não existe,Perfeito estado,Seca,Perfeito estado,R-6a,40 km/h,Única,"112, RUA PAISSANDU, Recife, Pernambuco, Brasil",-8.0593916,-34.894114
8216,2019-09-20 13:31:00,SEM VÍTIMA,ILHA DO LEITE,RUA FRANCISCO ALVES, ,69.0,CIDADE,ABALROAMENTO LONGITUDINAL,1.0,1.0,1.0,1.0,1.0,1.0,1.0,1.0,1.0,0.0,1.0,Longo da via,Chuvoso,Sem defeito,Perfeito estado,Molhada,Perfeito estado,Outras,40 km/h,Dupla," , RUA FRANCISCO ALVES, Recife, Pernambuco, Brasil",-8.0665387,-34.8954211
115,2019-01-05 12:37:00,COM VÍTIMA,ILHA DO LEITE,AV LINS PETIT, ,69.0,CIDADE,ACID. DE PERCURSO,1.0,1.0,1.0,1.0,1.0,1.0,1.0,1.0,1.0,1.0,1.0,Longo da via,Chuvoso,Sem defeito,Perfeito estado,Molhada,Perfeito estado,Outras,40 km/h,Dupla," , AV LINS PETIT, Recife, Pernambuco, Brasil",-8.0615379,-34.895044
7700,2019-09-05 15:42:00,SEM VÍTIMA,ILHA DO LEITE,AV LINS PETIT, ,69.0,SUBURBIO,COLISÃO TRASEIRA,2.0,1.0,1.0,1.0,1.0,1.0,1.0,1.0,1.0,0.0,1.0,Longo da via,Bom,Não existe,Perfeito estado,Seca,Perfeito estado,Não há placas,30 km/h,Única," , nan, Recife, Pernambuco, Brasil",-8.0584933,-34.8848193
8105,2019-09-17 11:38:00,COM VÍTIMA,ILHA DO LEITE,AV GOVERNADOR AGAMENON MAGALHAES, ,69.0,OLINDA,ATROPELAMENTO,2.0,1.0,1.0,1.0,1.0,1.0,1.0,1.0,1.0,1.0,1.0,Longo da via,Bom,Não existe,Perfeito estado,Seca,Perfeito estado,Não há placas,30 km/h,Única," , AV GOVERNADOR AGAMENON MAGALHAES, Recife, Pernambuco, Brasil",-8.0615339,-34.8974443
228,2019-01-10 07:40:00,SEM VÍTIMA,ILHA DO LEITE,RUA DR JOAO ASFORA, ,69.0,CIDADE,ABALROAMENTO LONGITUDINAL,2.0,1.0,1.0,1.0,1.0,1.0,1.0,1.0,1.0,0.0,1.0,Longo da via,Bom,Não existe,Perfeito estado,Seca,Perfeito estado,Não há placas,30 km/h,Única," , RUA DR JOAO ASFORA, Recife, Pernambuco, Brasil",-8.0615339,-34.8974443
8244,2019-09-21 09:42:00,SEM VÍTIMA,ILHA DO LEITE,AV GOVERNADOR AGAMENON MAGALHAES, ,69.0,CIDADE,COLISÃO TRASEIRA,1.0,1.0,1.0,1.0,1.0,1.0,1.0,1.0,1.0,0.0,1.0,Longo da via,Bom,Sem defeito,Perfeito estado,Seca,Perfeito estado,Não há placas,60 km/h,Dupla," , AV GOVERNADOR AGAMENON MAGALHAES, Recife, Pernambuco, Brasil",-8.0615339,-34.8974443
7402,2019-08-27 09:41:00,SEM VÍTIMA,ILHA DO LEITE,AV GOVERNADOR AGAMENON MAGALHAES, ,69.0,SUBURBIO,ABALROAMENTO LONGITUDINAL,1.0,1.0,1.0,1.0,1.0,1.0,1.0,1.0,1.0,0.0,1.0,Longo da via,Bom,Não existe,Perfeito estado,Seca,Perfeito estado,R-6a,60 km/h,Dupla," , AV GOVERNADOR AGAMENON MAGALHAES, Recife, Pernambuco, Brasil",-8.0615339,-34.8974443
7438,2019-08-28 13:52:00,SEM VÍTIMA,ILHA DO LEITE,AV LINS PETIT, ,69.0,SUBURBIO,ABALROAMENTO LONGITUDINAL,1.0,1.0,1.0,1.0,1.0,1.0,1.0,1.0,1.0,0.0,1.0,Longo da via,Bom,Não existe,Perfeito estado,Seca,Perfeito estado,Não há placas,60 km/h,Dupla," , AV LINS PETIT, Recife, Pernambuco, Brasil",-8.0615379,-34.895044
7637,2019-09-03 17:58:00,SEM VÍTIMA,ILHA DO LEITE,AV GOVERNADOR AGAMENON MAGALHAES, ,69.0,CIDADE,ABALROAMENTO LONGITUDINAL,1.0,1.0,1.0,1.0,1.0,1.0,1.0,1.0,1.0,0.0,1.0,Longo da via,Bom,Sem defeito,Perfeito estado,Seca,Perfeito estado,Não há placas,60 km/h,Dupla," , AV GOVERNADOR AGAMENON MAGALHAES, Recife, Pernambuco, Brasil",-8.0615339,-34.8974443
7780,2019-09-08 17:09:00,SEM VÍTIMA,ILHA DO LEITE,AV BEIRA RIO,400,69.0,CIDADE,ABALROAMENTO LONGITUDINAL,1.0,1.0,1.0,1.0,1.0,1.0,1.0,1.0,1.0,0.0,1.0,Longo da via,Bom,Não existe,Perfeito estado,Seca,Perfeito estado,Outras,60 km/h,Dupla,"400, AV BEIRA RIO, Recife, Pernambuco, Brasil",-8.0655053,-34.9015459
8125,2019-09-17 18:59:00,SEM VÍTIMA,ILHA DO LEITE,AV FREI MATIAS TEVES, ,69.0,SUBURBIO,ABALROAMENTO TRANSVERSAL,2.0,1.0,1.0,1.0,1.0,1.0,1.0,1.0,1.0,0.0,1.0,Cruzamento,Chuvoso,Não existe,Perfeito estado,Molhada,Perfeito estado,Placas Pare,30 km/h,Única," , AV FREI MATIAS TEVES, Recife, Pernambuco, Brasil",-8.0655053,-34.9015459
6409,2019-07-26 14:48:00,SEM VÍTIMA,ILHA DO LEITE,PRC MIGUEL DE CERVANTES, ,69.0,SUBURBIO,ABALROAMENTO LONGITUDINAL,2.0,1.0,1.0,1.0,1.0,1.0,1.0,1.0,1.0,0.0,1.0,Cruzamento,Chuvoso,Não existe,Perfeito estado,Molhada,Perfeito estado,Outras,30 km/h,Única," , PRC MIGUEL DE CERVANTES, Recife, Pernambuco, Brasil",-8.0655053,-34.9015459
6501,2019-07-30 15:11:00,SEM VÍTIMA,ILHA DO LEITE,RUA DOS COELHOS, ,69.0,SUBURBIO,COLISÃO,2.0,1.0,1.0,1.0,1.0,1.0,1.0,1.0,1.0,0.0,1.0,Cruzamento,Chuvoso,Não existe,Perfeito estado,Molhada,Perfeito estado,Outras,30 km/h,Única," , RUA DOS COELHOS, Recife, Pernambuco, Brasil",-8.0670947,-34.890034
11941,2019-12-26 16:44:00,COM VÍTIMA,ILHA DO LEITE,RUA JOSE DE ALENCAR,959,69.0,CIDADE,ABALROAMENTO TRANSVERSAL,1.0,1.0,1.0,1.0,1.0,1.0,1.0,1.0,1.0,1.0,1.0,Longo da via,Bom,Não existe,Perfeito estado,Seca,Perfeito estado,Placas Dê a preferência,30 km/h,Dupla,"959, RUA JOSE DE ALENCAR, Recife, Pernambuco, Brasil",-8.06601805,-34.892766538796764
7740,2019-09-06 20:58:00,SEM VÍTIMA,ILHA DO LEITE,RUA GENERAL JOAQUIM INACIO,830,69.0,CIDADE,ABALROAMENTO LONGITUDINAL,2.0,1.0,1.0,1.0,1.0,1.0,1.0,1.0,1.0,0.0,1.0,Longo da via,Bom,Não existe,Ilegível,Seca,Mal iluminada,Não há placas,30 km/h,Única,"830, RUA GENERAL JOAQUIM INACIO, Recife, Pernambuco, Brasil",-8.06601805,-34.892766538796764
7381,2019-08-26 13:52:00,SEM VÍTIMA,ILHA DO LEITE,PTE JOSE DE BARROS LIMA, ,69.0,SUBURBIO,COLISÃO TRASEIRA,2.0,1.0,1.0,1.0,1.0,1.0,1.0,1.0,1.0,0.0,1.0,Ponte,Bom,Não existe,Perfeito estado,Seca,Mal conservada,Não há placas,30 km/h,Dupla," , PTE JOSE DE BARROS LIMA, Recife, Pernambuco, Brasil",-8.06601805,-34.892766538796764
7091,2019-08-16 18:17:00,SEM VÍTIMA,ILHA DO LEITE,PTE JOSE DE BARROS LIMA, ,69.0,CIDADE,COLISÃO TRASEIRA,2.0,1.0,1.0,1.0,1.0,1.0,1.0,1.0,1.0,0.0,1.0,Ponte,Chuvoso,Não existe,Não existente,Molhada,Perfeito estado,Não há placas,30 km/h,Dupla," , PTE JOSE DE BARROS LIMA, Recife, Pernambuco, Brasil",-8.06601805,-34.892766538796764
8133,2019-09-18 09:27:00,SEM VÍTIMA,ILHA DO LEITE,RUA ESTADO DE ISRAEL, ,69.0,CIDADE,COLISÃO TRASEIRA,2.0,1.0,1.0,1.0,1.0,1.0,1.0,1.0,1.0,0.0,1.0,Longo da via,Bom,Não existe,Perfeito estado,Seca,Perfeito estado,R-6a,30 km/h,Única," , RUA ESTADO DE ISRAEL, Recife, Pernambuco, Brasil",-8.0652746,-34.8939033
8089,2019-09-17 08:21:00,SEM VÍTIMA,ILHA DO LEITE,RUA DR JOAO ASFORA, ,69.0,CIDADE,COLISÃO,2.0,1.0,1.0,1.0,1.0,1.0,1.0,1.0,1.0,0.0,1.0,Longo da via,Bom,Não existe,Perfeito estado,Seca,Perfeito estado,R-6a,30 km/h,Única," , RUA DR JOAO ASFORA, Recife, Pernambuco, Brasil",-8.0652746,-34.8939033
7960,2019-09-13 09:18:00,SEM VÍTIMA,ILHA DO LEITE,RUA GENERAL JOAQUIM INACIO, ,69.0,CIDADE,COLISÃO,2.0,1.0,1.0,1.0,1.0,1.0,1.0,1.0,1.0,0.0,1.0,Longo da via,Bom,Não existe,Perfeito estado,Seca,Perfeito estado,R-6a,30 km/h,Única," , RUA GENERAL JOAQUIM INACIO, Recife, Pernambuco, Brasil",-8.0652746,-34.8939033
10707,2019-11-27 09:24:00,SEM VÍTIMA,ILHA DO LEITE,RUA GENERAL JOAQUIM INACIO,412,69.0,SUBURBIO,COLISÃO TRASEIRA,2.0,1.0,1.0,1.0,1.0,1.0,1.0,1.0,1.0,0.0,1.0,Longo da via,Bom,Sem defeito,Perfeito estado,Seca,Perfeito estado,Não há placas,30 km/h,Dupla,"412, RUA GENERAL JOAQUIM INACIO, Recife, Pernambuco, Brasil",-8.0652746,-34.8939033
10043,2019-11-09 13:20:00,SEM VÍTIMA,ILHA DO LEITE,AV GOVERNADOR AGAMENON MAGALHAES, ,69.0,SUBURBIO,COLISÃO TRASEIRA,1.0,1.0,1.0,1.0,1.0,1.0,1.0,1.0,1.0,0.0,1.0,Longo da via,Bom,Sem defeito,Perfeito estado,Seca,Perfeito estado,Não há placas,30 km/h,Dupla," , AV GOVERNADOR AGAMENON MAGALHAES, Recife, Pernambuco, Brasil",-8.0615339,-34.8974443
5613,2019-06-28 13:32:00,SEM VÍTIMA,ILHA DO LEITE,RUA GENERAL JOAQUIM INACIO,465,69.0,SUBURBIO,COLISÃO TRASEIRA,1.0,1.0,1.0,1.0,1.0,1.0,1.0,1.0,1.0,0.0,1.0,Longo da via,Chuvoso,Sem defeito,Perfeito estado,Molhada,Perfeito estado,R-6a,30 km/h,Única,"465, RUA GENERAL JOAQUIM INACIO, Recife, Pernambuco, Brasil",-8.0615339,-34.8974443
6022,2019-07-12 15:04:00,SEM VÍTIMA,ILHA DO LEITE,AV GOVERNADOR AGAMENON MAGALHAES,4318,69.0,SUBURBIO,ABALROAMENTO LONGITUDINAL,1.0,1.0,1.0,1.0,1.0,1.0,1.0,1.0,1.0,0.0,1.0,Longo da via,Bom,Não existe,Perfeito estado,Seca,Perfeito estado,Outras,60 km/h,Dupla,"4318, AV GOVERNADOR AGAMENON MAGALHAES, Recife, Pernambuco, Brasil",-8.0555157,-34.8982845
5103,2019-06-11 13:08:00,SEM VÍTIMA,ILHA DO LEITE,AV GOVERNADOR AGAMENON MAGALHAES, ,69.0,SUBURBIO,COLISÃO TRASEIRA,2.0,1.0,1.0,1.0,1.0,1.0,1.0,1.0,1.0,0.0,1.0,Longo da via,Bom,Não existe,Não existente,Seca,Perfeito estado,Não há placas,60 km/h,Dupla," , AV GOVERNADOR AGAMENON MAGALHAES, Recife, Pernambuco, Brasil",-8.0615339,-34.8974443
3966,2019-05-05 10:58:00,SEM VÍTIMA,ILHA DO LEITE,RUA ESTADO DE ISRAEL,228,69.0,CIDADE,CHOQUE VEÍCULO PARADO,4.0,1.0,1.0,1.0,1.0,1.0,1.0,1.0,1.0,0.0,1.0,Longo da via,Bom,Não existe,Perfeito estado,Seca,Perfeito estado,R-6a,60 km/h,Única,"228, RUA ESTADO DE ISRAEL, Recife, Pernambuco, Brasil",-8.0643979,-34.8941969
10526,2019-11-22 08:08:00,SEM VÍTIMA,ILHA DO LEITE,AV GOVERNADOR AGAMENON MAGALHAES,4775,69.0,CIDADE,ABALROAMENTO LONGITUDINAL,2.0,1.0,1.0,1.0,1.0,1.0,1.0,1.0,1.0,0.0,1.0,Longo da via,Bom,Sem defeito,Perfeito estado,Seca,Perfeito estado,R-6a,60 km/h,Dupla,"4775, AV GOVERNADOR AGAMENON MAGALHAES, Recife, Pernambuco, Brasil",-8.064121,-34.89671307497645