,data_hora,natureza_acidente,bairro,endereco,numero,num_semaforo,sentido_via,tipo,auto,moto,ciclom,ciclista,pedestre,onibus,caminhao,viatura,outros,vitimas,vitimasfatais,acidente_verificado,tempo_clima,situacao_semaforo,sinalizacao,condicao_via,conservacao_via,situacao_placa,velocidade_max_via,mao_direcao,end,latitude,longitude
11598,2019-12-17 11:47:00,SEM VÍTIMA,ILHA DO LEITE,RUA SENADOR JOSE HENRIQUE, ,69.0,CIDADE,COLISÃO,2.0,1.0,1.0,1.0,1.0,1.0,1.0,1.0,1.0,0.0,1.0,Longo da via,Bom,Sem defeito,Perfeito estado,Seca,Perfeito estado,R-6a,60 km/h,Dupla," , RUA SENADOR JOSE HENRIQUE, Recife, Pernambuco, Brasil",-8.0652448,-34.8949599
680,2019-01-26 21:57:00,SEM VÍTIMA,ILHA DO LEITE,RUA FRANCISCO ALVES, ,508.0,SUBURBIO,ABALROAMENTO LONGITUDINAL,1.0,1.0,1.0,1.0,1.0,1.0,1.0,1.0,1.0,0.0,1.0,Cruzamento,Bom,Sem defeito,Perfeito estado,Seca,Perfeito estado,Não há placas,60 km/h,Dupla," , RUA FRANCISCO ALVES, Recife, Pernambuco, Brasil",-8.0665387,-34.8954211
4405,2019-05-20 10:26:00,SEM VÍTIMA,ILHA DO LEITE,AV ENGENHEIRO AGAMENON DE MAGALHAES MELO, ,250.0,SUBURBIO,COLISÃO TRASEIRA,2.0,1.0,1.0,1.0,1.0,1.0,1.0,1.0,1.0,0.0,1.0,Longo da via,Bom,Sem defeito,Perfeito estado,Seca,Perfeito estado,Não há placas,60 km/h,Dupla," , AV ENGENHEIRO AGAMENON DE MAGALHAES MELO, Recife, Pernambuco, Brasil",-8.0282901,-34.8954276
5109,2019-06-11 15:18:00,SEM VÍTIMA,ILHA DO LEITE,AV GOVERNADOR AGAMENON MAGALHAES,4775,250.0,SUBURBIO,COLISÃO TRASEIRA,1.0,1.0,1.0,1.0,1.0,1.0,1.0,1.0,1.0,0.0,1.0,Longo da via,Bom,Não existe,Perfeito estado,Seca,Perfeito estado,Não há placas,60 km/h,Única,"4775, AV GOVERNADOR AGAMENON MAGALHAES, Recife, Pernambuco, Brasil",-8.064121,-34.89671307497645
9804,2019-11-04 07:25:00,SEM VÍTIMA,ILHA DO LEITE,RUA JOSE DE ALENCAR, ,250.0,SUBURBIO,COLISÃO TRASEIRA,2.0,1.0,1.0,1.0,1.0,1.0,1.0,1.0,1.0,0.0,1.0,Longo da via,Bom,Não existe,Perfeito estado,Seca,Perfeito estado,R-6a,60 km/h,Dupla," , RUA JOSE DE ALENCAR, Recife, Pernambuco, Brasil",-8.1125257,-34.956528
10503,2019-11-21 16:05:00,SEM VÍTIMA,ILHA DO LEITE,RUA JOSE DE ALENCAR,15,250.0,SUBURBIO,ABALROAMENTO TRANSVERSAL,2.0,1.0,1.0,1.0,1.0,1.0,1.0,1.0,1.0,0.0,1.0,Cruzamento,Bom,Não existe,Ilegível,Seca,Mal iluminada,Placas Pare,60 km/h,Dupla,"15, RUA JOSE DE ALENCAR, Recife, Pernambuco, Brasil",-8.1125257,-34.956528
3717,2019-04-27 12:48:00,SEM VÍTIMA,ILHA DO LEITE,AV GOVERNADOR AGAMENON MAGALHAES,4775,250.0,SUBURBIO,ABALROAMENTO LONGITUDINAL,1.0,1.0,1.0,1.0,1.0,1.0,1.0,1.0,1.0,0.0,1.0,Longo da via,Bom,Não existe,Perfeito estado,Seca,Perfeito estado,R-6a,60 km/h,Dupla,"4775, AV GOVERNADOR AGAMENON MAGALHAES, Recife, Pernambuco, Brasil",-8.064121,-34.89671307497645
5112,2019-06-11 18:16:00,SEM VÍTIMA,ILHA DO LEITE,AV FREI MATIAS TEVES, ,250.0,SUBURBIO,COLISÃO TRASEIRA,2.0,1.0,1.0,1.0,1.0,1.0,1.0,1.0,1.0,0.0,1.0,Longo da via,Bom,Não existe,Perfeito estado,Seca,Perfeito estado,Placas Pare,60 km/h,Única," , AV FREI MATIAS TEVES, Recife, Pernambuco, Brasil",-8.064121,-34.89671307497645
1859,2019-03-02 09:44:00,APOIO,ILHA DO LEITE,VIADUTO CAPITAO TEMUDO, ,250.0,BOA VIAGEM,COLISÃO,2.0,1.0,1.0,1.0,1.0,1.0,1.0,1.0,1.0,0.0,1.0,Longo da via,Bom,Não existe,Perfeito estado,Seca,Perfeito estado,Placas Pare,60 km/h,Única," , VIADUTO CAPITAO TEMUDO, Recife, Pernambuco, Brasil",-8.075106,-34.8934944
9951,2019-11-07 15:16:00,SEM VÍTIMA,ILHA DO LEITE,PRC MIGUEL DE CERVANTES,60,250.0,CIDADE,ABALROAMENTO TRANSVERSAL,2.0,1.0,1.0,1.0,1.0,1.0,1.0,1.0,1.0,0.0,1.0,Longo da via,Bom,Não existe,Perfeito estado,Seca,Perfeito estado,Placas Pare,60 km/h,Única,"60, PRC MIGUEL DE CERVANTES, Recife, Pernambuco, Brasil",-8.075106,-34.8934944
2995,2019-04-05 11:20:00,COM VÍTIMA,ILHA DO LEITE,AV FREI MATIAS TEVES,210,250.0,SUBURBIO,ABALROAMENTO TRANSVERSAL,2.0,2.0,1.0,1.0,1.0,1.0,1.0,1.0,1.0,1.0,1.0,Cruzamento,Bom,Não existe,Não existente,Seca,Perfeito estado,Placas Pare,30 km/h,Única,"210, AV FREI MATIAS TEVES, Recife, Pernambuco, Brasil",-8.075106,-34.8934944
8985,2019-10-11 18:04:00,SEM VÍTIMA,ILHA DO LEITE,RUA ESTADO DE ISRAEL, ,250.0,SUBURBIO,COLISÃO,2.0,2.0,1.0,1.0,1.0,1.0,1.0,1.0,1.0,0.0,1.0,Cruzamento,Bom,Não existe,Não existente,Seca,Perfeito estado,Placas Pare,30 km/h,Única," , RUA ESTADO DE ISRAEL, Recife, Pernambuco, Brasil",-8.0652746,-34.8939033
3478,2019-04-20 07:18:00,COM VÍTIMA,ILHA DO LEITE,RUA SENADOR JOSE HENRIQUE,141,250.0,SUBURBIO,ABALROAMENTO LONGITUDINAL,2.0,2.0,1.0,1.0,1.0,1.0,1.0,1.0,1.0,1.0,1.0,Cruzamento,Chuvoso,Não existe,Perfeito estado,Molhada,Perfeito estado,Placas Pare,30 km/h,Única,"141, RUA SENADOR JOSE HENRIQUE, Recife, Pernambuco, Brasil",-8.06572855,-34.89514054386349
3267,2019-04-13 08:52:00,SEM VÍTIMA,ILHA DO LEITE,AV GOVERNADOR AGAMENON MAGALHAES, ,250.0,CIDADE,ABALROAMENTO LONGITUDINAL,1.0,2.0,1.0,1.0,1.0,1.0,1.0,1.0,1.0,0.0,1.0,Longo da via,Chuvoso,Não existe,Perfeito estado,Molhada,Perfeito estado,Outras,60 km/h,Dupla," , AV GOVERNADOR AGAMENON MAGALHAES, Recife, Pernambuco, Brasil",-8.0615339,-34.8974443
6116,2019-07-15 18:57:00,SEM VÍTIMA,ILHA DO LEITE,AV FREI MATIAS TEVES, ,250.0,SUBURBIO,ABALROAMENTO TRANSVERSAL,2.0,2.0,1.0,1.0,1.0,1.0,1.0,1.0,1.0,0.0,1.0,Cruzamento,Bom,Não existe,Perfeito estado,Seca,Perfeito estado,Não há placas,60 km/h,Única," , AV FREI MATIAS TEVES, Recife, Pernambuco, Brasil",-8.0615339,-34.8974443
8460,2019-09-27 14:24:00,SEM VÍTIMA,ILHA DO LEITE,AV GOVERNADOR AGAMENON MAGALHAES, ,250.0,SUBURBIO,COLISÃO,2.0,2.0,1.0,1.0,1.0,1.0,1.0,1.0,1.0,0.0,1.0,Cruzamento,Bom,Não existe,Perfeito estado,Seca,Perfeito estado,Não há placas,60 km/h,Única," , AV GOVERNADOR AGAMENON MAGALHAES, Recife, Pernambuco, Brasil",-8.0615339,-34.8974443
4845,2019-06-04 05:38:00,SEM VÍTIMA,ILHA DO LEITE,PRC MIGUEL DE CERVANTES, ,250.0,CIDADE,ABALROAMENTO TRANSVERSAL,1.0,2.0,1.0,1.0,1.0,1.0,1.0,1.0,1.0,0.0,1.0,Cruzamento,Bom,Não existe,Perfeito estado,Seca,Perfeito estado,Placas Pare,60 km/h,Única," , PRC MIGUEL DE CERVANTES, Recife, Pernambuco, Brasil",-8.0615339,-34.8974443
1056,2019-02-08 09:00:00,SEM VÍTIMA,ILHA DO LEITE,PRC MIGUEL DE CERVANTES, ,250.0,SUBURBIO,ABALROAMENTO TRANSVERSAL,2.0,2.0,1.0,1.0,1.0,1.0,1.0,1.0,1.0,0.0,1.0,Longo da via,Bom,Não existe,Perfeito estado,Seca,Perfeito estado,Placas Pare,60 km/h,Única," , PRC MIGUEL DE CERVANTES, Recife, Pernambuco, Brasil",-8.0615339,-34.8974443
4010,2019-05-07 10:42:00,SEM VÍTIMA,ILHA DO LEITE,RUA JOSE DE ALENCAR,311,250.0,CIDADE,ABALROAMENTO TRANSVERSAL,1.0,2.0,1.0,1.0,1.0,1.0,1.0,1.0,1.0,0.0,1.0,Longo da via,Bom,Não existe,Incompleta,Seca,Perfeito estado,Não há placas,60 km/h,Dupla,"311, RUA JOSE DE ALENCAR, Recife, Pernambuco, Brasil",-8.1125257,-34.956528
5271,2019-06-16 08:41:00,SEM VÍTIMA,ILHA DO LEITE,RUA ESTADO DE ISRAEL,245,250.0,CIDADE,ABALROAMENTO LONGITUDINAL,1.0,2.0,1.0,1.0,1.0,1.0,1.0,1.0,1.0,0.0,1.0,Cruzamento,Chuvoso,Não existe,Perfeito estado,Molhada,Perfeito estado,Outras,60 km/h,Única,"245, RUA ESTADO DE ISRAEL, Recife, Pernambuco, Brasil",-8.0652746,-34.8939033
2509,2019-03-22 08:06:00,SEM VÍTIMA,ILHA DO LEITE,RUA GENERAL JOAQUIM INACIO, ,250.0,SUBURBIO,ABALROAMENTO LONGITUDINAL,1.0,1.0,1.0,1.0,1.0,1.0,1.0,1.0,1.0,0.0,1.0,Longo da via,Bom,Sem defeito,Perfeito estado,Seca,Perfeito estado,R-6a,60 km/h,Única," , RUA GENERAL JOAQUIM INACIO, Recife, Pernambuco, Brasil",-8.0652746,-34.8939033
1720,2019-02-27 07:44:00,SEM VÍTIMA,ILHA DO LEITE,RUA ANTONIO GOMES DE FREITAS,191,490.0,SUBURBIO,ABALROAMENTO LONGITUDINAL,2.0,1.0,1.0,1.0,1.0,1.0,1.0,1.0,1.0,0.0,1.0,Cruzamento,Bom,Sem defeito,Perfeito estado,Seca,Perfeito estado,Outras,60 km/h,Única,"191, RUA ANTONIO GOMES DE FREITAS, Recife, Pernambuco, Brasil",-8.0664679,-34.894994331777106
5581,2019-06-27 11:23:00,SEM VÍTIMA,ILHA DO LEITE,AV GOVERNADOR AGAMENON MAGALHAES, ,490.0,SUBURBIO,ABALROAMENTO LONGITUDINAL,2.0,1.0,1.0,1.0,1.0,1.0,1.0,1.0,1.0,0.0,1.0,Longo da via,Bom,Não existe,Perfeito estado,Seca,Perfeito estado,Outras,60 km/h,Dupla," , AV GOVERNADOR AGAMENON MAGALHAES, Recife, Pernambuco, Brasil",-8.0615339,-34.8974443
1330,2019-02-15 17:09:00,SEM VÍTIMA,ILHA DO LEITE,AV GOVERNADOR AGAMENON MAGALHAES,550,68.0,SUBURBIO,COLISÃO TRASEIRA,1.0,1.0,1.0,1.0,1.0,1.0,1.0,1.0,1.0,0.0,1.0,Longo da via,Bom,Sem defeito,Perfeito estado,Seca,Perfeito estado,Outras,60 km/h,Única,"550, AV GOVERNADOR AGAMENON MAGALHAES, Recife, Pernambuco, Brasil",-8.0603778,-34.8980782
2556,2019-03-23 10:26:00,COM VÍTIMA,ILHA DO LEITE,AV BEIRA RIO, ,68.0,CIDADE,ACID. DE PERCURSO,1.0,1.0,1.0,1.0,1.0,1.0,1.0,1.0,1.0,1.0,1.0,Longo da via,Bom,Sem defeito,Perfeito estado,Seca,Perfeito estado,Não há placas,60 km/h,Única," , AV BEIRA RIO, Recife, Pernambuco, Brasil",-8.0428409,-34.9051443
1283,2019-02-14 14:48:00,COM VÍTIMA,ILHA DO LEITE,AV GOVERNADOR AGAMENON MAGALHAES, ,68.0,CIDADE,COLISÃO COM CICLISTA,1.0,1.0,1.0,1.0,1.0,1.0,1.0,1.0,1.0,1.0,1.0,Longo da via,Bom,Sem defeito,Perfeito estado,Seca,Perfeito estado,Não há placas,60 km/h,Única," , AV GOVERNADOR AGAMENON MAGALHAES, Recife, Pernambuco, Brasil",-8.0615339,-34.8974443
4390,2019-05-19 16:27:00,SEM VÍTIMA,ILHA DO LEITE,AV GOVERNADOR AGAMENON MAGALHAES, ,69.0,SUBURBIO,ABALROAMENTO LONGITUDINAL,2.0,1.0,1.0,1.0,1.0,1.0,1.0,1.0,1.0,0.0,1.0,Cruzamento,Bom,Sem defeito,Perfeito estado,Seca,Perfeito estado,Outras,60 km/h,Única," , AV GOVERNADOR AGAMENON MAGALHAES, Recife, Pernambuco, Brasil",-8.0615339,-34.8974443
2518,2019-03-22 11:32:00,SEM VÍTIMA,ILHA DO LEITE,RUA SENADOR JOSE HENRIQUE,224,69.0,SUBURBIO,COLISÃO,2.0,1.0,1.0,1.0,1.0,1.0,1.0,1.0,1.0,0.0,1.0,Cruzamento,Bom,Sem defeito,Perfeito estado,Seca,Perfeito estado,Outras,60 km/h,Única,"224, RUA SENADOR JOSE HENRIQUE, Recife, Pernambuco, Brasil",-8.0648982,-34.896136902976096
1610,2019-02-23 16:25:00,SEM VÍTIMA,ILHA DO LEITE,RUA JOSE DE ALENCAR,734,69.0,SUBURBIO,COLISÃO,1.0,1.0,1.0,1.0,1.0,1.0,1.0,1.0,1.0,0.0,1.0,Cruzamento,Bom,Sem defeito,Perfeito estado,Seca,Perfeito estado,Outras,60 km/h,Única,"734, RUA JOSE DE ALENCAR, Recife, Pernambuco, Brasil",-8.0643601,-34.8914774
1395,2019-02-18 10:52:00,SEM VÍTIMA,ILHA DO LEITE,RUA GENERAL JOAQUIM INACIO,400,69.0,SUBURBIO,COLISÃO,2.0,1.0,1.0,1.0,1.0,1.0,1.0,1.0,1.0,0.0,1.0,Cruzamento,Bom,Sem defeito,Perfeito estado,Seca,Perfeito estado,Outras,60 km/h,Única,"400, RUA GENERAL JOAQUIM INACIO, Recife, Pernambuco, Brasil",-8.0643601,-34.8914774
9384,2019-10-22 16:51:00,SEM VÍTIMA,ILHA DO LEITE,RUA ESTADO DE ISRAEL, ,653.0,CIDADE,ABALROAMENTO LONGITUDINAL,1.0,1.0,1.0,1.0,1.0,1.0,1.0,1.0,1.0,0.0,1.0,Longo da via,Bom,Sem defeito,Perfeito estado,Seca,Perfeito estado,Outras,60 km/h,Única," , RUA ESTADO DE ISRAEL, Recife, Pernambuco, Brasil",-8.0652746,-34.8939033
9915,2019-11-06 17:01:00,COM VÍTIMA,ILHA DO LEITE,AV GOVERNADOR AGAMENON MAGALHAES,4775,653.0,OLINDA,COLISÃO TRASEIRA,1.0,1.0,1.0,1.0,1.0,1.0,1.0,1.0,1.0,1.0,1.0,Longo da via,Bom,Não existe,Perfeito estado,Seca,Perfeito estado,R-6a,60 km/h,Única,"4775, AV GOVERNADOR AGAMENON MAGALHAES, Recife, Pernambuco, Brasil",-8.064121,-34.89671307497645
1079,2019-02-08 16:38:00,SEM VÍTIMA,ILHA DO LEITE,RUA ANTONIO GOMES DE FREITAS, ,653.0,CIDADE,ABALROAMENTO LONGITUDINAL,1.0,1.0,1.0,1.0,1.0,1.0,1.0,1.0,1.0,0.0,1.0,Cruzamento,Bom,Não existe,Perfeito estado,Seca,Perfeito estado,Outras,60 km/h,Única," , RUA ANTONIO GOMES DE FREITAS, Recife, Pernambuco, Brasil",-8.0668893,-34.8957474
11575,2019-12-16 20:12:00,SEM VÍTIMA,ILHA DO LEITE,AV GOVERNADOR AGAMENON MAGALHAES, ,653.0,CIDADE,COLISÃO FRONTAL,2.0,1.0,1.0,1.0,1.0,1.0,1.0,1.0,1.0,0.0,1.0,Longo da via,Bom,Sem defeito,Perfeito estado,Seca,Perfeito estado,Não há placas,60 km/h,Dupla," , AV GOVERNADOR AGAMENON MAGALHAES, Recife, Pernambuco, Brasil",-8.0615339,-34.8974443
10393,2019-11-18 18:28:00,SEM VÍTIMA,ILHA DO LEITE,PTE JOSE DE BARROS LIMA, ,653.0,CIDADE,COLISÃO,3.0,1.0,1.0,1.0,1.0,1.0,1.0,1.0,1.0,0.0,1.0,Longo da via,Bom,Sem defeito,Perfeito estado,Seca,Perfeito estado,Não há placas,60 km/h,Dupla," , PTE JOSE DE BARROS LIMA, Recife, Pernambuco, Brasil",-8.0615339,-34.8974443
9243,2019-10-18 12:17:00,SEM VÍTIMA,ILHA DO LEITE,AV GOVERNADOR AGAMENON MAGALHAES, ,653.0,CIDADE,ABALROAMENTO LONGITUDINAL,1.0,1.0,1.0,1.0,1.0,1.0,1.0,1.0,1.0,0.0,1.0,Longo da via,Chuvoso,Com defeito,Perfeito estado,Molhada,Perfeito estado,Não há placas,60 km/h,Dupla," , AV GOVERNADOR AGAMENON MAGALHAES, Recife, Pernambuco, Brasil",-8.0615339,-34.8974443
3689,2019-04-26 18:20:00,SEM VÍTIMA,ILHA DO LEITE,AV FREI MATIAS TEVES, ,653.0,SUBURBIO,ABALROAMENTO TRANSVERSAL,2.0,1.0,1.0,1.0,1.0,1.0,1.0,1.0,1.0,0.0,1.0,Cruzamento,Bom,Não existe,Perfeito estado,Seca,Perfeito estado,Placas Pare,30 km/h,Dupla," , AV FREI MATIAS TEVES, Recife, Pernambuco, Brasil",-8.0615339,-34.8974443
9426,2019-10-24 07:21:00,SEM VÍTIMA,ILHA DO LEITE,AV GOVERNADOR AGAMENON MAGALHAES,4775,653.0,SUBURBIO,COLISÃO TRASEIRA,2.0,1.0,1.0,1.0,1.0,1.0,1.0,1.0,1.0,0.0,1.0,Longo da via,Bom,Não existe,Perfeito estado,Seca,Perfeito estado,Não há placas,30 km/h,Única,"4775, AV GOVERNADOR AGAMENON MAGALHAES, Recife, Pernambuco, Brasil",-8.064121,-34.89671307497645
8703,2019-10-04 12:35:00,SEM VÍTIMA,ILHA DO LEITE,RUA ESTADO DE ISRAEL,140,653.0,SUBURBIO,ABALROAMENTO LONGITUDINAL,2.0,1.0,1.0,1.0,1.0,1.0,1.0,1.0,1.0,0.0,1.0,Longo da via,Bom,Sem defeito,Perfeito estado,Seca,Perfeito estado,Não há placas,30 km/h,Única,"140, RUA ESTADO DE ISRAEL, Recife, Pernambuco, Brasil",-8.064914850000001,-34.893870403088236
4529,2019-05-23 19:33:00,SEM VÍTIMA,ILHA DO LEITE,AV FREI MATIAS TEVES, ,653.0,SUBURBIO,ABALROAMENTO TRANSVERSAL,2.0,1.0,1.0,1.0,1.0,1.0,1.0,1.0,1.0,0.0,1.0,Cruzamento,Bom,Não existe,Perfeito estado,Seca,Perfeito estado,Placas Pare,30 km/h,Única," , AV FREI MATIAS TEVES, Recife, Pernambuco, Brasil",-8.064914850000001,-34.893870403088236
10821,2019-11-29 18:24:00,SEM VÍTIMA,ILHA DO LEITE,AV GOVERNADOR AGAMENON MAGALHAES, ,653.0,SUBURBIO,ABALROAMENTO LONGITUDINAL,1.0,1.0,1.0,1.0,1.0,1.0,1.0,1.0,1.0,0.0,1.0,Longo da via,Bom,Não existe,Perfeito estado,Seca,Perfeito estado,Outras,30 km/h,Dupla," , AV GOVERNADOR AGAMENON MAGALHAES, Recife, Pernambuco, Brasil",-8.0615339,-34.8974443
5818,2019-07-05 09:27:00,SEM VÍTIMA,ILHA DO LEITE,AV GOVERNADOR AGAMENON MAGALHAES, ,350.0,SUBURBIO,ABALROAMENTO LONGITUDINAL,1.0,1.0,1.0,1.0,1.0,1.0,1.0,1.0,1.0,0.0,1.0,Longo da via,Bom,Sem defeito,Perfeito estado,Seca,Perfeito estado,Outras,30 km/h,Dupla," , AV GOVERNADOR AGAMENON MAGALHAES, Recife, Pernambuco, Brasil",-8.0615339,-34.8974443
10106,2019-11-11 13:04:00,SEM VÍTIMA,ILHA DO LEITE,RUA ESTADO DE ISRAEL,228,350.0,SUBURBIO,ABALROAMENTO LONGITUDINAL,2.0,1.0,1.0,1.0,1.0,1.0,1.0,1.0,1.0,0.0,1.0,Longo da via,Bom,Sem defeito,Perfeito estado,Seca,Perfeito estado,Não há placas,30 km/h,Dupla,"228, RUA ESTADO DE ISRAEL, Recife, Pernambuco, Brasil",-8.0643979,-34.8941969
10369,2019-11-18 12:09:00,SEM VÍTIMA,ILHA DO LEITE,PTE JOSE DE BARROS LIMA, ,350.0,SUBURBIO,CHOQUE OBJETO FIXO,1.0,1.0,1.0,1.0,1.0,1.0,1.0,1.0,1.0,0.0,1.0,Ponte,Bom,Não existe,Perfeito estado,Seca,Perfeito estado,Outras,30 km/h,Dupla," , PTE JOSE DE BARROS LIMA, Recife, Pernambuco, Brasil",-8.0643979,-34.8941969
11255,2019-12-09 12:49:00,SEM VÍTIMA,ILHA DO LEITE,RUA FRANCISCO ALVES, ,350.0,SUBURBIO,COLISÃO,2.0,1.0,1.0,1.0,1.0,1.0,1.0,1.0,1.0,0.0,1.0,Ponte,Bom,Não existe,Perfeito estado,Seca,Perfeito estado,Outras,30 km/h,Dupla," , RUA FRANCISCO ALVES, Recife, Pernambuco, Brasil",-8.0665387,-34.8954211
11542,2019-12-16 07:58:00,COM VÍTIMA,ILHA DO LEITE,AV FREI MATIAS TEVES, ,350.0,SUBURBIO,CHOQUE OBJETO FIXO,1.0,1.0,1.0,1.0,1.0,1.0,1.0,1.0,1.0,1.0,1.0,Longo da via,Bom,Não existe,Perfeito estado,Seca,Perfeito estado,R-6a,30 km/h,Única," , AV FREI MATIAS TEVES, Recife, Pernambuco, Brasil",-8.0665387,-34.8954211
9039,2019-10-13 18:37:00,SEM VÍTIMA,ILHA DO LEITE,AV GOVERNADOR AGAMENON MAGALHAES, ,69.0,SUBURBIO,ABALROAMENTO LONGITUDINAL,2.0,1.0,1.0,1.0,1.0,1.0,1.0,1.0,1.0,0.0,1.0,Longo da via,Chuvoso,Sem defeito,Perfeito estado,Molhada,Perfeito estado,R-6a,30 km/h,Dupla," , AV GOVERNADOR AGAMENON MAGALHAES, Recife, Pernambuco, Brasil",-8.0615339,-34.8974443
8726,2019-10-04 18:23:00,SEM VÍTIMA,ILHA DO LEITE,AV GOVERNADOR AGAMENON MAGALHAES,4779,69.0,SUBURBIO,ABALROAMENTO LONGITUDINAL,2.0,1.0,1.0,1.0,1.0,1.0,1.0,1.0,1.0,0.0,1.0,Longo da via,Bom,Não existe,Perfeito estado,Seca,Perfeito estado,Não há placas,60 km/h,Dupla,"4779, AV GOVERNADOR AGAMENON MAGALHAES, Recife, Pernambuco, Brasil",-8.06465895,-34.89645176615032
1711,2019-02-26 18:15:00,SEM VÍTIMA,ILHA DO LEITE,RUA PAISSANDU, ,69.0,SUBURBIO,ABALROAMENTO TRANSVERSAL,2.0,1.0,1.0,1.0,1.0,1.0,1.0,1.0,1.0,0.0,1.0,Longo da via,Bom,Sem defeito,Perfeito estado,Seca,Perfeito estado,Não há placas,60 km/h,Única," , RUA PAISSANDU, Recife, Pernambuco, Brasil",-8.0593916,-34.894114
2699,2019-03-27 18:21:00,SEM VÍTIMA,ILHA DO LEITE,RUA PADRE VENANCIO, ,69.0,CIDADE,ABALROAMENTO LONGITUDINAL,1.0,1.0,1.0,1.0,1.0,1.0,1.0,1.0,1.0,0.0,1.0,Cruzamento,Chuvoso,Não existe,Perfeito estado,Molhada,Perfeito estado,R-6a,20 km/h,Dupla," , RUA PADRE VENANCIO, Recife, Pernambuco, Brasil",-8.0691355,-34.8882418
4437,2019-05-20 20:42:00,SEM VÍTIMA,ILHA DO LEITE,RUA GENERAL JOAQUIM INACIO,267,69.0,CID/SUB,CHOQUE VEÍCULO PARADO,2.0,1.0,1.0,1.0,1.0,1.0,1.0,1.0,1.0,0.0,1.0,Longo da via,Chuvoso,Não existe,Perfeito estado,Molhada,Perfeito estado,R-6a,20 km/h,Dupla,"267, RUA GENERAL JOAQUIM INACIO, Recife, Pernambuco, Brasil",-8.0691355,-34.8882418
867,2019-02-02 07:18:00,COM VÍTIMA,ILHA DO LEITE,AV FREI MATIAS TEVES, ,69.0,SUBURBIO,ABALROAMENTO TRANSVERSAL,3.0,1.0,1.0,1.0,1.0,1.0,1.0,1.0,1.0,1.0,1.0,Cruzamento,Bom,Não existe,Perfeito estado,Seca,Perfeito estado,Placas Pare,40 km/h,Única," , AV FREI MATIAS TEVES, Recife, Pernambuco, Brasil",-8.0691355,-34.8882418
9386,2019-10-22 16:59:00,SEM VÍTIMA,ILHA DO LEITE,RUA ESTADO DE ISRAEL, ,653.0,SUBURBIO,COLISÃO TRASEIRA,1.0,1.0,1.0,1.0,1.0,1.0,1.0,1.0,1.0,0.0,1.0,Cruzamento,Bom,Sem defeito,Perfeito estado,Seca,Perfeito estado,Outras,40 km/h,Única," , RUA ESTADO DE ISRAEL, Recife, Pernambuco, Brasil",-8.0652746,-34.8939033
3421,2019-04-17 13:36:00,SEM VÍTIMA,ILHA DO LEITE,AV GOVERNADOR AGAMENON MAGALHAES, ,69.0,SUBURBIO,COLISÃO TRASEIRA,2.0,1.0,1.0,1.0,1.0,1.0,1.0,1.0,1.0,0.0,1.0,Longo da via,Bom,Sem defeito,Perfeito estado,Seca,Perfeito estado,Não há placas,60 km/h,Única," , AV GOVERNADOR AGAMENON MAGALHAES, Recife, Pernambuco, Brasil",-8.0615339,-34.8974443
860,2019-02-01 21:02:00,SEM VÍTIMA,ILHA DO LEITE,AV GOVERNADOR AGAMENON MAGALHAES, ,69.0,SUBURBIO,ABALROAMENTO LONGITUDINAL,1.0,1.0,1.0,1.0,1.0,1.0,1.0,1.0,1.0,0.0,1.0,Longo da via,Bom,Não existe,Perfeito estado,Seca,Perfeito estado,Não há placas,60 km/h,Única," , AV GOVERNADOR AGAMENON MAGALHAES, Recife, Pernambuco, Brasil",-8.0615339,-34.8974443
3345,2019-04-15 17:15:00,SEM VÍTIMA,ILHA DO LEITE,AV GOVERNADOR AGAMENON MAGALHAES,4775,69.0,SUBURBIO,COLISÃO,1.0,1.0,1.0,1.0,1.0,1.0,1.0,1.0,1.0,0.0,1.0,Longo da via,Bom,Não existe,Perfeito estado,Seca,Perfeito estado,Não há placas,60 km/h,Única,"4775, AV GOVERNADOR AGAMENON MAGALHAES, Recife, Pernambuco, Brasil",-8.064121,-34.89671307497645
4553,2019-05-24 15:31:00,SEM VÍTIMA,ILHA DO LEITE,RUA DAS FRONTEIRAS, ,69.0,SUBURBIO,COLISÃO,2.0,1.0,1.0,1.0,1.0,1.0,1.0,1.0,1.0,0.0,1.0,Longo da via,Bom,Não existe,Perfeito estado,Seca,Perfeito estado,Não há placas,60 km/h,Única," , RUA DAS FRONTEIRAS, Recife, Pernambuco, Brasil",-8.0601356,-34.8974928
10434,2019-11-20 08:24:00,SEM VÍTIMA,ILHA DO LEITE,RUA FRANCISCO ALVES,352,69.0,SUBURBIO,COLISÃO,2.0,1.0,1.0,1.0,1.0,1.0,1.0,1.0,1.0,0.0,1.0,Longo da via,Bom,Não existe,Perfeito estado,Seca,Perfeito estado,Não há placas,60 km/h,Única,"352, RUA FRANCISCO ALVES, Recife, Pernambuco, Brasil",-8.0659207,-34.8966716