,data_hora,natureza_acidente,bairro,endereco,numero,num_semaforo,sentido_via,tipo,auto,moto,ciclom,ciclista,pedestre,onibus,caminhao,viatura,outros,vitimas,vitimasfatais,acidente_verificado,tempo_clima,situacao_semaforo,sinalizacao,condicao_via,conservacao_via,situacao_placa,velocidade_max_via,mao_direcao,end,latitude,longitude
7296,2019-08-23 07:26:00,SEM VÍTIMA,ILHA DO RETIRO,AV BEIRA RIO, ,672.0,SUBURBIO,COLISÃO,2.0,1.0,1.0,1.0,1.0,1.0,1.0,1.0,1.0,0.0,1.0,Longo da via,Bom,Não existe,Perfeito estado,Seca,Perfeito estado,Outras,40 km/h,Dupla," , AV BEIRA RIO, Recife, Pernambuco, Brasil",-8.0428409,-34.9051443
10194,2019-11-13 10:42:00,SEM VÍTIMA,ILHA DO RETIRO,RUA SPORT CLUBE DO RECIFE, ,672.0,SUBURBIO,COLISÃO TRASEIRA,2.0,1.0,1.0,1.0,1.0,1.0,1.0,1.0,1.0,0.0,1.0,Longo da via,Bom,Sem defeito,Perfeito estado,Seca,Perfeito estado,Outras,40 km/h,Dupla," , RUA SPORT CLUBE DO RECIFE, Recife, Pernambuco, Brasil",-8.0428409,-34.9051443
9011,2019-10-12 11:26:00,SEM VÍTIMA,ILHA DO RETIRO,RUA SPORT CLUBE DO RECIFE, ,672.0,SUBURBIO,COLISÃO,2.0,1.0,1.0,1.0,1.0,1.0,1.0,1.0,1.0,0.0,1.0,Longo da via,Bom,Sem defeito,Perfeito estado,Seca,Perfeito estado,Outras,40 km/h,Dupla," , RUA SPORT CLUBE DO RECIFE, Recife, Pernambuco, Brasil",-8.0428409,-34.9051443
7295,2019-08-23 07:12:00,SEM VÍTIMA,ILHA DO RETIRO,RUA BENFICA,126,672.0,CIDADE,COLISÃO TRASEIRA,1.0,1.0,1.0,1.0,1.0,1.0,1.0,1.0,1.0,0.0,1.0,Longo da via,Bom,Não existe,Perfeito estado,Seca,Perfeito estado,R-6a,40 km/h,Única,"126, RUA BENFICA, Recife, Pernambuco, Brasil",-8.0605915,-34.9013091
6682,2019-08-04 18:02:00,SEM VÍTIMA,ILHA DO RETIRO,RUA SPORT CLUBE DO RECIFE, ,672.0,SUBURBIO,ABALROAMENTO LONGITUDINAL,2.0,1.0,1.0,1.0,1.0,1.0,1.0,1.0,1.0,0.0,1.0,Longo da via,Bom,Não existe,Perfeito estado,Seca,Perfeito estado,Não há placas,40 km/h,Dupla," , RUA SPORT CLUBE DO RECIFE, Recife, Pernambuco, Brasil",-8.0605915,-34.9013091
2901,2019-04-02 16:23:00,SEM VÍTIMA,ILHA DO RETIRO,AV ENGENHEIRO ABDIAS DE CARVALHO, ,355.0,CIDADE,COLISÃO TRASEIRA,3.0,1.0,1.0,1.0,1.0,1.0,1.0,1.0,1.0,0.0,1.0,Longo da via,Bom,Sem defeito,Perfeito estado,Seca,Perfeito estado,Outras,60 km/h,Única," , AV ENGENHEIRO ABDIAS DE CARVALHO, Recife, Pernambuco, Brasil",-8.0623704,-34.9319576
11518,2019-12-15 13:16:00,SEM VÍTIMA,ILHA DO RETIRO,AV ENGENHEIRO ABDIAS DE CARVALHO, ,355.0,SUBURBIO,COLISÃO TRASEIRA,2.0,1.0,1.0,1.0,1.0,1.0,1.0,1.0,1.0,0.0,1.0,Longo da via,Bom,Sem defeito,Perfeito estado,Seca,Perfeito estado,Outras,60 km/h,Dupla," , AV ENGENHEIRO ABDIAS DE CARVALHO, Recife, Pernambuco, Brasil",-8.0623704,-34.9319576
4548,2019-05-24 13:10:00,SEM VÍTIMA,ILHA DO RETIRO,AV JOSE GONCALVES DE MEDEIROS, ,355.0,CIDADE,COLISÃO TRASEIRA,2.0,1.0,1.0,1.0,1.0,1.0,1.0,1.0,1.0,0.0,1.0,Longo da via,Bom,Sem defeito,Perfeito estado,Seca,Perfeito estado,Placas Pare,60 km/h,Dupla," , AV JOSE GONCALVES DE MEDEIROS, Recife, Pernambuco, Brasil",-8.0623704,-34.9319576
5415,2019-06-21 07:25:00,SEM VÍTIMA,ILHA DO RETIRO,AV BEIRA RIO, ,355.0,CIDADE,ABALROAMENTO LONGITUDINAL,2.0,1.0,1.0,1.0,1.0,1.0,1.0,1.0,1.0,0.0,1.0,Longo da via,Bom,Não existe,Perfeito estado,Seca,Perfeito estado,R-6a,60 km/h,Dupla," , AV BEIRA RIO, Recife, Pernambuco, Brasil",-8.0428409,-34.9051443
5430,2019-06-21 15:20:00,SEM VÍTIMA,ILHA DO RETIRO,AV JOSE GONCALVES DE MEDEIROS,118,355.0,CIDADE,COLISÃO TRASEIRA,3.0,1.0,1.0,1.0,1.0,1.0,1.0,1.0,1.0,0.0,1.0,Longo da via,Bom,Sem defeito,Perfeito estado,Seca,Perfeito estado,R-6a,60 km/h,Dupla,"118, AV JOSE GONCALVES DE MEDEIROS, Recife, Pernambuco, Brasil",-8.0428409,-34.9051443
3896,2019-05-03 07:00:00,SEM VÍTIMA,ILHA DO RETIRO,RUA DR JOAO MARQUES,149,355.0,CIDADE,COLISÃO,2.0,1.0,1.0,1.0,1.0,1.0,1.0,1.0,1.0,0.0,1.0,Longo da via,Bom,Sem defeito,Perfeito estado,Seca,Perfeito estado,R-6a,60 km/h,Dupla,"149, RUA DR JOAO MARQUES, Recife, Pernambuco, Brasil",-8.0428409,-34.9051443
10208,2019-11-13 15:18:00,SEM VÍTIMA,ILHA DO RETIRO,TUNEL CHICO SCIENCE, ,355.0,CIDADE,COLISÃO TRASEIRA,2.0,1.0,1.0,1.0,1.0,1.0,1.0,1.0,1.0,0.0,1.0,Longo da via,Bom,Não existe,Perfeito estado,Seca,Perfeito estado,Não há placas,60 km/h,Única," , TUNEL CHICO SCIENCE, Recife, Pernambuco, Brasil",-8.0615471,-34.9013057
1305,2019-02-14 21:22:00,COM VÍTIMA,ILHA DO RETIRO,RUA SPORT CLUBE DO RECIFE, ,481.0,SUBURBIO,COLISÃO COM CICLISTA,2.0,1.0,1.0,1.0,1.0,1.0,1.0,1.0,1.0,1.0,1.0,Longo da via,Bom,Sem defeito,Perfeito estado,Seca,Perfeito estado,R-6a,60 km/h,Dupla," , RUA SPORT CLUBE DO RECIFE, Recife, Pernambuco, Brasil",-8.0615471,-34.9013057
11521,2019-12-15 13:30:00,SEM VÍTIMA,ILHA DO RETIRO,AV ENGENHEIRO ABDIAS DE CARVALHO, ,355.0,SUBURBIO,COLISÃO TRASEIRA,2.0,1.0,1.0,1.0,1.0,1.0,1.0,1.0,1.0,0.0,1.0,Longo da via,Bom,Sem defeito,Perfeito estado,Seca,Perfeito estado,Outras,60 km/h,Dupla," , AV ENGENHEIRO ABDIAS DE CARVALHO, Recife, Pernambuco, Brasil",-8.0623704,-34.9319576
6876,2019-08-10 07:14:00,COM VÍTIMA,ILHA DO RETIRO,EST DOS REMEDIOS, ,52.0,SUBURBIO,COLISÃO COM CICLISTA,1.0,1.0,1.0,1.0,1.0,1.0,1.0,1.0,1.0,1.0,1.0,Cruzamento,Bom,Sem defeito,Perfeito estado,Seca,Perfeito estado,R-6a,60 km/h,Única," , EST DOS REMEDIOS, Recife, Pernambuco, Brasil",-8.0623704,-34.9319576
2918,2019-04-03 10:38:00,SEM VÍTIMA,ILHA DO RETIRO,RUA SPORT CLUBE DO RECIFE, ,52.0,SUBURBIO,COLISÃO,2.0,1.0,1.0,1.0,1.0,1.0,1.0,1.0,1.0,0.0,1.0,Cruzamento,Bom,Sem defeito,Perfeito estado,Seca,Perfeito estado,R-6a,60 km/h,Única," , RUA SPORT CLUBE DO RECIFE, Recife, Pernambuco, Brasil",-8.0623704,-34.9319576
9246,2019-10-18 12:54:00,SEM VÍTIMA,ILHA DO RETIRO,RUA COMENDADOR BENTO AGUIAR,436,52.0,SUBURBIO,COLISÃO,1.0,1.0,1.0,1.0,1.0,1.0,1.0,1.0,1.0,0.0,1.0,Cruzamento,Bom,Sem defeito,Perfeito estado,Seca,Perfeito estado,R-6a,60 km/h,Única,"436, RUA COMENDADOR BENTO AGUIAR, Recife, Pernambuco, Brasil",-8.0620908,-34.9069765
3893,2019-05-02 19:14:00,SEM VÍTIMA,ILHA DO RETIRO,PRC DA BANDEIRA,98,52.0,SUBURBIO,ABALROAMENTO LONGITUDINAL,2.0,1.0,1.0,1.0,1.0,1.0,1.0,1.0,1.0,0.0,1.0,Longo da via,Bom,Não existe,Perfeito estado,Seca,Perfeito estado,Não há placas,60 km/h,Única,"98, PRC DA BANDEIRA, Recife, Pernambuco, Brasil",-8.0620908,-34.9069765
7993,2019-09-14 09:52:00,SEM VÍTIMA,ILHA DO RETIRO,RUA SPORT CLUBE DO RECIFE, ,367.0,CIDADE,COLISÃO TRASEIRA,2.0,1.0,1.0,1.0,1.0,1.0,1.0,1.0,1.0,0.0,1.0,Longo da via,Bom,Sem defeito,Perfeito estado,Seca,Perfeito estado,R-6a,60 km/h,Dupla," , RUA SPORT CLUBE DO RECIFE, Recife, Pernambuco, Brasil",-8.0620908,-34.9069765
5435,2019-06-21 17:45:00,SEM VÍTIMA,ILHA DO RETIRO,AV ENGENHEIRO ABDIAS DE CARVALHO, ,52.0,CIDADE,COLISÃO TRASEIRA,1.0,1.0,1.0,1.0,1.0,1.0,1.0,1.0,1.0,0.0,1.0,Longo da via,Bom,Sem defeito,Perfeito estado,Seca,Perfeito estado,R-6a,60 km/h,Dupla," , AV ENGENHEIRO ABDIAS DE CARVALHO, Recife, Pernambuco, Brasil",-8.0623704,-34.9319576
8916,2019-10-09 19:30:00,SEM VÍTIMA,ILHA DO RETIRO,RUA SPORT CLUBE DO RECIFE, ,52.0,CIDADE,ABALROAMENTO TRANSVERSAL,1.0,1.0,1.0,1.0,1.0,1.0,1.0,1.0,1.0,0.0,1.0,Longo da via,Bom,Não existe,Perfeito estado,Seca,Perfeito estado,R-6a,30 km/h,Única," , RUA SPORT CLUBE DO RECIFE, Recife, Pernambuco, Brasil",-8.0623704,-34.9319576
10213,2019-10-09 19:30:00,COM VÍTIMA,ILHA DO RETIRO,AV BEIRA RIO,360,52.0,CIDADE,COLISÃO,1.0,1.0,1.0,1.0,1.0,1.0,1.0,1.0,1.0,1.0,1.0,Longo da via,Bom,Não existe,Perfeito estado,Seca,Perfeito estado,R-6a,30 km/h,Única,"360, AV BEIRA RIO, Recife, Pernambuco, Brasil",-8.0651245,-34.901598372739144
8835,2019-10-07 23:03:00,SEM VÍTIMA,ILHA DO RETIRO,AV ENGENHEIRO ABDIAS DE CARVALHO, ,355.0,SUBURBIO,ABALROAMENTO LONGITUDINAL,2.0,1.0,1.0,1.0,1.0,1.0,1.0,1.0,1.0,0.0,1.0,Cruzamento,Bom,Sem defeito,Perfeito estado,Seca,Perfeito estado,Outras,30 km/h,Dupla," , AV ENGENHEIRO ABDIAS DE CARVALHO, Recife, Pernambuco, Brasil",-8.0623704,-34.9319576
3349,2019-04-15 18:18:00,SEM VÍTIMA,ILHA DO RETIRO,EST DOS REMEDIOS,1832,355.0,SUBURBIO,COLISÃO TRASEIRA,1.0,1.0,1.0,1.0,1.0,1.0,1.0,1.0,1.0,0.0,1.0,Longo da via,Bom,Não existe,Perfeito estado,Seca,Perfeito estado,Outras,30 km/h,Única,"1832, EST DOS REMEDIOS, Recife, Pernambuco, Brasil",-8.0623704,-34.9319576
9347,2019-10-22 09:33:00,SEM VÍTIMA,ILHA DO RETIRO,RUA DONA MARIA VIEIRA,46,355.0,SUBURBIO,ABALROAMENTO TRANSVERSAL,2.0,1.0,1.0,1.0,1.0,1.0,1.0,1.0,1.0,0.0,1.0,Cruzamento,Bom,Não existe,Perfeito estado,Seca,Perfeito estado,Outras,30 km/h,Única,"46, RUA DONA MARIA VIEIRA, Recife, Pernambuco, Brasil",-8.0630724,-34.9084594
6916,2019-08-11 17:31:00,SEM VÍTIMA,ILHA DO RETIRO,RUA SPORT CLUBE DO RECIFE, ,355.0,SUBURBIO,ABALROAMENTO LONGITUDINAL,2.0,1.0,1.0,1.0,1.0,1.0,1.0,1.0,1.0,0.0,1.0,Longo da via,Bom,Não existe,Perfeito estado,Seca,Perfeito estado,Outras,60 km/h,Dupla," , RUA SPORT CLUBE DO RECIFE, Recife, Pernambuco, Brasil",-8.0630724,-34.9084594
3090,2019-04-08 12:55:00,SEM VÍTIMA,ILHA DO RETIRO,AV JOSE GONCALVES DE MEDEIROS, ,355.0,CIDADE,ABALROAMENTO LONGITUDINAL,2.0,1.0,1.0,1.0,1.0,1.0,1.0,1.0,1.0,0.0,1.0,Cruzamento,Bom,Sem defeito,Perfeito estado,Seca,Perfeito estado,Não há placas,40 km/h,Dupla," , AV JOSE GONCALVES DE MEDEIROS, Recife, Pernambuco, Brasil",-8.0630724,-34.9084594
1991,2019-03-08 10:02:00,SEM VÍTIMA,ILHA DO RETIRO,RUA TABAIARES,233,355.0,CIDADE,ABALROAMENTO LONGITUDINAL,2.0,1.0,1.0,1.0,1.0,1.0,1.0,1.0,1.0,0.0,1.0,Longo da via,Bom,Não existe,Não existente,Seca,Perfeito estado,Não há placas,40 km/h,Dupla,"233, RUA TABAIARES, Recife, Pernambuco, Brasil",-8.0651003,-34.9059603
11427,2019-12-12 19:50:00,SEM VÍTIMA,ILHA DO RETIRO,TUNEL CHICO SCIENCE, ,355.0,CIDADE,ABALROAMENTO LONGITUDINAL,1.0,1.0,1.0,1.0,1.0,1.0,1.0,1.0,1.0,0.0,1.0,Longo da via,Bom,Não existe,Perfeito estado,Seca,Perfeito estado,Não há placas,40 km/h,Única," , TUNEL CHICO SCIENCE, Recife, Pernambuco, Brasil",-8.0615471,-34.9013057
1692,2019-02-26 08:11:00,COM VÍTIMA,ILHA DO RETIRO,RUA JOAO ELISIO RAMOS,140,355.0,CIDADE,ABALROAMENTO TRANSVERSAL,1.0,1.0,1.0,1.0,1.0,1.0,1.0,1.0,1.0,1.0,1.0,Longo da via,Bom,Não existe,Perfeito estado,Seca,Perfeito estado,Não há placas,30 km/h,Única,"140, RUA JOAO ELISIO RAMOS, Recife, Pernambuco, Brasil",-8.0628401,-34.9049049
9896,2019-11-06 07:58:00,SEM VÍTIMA,ILHA DO RETIRO,AV BEIRA RIO,186,355.0,CIDADE,COLISÃO TRASEIRA,1.0,1.0,1.0,1.0,1.0,1.0,1.0,1.0,1.0,0.0,1.0,Longo da via,Bom,Não existe,Perfeito estado,Seca,Perfeito estado,Não há placas,30 km/h,Dupla,"186, AV BEIRA RIO, Recife, Pernambuco, Brasil",-8.0667355,-34.8967797
1290,2019-02-14 16:07:00,COM VÍTIMA,ILHA DO RETIRO,AV ENGENHEIRO ABDIAS DE CARVALHO,362,355.0,SUBURBIO,ABALROAMENTO LONGITUDINAL,1.0,2.0,1.0,1.0,1.0,1.0,1.0,1.0,1.0,1.0,1.0,Cruzamento,Bom,Sem defeito,Perfeito estado,Seca,Perfeito estado,R-6a,30 km/h,Dupla,"362, AV ENGENHEIRO ABDIAS DE CARVALHO, Recife, Pernambuco, Brasil",-8.0615182,-34.9080323
7384,2019-08-26 16:23:00,SEM VÍTIMA,ILHA DO RETIRO,RUA SPORT CLUBE DO RECIFE, ,355.0,SUBURBIO,COLISÃO,2.0,2.0,1.0,1.0,1.0,1.0,1.0,1.0,1.0,0.0,1.0,Cruzamento,Bom,Sem defeito,Perfeito estado,Seca,Perfeito estado,R-6a,30 km/h,Dupla," , RUA SPORT CLUBE DO RECIFE, Recife, Pernambuco, Brasil",-8.0615182,-34.9080323
6623,2019-08-02 15:20:00,SEM VÍTIMA,ILHA DO RETIRO,AV ENGENHEIRO ABDIAS DE CARVALHO, ,355.0,SUBURBIO,ABALROAMENTO LONGITUDINAL,2.0,2.0,1.0,1.0,1.0,1.0,1.0,1.0,1.0,0.0,1.0,Longo da via,Bom,Não existe,Perfeito estado,Seca,Perfeito estado,R-6a,30 km/h,Dupla," , AV ENGENHEIRO ABDIAS DE CARVALHO, Recife, Pernambuco, Brasil",-8.0623704,-34.9319576
3019,2019-04-05 20:04:00,COM VÍTIMA,ILHA DO RETIRO,RUA TABAIARES,360,355.0,SUBURBIO,ABALROAMENTO TRANSVERSAL,1.0,1.0,1.0,1.0,1.0,1.0,1.0,1.0,1.0,1.0,1.0,Cruzamento,Bom,Não existe,Não existente,Seca,Mal iluminada,Não há placas,30 km/h,Dupla,"360, RUA TABAIARES, Recife, Pernambuco, Brasil",-8.0656805,-34.90453287852126
6647,2019-08-03 11:02:00,SEM VÍTIMA,ILHA DO RETIRO,RUA TABAIARES,110,355.0,CIDADE,ABALROAMENTO LONGITUDINAL,2.0,1.0,1.0,1.0,1.0,1.0,1.0,1.0,1.0,0.0,1.0,Longo da via,Bom,Não existe,Incompleta,Seca,Perfeito estado,R-6a,30 km/h,Dupla,"110, RUA TABAIARES, Recife, Pernambuco, Brasil",-8.0653755,-34.9062013
3112,2019-04-09 07:26:00,SEM VÍTIMA,ILHA DO RETIRO,EST DOS REMEDIOS,1918,355.0,CIDADE,ABALROAMENTO TRANSVERSAL,2.0,1.0,1.0,1.0,1.0,1.0,1.0,1.0,1.0,0.0,1.0,Cruzamento,Bom,Sem defeito,Perfeito estado,Seca,Perfeito estado,Placas Pare,30 km/h,Única,"1918, EST DOS REMEDIOS, Recife, Pernambuco, Brasil",-8.0653755,-34.9062013
3275,2019-04-13 12:04:00,SEM VÍTIMA,ILHA DO RETIRO,RUA SPORT CLUBE DO RECIFE, ,355.0,SUBURBIO,COLISÃO TRASEIRA,2.0,1.0,1.0,1.0,1.0,1.0,1.0,1.0,1.0,0.0,1.0,Cruzamento,Bom,Sem defeito,Perfeito estado,Seca,Perfeito estado,Outras,60 km/h,Dupla," , RUA SPORT CLUBE DO RECIFE, Recife, Pernambuco, Brasil",-8.0653755,-34.9062013
3223,2019-04-12 00:16:00,SEM VÍTIMA,ILHA DO RETIRO,RUA ASTORGA, ,355.0,SUBURBIO,ABALROAMENTO TRANSVERSAL,2.0,1.0,1.0,1.0,1.0,1.0,1.0,1.0,1.0,0.0,1.0,Cruzamento,Bom,Não existe,Não existente,Seca,Perfeito estado,Não há placas,60 km/h,Dupla," , RUA ASTORGA, Recife, Pernambuco, Brasil",-8.0622375,-34.9076551
3864,2019-05-02 09:01:00,SEM VÍTIMA,ILHA DO RETIRO,AV JOSE GONCALVES DE MEDEIROS, ,355.0,SUBURBIO,COLISÃO TRASEIRA,2.0,1.0,1.0,1.0,1.0,1.0,1.0,1.0,1.0,0.0,1.0,Longo da via,Bom,Sem defeito,Perfeito estado,Seca,Perfeito estado,Não há placas,60 km/h,Dupla," , AV JOSE GONCALVES DE MEDEIROS, Recife, Pernambuco, Brasil",-8.0622375,-34.9076551
7392,2019-08-26 19:06:00,SEM VÍTIMA,ILHA DO RETIRO,AV ENGENHEIRO ABDIAS DE CARVALHO, ,355.0,CIDADE,COLISÃO TRASEIRA,2.0,1.0,1.0,1.0,1.0,1.0,1.0,1.0,1.0,0.0,1.0,Longo da via,Bom,Não existe,Perfeito estado,Seca,Perfeito estado,Não há placas,60 km/h,Única," , AV ENGENHEIRO ABDIAS DE CARVALHO, Recife, Pernambuco, Brasil",-8.0623704,-34.9319576
8927,2019-10-10 08:38:00,SEM VÍTIMA,ILHA DO RETIRO,RUA SPORT CLUBE DO RECIFE, ,355.0,SUBURBIO,COLISÃO TRASEIRA,2.0,1.0,1.0,1.0,1.0,1.0,1.0,1.0,1.0,0.0,1.0,Longo da via,Bom,Sem defeito,Perfeito estado,Seca,Perfeito estado,Outras,60 km/h,Dupla," , RUA SPORT CLUBE DO RECIFE, Recife, Pernambuco, Brasil",-8.0623704,-34.9319576
5353,2019-06-19 09:38:00,SEM VÍTIMA,ILHA DO RETIRO,EST DOS REMEDIOS, ,355.0,SUBURBIO,ABALROAMENTO TRANSVERSAL,1.0,1.0,1.0,1.0,1.0,1.0,1.0,1.0,1.0,0.0,1.0,Longo da via,Bom,Não existe,Não existente,Seca,Perfeito estado,Não há placas,60 km/h,Única," , EST DOS REMEDIOS, Recife, Pernambuco, Brasil",-8.0623704,-34.9319576
2034,2019-03-09 09:31:00,SEM VÍTIMA,ILHA DO RETIRO,RUA BENFICA, ,355.0,SUBURBIO,COLISÃO,2.0,1.0,1.0,1.0,1.0,1.0,1.0,1.0,1.0,0.0,1.0,Longo da via,Bom,Não existe,Não existente,Seca,Perfeito estado,Não há placas,60 km/h,Única," , RUA BENFICA, Recife, Pernambuco, Brasil",-8.0576866,-34.9086687
11976,2019-12-27 16:26:00,SEM VÍTIMA,ILHA DO RETIRO,RUA DO FONSECA,222,355.0,SUBURBIO,CHOQUE VEÍCULO PARADO,2.0,1.0,1.0,1.0,1.0,1.0,1.0,1.0,1.0,0.0,1.0,Longo da via,Bom,Não existe,Perfeito estado,Seca,Perfeito estado,Não há placas,60 km/h,Dupla,"222, RUA DO FONSECA, Recife, Pernambuco, Brasil",-8.0637027,-34.9058686
2032,2019-03-09 09:13:00,SEM VÍTIMA,ILHA DO RETIRO,RUA BENFICA, ,355.0,SUBURBIO,ABALROAMENTO LONGITUDINAL,2.0,1.0,1.0,1.0,1.0,1.0,1.0,1.0,1.0,0.0,1.0,Longo da via,Bom,Não existe,Perfeito estado,Seca,Perfeito estado,R-6a,60 km/h,Única," , RUA BENFICA, Recife, Pernambuco, Brasil",-8.0576866,-34.9086687
3222,2019-04-12 00:16:00,SEM VÍTIMA,ILHA DO RETIRO,RUA ASTORGA,436,355.0,SUBURBIO,COLISÃO,2.0,1.0,1.0,1.0,1.0,1.0,1.0,1.0,1.0,0.0,1.0,Longo da via,Bom,Não existe,Perfeito estado,Seca,Perfeito estado,R-6a,60 km/h,Única,"436, RUA ASTORGA, Recife, Pernambuco, Brasil",-8.0622375,-34.9076551
2046,2019-03-09 14:24:00,SEM VÍTIMA,ILHA DO RETIRO,AV JOSE GONCALVES DE MEDEIROS, ,355.0,SUBURBIO,ABALROAMENTO LONGITUDINAL,2.0,1.0,1.0,1.0,1.0,1.0,1.0,1.0,1.0,0.0,1.0,Longo da via,Bom,Não existe,Perfeito estado,Seca,Perfeito estado,Não há placas,60 km/h,Dupla," , AV JOSE GONCALVES DE MEDEIROS, Recife, Pernambuco, Brasil",-8.0622375,-34.9076551
1034,2019-02-07 17:14:00,SEM VÍTIMA,ILHA DO RETIRO,RUA SPORT CLUBE DO RECIFE, ,355.0,SUBURBIO,COLISÃO,2.0,1.0,1.0,1.0,1.0,1.0,1.0,1.0,1.0,0.0,1.0,Longo da via,Bom,Não existe,Perfeito estado,Seca,Perfeito estado,Não há placas,60 km/h,Dupla," , RUA SPORT CLUBE DO RECIFE, Recife, Pernambuco, Brasil",-8.0622375,-34.9076551
3000,2019-04-05 12:01:00,SEM VÍTIMA,ILHA DO RETIRO,AV ENGENHEIRO ABDIAS DE CARVALHO, ,355.0,SUBURBIO,COLISÃO,1.0,1.0,1.0,1.0,1.0,1.0,1.0,1.0,1.0,0.0,1.0,Longo da via,Bom,Não existe,Perfeito estado,Seca,Perfeito estado,Não há placas,60 km/h,Dupla," , AV ENGENHEIRO ABDIAS DE CARVALHO, Recife, Pernambuco, Brasil",-8.0623704,-34.9319576
963,2019-02-05 17:50:00,SEM VÍTIMA,ILHA DO RETIRO,RUA SPORT CLUBE DO RECIFE, ,355.0,SUBURBIO,ABALROAMENTO LONGITUDINAL,1.0,1.0,1.0,1.0,1.0,1.0,1.0,1.0,1.0,0.0,1.0,Longo da via,Bom,Não existe,Perfeito estado,Seca,Perfeito estado,Não há placas,60 km/h,Única," , RUA SPORT CLUBE DO RECIFE, Recife, Pernambuco, Brasil",-8.0623704,-34.9319576
891,2019-02-03 15:53:00,SEM VÍTIMA,ILHA DO RETIRO,RUA TABAIARES,403,355.0,CIDADE,COLISÃO TRASEIRA,2.0,1.0,1.0,1.0,1.0,1.0,1.0,1.0,1.0,0.0,1.0,Cruzamento,Chuvoso,Não existe,Não existente,Molhada,Mal conservada,Não há placas,60 km/h,Dupla,"403, RUA TABAIARES, Recife, Pernambuco, Brasil",-8.0653755,-34.9062013
2030,2019-03-09 08:55:00,SEM VÍTIMA,ILHA DO RETIRO,AV ENGENHEIRO ABDIAS DE CARVALHO,150,355.0,CIDADE,COLISÃO TRASEIRA,1.0,1.0,1.0,1.0,1.0,1.0,1.0,1.0,1.0,0.0,1.0,Longo da via,Bom,Não existe,Perfeito estado,Seca,Perfeito estado,Não há placas,60 km/h,Dupla,"150, AV ENGENHEIRO ABDIAS DE CARVALHO, Recife, Pernambuco, Brasil",-8.0617202,-34.9304282
5615,2019-06-28 14:17:00,SEM VÍTIMA,ILHA DO RETIRO,RUA TABAIARES,190,355.0,CIDADE,COLISÃO TRASEIRA,2.0,1.0,1.0,1.0,1.0,1.0,1.0,1.0,1.0,0.0,1.0,Longo da via,Bom,Não existe,Não existente,Seca,Perfeito estado,Não há placas,60 km/h,Dupla,"190, RUA TABAIARES, Recife, Pernambuco, Brasil",-8.0653755,-34.9062013
8980,2019-10-11 16:55:00,SEM VÍTIMA,ILHA DO RETIRO,EST DOS REMEDIOS, ,390.0,CIDADE,ABALROAMENTO LONGITUDINAL,1.0,1.0,1.0,1.0,1.0,1.0,1.0,1.0,1.0,0.0,1.0,Cruzamento,Bom,Sem defeito,Perfeito estado,Seca,Perfeito estado,R-6a,60 km/h,Única," , EST DOS REMEDIOS, Recife, Pernambuco, Brasil",-8.0653755,-34.9062013
8862,2019-10-08 17:03:00,SEM VÍTIMA,ILHA DO RETIRO,PRC DA BANDEIRA, ,390.0,CIDADE,COLISÃO,2.0,1.0,1.0,1.0,1.0,1.0,1.0,1.0,1.0,0.0,1.0,Cruzamento,Bom,Sem defeito,Perfeito estado,Seca,Perfeito estado,R-6a,60 km/h,Única," , PRC DA BANDEIRA, Recife, Pernambuco, Brasil",-8.0653755,-34.9062013
877,2019-02-02 14:44:00,SEM VÍTIMA,ILHA DO RETIRO,RUA TABAIARES,297,390.0,CIDADE,ABALROAMENTO TRANSVERSAL,1.0,1.0,1.0,1.0,1.0,1.0,1.0,1.0,1.0,0.0,1.0,Longo da via,Bom,Não existe,Não existente,Seca,Perfeito estado,Não há placas,60 km/h,Dupla,"297, RUA TABAIARES, Recife, Pernambuco, Brasil",-8.0648938,-34.9053952
4468,2019-05-22 07:47:00,SEM VÍTIMA,ILHA DO RETIRO,AV ENGENHEIRO ABDIAS DE CARVALHO,155,390.0,CIDADE,ABALROAMENTO LONGITUDINAL,2.0,1.0,1.0,1.0,1.0,1.0,1.0,1.0,1.0,0.0,1.0,Longo da via,Bom,Não existe,Perfeito estado,Seca,Perfeito estado,R-6a,60 km/h,Dupla,"155, AV ENGENHEIRO ABDIAS DE CARVALHO, Recife, Pernambuco, Brasil",-8.0616457,-34.9064096
11736,2019-12-20 13:57:00,SEM VÍTIMA,ILHA DO RETIRO,AV JOSE GONCALVES DE MEDEIROS, ,390.0,CIDADE,ABALROAMENTO LONGITUDINAL,1.0,1.0,1.0,1.0,1.0,1.0,1.0,1.0,1.0,0.0,1.0,Cruzamento,Bom,Não existe,Perfeito estado,Seca,Perfeito estado,Não há placas,60 km/h,Dupla," , AV JOSE GONCALVES DE MEDEIROS, Recife, Pernambuco, Brasil",-8.0616457,-34.9064096
6173,2019-07-17 21:43:00,COM VÍTIMA,ILHA DO RETIRO,AV BEIRA RIO,400,390.0,CIDADE,ABALROAMENTO LONGITUDINAL,1.0,1.0,1.0,1.0,1.0,1.0,1.0,1.0,1.0,1.0,1.0,Longo da via,Bom,Não existe,Perfeito estado,Seca,Perfeito estado,Não há placas,60 km/h,Dupla,"400, AV BEIRA RIO, Recife, Pernambuco, Brasil",-8.0655053,-34.9015459