,data_hora,natureza_acidente,bairro,endereco,numero,num_semaforo,sentido_via,tipo,auto,moto,ciclom,ciclista,pedestre,onibus,caminhao,viatura,outros,vitimas,vitimasfatais,acidente_verificado,tempo_clima,situacao_semaforo,sinalizacao,condicao_via,conservacao_via,situacao_placa,velocidade_max_via,mao_direcao,end,latitude,longitude
1235,2019-02-13 09:10:00,SEM VÍTIMA,ILHA DO RETIRO,AV JOSE GONCALVES DE MEDEIROS, ,390.0,SUBURBIO,ABALROAMENTO TRANSVERSAL,2.0,1.0,1.0,1.0,1.0,1.0,1.0,1.0,1.0,0.0,1.0,Longo da via,Chuvoso,Não existe,Não existente,Molhada,Perfeito estado,Não há placas,60 km/h,Única," , AV JOSE GONCALVES DE MEDEIROS, Recife, Pernambuco, Brasil",-8.0655053,-34.9015459
10985,2019-12-03 18:11:00,COM VÍTIMA,ILHA DO RETIRO,AV ENGENHEIRO ABDIAS DE CARVALHO, ,390.0,SUBURBIO,ABALROAMENTO LONGITUDINAL,2.0,1.0,1.0,1.0,1.0,1.0,1.0,1.0,1.0,1.0,1.0,Longo da via,Bom,Não existe,Incompleta,Seca,Outros,R-6a,60 km/h,Dupla," , AV ENGENHEIRO ABDIAS DE CARVALHO, Recife, Pernambuco, Brasil",-8.0623704,-34.9319576
9956,2019-11-07 15:43:00,SEM VÍTIMA,ILHA DO RETIRO,RUA BENFICA, ,390.0,SUBURBIO,ABALROAMENTO LONGITUDINAL,1.0,1.0,1.0,1.0,1.0,1.0,1.0,1.0,1.0,0.0,1.0,Longo da via,Bom,Não existe,Incompleta,Seca,Perfeito estado,Outras,60 km/h,Única," , RUA BENFICA, Recife, Pernambuco, Brasil",-8.0576866,-34.9086687
1821,2019-03-01 12:38:00,SEM VÍTIMA,ILHA DO RETIRO,EST DOS REMEDIOS,2040,390.0,SUBURBIO,ABALROAMENTO TRANSVERSAL,2.0,1.0,1.0,1.0,1.0,1.0,1.0,1.0,1.0,0.0,1.0,Cruzamento,Chuvoso,Não existe,Incompleta,Molhada,Perfeito estado,R-25b,50 km/h,Única,"2040, EST DOS REMEDIOS, Recife, Pernambuco, Brasil",-8.0576866,-34.9086687
6132,2019-07-16 22:59:00,SEM VÍTIMA,ILHA DO RETIRO,AV ENGENHEIRO ABDIAS DE CARVALHO, ,52.0,CIDADE,COLISÃO TRASEIRA,2.0,1.0,1.0,1.0,1.0,1.0,1.0,1.0,1.0,0.0,1.0,Longo da via,Bom,Sem defeito,Perfeito estado,Seca,Perfeito estado,Outras,60 km/h,Única," , AV ENGENHEIRO ABDIAS DE CARVALHO, Recife, Pernambuco, Brasil",-8.0623704,-34.9319576
11146,2019-12-06 14:51:00,SEM VÍTIMA,ILHA DO RETIRO,RUA SPORT CLUBE DO RECIFE, ,387.0,SUBURBIO,ABALROAMENTO LONGITUDINAL,2.0,1.0,1.0,1.0,1.0,1.0,1.0,1.0,1.0,0.0,1.0,Longo da via,Bom,Sem defeito,Perfeito estado,Seca,Perfeito estado,Outras,60 km/h,Única," , RUA SPORT CLUBE DO RECIFE, Recife, Pernambuco, Brasil",-8.0623704,-34.9319576
7210,2019-08-20 18:10:00,SEM VÍTIMA,ILHA DO RETIRO,RUA SPORT CLUBE DO RECIFE,98,387.0,CIDADE,ABALROAMENTO LONGITUDINAL,2.0,1.0,1.0,1.0,1.0,1.0,1.0,1.0,1.0,0.0,1.0,Longo da via,Bom,Não existe,Perfeito estado,Seca,Perfeito estado,Outras,60 km/h,Dupla,"98, RUA SPORT CLUBE DO RECIFE, Recife, Pernambuco, Brasil",-8.0623704,-34.9319576
7521,2019-08-30 18:32:00,SEM VÍTIMA,ILHA DO RETIRO,RUA BENFICA,92,387.0,SUBURBIO,ABALROAMENTO LONGITUDINAL,2.0,1.0,1.0,1.0,1.0,1.0,1.0,1.0,1.0,0.0,1.0,Longo da via,Bom,Não existe,Perfeito estado,Seca,Perfeito estado,Não há placas,60 km/h,Única,"92, RUA BENFICA, Recife, Pernambuco, Brasil",-8.0580139,-34.9082887
9206,2019-10-17 15:57:00,SEM VÍTIMA,ILHA DO RETIRO,RUA SPORT CLUBE DO RECIFE,98,387.0,SUBURBIO,ABALROAMENTO LONGITUDINAL,1.0,1.0,1.0,1.0,1.0,1.0,1.0,1.0,1.0,0.0,1.0,Longo da via,Bom,Não existe,Perfeito estado,Seca,Perfeito estado,Não há placas,60 km/h,Única,"98, RUA SPORT CLUBE DO RECIFE, Recife, Pernambuco, Brasil",-8.0580139,-34.9082887
7002,2019-08-14 15:04:00,COM VÍTIMA,ILHA DO RETIRO,AV ENGENHEIRO ABDIAS DE CARVALHO, ,52.0,CIDADE,ABALROAMENTO LONGITUDINAL,2.0,1.0,1.0,1.0,1.0,1.0,1.0,1.0,1.0,1.0,1.0,Longo da via,Bom,Não existe,Perfeito estado,Seca,Mal iluminada,Não há placas,60 km/h,Dupla," , AV ENGENHEIRO ABDIAS DE CARVALHO, Recife, Pernambuco, Brasil",-8.0623704,-34.9319576
6468,2019-07-29 10:16:00,SEM VÍTIMA,ILHA DO RETIRO,RUA TABAIARES,400,52.0,SUBURBIO,COLISÃO FRONTAL,2.0,1.0,1.0,1.0,1.0,1.0,1.0,1.0,1.0,0.0,1.0,Longo da via,Bom,Não existe,Perfeito estado,Seca,Perfeito estado,Não há placas,60 km/h,Dupla,"400, RUA TABAIARES, Recife, Pernambuco, Brasil",-8.0653755,-34.9062013
1594,2019-02-23 10:20:00,SEM VÍTIMA,ILHA DO RETIRO,RUA SPORT CLUBE DO RECIFE, ,52.0,CIDADE,COLISÃO TRASEIRA,1.0,1.0,1.0,1.0,1.0,1.0,1.0,2.0,1.0,0.0,1.0,Longo da via,Bom,Não existe,Perfeito estado,Seca,Perfeito estado,R-6a,60 km/h,Única," , RUA SPORT CLUBE DO RECIFE, Recife, Pernambuco, Brasil",-8.0653755,-34.9062013
7254,2019-08-22 07:51:00,SEM VÍTIMA,ILHA DO RETIRO,RUA ABDIAS CABRAL DE MOURA, ,52.0,CIDADE,COLISÃO,2.0,1.0,1.0,1.0,1.0,1.0,1.0,2.0,1.0,0.0,1.0,Longo da via,Bom,Não existe,Perfeito estado,Seca,Perfeito estado,R-6a,60 km/h,Única," , RUA ABDIAS CABRAL DE MOURA, Recife, Pernambuco, Brasil",-8.1068945,-34.9266594
2545,2019-03-22 17:43:00,SEM VÍTIMA,ILHA DO RETIRO,TUNEL CHICO SCIENCE, ,52.0,CIDADE,COLISÃO,1.0,1.0,1.0,1.0,1.0,1.0,1.0,2.0,1.0,0.0,1.0,Longo da via,Bom,Não existe,Perfeito estado,Seca,Perfeito estado,R-6a,60 km/h,Única," , TUNEL CHICO SCIENCE, Recife, Pernambuco, Brasil",-8.0615471,-34.9013057
8482,2019-09-28 12:21:00,COM VÍTIMA,ILHA DO RETIRO,AV JOSE GONCALVES DE MEDEIROS, ,52.0,CIDADE,ACID. DE PERCURSO,1.0,1.0,1.0,1.0,1.0,1.0,1.0,2.0,1.0,1.0,1.0,Longo da via,Bom,Sem defeito,Ilegível,Seca,Perfeito estado,Outras,40 km/h,Dupla," , AV JOSE GONCALVES DE MEDEIROS, Recife, Pernambuco, Brasil",-8.0615471,-34.9013057
5799,2019-07-04 14:18:00,SEM VÍTIMA,ILHA DO RETIRO,RUA BENFICA, ,52.0,CIDADE,COLISÃO,2.0,1.0,1.0,1.0,1.0,1.0,1.0,2.0,1.0,0.0,1.0,Longo da via,Bom,Sem defeito,Ilegível,Seca,Perfeito estado,Outras,40 km/h,Dupla," , RUA BENFICA, Recife, Pernambuco, Brasil",-8.0576866,-34.9086687
10933,2019-12-02 16:09:00,SEM VÍTIMA,ILHA DO RETIRO,AV BEIRA RIO,186,52.0,CIDADE,ABALROAMENTO LONGITUDINAL,2.0,1.0,1.0,1.0,1.0,1.0,1.0,2.0,1.0,0.0,1.0,Longo da via,Bom,Não existe,Perfeito estado,Seca,Perfeito estado,Outras,40 km/h,Única,"186, AV BEIRA RIO, Recife, Pernambuco, Brasil",-8.0667355,-34.8967797
2178,2019-03-13 16:40:00,SEM VÍTIMA,ILHA DO RETIRO,AV ENGENHEIRO ABDIAS DE CARVALHO, ,52.0,CIDADE,COLISÃO,1.0,1.0,1.0,1.0,1.0,1.0,1.0,2.0,1.0,0.0,1.0,Longo da via,Bom,Sem defeito,Perfeito estado,Seca,Perfeito estado,Não há placas,60 km/h,Dupla," , AV ENGENHEIRO ABDIAS DE CARVALHO, Recife, Pernambuco, Brasil",-8.0623704,-34.9319576
3970,2019-05-05 15:00:00,SEM VÍTIMA,ILHA DO RETIRO,RUA SPORT CLUBE DO RECIFE, ,52.0,CIDADE,ABALROAMENTO LONGITUDINAL,1.0,1.0,1.0,1.0,1.0,1.0,1.0,2.0,1.0,0.0,1.0,Longo da via,Bom,Não existe,Perfeito estado,Seca,Perfeito estado,Outras,60 km/h,Dupla," , RUA SPORT CLUBE DO RECIFE, Recife, Pernambuco, Brasil",-8.0623704,-34.9319576
6789,2019-08-08 08:02:00,SEM VÍTIMA,ILHA DO RETIRO,AV JOSE GONCALVES DE MEDEIROS,107,52.0,CIDADE,ABALROAMENTO LONGITUDINAL,1.0,1.0,1.0,1.0,1.0,1.0,1.0,2.0,1.0,0.0,1.0,Longo da via,Chuvoso,Não existe,Perfeito estado,Molhada,Perfeito estado,Não há placas,60 km/h,Única,"107, AV JOSE GONCALVES DE MEDEIROS, Recife, Pernambuco, Brasil",-8.0623704,-34.9319576
1754,2019-02-27 18:28:00,COM VÍTIMA,ILHA DO RETIRO,RUA JOSE MUCIO MONTEIRO, ,52.0,CIDADE,ATROPELAMENTO,1.0,1.0,1.0,1.0,1.0,1.0,1.0,1.0,1.0,1.0,1.0,Longo da via,Bom,Não existe,Perfeito estado,Seca,Perfeito estado,Placas Pare,60 km/h,Única," , RUA JOSE MUCIO MONTEIRO, Recife, Pernambuco, Brasil",-8.0615077,-34.9024645
8421,2019-09-26 15:32:00,SEM VÍTIMA,ILHA DO RETIRO,RUA SPORT CLUBE DO RECIFE,98,52.0,SUBURBIO,ABALROAMENTO LONGITUDINAL,2.0,1.0,1.0,1.0,1.0,1.0,1.0,1.0,1.0,0.0,1.0,Longo da via,Bom,Não existe,Perfeito estado,Seca,Perfeito estado,Outras,60 km/h,Dupla,"98, RUA SPORT CLUBE DO RECIFE, Recife, Pernambuco, Brasil",-8.0615077,-34.9024645
9966,2019-11-07 18:47:00,SEM VÍTIMA,ILHA DO RETIRO,RUA BENFICA, ,52.0,SUBURBIO,ABALROAMENTO LONGITUDINAL,1.0,1.0,1.0,1.0,1.0,1.0,1.0,1.0,1.0,0.0,1.0,Longo da via,Bom,Não existe,Perfeito estado,Seca,Perfeito estado,Outras,60 km/h,Única," , RUA BENFICA, Recife, Pernambuco, Brasil",-8.0576866,-34.9086687
11333,2019-12-11 09:10:00,SEM VÍTIMA,ILHA DO RETIRO,AV BEIRA RIO,230,52.0,SUBURBIO,ABALROAMENTO LONGITUDINAL,1.0,1.0,1.0,1.0,1.0,1.0,1.0,1.0,1.0,0.0,1.0,Longo da via,Bom,Não existe,Perfeito estado,Seca,Perfeito estado,Não há placas,60 km/h,Dupla,"230, AV BEIRA RIO, Recife, Pernambuco, Brasil",-8.06364395,-34.901633736485124
8325,2019-09-24 08:32:00,SEM VÍTIMA,ILHA DO RETIRO,RUA JOAO ELISIO RAMOS,24,52.0,SUBURBIO,COLISÃO,2.0,1.0,1.0,1.0,1.0,1.0,1.0,1.0,1.0,0.0,1.0,Longo da via,Bom,Não existe,Perfeito estado,Seca,Perfeito estado,Não há placas,60 km/h,Dupla,"24, RUA JOAO ELISIO RAMOS, Recife, Pernambuco, Brasil",-8.0637651,-34.9047569
9642,2019-10-30 09:49:00,SEM VÍTIMA,ILHA DO RETIRO,AV BEIRA RIO,360,52.0,SUBURBIO,COLISÃO TRASEIRA,2.0,1.0,1.0,1.0,1.0,1.0,1.0,1.0,1.0,0.0,1.0,Longo da via,Bom,Não existe,Perfeito estado,Seca,Perfeito estado,R-6a,60 km/h,Dupla,"360, AV BEIRA RIO, Recife, Pernambuco, Brasil",-8.0651245,-34.901598372739144
3588,2019-04-24 07:13:00,SEM VÍTIMA,ILHA DO RETIRO,RUA SENADOR FABIO DE BARROS, ,52.0,CIDADE,ABALROAMENTO TRANSVERSAL,2.0,1.0,1.0,1.0,1.0,1.0,1.0,1.0,1.0,0.0,1.0,Cruzamento,Bom,Não existe,Perfeito estado,Seca,Perfeito estado,Não há placas,60 km/h,Dupla," , RUA SENADOR FABIO DE BARROS, Recife, Pernambuco, Brasil",-8.0636315,-34.9060282
7220,2019-08-21 06:57:00,COM VÍTIMA,ILHA DO RETIRO,RUA SPORT CLUBE DO RECIFE, ,52.0,CIDADE,ABALROAMENTO LONGITUDINAL,1.0,1.0,1.0,1.0,1.0,1.0,1.0,1.0,1.0,1.0,1.0,Longo da via,Bom,Não existe,Perfeito estado,Seca,Perfeito estado,Não há placas,60 km/h,Dupla," , RUA SPORT CLUBE DO RECIFE, Recife, Pernambuco, Brasil",-8.0636315,-34.9060282
11179,2019-12-07 11:41:00,SEM VÍTIMA,ILHA DO RETIRO,AV BEIRA RIO,240,52.0,CIDADE,COLISÃO TRASEIRA,3.0,1.0,1.0,1.0,1.0,1.0,1.0,1.0,1.0,0.0,1.0,Longo da via,Bom,Não existe,Perfeito estado,Seca,Perfeito estado,R-6a,60 km/h,Dupla,"240, AV BEIRA RIO, Recife, Pernambuco, Brasil",-8.0632609,-34.901607025333334
6328,2019-07-23 14:25:00,SEM VÍTIMA,ILHA DO RETIRO,RUA SPORT CLUBE DO RECIFE, ,52.0,CIDADE,ABALROAMENTO LONGITUDINAL,3.0,1.0,1.0,1.0,1.0,1.0,1.0,1.0,1.0,0.0,1.0,Longo da via,Chuvoso,Sem defeito,Perfeito estado,Molhada,Perfeito estado,Não há placas,60 km/h,Dupla," , RUA SPORT CLUBE DO RECIFE, Recife, Pernambuco, Brasil",-8.0632609,-34.901607025333334
4910,2019-06-05 11:36:00,SEM VÍTIMA,ILHA DO RETIRO,AV ENGENHEIRO ABDIAS DE CARVALHO, ,355.0,CIDADE,ABALROAMENTO LONGITUDINAL,2.0,1.0,1.0,1.0,1.0,1.0,1.0,1.0,1.0,0.0,1.0,Longo da via,Bom,Sem defeito,Perfeito estado,Seca,Perfeito estado,Não há placas,60 km/h,Única," , AV ENGENHEIRO ABDIAS DE CARVALHO, Recife, Pernambuco, Brasil",-8.0623704,-34.9319576
7043,2019-08-15 14:05:00,COM VÍTIMA,ILHA DO RETIRO,AV BEIRA RIO,230,355.0,CIDADE,COLISÃO TRASEIRA,1.0,1.0,1.0,1.0,1.0,1.0,1.0,1.0,1.0,1.0,1.0,Longo da via,Bom,Não existe,Perfeito estado,Seca,Perfeito estado,Não há placas,60 km/h,Dupla,"230, AV BEIRA RIO, Recife, Pernambuco, Brasil",-8.06364395,-34.901633736485124
2235,2019-03-15 08:13:00,SEM VÍTIMA,ILHA DO RETIRO,AV BEIRA RIO, ,355.0,SUBURBIO,ABALROAMENTO LONGITUDINAL,1.0,1.0,1.0,1.0,1.0,1.0,1.0,1.0,1.0,0.0,1.0,Longo da via,Bom,Não existe,Perfeito estado,Seca,Perfeito estado,R-6a,60 km/h,Dupla," , AV BEIRA RIO, Recife, Pernambuco, Brasil",-8.0428409,-34.9051443
10685,2019-11-26 14:50:00,COM VÍTIMA,ILHA DO RETIRO,AV BEIRA RIO,260,355.0,SUBURBIO,COLISÃO FRONTAL,1.0,1.0,1.0,1.0,1.0,1.0,1.0,1.0,1.0,1.0,1.0,Longo da via,Bom,Não existe,Perfeito estado,Seca,Perfeito estado,R-6a,40 km/h,Dupla,"260, AV BEIRA RIO, Recife, Pernambuco, Brasil",-8.063959,-34.9016656
7040,2019-08-15 13:35:00,SEM VÍTIMA,ILHA DO RETIRO,RUA SPORT CLUBE DO RECIFE, ,355.0,CIDADE,ABALROAMENTO LONGITUDINAL,2.0,1.0,1.0,1.0,1.0,1.0,1.0,1.0,1.0,0.0,1.0,Longo da via,Bom,Sem defeito,Perfeito estado,Seca,Perfeito estado,Não há placas,40 km/h,Dupla," , RUA SPORT CLUBE DO RECIFE, Recife, Pernambuco, Brasil",-8.063959,-34.9016656
6399,2019-07-26 09:20:00,SEM VÍTIMA,ILHA DO RETIRO,RUA JOAO ELISIO RAMOS,140,355.0,CIDADE,COLISÃO,2.0,1.0,1.0,1.0,1.0,1.0,1.0,1.0,1.0,0.0,1.0,Longo da via,Bom,Sem defeito,Perfeito estado,Seca,Perfeito estado,Não há placas,40 km/h,Dupla,"140, RUA JOAO ELISIO RAMOS, Recife, Pernambuco, Brasil",-8.0628401,-34.9049049
7065,2019-08-16 08:00:00,SEM VÍTIMA,ILHA DO RETIRO,AV ENGENHEIRO ABDIAS DE CARVALHO, ,355.0,CIDADE,COLISÃO,2.0,1.0,1.0,1.0,1.0,1.0,1.0,1.0,1.0,0.0,1.0,Longo da via,Bom,Sem defeito,Perfeito estado,Seca,Perfeito estado,Não há placas,40 km/h,Dupla," , AV ENGENHEIRO ABDIAS DE CARVALHO, Recife, Pernambuco, Brasil",-8.0623704,-34.9319576
4945,2019-06-06 08:57:00,SEM VÍTIMA,ILHA DO RETIRO,RUA SPORT CLUBE DO RECIFE, ,355.0,CIDADE,ABALROAMENTO LONGITUDINAL,1.0,1.0,1.0,1.0,1.0,1.0,1.0,1.0,1.0,0.0,1.0,Longo da via,Bom,Não existe,Perfeito estado,Seca,Perfeito estado,R-6a,40 km/h,Dupla," , RUA SPORT CLUBE DO RECIFE, Recife, Pernambuco, Brasil",-8.0623704,-34.9319576
1496,2019-02-21 02:45:00,SEM VÍTIMA,ILHA DO RETIRO,RUA SPORT CLUBE DO RECIFE, ,355.0,CIDADE,COLISÃO,2.0,1.0,1.0,1.0,1.0,1.0,1.0,1.0,1.0,0.0,1.0,Longo da via,Bom,Não existe,Perfeito estado,Seca,Perfeito estado,R-6a,40 km/h,Dupla," , RUA SPORT CLUBE DO RECIFE, Recife, Pernambuco, Brasil",-8.0623704,-34.9319576
1534,2019-02-21 19:03:00,SEM VÍTIMA,ILHA DO RETIRO,RUA SPORT CLUBE DO RECIFE, ,355.0,CIDADE,ABALROAMENTO LONGITUDINAL,1.0,1.0,1.0,1.0,1.0,1.0,1.0,1.0,1.0,0.0,1.0,Longo da via,Bom,Não existe,Incompleta,Seca,Perfeito estado,Não há placas,40 km/h,Única," , RUA SPORT CLUBE DO RECIFE, Recife, Pernambuco, Brasil",-8.0623704,-34.9319576
2437,2019-03-20 12:56:00,SEM VÍTIMA,ILHA DO RETIRO,RUA BENFICA, ,355.0,SUBURBIO,ABALROAMENTO LONGITUDINAL,2.0,1.0,1.0,1.0,1.0,1.0,1.0,1.0,1.0,0.0,1.0,Longo da via,Bom,Não existe,Perfeito estado,Seca,Perfeito estado,R-6a,40 km/h,Única," , RUA BENFICA, Recife, Pernambuco, Brasil",-8.0576866,-34.9086687
2245,2019-03-15 10:12:00,SEM VÍTIMA,ILHA DO RETIRO,EST DOS REMEDIOS,1988,355.0,SUBURBIO,COLISÃO TRASEIRA,2.0,1.0,1.0,1.0,1.0,1.0,1.0,1.0,1.0,0.0,1.0,Longo da via,Bom,Não existe,Perfeito estado,Seca,Perfeito estado,R-6a,40 km/h,Única,"1988, EST DOS REMEDIOS, Recife, Pernambuco, Brasil",-8.0576866,-34.9086687
2443,2019-03-20 16:05:00,SEM VÍTIMA,ILHA DO RETIRO,RUA BENFICA,92,355.0,SUBURBIO,ABALROAMENTO LONGITUDINAL,1.0,1.0,1.0,1.0,1.0,1.0,1.0,1.0,1.0,0.0,1.0,Longo da via,Bom,Não existe,Ilegível,Seca,Perfeito estado,Não há placas,40 km/h,Única,"92, RUA BENFICA, Recife, Pernambuco, Brasil",-8.0580139,-34.9082887
4936,2019-06-05 22:00:00,COM VÍTIMA,ILHA DO RETIRO,RUA TABAIARES, ,355.0,SUBURBIO,COLISÃO,1.0,1.0,1.0,1.0,1.0,1.0,1.0,1.0,1.0,1.0,1.0,Longo da via,Bom,Não existe,Ilegível,Seca,Perfeito estado,Não há placas,40 km/h,Única," , RUA TABAIARES, Recife, Pernambuco, Brasil",-8.0653755,-34.9062013
11611,2019-12-17 15:27:00,SEM VÍTIMA,ILHA DO RETIRO,AV BEIRA RIO,302,355.0,SUBURBIO,COLISÃO TRASEIRA,2.0,1.0,1.0,1.0,1.0,1.0,1.0,1.0,1.0,0.0,1.0,Longo da via,Bom,Não existe,Perfeito estado,Seca,Perfeito estado,Não há placas,40 km/h,Dupla,"302, AV BEIRA RIO, Recife, Pernambuco, Brasil",-8.0643765,-34.9016273
5388,2019-06-20 07:56:00,SEM VÍTIMA,ILHA DO RETIRO,RUA BENFICA, ,355.0,CIDADE,ABALROAMENTO LONGITUDINAL,1.0,1.0,1.0,1.0,1.0,1.0,1.0,1.0,1.0,0.0,1.0,Longo da via,Bom,Não existe,Perfeito estado,Seca,Perfeito estado,R-6a,40 km/h,Única," , RUA BENFICA, Recife, Pernambuco, Brasil",-8.0576866,-34.9086687
7979,2019-09-13 17:25:00,SEM VÍTIMA,ILHA DO RETIRO,TUNEL CHICO SCIENCE, ,355.0,CIDADE,ABALROAMENTO LONGITUDINAL,2.0,1.0,1.0,1.0,1.0,1.0,1.0,1.0,1.0,0.0,1.0,Longo da via,Bom,Não existe,Perfeito estado,Seca,Perfeito estado,R-6a,40 km/h,Única," , TUNEL CHICO SCIENCE, Recife, Pernambuco, Brasil",-8.0615471,-34.9013057
10089,2019-11-11 07:55:00,SEM VÍTIMA,ILHA DO RETIRO,RUA ABDISIO VEIGA,131,355.0,CIDADE,COLISÃO TRASEIRA,2.0,1.0,1.0,1.0,1.0,1.0,1.0,1.0,1.0,0.0,1.0,Longo da via,Bom,Não existe,Perfeito estado,Seca,Perfeito estado,Outras,40 km/h,Dupla,"131, RUA ABDISIO VEIGA, Recife, Pernambuco, Brasil",-8.0615471,-34.9013057
10423,2019-11-19 17:38:00,SEM VÍTIMA,ILHA DO RETIRO,AV ENGENHEIRO ABDIAS DE CARVALHO, ,355.0,SUBURBIO,ABALROAMENTO TRANSVERSAL,2.0,1.0,1.0,1.0,1.0,1.0,1.0,1.0,1.0,0.0,1.0,Longo da via,Bom,Sem defeito,Perfeito estado,Seca,Perfeito estado,Outras,60 km/h,Dupla," , AV ENGENHEIRO ABDIAS DE CARVALHO, Recife, Pernambuco, Brasil",-8.0623704,-34.9319576
10797,2019-11-29 13:15:00,SEM VÍTIMA,ILHA DO RETIRO,PRC DA BANDEIRA,92,355.0,SUBURBIO,ABALROAMENTO LONGITUDINAL,1.0,1.0,1.0,1.0,1.0,1.0,1.0,1.0,1.0,0.0,1.0,Longo da via,Bom,Não existe,Perfeito estado,Seca,Perfeito estado,Outras,60 km/h,Única,"92, PRC DA BANDEIRA, Recife, Pernambuco, Brasil",-8.0623704,-34.9319576
7276,2019-08-22 15:39:00,SEM VÍTIMA,ILHA DO RETIRO,RUA TABAIARES,260,355.0,CIDADE,ABALROAMENTO LONGITUDINAL,1.0,1.0,1.0,1.0,1.0,1.0,1.0,1.0,1.0,0.0,1.0,Longo da via,Bom,Não existe,Perfeito estado,Seca,Perfeito estado,Outras,60 km/h,Única,"260, RUA TABAIARES, Recife, Pernambuco, Brasil",-8.065243,-34.9055506
256,2019-01-10 16:55:00,SEM VÍTIMA,ILHA DO RETIRO,EST DOS REMEDIOS,24,52.0,SUBURBIO,ABALROAMENTO TRANSVERSAL,2.0,1.0,1.0,1.0,1.0,1.0,1.0,1.0,1.0,0.0,1.0,Cruzamento,Bom,Sem defeito,Perfeito estado,Seca,Perfeito estado,Placas Pare,40 km/h,Única,"24, EST DOS REMEDIOS, Recife, Pernambuco, Brasil",-8.065243,-34.9055506
746,2019-01-30 08:08:00,SEM VÍTIMA,ILHA DO RETIRO,EST DOS REMEDIOS, ,52.0,CIDADE,ABALROAMENTO LONGITUDINAL,2.0,1.0,1.0,1.0,1.0,1.0,1.0,1.0,1.0,0.0,1.0,Cruzamento,Bom,Não existe,Perfeito estado,Seca,Perfeito estado,Outras,40 km/h,Única," , nan, Recife, Pernambuco, Brasil",-8.0584933,-34.8848193
4457,2019-05-21 16:22:00,SEM VÍTIMA,ILHA DO RETIRO,RUA TABAIARES,207,52.0,CIDADE,COLISÃO,3.0,1.0,1.0,1.0,1.0,1.0,1.0,1.0,1.0,0.0,1.0,Cruzamento,Bom,Não existe,Perfeito estado,Seca,Perfeito estado,Outras,40 km/h,Única,"207, RUA TABAIARES, Recife, Pernambuco, Brasil",-8.0651335,-34.9061378
9036,2019-10-13 15:22:00,SEM VÍTIMA,ILHA DO RETIRO,RUA SPORT CLUBE DO RECIFE, ,481.0,SUBURBIO,COLISÃO TRASEIRA,3.0,1.0,1.0,1.0,1.0,1.0,1.0,1.0,1.0,0.0,1.0,Longo da via,Chuvoso,Sem defeito,Perfeito estado,Molhada,Perfeito estado,R-6a,40 km/h,Dupla," , RUA SPORT CLUBE DO RECIFE, Recife, Pernambuco, Brasil",-8.0651335,-34.9061378
9245,2019-10-18 12:37:00,SEM VÍTIMA,ILHA DO RETIRO,RUA ASTORGA,436,481.0,SUBURBIO,ABALROAMENTO TRANSVERSAL,1.0,1.0,1.0,1.0,1.0,1.0,1.0,1.0,1.0,0.0,1.0,Cruzamento,Bom,Não existe,Não existente,Seca,Perfeito estado,Não há placas,40 km/h,Dupla,"436, RUA ASTORGA, Recife, Pernambuco, Brasil",-8.0622375,-34.9076551
5139,2019-06-12 12:24:00,SEM VÍTIMA,ILHA DO RETIRO,AV ENGENHEIRO ABDIAS DE CARVALHO, ,355.0,SUBURBIO,COLISÃO TRASEIRA,2.0,1.0,1.0,1.0,1.0,1.0,1.0,1.0,1.0,0.0,1.0,Longo da via,Bom,Sem defeito,Perfeito estado,Seca,Perfeito estado,Outras,40 km/h,Dupla," , AV ENGENHEIRO ABDIAS DE CARVALHO, Recife, Pernambuco, Brasil",-8.0623704,-34.9319576
11567,2019-12-16 17:23:00,SEM VÍTIMA,ILHA DO RETIRO,RUA ASTORGA,436,355.0,SUBURBIO,ABALROAMENTO TRANSVERSAL,2.0,1.0,1.0,1.0,1.0,1.0,1.0,1.0,1.0,0.0,1.0,Cruzamento,Bom,Não existe,Não existente,Seca,Perfeito estado,Não há placas,40 km/h,Dupla,"436, RUA ASTORGA, Recife, Pernambuco, Brasil",-8.0622375,-34.9076551
10471,2019-11-20 22:19:00,COM VÍTIMA,ILHA DO RETIRO,RUA PROFESSOR BENEDITO MONTEIRO, ,355.0,SUBURBIO,COLISÃO TRASEIRA,1.0,1.0,1.0,1.0,1.0,1.0,1.0,1.0,1.0,1.0,1.0,Longo da via,Bom,Não existe,Incompleta,Seca,Perfeito estado,R-6a,40 km/h,Única," , RUA PROFESSOR BENEDITO MONTEIRO, Recife, Pernambuco, Brasil",-8.0592322,-34.9037018
5927,2019-07-09 14:54:00,SEM VÍTIMA,ILHA DO RETIRO,RUA BENFICA,98,355.0,SUBURBIO,ABALROAMENTO LONGITUDINAL,1.0,1.0,1.0,1.0,1.0,1.0,1.0,1.0,1.0,0.0,1.0,Longo da via,Bom,Não existe,Perfeito estado,Seca,Perfeito estado,Outras,40 km/h,Única,"98, RUA BENFICA, Recife, Pernambuco, Brasil",-8.0580139,-34.9082887
9454,2019-10-24 18:13:00,SEM VÍTIMA,ILHA DO RETIRO,TUNEL CHICO SCIENCE, ,355.0,SUBURBIO,ABALROAMENTO LONGITUDINAL,1.0,1.0,1.0,1.0,1.0,1.0,1.0,1.0,1.0,0.0,1.0,Longo da via,Bom,Não existe,Perfeito estado,Seca,Perfeito estado,Não há placas,40 km/h,Única," , TUNEL CHICO SCIENCE, Recife, Pernambuco, Brasil",-8.0615471,-34.9013057