,data_hora,natureza_acidente,bairro,endereco,numero,num_semaforo,sentido_via,tipo,auto,moto,ciclom,ciclista,pedestre,onibus,caminhao,viatura,outros,vitimas,vitimasfatais,acidente_verificado,tempo_clima,situacao_semaforo,sinalizacao,condicao_via,conservacao_via,situacao_placa,velocidade_max_via,mao_direcao,end,latitude,longitude
1374,2019-02-17 12:58:00,COM VÍTIMA,ILHA DO RETIRO,AV BEIRA RIO,302,355.0,SUBURBIO,ABALROAMENTO LONGITUDINAL,1.0,1.0,1.0,1.0,1.0,1.0,1.0,1.0,1.0,2.0,1.0,Longo da via,Bom,Não existe,Perfeito estado,Seca,Perfeito estado,Não há placas,40 km/h,Dupla,"302, AV BEIRA RIO, Recife, Pernambuco, Brasil",-8.0643765,-34.9016273
6739,2019-08-06 16:46:00,SEM VÍTIMA,ILHA DO RETIRO,RUA SPORT CLUBE DO RECIFE, ,355.0,CIDADE,ABALROAMENTO LONGITUDINAL,1.0,1.0,1.0,1.0,1.0,1.0,1.0,1.0,1.0,0.0,1.0,Longo da via,Bom,Não existe,Perfeito estado,Seca,Perfeito estado,Não há placas,50 km/h,Dupla," , RUA SPORT CLUBE DO RECIFE, Recife, Pernambuco, Brasil",-8.0643765,-34.9016273
2857,2019-04-01 13:09:00,COM VÍTIMA,ILHA DO RETIRO,RUA SPORT CLUBE DO RECIFE, ,355.0,CIDADE,COLISÃO,1.0,1.0,1.0,1.0,1.0,1.0,1.0,1.0,1.0,1.0,1.0,Longo da via,Bom,Não existe,Perfeito estado,Seca,Perfeito estado,Não há placas,50 km/h,Dupla," , RUA SPORT CLUBE DO RECIFE, Recife, Pernambuco, Brasil",-8.0643765,-34.9016273
7495,2019-08-30 09:25:00,SEM VÍTIMA,ILHA DO RETIRO,EST DOS REMEDIOS,2044,355.0,SUBURBIO,COLISÃO TRASEIRA,1.0,1.0,1.0,1.0,1.0,1.0,1.0,1.0,1.0,0.0,1.0,Longo da via,Bom,Sem defeito,Perfeito estado,Seca,Perfeito estado,Outras,50 km/h,Única,"2044, EST DOS REMEDIOS, Recife, Pernambuco, Brasil",-8.0643765,-34.9016273
10995,2019-12-03 22:57:00,SEM VÍTIMA,ILHA DO RETIRO,RUA SPORT CLUBE DO RECIFE, ,355.0,SUBURBIO,ABALROAMENTO LONGITUDINAL,2.0,1.0,1.0,1.0,1.0,1.0,1.0,1.0,1.0,0.0,1.0,Longo da via,Bom,Não existe,Perfeito estado,Seca,Perfeito estado,Não há placas,50 km/h,Dupla," , RUA SPORT CLUBE DO RECIFE, Recife, Pernambuco, Brasil",-8.0643765,-34.9016273
5829,2019-07-05 14:21:00,SEM VÍTIMA,ILHA DO RETIRO,RUA SPORT CLUBE DO RECIFE, ,481.0,CIDADE,ABALROAMENTO LONGITUDINAL,1.0,1.0,1.0,1.0,1.0,1.0,1.0,1.0,1.0,0.0,1.0,Longo da via,Bom,Sem defeito,Perfeito estado,Seca,Perfeito estado,R-6a,50 km/h,Dupla," , RUA SPORT CLUBE DO RECIFE, Recife, Pernambuco, Brasil",-8.0643765,-34.9016273
6742,2019-08-06 17:23:00,SEM VÍTIMA,ILHA DO RETIRO,RUA SPORT CLUBE DO RECIFE, ,367.0,SUBURBIO,COLISÃO TRASEIRA,3.0,1.0,1.0,1.0,1.0,1.0,1.0,1.0,1.0,0.0,1.0,Longo da via,Bom,Sem defeito,Perfeito estado,Seca,Perfeito estado,Outras,60 km/h,Única," , RUA SPORT CLUBE DO RECIFE, Recife, Pernambuco, Brasil",-8.0643765,-34.9016273
5203,2019-06-14 10:51:00,SEM VÍTIMA,ILHA DO RETIRO,AV ENGENHEIRO ABDIAS DE CARVALHO, ,52.0,SUBURBIO,ABALROAMENTO LONGITUDINAL,3.0,1.0,1.0,1.0,1.0,1.0,1.0,1.0,1.0,0.0,1.0,Cruzamento,Bom,Desligado,Perfeito estado,Seca,Perfeito estado,R-6a,60 km/h,Dupla," , AV ENGENHEIRO ABDIAS DE CARVALHO, Recife, Pernambuco, Brasil",-8.0623704,-34.9319576
8578,2019-10-01 10:58:00,SEM VÍTIMA,ILHA DO RETIRO,AV ENGENHEIRO ABDIAS DE CARVALHO,125,52.0,CIDADE,COLISÃO TRASEIRA,4.0,1.0,1.0,1.0,1.0,1.0,1.0,1.0,1.0,0.0,1.0,Longo da via,Bom,Sem defeito,Perfeito estado,Seca,Perfeito estado,Outras,60 km/h,Única,"125, AV ENGENHEIRO ABDIAS DE CARVALHO, Recife, Pernambuco, Brasil",-8.0616907,-34.9061727
9060,2019-10-14 08:59:00,SEM VÍTIMA,ILHA DO RETIRO,RUA SPORT CLUBE DO RECIFE, ,481.0,SUBURBIO,COLISÃO TRASEIRA,2.0,1.0,1.0,1.0,1.0,1.0,1.0,1.0,1.0,0.0,1.0,Longo da via,Bom,Sem defeito,Perfeito estado,Seca,Perfeito estado,R-6a,60 km/h,Dupla," , RUA SPORT CLUBE DO RECIFE, Recife, Pernambuco, Brasil",-8.0616907,-34.9061727
9472,2019-10-25 12:40:00,SEM VÍTIMA,ILHA DO RETIRO,RUA TABAIARES,182,481.0,CIDADE,ABALROAMENTO LONGITUDINAL,2.0,1.0,1.0,1.0,1.0,1.0,1.0,1.0,1.0,0.0,1.0,Longo da via,Bom,Não existe,Perfeito estado,Seca,Perfeito estado,Não há placas,60 km/h,Dupla,"182, RUA TABAIARES, Recife, Pernambuco, Brasil",-8.065630200000001,-34.90626030747997
11562,2019-12-16 15:57:00,SEM VÍTIMA,ILHA DO RETIRO,AV GOVERNADOR AGAMENON MAGALHAES, ,69.0,SUBURBIO,ABALROAMENTO LONGITUDINAL,1.0,1.0,1.0,1.0,1.0,1.0,1.0,1.0,1.0,0.0,1.0,Cruzamento,Bom,Sem defeito,Perfeito estado,Seca,Perfeito estado,Não há placas,60 km/h,Dupla," , AV GOVERNADOR AGAMENON MAGALHAES, Recife, Pernambuco, Brasil",-8.0615339,-34.8974443
7231,2019-08-21 12:36:00,SEM VÍTIMA,ILHA JOANA BEZERRA,AV DES GUERRA BARRETO, ,69.0,SUBURBIO,COLISÃO,2.0,1.0,1.0,1.0,1.0,1.0,1.0,1.0,1.0,0.0,1.0,Cruzamento,Bom,Sem defeito,Perfeito estado,Seca,Perfeito estado,Não há placas,60 km/h,Dupla," , AV DES GUERRA BARRETO, Recife, Pernambuco, Brasil",-8.0615339,-34.8974443
8034,2019-09-15 19:17:00,COM VÍTIMA,ILHA JOANA BEZERRA,PTE JOAQUIM CARDOSO, ,69.0,SUBURBIO,COLISÃO,1.0,1.0,1.0,1.0,1.0,1.0,1.0,1.0,1.0,2.0,1.0,Ponte,Bom,Não existe,Perfeito estado,Seca,Perfeito estado,Outras,40 km/h,Dupla," , PTE JOAQUIM CARDOSO, Recife, Pernambuco, Brasil",-8.0615339,-34.8974443
6824,2019-08-08 23:46:00,COM VÍTIMA,ILHA JOANA BEZERRA,VDO PAPA JOAO PAULO II, ,69.0,SUBURBIO,CHOQUE OBJETO FIXO,1.0,1.0,1.0,1.0,1.0,1.0,1.0,1.0,1.0,1.0,1.0,Ponte,Bom,Não existe,Perfeito estado,Seca,Perfeito estado,Não há placas,60 km/h,Dupla," , VDO PAPA JOAO PAULO II, Recife, Pernambuco, Brasil",-8.0615339,-34.8974443
3682,2019-04-26 16:14:00,COM VÍTIMA,ILHA JOANA BEZERRA,RUA CAPITAO TEMUDO, ,69.0,SUBURBIO,COLISÃO,1.0,1.0,1.0,1.0,1.0,1.0,1.0,1.0,1.0,1.0,1.0,Ponte,Bom,Não existe,Perfeito estado,Seca,Perfeito estado,Não há placas,60 km/h,Dupla," , RUA CAPITAO TEMUDO, Recife, Pernambuco, Brasil",-8.0768412,-34.8927943
5196,2019-06-14 09:00:00,SEM VÍTIMA,ILHA JOANA BEZERRA,RUA IMPERIAL, ,69.0,SUBURBIO,CHOQUE,1.0,1.0,1.0,1.0,1.0,1.0,1.0,1.0,1.0,0.0,1.0,Ponte,Bom,Não existe,Perfeito estado,Seca,Perfeito estado,Não há placas,60 km/h,Dupla," , RUA IMPERIAL, Recife, Pernambuco, Brasil",-8.0719111,-34.884563
3771,2019-04-29 09:55:00,SEM VÍTIMA,ILHA JOANA BEZERRA,PTE JOSE DE BARROS LIMA, ,69.0,CIDADE,COLISÃO TRASEIRA,2.0,1.0,1.0,1.0,1.0,1.0,1.0,1.0,1.0,0.0,1.0,Viaduto,Bom,Não existe,Ilegível,Seca,Mal conservada,Não há placas,60 km/h,Dupla," , PTE JOSE DE BARROS LIMA, Recife, Pernambuco, Brasil",-8.0719111,-34.884563
6821,2019-08-08 21:32:00,SEM VÍTIMA,ILHA JOANA BEZERRA,AV CENTRAL, ,69.0,CIDADE,COLISÃO TRASEIRA,2.0,1.0,1.0,1.0,1.0,1.0,1.0,1.0,1.0,0.0,1.0,Longo da via,Bom,Não existe,Perfeito estado,Seca,Perfeito estado,Placas Pare,20 km/h,Única," , AV CENTRAL, Recife, Pernambuco, Brasil",-8.0737974,-34.898474
1174,2019-02-11 17:46:00,COM VÍTIMA,ILHA JOANA BEZERRA,VDO PAPA JOAO PAULO II, ,69.0,SUBURBIO,COLISÃO TRASEIRA,1.0,1.0,1.0,1.0,1.0,1.0,1.0,1.0,1.0,1.0,1.0,Viaduto,Bom,Não existe,Perfeito estado,Seca,Perfeito estado,Não há placas,60 km/h,Única," , VDO PAPA JOAO PAULO II, Recife, Pernambuco, Brasil",-8.0737974,-34.898474
5201,2019-06-14 10:31:00,SEM VÍTIMA,ILHA JOANA BEZERRA,AV DES GUERRA BARRETO, ,69.0,SUBURBIO,CHOQUE OBJETO FIXO,1.0,1.0,1.0,1.0,1.0,1.0,1.0,1.0,1.0,0.0,1.0,Longo da via,Bom,Não existe,Perfeito estado,Seca,Perfeito estado,Não há placas,60 km/h,Dupla," , AV DES GUERRA BARRETO, Recife, Pernambuco, Brasil",-8.0737974,-34.898474
1084,2019-02-08 17:06:00,SEM VÍTIMA,ILHA JOANA BEZERRA,RUA AGUA DOCE, ,69.0,SUBURBIO,ABALROAMENTO LONGITUDINAL,1.0,1.0,1.0,1.0,1.0,1.0,1.0,1.0,1.0,0.0,1.0,Longo da via,Bom,Não existe,Não existente,Seca,Perfeito estado,Não há placas,60 km/h,Única," , RUA AGUA DOCE, Recife, Pernambuco, Brasil",-8.0705206,-34.8969292
9934,2019-11-07 08:22:00,SEM VÍTIMA,ILHA JOANA BEZERRA,VIADUTO CAPITAO TEMUDO, ,69.0,CIDADE,COLISÃO TRASEIRA,1.0,1.0,1.0,1.0,1.0,1.0,1.0,1.0,1.0,0.0,1.0,Longo da via,Bom,Não existe,Perfeito estado,Seca,Perfeito estado,Não há placas,60 km/h,Dupla," , VIADUTO CAPITAO TEMUDO, Recife, Pernambuco, Brasil",-8.075106,-34.8934944
1242,2019-02-13 12:28:00,SEM VÍTIMA,ILHA JOANA BEZERRA,AV DES GUERRA BARRETO, ,38.0,SUBURBIO,COLISÃO TRASEIRA,4.0,1.0,1.0,1.0,1.0,1.0,1.0,1.0,1.0,0.0,1.0,Longo da via,Chuvoso,Sem defeito,Perfeito estado,Molhada,Perfeito estado,Não há placas,60 km/h,Dupla," , AV DES GUERRA BARRETO, Recife, Pernambuco, Brasil",-8.075106,-34.8934944
9018,2019-10-12 15:46:00,COM VÍTIMA,ILHA JOANA BEZERRA,AV MARTIN LUTHER KING, ,38.0,SUBURBIO,ATROPELAMENTO,4.0,1.0,1.0,1.0,1.0,1.0,1.0,1.0,1.0,1.0,1.0,Longo da via,Bom,Não existe,Perfeito estado,Seca,Perfeito estado,R-6a,60 km/h,Única," , AV MARTIN LUTHER KING, Recife, Pernambuco, Brasil",-8.0687945,-34.900231
10055,2019-11-09 18:55:00,SEM VÍTIMA,ILHA JOANA BEZERRA,AV BEIRA RIO, ,38.0,CIDADE,COLISÃO FRONTAL,2.0,1.0,1.0,1.0,1.0,1.0,1.0,1.0,1.0,0.0,1.0,Longo da via,Bom,Não existe,Não existente,Seca,Mal iluminada,Não há placas,60 km/h,Dupla," , AV BEIRA RIO, Recife, Pernambuco, Brasil",-8.0428409,-34.9051443
1858,2019-03-02 09:09:00,SEM VÍTIMA,ILHA JOANA BEZERRA,RUA DOM PAULO II, ,38.0,SUBURBIO,ABALROAMENTO LONGITUDINAL,2.0,1.0,1.0,1.0,1.0,1.0,1.0,1.0,1.0,0.0,1.0,Viaduto,Bom,Não existe,Perfeito estado,Seca,Perfeito estado,Não há placas,60 km/h,Única," , RUA DOM PAULO II, Recife, Pernambuco, Brasil",-8.074425,-34.8938154
10936,2019-12-02 16:33:00,SEM VÍTIMA,ILHA JOANA BEZERRA,AV GOVERNADOR AGAMENON MAGALHAES, ,38.0,SUBURBIO,COLISÃO TRASEIRA,2.0,1.0,1.0,1.0,1.0,1.0,1.0,1.0,1.0,0.0,1.0,Longo da via,Bom,Não existe,Perfeito estado,Seca,Perfeito estado,Não há placas,60 km/h,Única," , AV GOVERNADOR AGAMENON MAGALHAES, Recife, Pernambuco, Brasil",-8.0615339,-34.8974443
5062,2019-06-10 08:07:00,SEM VÍTIMA,ILHA JOANA BEZERRA,VIADUTO CAPITAO TEMUDO, ,38.0,SUBURBIO,COLISÃO TRASEIRA,1.0,1.0,1.0,1.0,1.0,1.0,1.0,1.0,1.0,0.0,1.0,Viaduto,Bom,Não existe,Perfeito estado,Seca,Perfeito estado,Não há placas,60 km/h,Dupla," , VIADUTO CAPITAO TEMUDO, Recife, Pernambuco, Brasil",-8.075106,-34.8934944
1710,2019-02-26 18:08:00,SEM VÍTIMA,ILHA JOANA BEZERRA,AV GOVERNADOR AGAMENON MAGALHAES, ,38.0,SUBURBIO,COLISÃO TRASEIRA,1.0,1.0,1.0,1.0,1.0,1.0,1.0,1.0,1.0,0.0,1.0,Ponte,Bom,Não existe,Perfeito estado,Seca,Perfeito estado,Outras,60 km/h,Dupla," , AV GOVERNADOR AGAMENON MAGALHAES, Recife, Pernambuco, Brasil",-8.0615339,-34.8974443
8996,2019-10-11 20:13:00,COM VÍTIMA,ILHA JOANA BEZERRA,PTE JOAQUIM CARDOSO, ,38.0,SUBURBIO,COLISÃO,1.0,1.0,1.0,1.0,1.0,1.0,1.0,1.0,1.0,1.0,1.0,Ponte,Bom,Não existe,Perfeito estado,Seca,Perfeito estado,Outras,60 km/h,Dupla," , PTE JOAQUIM CARDOSO, Recife, Pernambuco, Brasil",-8.0615339,-34.8974443
11377,2019-12-11 23:22:00,SEM VÍTIMA,ILHA JOANA BEZERRA,RUA DOM PAULO II, ,38.0,SUBURBIO,COLISÃO TRASEIRA,2.0,1.0,1.0,1.0,1.0,1.0,1.0,1.0,1.0,0.0,1.0,Longo da via,Bom,Não existe,Perfeito estado,Seca,Perfeito estado,Outras,60 km/h,Dupla," , RUA DOM PAULO II, Recife, Pernambuco, Brasil",-8.074425,-34.8938154
3644,2019-04-25 17:56:00,SEM VÍTIMA,ILHA JOANA BEZERRA,PTE JOSE DE BARROS LIMA, ,38.0,SUBURBIO,COLISÃO TRASEIRA,1.0,1.0,1.0,1.0,1.0,1.0,1.0,1.0,1.0,0.0,1.0,Ponte,Bom,Não existe,Perfeito estado,Seca,Perfeito estado,Não há placas,60 km/h,Dupla," , PTE JOSE DE BARROS LIMA, Recife, Pernambuco, Brasil",-8.074425,-34.8938154
7863,2019-09-10 20:33:00,COM VÍTIMA,ILHA JOANA BEZERRA,AV BEIRA RIO, ,38.0,SUBURBIO,COLISÃO FRONTAL,1.0,1.0,1.0,1.0,1.0,1.0,1.0,1.0,1.0,1.0,1.0,Longo da via,Bom,Não existe,Incompleta,Seca,Mal iluminada,Outras,60 km/h,Dupla," , AV BEIRA RIO, Recife, Pernambuco, Brasil",-8.0428409,-34.9051443
1173,2019-02-11 17:18:00,SEM VÍTIMA,ILHA JOANA BEZERRA,PTE JOSE DE BARROS LIMA, ,38.0,SUBURBIO,ABALROAMENTO LONGITUDINAL,2.0,1.0,1.0,1.0,1.0,1.0,1.0,1.0,1.0,0.0,1.0,Longo da via,Bom,Não existe,Perfeito estado,Seca,Perfeito estado,Outras,60 km/h,Dupla," , PTE JOSE DE BARROS LIMA, Recife, Pernambuco, Brasil",-8.0428409,-34.9051443
7321,2019-08-23 18:30:00,SEM VÍTIMA,ILHA JOANA BEZERRA,AV BEIRA RIO,447,38.0,SUBURBIO,COLISÃO,2.0,1.0,1.0,1.0,1.0,1.0,1.0,1.0,1.0,0.0,1.0,Longo da via,Bom,Não existe,Perfeito estado,Seca,Perfeito estado,Outras,60 km/h,Dupla,"447, AV BEIRA RIO, Recife, Pernambuco, Brasil",-8.0667355,-34.8967797
11930,2019-12-26 12:59:00,SEM VÍTIMA,ILHA JOANA BEZERRA,PTE JOSE DE BARROS LIMA, ,38.0,SUBURBIO,COLISÃO TRASEIRA,2.0,1.0,1.0,1.0,1.0,1.0,1.0,1.0,1.0,0.0,1.0,Viaduto,Bom,Não existe,Perfeito estado,Seca,Perfeito estado,Não há placas,60 km/h,Dupla," , PTE JOSE DE BARROS LIMA, Recife, Pernambuco, Brasil",-8.0667355,-34.8967797
7747,2019-09-07 08:06:00,COM VÍTIMA,ILHA JOANA BEZERRA,AV CENTRAL, ,38.0,SUBURBIO,ATROPELAMENTO,2.0,1.0,1.0,1.0,1.0,1.0,1.0,1.0,1.0,1.0,1.0,Outros,Bom,Não existe,Perfeito estado,Seca,Perfeito estado,R-6a,20 km/h,Única," , AV CENTRAL, Recife, Pernambuco, Brasil",-8.0737974,-34.898474
1113,2019-02-09 23:33:00,COM VÍTIMA,ILHA JOANA BEZERRA,VIADUTO CAPITAO TEMUDO, ,38.0,CIDADE,COLISÃO TRASEIRA,2.0,1.0,1.0,1.0,1.0,1.0,1.0,1.0,1.0,1.0,1.0,Viaduto,Bom,Não existe,Perfeito estado,Seca,Perfeito estado,Outras,60 km/h,Dupla," , VIADUTO CAPITAO TEMUDO, Recife, Pernambuco, Brasil",-8.075106,-34.8934944
1866,2019-03-02 15:40:00,SEM VÍTIMA,ILHA JOANA BEZERRA,RUA JOAO PAULO II, ,38.0,CIDADE,COLISÃO TRASEIRA,2.0,1.0,1.0,1.0,1.0,1.0,1.0,1.0,1.0,0.0,1.0,Viaduto,Bom,Não existe,Perfeito estado,Seca,Perfeito estado,Não há placas,60 km/h,Única," , RUA JOAO PAULO II, Recife, Pernambuco, Brasil",-8.1040344,-34.9373549
10034,2019-11-09 09:44:00,SEM VÍTIMA,ILHA JOANA BEZERRA,VDO PAPA JOAO PAULO II, ,38.0,BOA VIAGEM,COLISÃO,1.0,1.0,1.0,1.0,1.0,1.0,1.0,1.0,1.0,0.0,1.0,Viaduto,Bom,Não existe,Perfeito estado,Seca,Perfeito estado,Não há placas,60 km/h,Única," , VDO PAPA JOAO PAULO II, Recife, Pernambuco, Brasil",-8.1040344,-34.9373549
3619,2019-04-25 09:11:00,SEM VÍTIMA,ILHA JOANA BEZERRA,RUA JARAGUARI, ,38.0,SUBURBIO,ABALROAMENTO LONGITUDINAL,1.0,1.0,1.0,1.0,1.0,2.0,1.0,1.0,1.0,0.0,1.0,Longo da via,Chuvoso,Não existe,Perfeito estado,Seca,Perfeito estado,Não há placas,60 km/h,Dupla," , RUA JARAGUARI, Recife, Pernambuco, Brasil",-8.0707722,-34.8967738
6761,2019-08-07 10:21:00,COM VÍTIMA,ILHA JOANA BEZERRA,RUA DES GUERRA BARRETO, ,38.0,SUBURBIO,COLISÃO COM CICLISTA,1.0,1.0,1.0,1.0,1.0,1.0,1.0,1.0,1.0,1.0,1.0,Longo da via,Chuvoso,Não existe,Perfeito estado,Seca,Perfeito estado,Não há placas,60 km/h,Dupla," , RUA DES GUERRA BARRETO, Recife, Pernambuco, Brasil",-8.0707722,-34.8967738
1867,2019-03-02 16:07:00,SEM VÍTIMA,ILHA JOANA BEZERRA,VIADUTO CAPITAO TEMUDO, ,38.0,SUBURBIO,COLISÃO TRASEIRA,1.0,1.0,1.0,1.0,1.0,1.0,1.0,1.0,1.0,0.0,1.0,Viaduto,Bom,Não existe,Perfeito estado,Seca,Perfeito estado,R-19,40 km/h,Dupla," , VIADUTO CAPITAO TEMUDO, Recife, Pernambuco, Brasil",-8.075106,-34.8934944
9943,2019-11-07 12:48:00,SEM VÍTIMA,ILHA JOANA BEZERRA,AV ADVOGADO JOSE PAULO CAVALCANTI, ,38.0,SUBURBIO,CHOQUE VEÍCULO PARADO,1.0,1.0,1.0,1.0,1.0,1.0,1.0,1.0,1.0,0.0,1.0,Longo da via,Bom,Não existe,Não existente,Seca,Mal conservada,Não há placas,40 km/h,Dupla," , AV ADVOGADO JOSE PAULO CAVALCANTI, Recife, Pernambuco, Brasil",-8.0714484,-34.8937587
10120,2019-11-11 16:36:00,COM VÍTIMA,ILHA JOANA BEZERRA,AV ADVOGADO JOSE PAULO CAVALCANTI, ,38.0,CIDADE,ATROPELAMENTO,1.0,1.0,1.0,1.0,1.0,1.0,1.0,1.0,1.0,1.0,1.0,Longo da via,Bom,Não existe,Perfeito estado,Seca,Perfeito estado,Não há placas,40 km/h,Dupla," , AV ADVOGADO JOSE PAULO CAVALCANTI, Recife, Pernambuco, Brasil",-8.0714484,-34.8937587
4778,2019-06-01 09:22:00,COM VÍTIMA,ILHA JOANA BEZERRA,VDO PAPA JOAO PAULO II, ,38.0,CIDADE,COLISÃO TRASEIRA,1.0,1.0,1.0,1.0,1.0,1.0,1.0,1.0,1.0,1.0,1.0,Viaduto,Bom,Não existe,Perfeito estado,Seca,Perfeito estado,Outras,60 km/h,Única," , VDO PAPA JOAO PAULO II, Recife, Pernambuco, Brasil",-8.0714484,-34.8937587
3591,2019-04-24 08:53:00,SEM VÍTIMA,ILHA JOANA BEZERRA,VIADUTO CAPITAO TEMUDO, ,38.0,SUBURBIO,ABALROAMENTO LONGITUDINAL,1.0,1.0,1.0,1.0,1.0,1.0,1.0,1.0,1.0,0.0,1.0,Viaduto,Bom,Não existe,Perfeito estado,Seca,Perfeito estado,Não há placas,60 km/h,Dupla," , VIADUTO CAPITAO TEMUDO, Recife, Pernambuco, Brasil",-8.075106,-34.8934944
10778,2019-11-29 06:45:00,COM VÍTIMA,ILHA JOANA BEZERRA,AV DES GUERRA BARRETO, ,38.0,CIDADE,COLISÃO COM CICLISTA,1.0,1.0,1.0,1.0,1.0,1.0,1.0,1.0,1.0,1.0,1.0,Longo da via,Bom,Sem defeito,Incompleta,Seca,Mal conservada,Não há placas,60 km/h,Dupla," , AV DES GUERRA BARRETO, Recife, Pernambuco, Brasil",-8.075106,-34.8934944
9806,2019-11-04 07:58:00,SEM VÍTIMA,ILHA JOANA BEZERRA,AV BEIRA RIO, ,38.0,SUBURBIO,ABALROAMENTO LONGITUDINAL,1.0,1.0,1.0,1.0,1.0,1.0,1.0,1.0,1.0,0.0,1.0,Longo da via,Bom,Não existe,Perfeito estado,Seca,Perfeito estado,Não há placas,60 km/h,Dupla," , AV BEIRA RIO, Recife, Pernambuco, Brasil",-8.0428409,-34.9051443
2026,2019-03-09 01:57:00,VÍTIMA FATAL,ILHA JOANA BEZERRA,AV GOVERNADOR AGAMENON MAGALHAES, ,38.0,CIDADE,COLISÃO COM CICLISTA,1.0,1.0,1.0,2.0,1.0,1.0,1.0,1.0,1.0,1.0,1.0,Viaduto,Bom,Não existe,Perfeito estado,Seca,Perfeito estado,Não há placas,60 km/h,Dupla," , AV GOVERNADOR AGAMENON MAGALHAES, Recife, Pernambuco, Brasil",-8.0615339,-34.8974443
6092,2019-07-15 08:18:00,SEM VÍTIMA,ILHA JOANA BEZERRA,VIADUTO CAPITAO TEMUDO, ,38.0,CIDADE,COLISÃO TRASEIRA,2.0,1.0,1.0,2.0,1.0,1.0,1.0,1.0,1.0,0.0,1.0,Viaduto,Bom,Não existe,Perfeito estado,Seca,Perfeito estado,Outras,60 km/h,Única," , VIADUTO CAPITAO TEMUDO, Recife, Pernambuco, Brasil",-8.075106,-34.8934944
8279,2019-09-22 17:05:00,SEM VÍTIMA,ILHA JOANA BEZERRA,AV BEIRA RIO, ,38.0,CIDADE,COLISÃO,2.0,1.0,1.0,2.0,1.0,1.0,1.0,1.0,1.0,0.0,1.0,Viaduto,Bom,Não existe,Perfeito estado,Seca,Perfeito estado,Outras,60 km/h,Única," , AV BEIRA RIO, Recife, Pernambuco, Brasil",-8.0428409,-34.9051443
7711,2019-09-06 07:15:00,COM VÍTIMA,ILHA JOANA BEZERRA,RUA CAPITAO TEMUDO, ,38.0,BOA VIAGEM,COLISÃO COM CICLISTA,2.0,1.0,1.0,1.0,1.0,1.0,1.0,1.0,1.0,1.0,1.0,Viaduto,Chuvoso,Não existe,Perfeito estado,Molhada,Perfeito estado,Não há placas,60 km/h,Dupla," , RUA CAPITAO TEMUDO, Recife, Pernambuco, Brasil",-8.0768412,-34.8927943
1211,2019-02-12 16:32:00,SEM VÍTIMA,ILHA JOANA BEZERRA,AV BEIRA RIO, ,38.0,BOA VIAGEM,COLISÃO,2.0,1.0,1.0,1.0,1.0,1.0,1.0,1.0,1.0,0.0,1.0,Viaduto,Chuvoso,Não existe,Perfeito estado,Molhada,Perfeito estado,Não há placas,60 km/h,Dupla," , AV BEIRA RIO, Recife, Pernambuco, Brasil",-8.0428409,-34.9051443
11729,2019-12-20 11:42:00,SEM VÍTIMA,ILHA JOANA BEZERRA,AV BEIRA RIO, ,38.0,SUBURBIO,COLISÃO TRASEIRA,1.0,1.0,1.0,1.0,1.0,1.0,1.0,1.0,1.0,0.0,1.0,Longo da via,Bom,Não existe,Não existente,Seca,Mal conservada,Não há placas,60 km/h,Dupla," , AV BEIRA RIO, Recife, Pernambuco, Brasil",-8.0428409,-34.9051443
2033,2019-03-09 09:25:00,SEM VÍTIMA,ILHA JOANA BEZERRA,AV BEIRA RIO, ,308.0,CIDADE,COLISÃO TRASEIRA,2.0,1.0,1.0,1.0,1.0,1.0,1.0,1.0,1.0,0.0,1.0,Longo da via,Bom,Sem defeito,Perfeito estado,Seca,Perfeito estado,Outras,60 km/h,Dupla," , AV BEIRA RIO, Recife, Pernambuco, Brasil",-8.0428409,-34.9051443
8768,2019-10-05 16:47:00,SEM VÍTIMA,ILHA JOANA BEZERRA,RUA IBIPORA,12,308.0,SUBURBIO,COLISÃO TRASEIRA,1.0,1.0,1.0,1.0,1.0,1.0,1.0,1.0,1.0,0.0,1.0,Longo da via,Chuvoso,Não existe,Ilegível,Molhada,Mal conservada,Outras,60 km/h,Única,"12, RUA IBIPORA, Recife, Pernambuco, Brasil",-8.0725067,-34.9003565
7409,2019-08-27 14:51:00,COM VÍTIMA,ILHA JOANA BEZERRA,VDO PAPA JOAO PAULO II, ,308.0,BOA VIAGEM,COLISÃO,1.0,1.0,1.0,1.0,1.0,1.0,1.0,1.0,1.0,1.0,1.0,Viaduto,Bom,Não existe,Perfeito estado,Seca,Perfeito estado,Não há placas,60 km/h,Dupla," , VDO PAPA JOAO PAULO II, Recife, Pernambuco, Brasil",-8.0725067,-34.9003565
6206,2019-07-18 19:10:00,SEM VÍTIMA,ILHA JOANA BEZERRA,VIADUTO CAPITAO TEMUDO, ,308.0,SUBURBIO,COLISÃO TRASEIRA,2.0,1.0,1.0,1.0,1.0,1.0,1.0,1.0,1.0,0.0,1.0,Viaduto,Bom,Não existe,Perfeito estado,Seca,Perfeito estado,Outras,60 km/h,Única," , VIADUTO CAPITAO TEMUDO, Recife, Pernambuco, Brasil",-8.075106,-34.8934944
2971,2019-04-04 15:27:00,SEM VÍTIMA,ILHA JOANA BEZERRA,AV ADVOGADO JOSE PAULO CAVALCANTI, ,308.0,CIDADE,ABALROAMENTO LONGITUDINAL,1.0,1.0,1.0,1.0,1.0,1.0,1.0,1.0,1.0,0.0,1.0,Longo da via,Bom,Não existe,Perfeito estado,Seca,Perfeito estado,Placas Pare,60 km/h,Única," , AV ADVOGADO JOSE PAULO CAVALCANTI, Recife, Pernambuco, Brasil",-8.0714484,-34.8937587