,data_hora,natureza_acidente,bairro,endereco,numero,num_semaforo,sentido_via,tipo,auto,moto,ciclom,ciclista,pedestre,onibus,caminhao,viatura,outros,vitimas,vitimasfatais,acidente_verificado,tempo_clima,situacao_semaforo,sinalizacao,condicao_via,conservacao_via,situacao_placa,velocidade_max_via,mao_direcao,end,latitude,longitude
209,2019-01-09 09:03:00,SEM VÍTIMA,IMBIRIBEIRA,RUA CORONEL FABRICIANO, ,279.0,SUBURBIO,ABALROAMENTO LONGITUDINAL,1.0,1.0,1.0,1.0,1.0,1.0,1.0,1.0,1.0,0.0,1.0,Longo da via,Bom,Não existe,Incompleta,Seca,Perfeito estado,R-6a,30 km/h,Única," , RUA CORONEL FABRICIANO, Recife, Pernambuco, Brasil",-8.1201113,-34.9126468
3940,2019-05-03 16:15:00,SEM VÍTIMA,IMBIRIBEIRA,AV MARECHAL MASCARENHAS DE MORAES, ,310.0,CIDADE,ABALROAMENTO LONGITUDINAL,1.0,1.0,1.0,1.0,1.0,1.0,1.0,1.0,1.0,0.0,1.0,Longo da via,Bom,Sem defeito,Perfeito estado,Seca,Perfeito estado,Outras,30 km/h,Dupla," , AV MARECHAL MASCARENHAS DE MORAES, Recife, Pernambuco, Brasil",-8.0856899,-34.9073777
9940,2019-11-07 11:21:00,SEM VÍTIMA,IMBIRIBEIRA,AV MARECHAL MASCARENHAS DE MORAES, ,310.0,SUBURBIO,COLISÃO TRASEIRA,2.0,1.0,1.0,1.0,1.0,1.0,1.0,1.0,1.0,0.0,1.0,Longo da via,Bom,Não existe,Perfeito estado,Seca,Perfeito estado,Não há placas,60 km/h,Dupla," , AV MARECHAL MASCARENHAS DE MORAES, Recife, Pernambuco, Brasil",-8.0856899,-34.9073777
9751,2019-11-01 17:11:00,SEM VÍTIMA,IMBIRIBEIRA,AV MARECHAL MASCARENHAS DE MORAES,2028,310.0,SUBURBIO,COLISÃO,1.0,1.0,1.0,1.0,1.0,1.0,1.0,1.0,1.0,0.0,1.0,Longo da via,Bom,Não existe,Perfeito estado,Seca,Perfeito estado,Não há placas,60 km/h,Dupla,"2028, AV MARECHAL MASCARENHAS DE MORAES, Recife, Pernambuco, Brasil",-8.1022152,-34.9113464983692
11012,2019-12-04 09:54:00,SEM VÍTIMA,IMBIRIBEIRA,AV MARECHAL MASCARENHAS DE MORAES,201,310.0,CIDADE,COLISÃO TRASEIRA,2.0,1.0,1.0,1.0,1.0,1.0,1.0,1.0,1.0,0.0,1.0,Longo da via,Bom,Não existe,Perfeito estado,Seca,Perfeito estado,Não há placas,60 km/h,Dupla,"201, AV MARECHAL MASCARENHAS DE MORAES, Recife, Pernambuco, Brasil",-8.1239739,-34.9146964
3964,2019-05-05 01:05:00,SEM VÍTIMA,IMBIRIBEIRA,AV DOM JOAO VI, ,543.0,CIDADE,ABALROAMENTO TRANSVERSAL,2.0,1.0,1.0,1.0,1.0,1.0,1.0,1.0,1.0,0.0,1.0,Cruzamento,Bom,Sem defeito,Perfeito estado,Seca,Perfeito estado,Não há placas,60 km/h,Dupla," , AV DOM JOAO VI, Recife, Pernambuco, Brasil",-8.1181195,-34.9061879
3668,2019-04-26 12:37:00,SEM VÍTIMA,IMBIRIBEIRA,AV MARECHAL MASCARENHAS DE MORAES,6211,543.0,SUBURBIO,ABALROAMENTO LONGITUDINAL,1.0,1.0,1.0,1.0,1.0,1.0,1.0,1.0,1.0,0.0,1.0,Longo da via,Bom,Não existe,Perfeito estado,Seca,Perfeito estado,Não há placas,60 km/h,Dupla,"6211, AV MARECHAL MASCARENHAS DE MORAES, Recife, Pernambuco, Brasil",-8.1384321,-34.9168505
11116,2019-12-06 08:16:00,SEM VÍTIMA,IMBIRIBEIRA,RUA DUQUE ESTRADA, ,543.0,SUBURBIO,ABALROAMENTO TRANSVERSAL,2.0,1.0,1.0,1.0,1.0,1.0,1.0,1.0,1.0,0.0,1.0,Cruzamento,Bom,Não existe,Incompleta,Seca,Perfeito estado,Placas Pare,30 km/h,Dupla," , RUA DUQUE ESTRADA, Recife, Pernambuco, Brasil",-8.1124101,-34.9047579
11029,2019-12-04 14:04:00,SEM VÍTIMA,IMBIRIBEIRA,AV MARECHAL MASCARENHAS DE MORAES,841,532.0,CIDADE,ABALROAMENTO LONGITUDINAL,2.0,1.0,1.0,1.0,1.0,1.0,1.0,1.0,1.0,0.0,1.0,Cruzamento,Bom,Sem defeito,Perfeito estado,Seca,Perfeito estado,R-6a,30 km/h,Dupla,"841, AV MARECHAL MASCARENHAS DE MORAES, Recife, Pernambuco, Brasil",-8.0900675,-34.9080391
11113,2019-12-05 23:02:00,COM VÍTIMA,IMBIRIBEIRA,AV MARECHAL MASCARENHAS DE MORAES, ,290.0,CIDADE,COLISÃO TRASEIRA,3.0,1.0,1.0,1.0,1.0,1.0,1.0,1.0,1.0,1.0,1.0,Cruzamento,Bom,Sem defeito,Perfeito estado,Seca,Perfeito estado,Outras,30 km/h,Dupla," , AV MARECHAL MASCARENHAS DE MORAES, Recife, Pernambuco, Brasil",-8.0856899,-34.9073777
3914,2019-05-03 10:04:00,COM VÍTIMA,IMBIRIBEIRA,RUA ALVARO AMORIM,103,290.0,CIDADE,COLISÃO,1.0,1.0,1.0,1.0,1.0,1.0,1.0,1.0,1.0,1.0,1.0,Cruzamento,Bom,Sem defeito,Perfeito estado,Seca,Perfeito estado,Outras,30 km/h,Dupla,"103, RUA ALVARO AMORIM, Recife, Pernambuco, Brasil",-8.0867634,-34.9085059
3911,2019-05-03 09:44:00,SEM VÍTIMA,IMBIRIBEIRA,AV MARECHAL MASCARENHAS DE MORAES,440,279.0,SUBURBIO,COLISÃO TRASEIRA,2.0,1.0,1.0,1.0,1.0,1.0,1.0,1.0,1.0,0.0,1.0,Longo da via,Bom,Sem defeito,Perfeito estado,Seca,Perfeito estado,Outras,60 km/h,Dupla,"440, AV MARECHAL MASCARENHAS DE MORAES, Recife, Pernambuco, Brasil",-8.0866942,-34.9077985
7129,2019-08-18 10:14:00,SEM VÍTIMA,IMBIRIBEIRA,AV PRESIDENTE DUTRA, ,279.0,SUBURBIO,ABALROAMENTO TRANSVERSAL,1.0,1.0,1.0,1.0,1.0,1.0,1.0,1.0,1.0,0.0,1.0,Longo da via,Bom,Não existe,Perfeito estado,Seca,Perfeito estado,Outras,60 km/h,Dupla," , AV PRESIDENTE DUTRA, Recife, Pernambuco, Brasil",-8.1204452,-34.9191955
3908,2019-05-03 09:03:00,SEM VÍTIMA,IMBIRIBEIRA,AV MARECHAL MASCARENHAS DE MORAES, ,279.0,SUBURBIO,ABALROAMENTO LONGITUDINAL,1.0,1.0,1.0,1.0,1.0,1.0,1.0,1.0,1.0,0.0,1.0,Longo da via,Bom,Sem defeito,Perfeito estado,Seca,Perfeito estado,Não há placas,60 km/h,Dupla," , AV MARECHAL MASCARENHAS DE MORAES, Recife, Pernambuco, Brasil",-8.0856899,-34.9073777
7131,2019-08-18 13:12:00,COM VÍTIMA,IMBIRIBEIRA,AV MARECHAL MASCARENHAS DE MORAES, ,396.0,SUBURBIO,COLISÃO,1.0,1.0,1.0,1.0,1.0,1.0,1.0,1.0,1.0,2.0,1.0,Cruzamento,Bom,Sem defeito,Perfeito estado,Seca,Outros,Outras,60 km/h,Única," , AV MARECHAL MASCARENHAS DE MORAES, Recife, Pernambuco, Brasil",-8.0856899,-34.9073777
7132,2019-08-18 15:26:00,SEM VÍTIMA,IMBIRIBEIRA,RUA PAMPULHA,310,396.0,SUBURBIO,ABALROAMENTO LONGITUDINAL,2.0,1.0,1.0,1.0,1.0,1.0,1.0,1.0,1.0,0.0,1.0,Longo da via,Bom,Não existe,Perfeito estado,Seca,Perfeito estado,Não há placas,60 km/h,Única,"310, RUA PAMPULHA, Recife, Pernambuco, Brasil",-8.1095042,-34.9142228
1638,2019-02-24 23:05:00,SEM VÍTIMA,IMBIRIBEIRA,RUA ARQUITETO LUIZ NUNES,245,634.0,SUBURBIO,ABALROAMENTO TRANSVERSAL,1.0,1.0,1.0,1.0,1.0,1.0,1.0,1.0,1.0,0.0,1.0,Cruzamento,Bom,Sem defeito,Perfeito estado,Seca,Perfeito estado,R-6a,60 km/h,Dupla,"245, RUA ARQUITETO LUIZ NUNES, Recife, Pernambuco, Brasil",-8.0875557,-34.9099367
9795,2019-11-03 18:01:00,SEM VÍTIMA,IMBIRIBEIRA,RUA JULIO VERNE,187,634.0,CIDADE,ABALROAMENTO TRANSVERSAL,1.0,1.0,1.0,1.0,1.0,1.0,1.0,1.0,1.0,0.0,1.0,Longo da via,Bom,Não existe,Perfeito estado,Seca,Perfeito estado,Não há placas,60 km/h,Dupla,"187, RUA JULIO VERNE, Recife, Pernambuco, Brasil",-8.0846285,-34.9088647
9800,2019-11-03 22:14:00,SEM VÍTIMA,IMBIRIBEIRA,AV MARECHAL MASCARENHAS DE MORAES,2284,386.0,SUBURBIO,ABALROAMENTO LONGITUDINAL,1.0,1.0,1.0,1.0,1.0,1.0,1.0,1.0,1.0,0.0,1.0,Longo da via,Bom,Sem defeito,Perfeito estado,Seca,Perfeito estado,Não há placas,50 km/h,Dupla,"2284, AV MARECHAL MASCARENHAS DE MORAES, Recife, Pernambuco, Brasil",-8.1112112,-34.9126869
3933,2019-05-03 15:00:00,SEM VÍTIMA,IMBIRIBEIRA,RUA ARQUITETO FERNANDO ALMEIDA,606A,286.0,CIDADE,COLISÃO TRASEIRA,2.0,1.0,1.0,1.0,1.0,1.0,1.0,1.0,1.0,0.0,1.0,Longo da via,Bom,Sem defeito,Perfeito estado,Seca,Perfeito estado,Não há placas,40 km/h,Única,"606A, RUA ARQUITETO FERNANDO ALMEIDA, Recife, Pernambuco, Brasil",-8.087554,-34.9099468
8327,2019-09-24 09:29:00,SEM VÍTIMA,IMBIRIBEIRA,AV MARECHAL MASCARENHAS DE MORAES, ,288.0,CIDADE,COLISÃO TRASEIRA,1.0,1.0,1.0,1.0,1.0,1.0,1.0,1.0,1.0,0.0,1.0,Longo da via,Bom,Sem defeito,Perfeito estado,Seca,Perfeito estado,R-6a,40 km/h,Dupla," , AV MARECHAL MASCARENHAS DE MORAES, Recife, Pernambuco, Brasil",-8.0856899,-34.9073777
10134,2019-11-12 06:09:00,SEM VÍTIMA,IMBIRIBEIRA,RUA JOSE DA SILVA LUCENA,273,288.0,SUBURBIO,COLISÃO TRASEIRA,2.0,1.0,1.0,1.0,1.0,1.0,1.0,1.0,1.0,0.0,1.0,Longo da via,Bom,Não existe,Perfeito estado,Seca,Perfeito estado,Outras,40 km/h,Dupla,"273, RUA JOSE DA SILVA LUCENA, Recife, Pernambuco, Brasil",-8.1146861,-34.9074915
10966,2019-12-03 11:37:00,SEM VÍTIMA,IMBIRIBEIRA,AV MARECHAL MASCARENHAS DE MORAES, ,288.0,AFOGADOS,COLISÃO,1.0,1.0,1.0,1.0,1.0,1.0,1.0,1.0,1.0,0.0,1.0,Longo da via,Bom,Não existe,Perfeito estado,Seca,Perfeito estado,Outras,40 km/h,Dupla," , AV MARECHAL MASCARENHAS DE MORAES, Recife, Pernambuco, Brasil",-8.0856899,-34.9073777
10437,2019-11-20 10:07:00,SEM VÍTIMA,IMBIRIBEIRA,AV MARECHAL MASCARENHAS DE MORAES,4631,471.0,CIDADE,COLISÃO TRASEIRA,2.0,1.0,1.0,1.0,1.0,1.0,1.0,1.0,1.0,0.0,1.0,Longo da via,Bom,Sem defeito,Perfeito estado,Seca,Perfeito estado,Não há placas,40 km/h,Dupla,"4631, AV MARECHAL MASCARENHAS DE MORAES, Recife, Pernambuco, Brasil",-8.12500925,-34.913709882886124
2124,2019-03-12 11:02:00,SEM VÍTIMA,IMBIRIBEIRA,AV MARECHAL MASCARENHAS DE MORAES,2727,471.0,CIDADE,COLISÃO,2.0,1.0,1.0,1.0,1.0,1.0,1.0,1.0,1.0,0.0,1.0,Longo da via,Bom,Sem defeito,Perfeito estado,Seca,Perfeito estado,Não há placas,40 km/h,Dupla,"2727, AV MARECHAL MASCARENHAS DE MORAES, Recife, Pernambuco, Brasil",-8.1064501,-34.9111347
10443,2019-11-20 11:05:00,SEM VÍTIMA,IMBIRIBEIRA,RUA JOAQUIM BANDEIRA,149,471.0,CIDADE,ABALROAMENTO LONGITUDINAL,1.0,1.0,1.0,1.0,1.0,1.0,1.0,1.0,1.0,0.0,1.0,Longo da via,Bom,Não existe,Incompleta,Seca,Perfeito estado,Não há placas,40 km/h,Única,"149, RUA JOAQUIM BANDEIRA, Recife, Pernambuco, Brasil",-8.1102357,-34.910861
10449,2019-11-20 12:28:00,SEM VÍTIMA,IMBIRIBEIRA,AV MARECHAL MASCARENHAS DE MORAES,2931,631.0,CIDADE,COLISÃO TRASEIRA,2.0,1.0,1.0,1.0,1.0,1.0,1.0,1.0,1.0,0.0,1.0,Longo da via,Bom,Sem defeito,Perfeito estado,Seca,Perfeito estado,Não há placas,60 km/h,Dupla,"2931, AV MARECHAL MASCARENHAS DE MORAES, Recife, Pernambuco, Brasil",-8.1051735,-34.91088
10787,2019-11-29 11:07:00,SEM VÍTIMA,IMBIRIBEIRA,AV GENERAL MAC ARTHUR,253,667.0,CIDADE,COLISÃO,2.0,1.0,1.0,1.0,1.0,1.0,1.0,1.0,1.0,0.0,1.0,Longo da via,Bom,Sem defeito,Perfeito estado,Seca,Perfeito estado,Não há placas,60 km/h,Dupla,"253, AV GENERAL MAC ARTHUR, Recife, Pernambuco, Brasil",-8.1091938,-34.9096122
2701,2019-03-27 19:25:00,SEM VÍTIMA,IMBIRIBEIRA,AV MARECHAL MASCARENHAS DE MORAES, ,667.0,SUBURBIO,ABALROAMENTO LONGITUDINAL,1.0,1.0,1.0,1.0,1.0,1.0,1.0,1.0,1.0,0.0,1.0,Longo da via,Chuvoso,Sem defeito,Perfeito estado,Molhada,Perfeito estado,Não há placas,60 km/h,Dupla," , AV MARECHAL MASCARENHAS DE MORAES, Recife, Pernambuco, Brasil",-8.0856899,-34.9073777
7477,2019-08-29 15:17:00,SEM VÍTIMA,IMBIRIBEIRA,AV DES JOSE NEVES, ,400.0,CIDADE,COLISÃO TRASEIRA,2.0,1.0,1.0,1.0,1.0,1.0,1.0,1.0,1.0,0.0,1.0,Longo da via,Bom,Sem defeito,Perfeito estado,Seca,Perfeito estado,Outras,60 km/h,Dupla," , AV DES JOSE NEVES, Recife, Pernambuco, Brasil",-8.142685,-34.9180258
10478,2019-11-21 07:09:00,SEM VÍTIMA,IMBIRIBEIRA,AV MARECHAL MASCARENHAS DE MORAES,2135,225.0,CIDADE,ABALROAMENTO LONGITUDINAL,1.0,1.0,1.0,1.0,1.0,1.0,1.0,1.0,1.0,0.0,1.0,Longo da via,Bom,Sem defeito,Perfeito estado,Seca,Perfeito estado,Não há placas,40 km/h,Única,"2135, AV MARECHAL MASCARENHAS DE MORAES, Recife, Pernambuco, Brasil",-8.1092773,-34.9116202
2693,2019-03-27 16:42:00,SEM VÍTIMA,IMBIRIBEIRA,AV MARECHAL MASCARENHAS DE MORAES, ,225.0,SUBURBIO,ABALROAMENTO LONGITUDINAL,1.0,2.0,1.0,1.0,1.0,1.0,1.0,1.0,1.0,0.0,1.0,Longo da via,Bom,Sem defeito,Perfeito estado,Seca,Perfeito estado,Outras,40 km/h,Dupla," , AV MARECHAL MASCARENHAS DE MORAES, Recife, Pernambuco, Brasil",-8.0856899,-34.9073777
2675,2019-03-27 09:41:00,SEM VÍTIMA,IMBIRIBEIRA,RUA ITAMARACA, ,225.0,PRAZERES,COLISÃO,1.0,2.0,1.0,1.0,1.0,1.0,1.0,1.0,1.0,0.0,1.0,Longo da via,Bom,Sem defeito,Perfeito estado,Seca,Perfeito estado,Outras,40 km/h,Dupla," , RUA ITAMARACA, Recife, Pernambuco, Brasil",-8.1062773,-34.9137825
54,2019-01-03 08:49:00,SEM VÍTIMA,IMBIRIBEIRA,AV GENERAL MAC ARTHUR,245,225.0,SUBURBIO,COLISÃO,1.0,1.0,1.0,1.0,1.0,1.0,1.0,1.0,1.0,0.0,1.0,Longo da via,Bom,Sem defeito,Perfeito estado,Seca,Perfeito estado,Outras,40 km/h,Dupla,"245, AV GENERAL MAC ARTHUR, Recife, Pernambuco, Brasil",-8.1092078,-34.9104272
10492,2019-11-21 10:37:00,SEM VÍTIMA,IMBIRIBEIRA,AV MARECHAL MASCARENHAS DE MORAES,2183,225.0,CIDADE,COLISÃO,2.0,1.0,1.0,1.0,1.0,1.0,1.0,1.0,1.0,0.0,1.0,Longo da via,Bom,Sem defeito,Perfeito estado,Seca,Perfeito estado,Outras,40 km/h,Dupla,"2183, AV MARECHAL MASCARENHAS DE MORAES, Recife, Pernambuco, Brasil",-8.1239739,-34.9146964
10497,2019-11-21 14:12:00,SEM VÍTIMA,IMBIRIBEIRA,RUA ZEFERINO PINHO, ,225.0,CIDADE,CHOQUE OBJETO FIXO,2.0,1.0,1.0,1.0,1.0,1.0,1.0,1.0,1.0,0.0,1.0,Longo da via,Bom,Não existe,Perfeito estado,Seca,Perfeito estado,Não há placas,30 km/h,Dupla," , RUA ZEFERINO PINHO, Recife, Pernambuco, Brasil",-8.098185,-34.911601
10499,2019-11-21 14:36:00,SEM VÍTIMA,IMBIRIBEIRA,AV MARECHAL MASCARENHAS DE MORAES,4657,225.0,SUBURBIO,ABALROAMENTO LONGITUDINAL,1.0,1.0,1.0,1.0,1.0,1.0,1.0,1.0,1.0,0.0,1.0,Longo da via,Bom,Não existe,Perfeito estado,Seca,Perfeito estado,R-6a,30 km/h,Dupla,"4657, AV MARECHAL MASCARENHAS DE MORAES, Recife, Pernambuco, Brasil",-8.1239739,-34.9146964
2639,2019-03-26 11:03:00,SEM VÍTIMA,IMBIRIBEIRA,AV MARECHAL MASCARENHAS DE MORAES,4490,225.0,SUBURBIO,COLISÃO TRASEIRA,2.0,1.0,1.0,1.0,1.0,1.0,1.0,1.0,1.0,0.0,1.0,Longo da via,Bom,Não existe,Perfeito estado,Seca,Perfeito estado,Não há placas,60 km/h,Única,"4490, AV MARECHAL MASCARENHAS DE MORAES, Recife, Pernambuco, Brasil",-8.1239739,-34.9146964
10519,2019-11-22 06:48:00,COM VÍTIMA,IMBIRIBEIRA,AV MARECHAL MASCARENHAS DE MORAES,5089,225.0,CIDADE,COLISÃO TRASEIRA,2.0,1.0,1.0,1.0,1.0,1.0,1.0,1.0,1.0,4.0,1.0,Longo da via,Bom,Não existe,Perfeito estado,Seca,Perfeito estado,R-6a,60 km/h,Única,"5089, AV MARECHAL MASCARENHAS DE MORAES, Recife, Pernambuco, Brasil",-8.1239739,-34.9146964
10528,2019-11-22 08:29:00,SEM VÍTIMA,IMBIRIBEIRA,AV MARECHAL MASCARENHAS DE MORAES,4455,225.0,CIDADE,CHOQUE VEÍCULO PARADO,2.0,1.0,1.0,1.0,1.0,1.0,1.0,1.0,1.0,0.0,1.0,Longo da via,Bom,Não existe,Perfeito estado,Seca,Perfeito estado,Não há placas,60 km/h,Dupla,"4455, AV MARECHAL MASCARENHAS DE MORAES, Recife, Pernambuco, Brasil",-8.1236039,-34.9144154
2176,2019-03-13 16:35:00,SEM VÍTIMA,IMBIRIBEIRA,AV MARECHAL MASCARENHAS DE MORAES, ,225.0,CIDADE,ABALROAMENTO LONGITUDINAL,1.0,1.0,1.0,1.0,1.0,1.0,1.0,1.0,1.0,0.0,1.0,Longo da via,Bom,Não existe,Perfeito estado,Seca,Perfeito estado,Não há placas,60 km/h,Única," , AV MARECHAL MASCARENHAS DE MORAES, Recife, Pernambuco, Brasil",-8.0856899,-34.9073777
2590,2019-03-25 10:38:00,SEM VÍTIMA,IMBIRIBEIRA,AV MARECHAL MASCARENHAS DE MORAES, ,471.0,CIDADE,ABALROAMENTO LONGITUDINAL,1.0,1.0,1.0,1.0,1.0,1.0,1.0,1.0,1.0,0.0,1.0,Cruzamento,Bom,Sem defeito,Perfeito estado,Seca,Perfeito estado,Não há placas,60 km/h,Única," , AV MARECHAL MASCARENHAS DE MORAES, Recife, Pernambuco, Brasil",-8.0856899,-34.9073777
10544,2019-11-22 13:38:00,SEM VÍTIMA,IMBIRIBEIRA,AV MARECHAL MASCARENHAS DE MORAES,417,316.0,CIDADE,COLISÃO TRASEIRA,2.0,1.0,1.0,1.0,1.0,1.0,1.0,1.0,1.0,0.0,1.0,Longo da via,Bom,Sem defeito,Perfeito estado,Seca,Perfeito estado,Não há placas,60 km/h,Dupla,"417, AV MARECHAL MASCARENHAS DE MORAES, Recife, Pernambuco, Brasil",-8.086831100000001,-34.90716388022733
7503,2019-08-30 12:12:00,SEM VÍTIMA,IMBIRIBEIRA,AV MARECHAL MASCARENHAS DE MORAES, ,289.0,CIDADE,ABALROAMENTO LONGITUDINAL,2.0,1.0,1.0,1.0,1.0,1.0,1.0,1.0,1.0,0.0,1.0,Longo da via,Bom,Sem defeito,Perfeito estado,Seca,Perfeito estado,Outras,60 km/h,Dupla," , AV MARECHAL MASCARENHAS DE MORAES, Recife, Pernambuco, Brasil",-8.0856899,-34.9073777
2583,2019-03-24 22:34:00,COM VÍTIMA,IMBIRIBEIRA,AV RECIFE,451,289.0,CIDADE,ABALROAMENTO LONGITUDINAL,1.0,1.0,1.0,1.0,1.0,1.0,1.0,1.0,1.0,1.0,1.0,Longo da via,Bom,Não existe,Perfeito estado,Seca,Perfeito estado,Outras,60 km/h,Dupla,"451, AV RECIFE, Recife, Pernambuco, Brasil",-8.0846575,-34.9321359
7642,2019-09-03 20:07:00,COM VÍTIMA,IMBIRIBEIRA,AV MARECHAL MASCARENHAS DE MORAES, ,501.0,CIDADE,ATROPELAMENTO,1.0,1.0,1.0,1.0,1.0,1.0,1.0,1.0,1.0,1.0,1.0,Longo da via,Bom,Sem defeito,Perfeito estado,Seca,Perfeito estado,Outras,60 km/h,Única," , AV MARECHAL MASCARENHAS DE MORAES, Recife, Pernambuco, Brasil",-8.0856899,-34.9073777
2117,2019-03-12 08:07:00,SEM VÍTIMA,IMBIRIBEIRA,RUA BARAO DE SOUZA LEAO, ,644.0,CIDADE,ABALROAMENTO LONGITUDINAL,1.0,1.0,1.0,1.0,1.0,1.0,1.0,1.0,1.0,0.0,1.0,Cruzamento,Bom,Intermitente,Perfeito estado,Molhada,Perfeito estado,Outras,40 km/h,Única," , RUA BARAO DE SOUZA LEAO, Recife, Pernambuco, Brasil",-8.1325905,-34.9149303
2571,2019-03-23 19:59:00,SEM VÍTIMA,IMBIRIBEIRA,RUA ARQUITETO LUIZ NUNES, ,634.0,SUBURBIO,ABALROAMENTO TRANSVERSAL,2.0,1.0,1.0,1.0,1.0,1.0,1.0,1.0,1.0,0.0,1.0,Cruzamento,Bom,Sem defeito,Perfeito estado,Seca,Perfeito estado,Não há placas,40 km/h,Dupla," , RUA ARQUITETO LUIZ NUNES, Recife, Pernambuco, Brasil",-8.0947284,-34.9115405
2758,2019-03-29 09:40:00,SEM VÍTIMA,IMBIRIBEIRA,AV MARECHAL MASCARENHAS DE MORAES, ,570.0,CIDADE,COLISÃO TRASEIRA,2.0,1.0,1.0,1.0,1.0,1.0,1.0,1.0,1.0,0.0,1.0,Longo da via,Bom,Sem defeito,Perfeito estado,Seca,Perfeito estado,Não há placas,60 km/h,Dupla," , AV MARECHAL MASCARENHAS DE MORAES, Recife, Pernambuco, Brasil",-8.0856899,-34.9073777
2762,2019-03-29 10:35:00,SEM VÍTIMA,IMBIRIBEIRA,AV MARECHAL MASCARENHAS DE MORAES, ,471.0,CIDADE,COLISÃO TRASEIRA,2.0,1.0,1.0,1.0,1.0,1.0,1.0,1.0,1.0,0.0,1.0,Longo da via,Bom,Sem defeito,Perfeito estado,Seca,Perfeito estado,Outras,60 km/h,Dupla," , AV MARECHAL MASCARENHAS DE MORAES, Recife, Pernambuco, Brasil",-8.0856899,-34.9073777
10342,2019-11-17 18:49:00,SEM VÍTIMA,IMBIRIBEIRA,AV MARECHAL MASCARENHAS DE MORAES, ,471.0,CIDADE,COLISÃO,2.0,1.0,1.0,1.0,1.0,1.0,1.0,1.0,1.0,0.0,1.0,Longo da via,Bom,Sem defeito,Perfeito estado,Seca,Perfeito estado,Outras,60 km/h,Dupla," , AV MARECHAL MASCARENHAS DE MORAES, Recife, Pernambuco, Brasil",-8.0856899,-34.9073777
2920,2019-04-03 10:50:00,COM VÍTIMA,IMBIRIBEIRA,AV MARECHAL MASCARENHAS DE MORAES, ,471.0,SUBURBIO,CHOQUE OBJETO FIXO,2.0,1.0,1.0,1.0,1.0,1.0,1.0,1.0,1.0,1.0,1.0,Viaduto,Bom,Não existe,Perfeito estado,Seca,Perfeito estado,Não há placas,60 km/h,Dupla," , AV MARECHAL MASCARENHAS DE MORAES, Recife, Pernambuco, Brasil",-8.0856899,-34.9073777
10348,2019-11-17 21:34:00,SEM VÍTIMA,IMBIRIBEIRA,RUA ALEMANHA, ,471.0,SUBURBIO,ABALROAMENTO TRANSVERSAL,2.0,1.0,1.0,1.0,1.0,1.0,1.0,1.0,1.0,0.0,1.0,Longo da via,Bom,Não existe,Incompleta,Seca,Perfeito estado,Não há placas,40 km/h,Dupla," , RUA ALEMANHA, Recife, Pernambuco, Brasil",-8.1047501,-34.9118483
10356,2019-11-18 07:31:00,SEM VÍTIMA,IMBIRIBEIRA,VIADUTO TANCREDO NEVES, ,471.0,BOA VIAGEM,COLISÃO,1.0,1.0,1.0,1.0,1.0,1.0,1.0,1.0,1.0,0.0,1.0,Longo da via,Bom,Não existe,Incompleta,Seca,Perfeito estado,Não há placas,40 km/h,Dupla," , VIADUTO TANCREDO NEVES, Recife, Pernambuco, Brasil",-8.1229911,-34.9136711
2898,2019-04-02 15:13:00,SEM VÍTIMA,IMBIRIBEIRA,AV GENERAL MAC ARTHUR, ,402.0,SUBURBIO,ABALROAMENTO TRANSVERSAL,2.0,1.0,1.0,1.0,1.0,1.0,1.0,1.0,1.0,0.0,1.0,Cruzamento,Bom,Sem defeito,Perfeito estado,Seca,Perfeito estado,Não há placas,40 km/h,Única," , AV GENERAL MAC ARTHUR, Recife, Pernambuco, Brasil",-8.1092078,-34.9104272
10828,2019-11-29 22:13:00,SEM VÍTIMA,IMBIRIBEIRA,AV MARECHAL MASCARENHAS DE MORAES,7935A,402.0,CIDADE,ABALROAMENTO LONGITUDINAL,2.0,1.0,1.0,1.0,1.0,1.0,1.0,1.0,1.0,0.0,1.0,Longo da via,Bom,Não existe,Perfeito estado,Seca,Perfeito estado,Não há placas,40 km/h,Única,"7935A, AV MARECHAL MASCARENHAS DE MORAES, Recife, Pernambuco, Brasil",-8.1092078,-34.9104272
69,2019-01-03 15:54:00,COM VÍTIMA,IMBIRIBEIRA,RUA ITAJAI,301,402.0,SUBURBIO,ABALROAMENTO TRANSVERSAL,1.0,1.0,1.0,1.0,1.0,1.0,1.0,1.0,1.0,2.0,1.0,Cruzamento,Bom,Não existe,Incompleta,Seca,Perfeito estado,Placas Pare,40 km/h,Única,"301, RUA ITAJAI, Recife, Pernambuco, Brasil",-8.1097144,-34.913682
2871,2019-04-01 16:33:00,SEM VÍTIMA,IMBIRIBEIRA,RUA ANTONIO FALCAO,113 A,402.0,SUBURBIO,COLISÃO,1.0,1.0,1.0,1.0,1.0,1.0,1.0,1.0,1.0,0.0,1.0,Cruzamento,Bom,Não existe,Incompleta,Seca,Perfeito estado,Placas Pare,40 km/h,Única,"113 A, RUA ANTONIO FALCAO, Recife, Pernambuco, Brasil",-8.1128662,-34.9011461