,data_hora,natureza_acidente,bairro,endereco,numero,num_semaforo,sentido_via,tipo,auto,moto,ciclom,ciclista,pedestre,onibus,caminhao,viatura,outros,vitimas,vitimasfatais,acidente_verificado,tempo_clima,situacao_semaforo,sinalizacao,condicao_via,conservacao_via,situacao_placa,velocidade_max_via,mao_direcao,end,latitude,longitude
2867,2019-04-01 15:26:00,SEM VÍTIMA,IMBIRIBEIRA,RUA ARQUITETO LUIZ NUNES, ,402.0,SUBURBIO,COLISÃO TRASEIRA,3.0,1.0,1.0,1.0,1.0,1.0,1.0,1.0,1.0,0.0,1.0,Longo da via,Nublado,Sem defeito,Perfeito estado,Seca,Perfeito estado,Não há placas,50 km/h,Dupla," , RUA ARQUITETO LUIZ NUNES, Recife, Pernambuco, Brasil",-8.0947284,-34.9115405
2859,2019-04-01 14:14:00,SEM VÍTIMA,IMBIRIBEIRA,VIADUTO TANCREDO NEVES, ,402.0,SUBURBIO,ABALROAMENTO LONGITUDINAL,2.0,1.0,1.0,1.0,1.0,1.0,1.0,1.0,1.0,0.0,1.0,Viaduto,Nublado,Não existe,Não existente,Molhada,Perfeito estado,Não há placas,50 km/h,Dupla," , VIADUTO TANCREDO NEVES, Recife, Pernambuco, Brasil",-8.1229911,-34.9136711
2856,2019-04-01 13:01:00,SEM VÍTIMA,IMBIRIBEIRA,AV MARECHAL MASCARENHAS DE MORAES, ,402.0,SUBURBIO,ABALROAMENTO LONGITUDINAL,2.0,1.0,1.0,1.0,1.0,1.0,1.0,1.0,1.0,0.0,1.0,Longo da via,Chuvoso,Não existe,Perfeito estado,Molhada,Mal conservada,Não há placas,50 km/h,Dupla," , AV MARECHAL MASCARENHAS DE MORAES, Recife, Pernambuco, Brasil",-8.0856899,-34.9073777
10381,2019-11-18 16:27:00,SEM VÍTIMA,IMBIRIBEIRA,RUA PAMPULHA, ,534.0,CIDADE,COLISÃO TRASEIRA,2.0,1.0,1.0,1.0,1.0,1.0,1.0,1.0,1.0,0.0,1.0,Longo da via,Bom,Sem defeito,Perfeito estado,Seca,Perfeito estado,Não há placas,50 km/h,Única," , RUA PAMPULHA, Recife, Pernambuco, Brasil",-8.1095773,-34.9144602
2847,2019-04-01 08:58:00,SEM VÍTIMA,IMBIRIBEIRA,AV MARECHAL MASCARENHAS DE MORAES, ,534.0,CIDADE,ABALROAMENTO LONGITUDINAL,1.0,1.0,1.0,1.0,1.0,1.0,1.0,1.0,1.0,0.0,1.0,Longo da via,Bom,Sem defeito,Perfeito estado,Seca,Perfeito estado,Não há placas,60 km/h,Dupla," , AV MARECHAL MASCARENHAS DE MORAES, Recife, Pernambuco, Brasil",-8.0856899,-34.9073777
10398,2019-11-18 22:50:00,SEM VÍTIMA,IMBIRIBEIRA,AV MARECHAL MASCARENHAS DE MORAES, ,534.0,SUBURBIO,ABALROAMENTO LONGITUDINAL,1.0,1.0,1.0,1.0,1.0,1.0,1.0,1.0,1.0,0.0,1.0,Longo da via,Bom,Não existe,Perfeito estado,Seca,Perfeito estado,Não há placas,60 km/h,Dupla," , AV MARECHAL MASCARENHAS DE MORAES, Recife, Pernambuco, Brasil",-8.0856899,-34.9073777
2826,2019-03-31 08:15:00,SEM VÍTIMA,IMBIRIBEIRA,AV MARECHAL MASCARENHAS DE MORAES,2169,501.0,CIDADE,COLISÃO TRASEIRA,2.0,1.0,1.0,1.0,1.0,1.0,1.0,1.0,1.0,0.0,1.0,Longo da via,Chuvoso,Com defeito,Perfeito estado,Molhada,Perfeito estado,R-6a,60 km/h,Única,"2169, AV MARECHAL MASCARENHAS DE MORAES, Recife, Pernambuco, Brasil",-8.10240615,-34.90979338713164
2097,2019-03-11 15:04:00,SEM VÍTIMA,IMBIRIBEIRA,RUA GONCALVES DE MAGALHAES, ,501.0,CIDADE,ABALROAMENTO LONGITUDINAL,1.0,1.0,1.0,1.0,1.0,1.0,1.0,1.0,1.0,0.0,1.0,Longo da via,Bom,Não existe,Não existente,Seca,Mal conservada,Não há placas,60 km/h,Dupla," , RUA GONCALVES DE MAGALHAES, Recife, Pernambuco, Brasil",-8.1209412,-34.9202478
2099,2019-03-11 15:27:00,SEM VÍTIMA,IMBIRIBEIRA,AV ANTONIO TORRES GALVAO, ,501.0,CIDADE,COLISÃO TRASEIRA,2.0,1.0,1.0,1.0,1.0,1.0,1.0,1.0,1.0,0.0,1.0,Longo da via,Bom,Não existe,Perfeito estado,Seca,Perfeito estado,R-6a,60 km/h,Única," , AV ANTONIO TORRES GALVAO, Recife, Pernambuco, Brasil",-8.1131832,-34.9047073
2805,2019-03-30 08:41:00,SEM VÍTIMA,IMBIRIBEIRA,AV MARECHAL MASCARENHAS DE MORAES, ,626.0,CIDADE,COLISÃO TRASEIRA,2.0,1.0,1.0,1.0,1.0,1.0,1.0,1.0,1.0,0.0,1.0,Longo da via,Bom,Sem defeito,Perfeito estado,Seca,Perfeito estado,Não há placas,60 km/h,Dupla," , AV MARECHAL MASCARENHAS DE MORAES, Recife, Pernambuco, Brasil",-8.0856899,-34.9073777
7452,2019-08-29 07:53:00,SEM VÍTIMA,IMBIRIBEIRA,RUA ITACARI, ,626.0,CIDADE,ABALROAMENTO TRANSVERSAL,1.0,1.0,1.0,1.0,1.0,1.0,1.0,1.0,1.0,0.0,1.0,Cruzamento,Bom,Não existe,Perfeito estado,Seca,Perfeito estado,Placas Pare,60 km/h,Dupla," , RUA ITACARI, Recife, Pernambuco, Brasil",-8.1088081,-34.911937
2114,2019-03-12 07:31:00,SEM VÍTIMA,IMBIRIBEIRA,RUA IZABEL DE SOUZA,108,626.0,SUBURBIO,ABALROAMENTO TRANSVERSAL,1.0,1.0,1.0,1.0,1.0,1.0,1.0,1.0,1.0,0.0,1.0,Cruzamento,Bom,Não existe,Incompleta,Seca,Perfeito estado,Não há placas,60 km/h,Única,"108, RUA IZABEL DE SOUZA, Recife, Pernambuco, Brasil",-8.1112378,-34.9132208
2767,2019-03-29 12:54:00,COM VÍTIMA,IMBIRIBEIRA,RUA BARAO DE AGUA BRANCA, ,626.0,BOA VIAGEM,ABALROAMENTO TRANSVERSAL,2.0,1.0,1.0,1.0,1.0,1.0,1.0,1.0,1.0,1.0,1.0,Cruzamento,Bom,Não existe,Perfeito estado,Seca,Perfeito estado,Não há placas,60 km/h,Dupla," , RUA BARAO DE AGUA BRANCA, Recife, Pernambuco, Brasil",-8.1124101,-34.9047579
2764,2019-03-29 10:38:00,SEM VÍTIMA,IMBIRIBEIRA,RUA ARQUITETO LUIZ NUNES,265,626.0,SUBURBIO,ABALROAMENTO LONGITUDINAL,1.0,1.0,1.0,1.0,1.0,1.0,1.0,1.0,1.0,0.0,1.0,Cruzamento,Bom,Sem defeito,Perfeito estado,Seca,Perfeito estado,Outras,60 km/h,Única,"265, RUA ARQUITETO LUIZ NUNES, Recife, Pernambuco, Brasil",-8.0875557,-34.9099367
2763,2019-03-29 10:36:00,SEM VÍTIMA,IMBIRIBEIRA,AV MARECHAL MASCARENHAS DE MORAES,4631,471.0,CIDADE,COLISÃO TRASEIRA,1.0,1.0,1.0,1.0,1.0,1.0,1.0,1.0,1.0,0.0,1.0,Longo da via,Bom,Sem defeito,Perfeito estado,Seca,Perfeito estado,Outras,60 km/h,Dupla,"4631, AV MARECHAL MASCARENHAS DE MORAES, Recife, Pernambuco, Brasil",-8.12500925,-34.913709882886124
62,2019-01-03 10:45:00,SEM VÍTIMA,IMBIRIBEIRA,AV MARECHAL MASCARENHAS DE MORAES, ,471.0,SUBURBIO,ABALROAMENTO LONGITUDINAL,1.0,1.0,1.0,1.0,1.0,1.0,1.0,1.0,1.0,0.0,1.0,Longo da via,Bom,Não existe,Perfeito estado,Seca,Perfeito estado,Não há placas,60 km/h,Dupla," , AV MARECHAL MASCARENHAS DE MORAES, Recife, Pernambuco, Brasil",-8.0856899,-34.9073777
10559,2019-11-22 17:48:00,COM VÍTIMA,IMBIRIBEIRA,AV MARECHAL MASCARENHAS DE MORAES, ,631.0,SUBURBIO,ABALROAMENTO LONGITUDINAL,1.0,1.0,1.0,1.0,1.0,1.0,1.0,1.0,1.0,1.0,1.0,Cruzamento,Bom,Sem defeito,Perfeito estado,Seca,Perfeito estado,R-4b,60 km/h,Dupla," , AV MARECHAL MASCARENHAS DE MORAES, Recife, Pernambuco, Brasil",-8.0856899,-34.9073777
10573,2019-11-23 09:24:00,COM VÍTIMA,IMBIRIBEIRA,AV MARECHAL MASCARENHAS DE MORAES,2931,631.0,CIDADE,COLISÃO TRASEIRA,1.0,1.0,1.0,1.0,1.0,1.0,1.0,1.0,1.0,2.0,1.0,Longo da via,Bom,Sem defeito,Perfeito estado,Seca,Perfeito estado,R-4b,60 km/h,Dupla,"2931, AV MARECHAL MASCARENHAS DE MORAES, Recife, Pernambuco, Brasil",-8.1051735,-34.91088
10576,2019-11-23 10:42:00,SEM VÍTIMA,IMBIRIBEIRA,RUA MADRID,444,631.0,CIDADE,COLISÃO,1.0,1.0,1.0,1.0,1.0,1.0,1.0,1.0,1.0,0.0,1.0,Longo da via,Bom,Sem defeito,Perfeito estado,Seca,Perfeito estado,R-4b,60 km/h,Dupla,"444, RUA MADRID, Recife, Pernambuco, Brasil",-8.1055861,-34.9130314
2272,2019-03-15 17:41:00,SEM VÍTIMA,IMBIRIBEIRA,AV MARECHAL MASCARENHAS DE MORAES, ,631.0,CIDADE,COLISÃO,2.0,1.0,1.0,1.0,1.0,1.0,1.0,1.0,1.0,0.0,1.0,Longo da via,Bom,Sem defeito,Perfeito estado,Seca,Perfeito estado,R-4b,60 km/h,Dupla," , AV MARECHAL MASCARENHAS DE MORAES, Recife, Pernambuco, Brasil",-8.0856899,-34.9073777
7613,2019-09-03 08:55:00,SEM VÍTIMA,IMBIRIBEIRA,RUA PARIS,355,631.0,CIDADE,COLISÃO TRASEIRA,1.0,1.0,1.0,1.0,1.0,1.0,1.0,1.0,1.0,0.0,1.0,Longo da via,Bom,Não existe,Perfeito estado,Seca,Perfeito estado,Não há placas,50 km/h,Dupla,"355, RUA PARIS, Recife, Pernambuco, Brasil",-8.1031009,-34.9131335
2275,2019-03-15 18:31:00,SEM VÍTIMA,IMBIRIBEIRA,AV MARECHAL MASCARENHAS DE MORAES, ,631.0,SUBURBIO,ABALROAMENTO LONGITUDINAL,1.0,1.0,1.0,1.0,1.0,1.0,1.0,1.0,1.0,0.0,1.0,Longo da via,Bom,Sem defeito,Perfeito estado,Seca,Perfeito estado,Não há placas,50 km/h,Dupla," , AV MARECHAL MASCARENHAS DE MORAES, Recife, Pernambuco, Brasil",-8.0856899,-34.9073777
10677,2019-11-26 12:26:00,COM VÍTIMA,IMBIRIBEIRA,RUA ITACARI,162,631.0,SUBURBIO,ABALROAMENTO TRANSVERSAL,1.0,1.0,1.0,1.0,1.0,1.0,1.0,1.0,1.0,1.0,1.0,Cruzamento,Bom,Não existe,Perfeito estado,Seca,Perfeito estado,Placas Pare,50 km/h,Única,"162, RUA ITACARI, Recife, Pernambuco, Brasil",-8.1083492,-34.9133005
2369,2019-03-18 16:05:00,SEM VÍTIMA,IMBIRIBEIRA,AV RECIFE, ,631.0,SUBURBIO,COLISÃO,1.0,1.0,1.0,1.0,1.0,1.0,1.0,1.0,1.0,0.0,1.0,Cruzamento,Bom,Não existe,Perfeito estado,Seca,Perfeito estado,Placas Pare,50 km/h,Única," , AV RECIFE, Recife, Pernambuco, Brasil",-8.1160254,-34.923929
7611,2019-09-03 07:55:00,SEM VÍTIMA,IMBIRIBEIRA,AV MARECHAL MASCARENHAS DE MORAES,2798,631.0,AEROPORTO,COLISÃO,1.0,1.0,1.0,1.0,1.0,1.0,1.0,1.0,1.0,0.0,1.0,Cruzamento,Bom,Não existe,Perfeito estado,Seca,Perfeito estado,Placas Pare,50 km/h,Única,"2798, AV MARECHAL MASCARENHAS DE MORAES, Recife, Pernambuco, Brasil",-8.1239739,-34.9146964
7608,2019-09-03 07:30:00,SEM VÍTIMA,IMBIRIBEIRA,AV ENGENHEIRO ALVES DE SOUZA,546,631.0,SUBURBIO,ABALROAMENTO TRANSVERSAL,2.0,1.0,1.0,1.0,1.0,1.0,1.0,1.0,1.0,0.0,1.0,Cruzamento,Bom,Não existe,Não existente,Seca,Perfeito estado,Não há placas,50 km/h,Dupla,"546, AV ENGENHEIRO ALVES DE SOUZA, Recife, Pernambuco, Brasil",-8.0972634,-34.9149647
2366,2019-03-18 15:21:00,SEM VÍTIMA,IMBIRIBEIRA,RUA ZEFERINO PINHO, ,631.0,SUBURBIO,ABALROAMENTO TRANSVERSAL,2.0,1.0,1.0,1.0,1.0,1.0,1.0,1.0,1.0,0.0,1.0,Cruzamento,Bom,Não existe,Perfeito estado,Seca,Perfeito estado,Não há placas,50 km/h,Dupla," , RUA ZEFERINO PINHO, Recife, Pernambuco, Brasil",-8.098185,-34.911601
2358,2019-03-18 12:23:00,SEM VÍTIMA,IMBIRIBEIRA,AV MARECHAL MASCARENHAS DE MORAES, ,310.0,CIDADE,ABALROAMENTO LONGITUDINAL,1.0,1.0,1.0,1.0,1.0,1.0,1.0,1.0,1.0,0.0,1.0,Cruzamento,Bom,Sem defeito,Perfeito estado,Seca,Perfeito estado,Não há placas,60 km/h,Dupla," , AV MARECHAL MASCARENHAS DE MORAES, Recife, Pernambuco, Brasil",-8.0856899,-34.9073777
2285,2019-03-16 05:20:00,SEM VÍTIMA,IMBIRIBEIRA,AV MARECHAL MASCARENHAS DE MORAES,2284,386.0,SUBURBIO,ABALROAMENTO LONGITUDINAL,1.0,1.0,1.0,1.0,1.0,1.0,1.0,1.0,1.0,0.0,1.0,Longo da via,Bom,Sem defeito,Perfeito estado,Seca,Perfeito estado,Outras,60 km/h,Dupla,"2284, AV MARECHAL MASCARENHAS DE MORAES, Recife, Pernambuco, Brasil",-8.1112112,-34.9126869
2355,2019-03-18 11:16:00,SEM VÍTIMA,IMBIRIBEIRA,AV MARECHAL MASCARENHAS DE MORAES,7935A,386.0,SUBURBIO,COLISÃO TRASEIRA,2.0,1.0,1.0,1.0,1.0,1.0,1.0,1.0,1.0,0.0,1.0,Longo da via,Chuvoso,Não existe,Perfeito estado,Molhada,Perfeito estado,Não há placas,60 km/h,Única,"7935A, AV MARECHAL MASCARENHAS DE MORAES, Recife, Pernambuco, Brasil",-8.1112112,-34.9126869
2354,2019-03-18 10:50:00,SEM VÍTIMA,IMBIRIBEIRA,AV MARECHAL MASCARENHAS DE MORAES, ,530.0,SUBURBIO,COLISÃO TRASEIRA,2.0,1.0,1.0,1.0,1.0,1.0,1.0,1.0,1.0,0.0,1.0,Longo da via,Bom,Sem defeito,Perfeito estado,Molhada,Perfeito estado,Outras,60 km/h,Dupla," , AV MARECHAL MASCARENHAS DE MORAES, Recife, Pernambuco, Brasil",-8.0856899,-34.9073777
2286,2019-03-16 07:27:00,SEM VÍTIMA,IMBIRIBEIRA,AV MARECHAL MASCARENHAS DE MORAES,2305,530.0,PRAZERES,COLISÃO,2.0,1.0,1.0,1.0,1.0,1.0,1.0,1.0,1.0,0.0,1.0,Longo da via,Bom,Sem defeito,Perfeito estado,Molhada,Perfeito estado,Outras,60 km/h,Dupla,"2305, AV MARECHAL MASCARENHAS DE MORAES, Recife, Pernambuco, Brasil",-8.1239739,-34.9146964
10684,2019-11-26 14:49:00,SEM VÍTIMA,IMBIRIBEIRA,AV MARECHAL MASCARENHAS DE MORAES, ,530.0,SUBURBIO,ABALROAMENTO LONGITUDINAL,1.0,1.0,1.0,1.0,1.0,1.0,1.0,1.0,1.0,0.0,1.0,Longo da via,Bom,Não existe,Perfeito estado,Seca,Perfeito estado,Não há placas,60 km/h,Dupla," , AV MARECHAL MASCARENHAS DE MORAES, Recife, Pernambuco, Brasil",-8.0856899,-34.9073777
7573,2019-09-02 09:24:00,SEM VÍTIMA,IMBIRIBEIRA,AV MARECHAL MASCARENHAS DE MORAES,1919,530.0,CIDADE,ABALROAMENTO LONGITUDINAL,1.0,1.0,1.0,1.0,1.0,1.0,1.0,1.0,1.0,0.0,1.0,Longo da via,Bom,Não existe,Perfeito estado,Seca,Perfeito estado,Não há placas,60 km/h,Única,"1919, AV MARECHAL MASCARENHAS DE MORAES, Recife, Pernambuco, Brasil",-8.099976900000001,-34.909495967377254
10721,2019-11-27 14:25:00,SEM VÍTIMA,IMBIRIBEIRA,AV MARECHAL MASCARENHAS DE MORAES, ,218.0,CIDADE,COLISÃO TRASEIRA,3.0,1.0,1.0,1.0,1.0,1.0,1.0,1.0,1.0,0.0,1.0,Longo da via,Bom,Sem defeito,Perfeito estado,Seca,Perfeito estado,Outras,60 km/h,Dupla," , AV MARECHAL MASCARENHAS DE MORAES, Recife, Pernambuco, Brasil",-8.0856899,-34.9073777
3,2019-01-01 02:53:00,SEM VÍTIMA,IMBIRIBEIRA,AV GENERAL MAC ARTHUR,100,218.0,CIDADE,COLISÃO,2.0,1.0,1.0,1.0,1.0,1.0,1.0,1.0,1.0,0.0,1.0,Longo da via,Bom,Sem defeito,Perfeito estado,Seca,Perfeito estado,Outras,60 km/h,Dupla,"100, AV GENERAL MAC ARTHUR, Recife, Pernambuco, Brasil",-8.1092473,-34.9109797
7593,2019-09-02 16:34:00,SEM VÍTIMA,IMBIRIBEIRA,AV MARECHAL MASCARENHAS DE MORAES,7935,218.0,SUBURBIO,ABALROAMENTO LONGITUDINAL,2.0,1.0,1.0,1.0,1.0,1.0,1.0,1.0,1.0,0.0,1.0,Longo da via,Bom,Não existe,Perfeito estado,Seca,Perfeito estado,Não há placas,60 km/h,Dupla,"7935, AV MARECHAL MASCARENHAS DE MORAES, Recife, Pernambuco, Brasil",-8.1405317,-34.9171719
2333,2019-03-18 04:17:00,SEM VÍTIMA,IMBIRIBEIRA,AV MARECHAL MASCARENHAS DE MORAES, ,218.0,SUBURBIO,COLISÃO,2.0,1.0,1.0,1.0,1.0,1.0,1.0,1.0,1.0,0.0,1.0,Longo da via,Bom,Não existe,Perfeito estado,Seca,Perfeito estado,Não há placas,60 km/h,Dupla," , AV MARECHAL MASCARENHAS DE MORAES, Recife, Pernambuco, Brasil",-8.0856899,-34.9073777
10694,2019-11-26 18:30:00,SEM VÍTIMA,IMBIRIBEIRA,AV MARECHAL MASCARENHAS DE MORAES, ,310.0,CIDADE,COLISÃO TRASEIRA,1.0,1.0,1.0,1.0,1.0,1.0,1.0,1.0,1.0,0.0,1.0,Longo da via,Bom,Sem defeito,Perfeito estado,Seca,Perfeito estado,Não há placas,60 km/h,Dupla," , AV MARECHAL MASCARENHAS DE MORAES, Recife, Pernambuco, Brasil",-8.0856899,-34.9073777
2322,2019-03-17 15:40:00,SEM VÍTIMA,IMBIRIBEIRA,AV MARECHAL MASCARENHAS DE MORAES, ,218.0,CIDADE,COLISÃO TRASEIRA,2.0,1.0,1.0,1.0,1.0,1.0,1.0,1.0,1.0,0.0,1.0,Longo da via,Bom,Sem defeito,Perfeito estado,Seca,Perfeito estado,R-6a,60 km/h,Dupla," , AV MARECHAL MASCARENHAS DE MORAES, Recife, Pernambuco, Brasil",-8.0856899,-34.9073777
2321,2019-03-17 15:23:00,SEM VÍTIMA,IMBIRIBEIRA,RUA PROF PEDRO AUGUSTO CARNEIRO LEAO, ,218.0,CIDADE,COLISÃO,2.0,1.0,1.0,1.0,1.0,1.0,1.0,1.0,1.0,0.0,1.0,Longo da via,Bom,Sem defeito,Perfeito estado,Seca,Perfeito estado,R-6a,60 km/h,Dupla," , RUA PROF PEDRO AUGUSTO CARNEIRO LEAO, Recife, Pernambuco, Brasil",-8.115832,-34.9088893
2317,2019-03-17 12:13:00,SEM VÍTIMA,IMBIRIBEIRA,RUA CORONEL FABRICIANO,4115,218.0,CIDADE,COLISÃO,2.0,1.0,1.0,1.0,1.0,1.0,1.0,1.0,1.0,0.0,1.0,Longo da via,Bom,Sem defeito,Perfeito estado,Seca,Perfeito estado,R-6a,60 km/h,Dupla,"4115, RUA CORONEL FABRICIANO, Recife, Pernambuco, Brasil",-8.1201113,-34.9126468
2387,2019-03-19 08:31:00,SEM VÍTIMA,IMBIRIBEIRA,AV MARECHAL MASCARENHAS DE MORAES, ,218.0,SUBURBIO,COLISÃO,2.0,1.0,1.0,1.0,1.0,1.0,1.0,1.0,1.0,0.0,1.0,Longo da via,Bom,Sem defeito,Perfeito estado,Seca,Perfeito estado,R-6a,60 km/h,Dupla," , AV MARECHAL MASCARENHAS DE MORAES, Recife, Pernambuco, Brasil",-8.0856899,-34.9073777
10731,2019-11-27 19:11:00,COM VÍTIMA,IMBIRIBEIRA,AV MARECHAL MASCARENHAS DE MORAES,2200,218.0,CIDADE,COLISÃO,1.0,1.0,1.0,1.0,1.0,1.0,1.0,1.0,1.0,1.0,1.0,Longo da via,Bom,Sem defeito,Perfeito estado,Seca,Perfeito estado,R-6a,60 km/h,Dupla,"2200, AV MARECHAL MASCARENHAS DE MORAES, Recife, Pernambuco, Brasil",-8.10383985,-34.91135972194755
10654,2019-11-25 19:52:00,COM VÍTIMA,IMBIRIBEIRA,AV MARECHAL MASCARENHAS DE MORAES,4223,310.0,CIDADE,ABALROAMENTO LONGITUDINAL,1.0,1.0,1.0,1.0,1.0,1.0,1.0,1.0,1.0,1.0,1.0,Longo da via,Bom,Sem defeito,Perfeito estado,Seca,Perfeito estado,Outras,60 km/h,Única,"4223, AV MARECHAL MASCARENHAS DE MORAES, Recife, Pernambuco, Brasil",-8.1218616,-34.9131805
2417,2019-03-19 18:10:00,SEM VÍTIMA,IMBIRIBEIRA,RUA ALEMANHA,105,310.0,CIDADE,COLISÃO,1.0,1.0,1.0,1.0,1.0,1.0,1.0,1.0,1.0,0.0,1.0,Longo da via,Bom,Sem defeito,Perfeito estado,Seca,Perfeito estado,Outras,60 km/h,Única,"105, RUA ALEMANHA, Recife, Pernambuco, Brasil",-8.1047501,-34.9118483
2519,2019-03-22 11:53:00,SEM VÍTIMA,IMBIRIBEIRA,AV MARECHAL MASCARENHAS DE MORAES, ,396.0,CIDADE,ABALROAMENTO LONGITUDINAL,2.0,1.0,1.0,1.0,1.0,1.0,1.0,1.0,1.0,0.0,1.0,Longo da via,Bom,Sem defeito,Perfeito estado,Seca,Perfeito estado,R-19,60 km/h,Dupla," , AV MARECHAL MASCARENHAS DE MORAES, Recife, Pernambuco, Brasil",-8.0856899,-34.9073777
2504,2019-03-22 01:23:00,SEM VÍTIMA,IMBIRIBEIRA,RUA RIBEIRO DE BRITO, ,396.0,CIDADE,COLISÃO,2.0,1.0,1.0,1.0,1.0,1.0,1.0,1.0,1.0,0.0,1.0,Longo da via,Bom,Sem defeito,Perfeito estado,Seca,Perfeito estado,R-19,60 km/h,Dupla," , RUA RIBEIRO DE BRITO, Recife, Pernambuco, Brasil",-8.1235605,-34.8998419
7519,2019-08-30 18:14:00,SEM VÍTIMA,IMBIRIBEIRA,AV MARECHAL MASCARENHAS DE MORAES,2284,386.0,SUBURBIO,ABALROAMENTO LONGITUDINAL,2.0,1.0,1.0,1.0,1.0,1.0,1.0,1.0,1.0,0.0,1.0,Longo da via,Bom,Sem defeito,Perfeito estado,Seca,Perfeito estado,Não há placas,60 km/h,Dupla,"2284, AV MARECHAL MASCARENHAS DE MORAES, Recife, Pernambuco, Brasil",-8.1112112,-34.9126869
10599,2019-11-24 00:43:00,COM VÍTIMA,IMBIRIBEIRA,AV MARECHAL MASCARENHAS DE MORAES, ,225.0,SUBURBIO,ABALROAMENTO TRANSVERSAL,1.0,1.0,1.0,1.0,1.0,1.0,1.0,1.0,1.0,1.0,1.0,Cruzamento,Bom,Sem defeito,Perfeito estado,Seca,Perfeito estado,Não há placas,60 km/h,Única," , AV MARECHAL MASCARENHAS DE MORAES, Recife, Pernambuco, Brasil",-8.0856899,-34.9073777
2215,2019-03-14 15:43:00,SEM VÍTIMA,IMBIRIBEIRA,AV MARECHAL MASCARENHAS DE MORAES, ,501.0,SUBURBIO,COLISÃO TRASEIRA,2.0,1.0,1.0,1.0,1.0,1.0,1.0,1.0,1.0,0.0,1.0,Longo da via,Bom,Sem defeito,Perfeito estado,Seca,Perfeito estado,R-6a,60 km/h,Dupla," , AV MARECHAL MASCARENHAS DE MORAES, Recife, Pernambuco, Brasil",-8.0856899,-34.9073777
12028,2019-12-29 21:03:00,SEM VÍTIMA,IMBIRIBEIRA,AV MARECHAL MASCARENHAS DE MORAES,3402,501.0,SUBURBIO,COLISÃO,1.0,1.0,1.0,1.0,1.0,1.0,1.0,1.0,1.0,0.0,1.0,Longo da via,Bom,Sem defeito,Perfeito estado,Seca,Perfeito estado,R-6a,60 km/h,Dupla,"3402, AV MARECHAL MASCARENHAS DE MORAES, Recife, Pernambuco, Brasil",-8.114394,-34.913748
2217,2019-03-14 17:32:00,SEM VÍTIMA,IMBIRIBEIRA,AV MARECHAL MASCARENHAS DE MORAES, ,501.0,SUBURBIO,ABALROAMENTO LONGITUDINAL,1.0,1.0,1.0,1.0,1.0,1.0,1.0,1.0,1.0,0.0,1.0,Longo da via,Bom,Sem defeito,Perfeito estado,Seca,Perfeito estado,Não há placas,60 km/h,Única," , AV MARECHAL MASCARENHAS DE MORAES, Recife, Pernambuco, Brasil",-8.0856899,-34.9073777
2485,2019-03-21 14:36:00,SEM VÍTIMA,IMBIRIBEIRA,AV GENERAL MAC ARTHUR, ,402.0,CIDADE,ABALROAMENTO LONGITUDINAL,1.0,1.0,1.0,1.0,1.0,1.0,1.0,1.0,1.0,0.0,1.0,Longo da via,Bom,Sem defeito,Perfeito estado,Seca,Perfeito estado,Outras,40 km/h,Única," , AV GENERAL MAC ARTHUR, Recife, Pernambuco, Brasil",-8.1092078,-34.9104272
10607,2019-11-24 13:37:00,COM VÍTIMA,IMBIRIBEIRA,AV MARECHAL MASCARENHAS DE MORAES,7935D,402.0,SUBURBIO,COLISÃO COM CICLISTA,1.0,1.0,1.0,1.0,1.0,1.0,1.0,1.0,1.0,2.0,1.0,Longo da via,Bom,Não existe,Não existente,Seca,Perfeito estado,Não há placas,60 km/h,Única,"7935D, AV MARECHAL MASCARENHAS DE MORAES, Recife, Pernambuco, Brasil",-8.1092078,-34.9104272
10608,2019-11-24 14:04:00,SEM VÍTIMA,IMBIRIBEIRA,AV MARECHAL MASCARENHAS DE MORAES,2931,631.0,SUBURBIO,COLISÃO TRASEIRA,2.0,1.0,1.0,1.0,1.0,1.0,1.0,1.0,1.0,0.0,1.0,Longo da via,Bom,Sem defeito,Perfeito estado,Seca,Perfeito estado,Não há placas,60 km/h,Dupla,"2931, AV MARECHAL MASCARENHAS DE MORAES, Recife, Pernambuco, Brasil",-8.1051735,-34.91088
10611,2019-11-24 16:12:00,SEM VÍTIMA,IMBIRIBEIRA,RUA MOISES CORREA DA SILVA,181,631.0,SUBURBIO,ABALROAMENTO LONGITUDINAL,3.0,1.0,1.0,1.0,1.0,1.0,1.0,1.0,1.0,0.0,1.0,Cruzamento,Bom,Não existe,Não existente,Seca,Perfeito estado,Não há placas,60 km/h,Dupla,"181, RUA MOISES CORREA DA SILVA, Recife, Pernambuco, Brasil",-8.1103153,-34.9050606
2932,2019-04-03 17:59:00,SEM VÍTIMA,IMBIRIBEIRA,AV MARECHAL MASCARENHAS DE MORAES, ,631.0,SUBURBIO,COLISÃO,2.0,1.0,1.0,1.0,1.0,1.0,1.0,1.0,1.0,0.0,1.0,Cruzamento,Bom,Não existe,Não existente,Seca,Perfeito estado,Não há placas,60 km/h,Dupla," , AV MARECHAL MASCARENHAS DE MORAES, Recife, Pernambuco, Brasil",-8.0856899,-34.9073777