,data_hora,natureza_acidente,bairro,endereco,numero,num_semaforo,sentido_via,tipo,auto,moto,ciclom,ciclista,pedestre,onibus,caminhao,viatura,outros,vitimas,vitimasfatais,acidente_verificado,tempo_clima,situacao_semaforo,sinalizacao,condicao_via,conservacao_via,situacao_placa,velocidade_max_via,mao_direcao,end,latitude,longitude
10943,2019-12-02 21:55:00,COM VÍTIMA,IMBIRIBEIRA,AV DOM JOAO VI, ,639.0,SUBURBIO,ABALROAMENTO LONGITUDINAL,1.0,1.0,1.0,1.0,1.0,1.0,1.0,1.0,2.0,1.0,1.0,Esquina,Bom,Sem defeito,Perfeito estado,Seca,Perfeito estado,Não há placas,60 km/h,Única," , AV DOM JOAO VI, Recife, Pernambuco, Brasil",-8.1181195,-34.9061879
1823,2019-03-01 13:03:00,SEM VÍTIMA,IMBIRIBEIRA,AV MARECHAL MASCARENHAS DE MORAES, ,639.0,SUBURBIO,COLISÃO TRASEIRA,1.0,1.0,1.0,1.0,1.0,1.0,1.0,1.0,2.0,0.0,1.0,Longo da via,Bom,Não existe,Perfeito estado,Seca,Perfeito estado,Não há placas,60 km/h,Dupla," , AV MARECHAL MASCARENHAS DE MORAES, Recife, Pernambuco, Brasil",-8.0856899,-34.9073777
3491,2019-04-20 19:14:00,SEM VÍTIMA,IMBIRIBEIRA,AV MARECHAL MASCARENHAS DE MORAES, ,639.0,CIDADE,ABALROAMENTO LONGITUDINAL,1.0,1.0,1.0,1.0,1.0,1.0,1.0,1.0,2.0,0.0,1.0,Longo da via,Bom,Não existe,Perfeito estado,Molhada,Perfeito estado,Não há placas,60 km/h,Dupla," , AV MARECHAL MASCARENHAS DE MORAES, Recife, Pernambuco, Brasil",-8.0856899,-34.9073777
147,2019-01-07 12:18:00,SEM VÍTIMA,IMBIRIBEIRA,AV MARECHAL MASCARENHAS DE MORAES,6333,625.0,SUBURBIO,COLISÃO TRASEIRA,1.0,1.0,1.0,1.0,1.0,1.0,1.0,1.0,1.0,0.0,1.0,Longo da via,Bom,Sem defeito,Perfeito estado,Seca,Mal conservada,Outras,60 km/h,Dupla,"6333, AV MARECHAL MASCARENHAS DE MORAES, Recife, Pernambuco, Brasil",-8.1393159,-34.91658601520072
3462,2019-04-18 18:26:00,SEM VÍTIMA,IMBIRIBEIRA,AV MARECHAL MASCARENHAS DE MORAES,2716,625.0,SUBURBIO,COLISÃO,2.0,1.0,1.0,1.0,1.0,1.0,1.0,1.0,1.0,0.0,1.0,Longo da via,Bom,Sem defeito,Perfeito estado,Seca,Mal conservada,Outras,60 km/h,Dupla,"2716, AV MARECHAL MASCARENHAS DE MORAES, Recife, Pernambuco, Brasil",-8.1160453,-34.9135866
10932,2019-12-02 15:58:00,SEM VÍTIMA,IMBIRIBEIRA,AV GENERAL MAC ARTHUR, ,225.0,SUBURBIO,COLISÃO TRASEIRA,1.0,1.0,1.0,1.0,1.0,1.0,1.0,1.0,1.0,0.0,1.0,Longo da via,Bom,Sem defeito,Perfeito estado,Seca,Perfeito estado,Não há placas,60 km/h,Única," , AV GENERAL MAC ARTHUR, Recife, Pernambuco, Brasil",-8.1092078,-34.9104272
1843,2019-03-01 19:12:00,SEM VÍTIMA,IMBIRIBEIRA,AV MARECHAL MASCARENHAS DE MORAES, ,225.0,SUBURBIO,COLISÃO,2.0,1.0,1.0,1.0,1.0,1.0,1.0,1.0,1.0,0.0,1.0,Longo da via,Bom,Sem defeito,Perfeito estado,Seca,Perfeito estado,Não há placas,60 km/h,Única," , AV MARECHAL MASCARENHAS DE MORAES, Recife, Pernambuco, Brasil",-8.0856899,-34.9073777
3440,2019-04-18 06:48:00,COM VÍTIMA,IMBIRIBEIRA,AV MARECHAL MASCARENHAS DE MORAES,2755,631.0,CIDADE,COLISÃO TRASEIRA,3.0,1.0,1.0,1.0,1.0,1.0,1.0,1.0,1.0,1.0,1.0,Longo da via,Bom,Intermitente,Perfeito estado,Seca,Perfeito estado,R-6a,60 km/h,Dupla,"2755, AV MARECHAL MASCARENHAS DE MORAES, Recife, Pernambuco, Brasil",-8.1054354,-34.9109262
1853,2019-03-02 02:04:00,SEM VÍTIMA,IMBIRIBEIRA,RUA JOSE DA SILVA LUCENA, ,631.0,CIDADE,COLISÃO,1.0,1.0,1.0,1.0,1.0,1.0,1.0,1.0,1.0,0.0,1.0,Longo da via,Bom,Intermitente,Perfeito estado,Seca,Perfeito estado,R-6a,60 km/h,Dupla," , RUA JOSE DA SILVA LUCENA, Recife, Pernambuco, Brasil",-8.1127728,-34.9112329
10026,2019-11-09 06:46:00,COM VÍTIMA,IMBIRIBEIRA,AV MARECHAL MASCARENHAS DE MORAES,6211,631.0,CIDADE,ABALROAMENTO LONGITUDINAL,1.0,1.0,1.0,1.0,1.0,1.0,1.0,1.0,1.0,1.0,1.0,Longo da via,Bom,Não existe,Perfeito estado,Seca,Perfeito estado,Outras,60 km/h,Dupla,"6211, AV MARECHAL MASCARENHAS DE MORAES, Recife, Pernambuco, Brasil",-8.1384321,-34.9168505
9981,2019-11-08 08:57:00,SEM VÍTIMA,IMBIRIBEIRA,AV ANTONIO TORRES GALVAO,158,631.0,CIDADE,COLISÃO TRASEIRA,2.0,1.0,1.0,1.0,1.0,1.0,1.0,1.0,1.0,0.0,1.0,Longo da via,Bom,Sem defeito,Perfeito estado,Seca,Perfeito estado,Outras,60 km/h,Única,"158, AV ANTONIO TORRES GALVAO, Recife, Pernambuco, Brasil",-8.1133834,-34.9038597
10904,2019-12-02 10:56:00,SEM VÍTIMA,IMBIRIBEIRA,AV MARECHAL MASCARENHAS DE MORAES,1681,631.0,SUBURBIO,COLISÃO TRASEIRA,2.0,1.0,1.0,1.0,1.0,1.0,1.0,1.0,1.0,0.0,1.0,Longo da via,Bom,Não existe,Perfeito estado,Seca,Perfeito estado,Não há placas,60 km/h,Única,"1681, AV MARECHAL MASCARENHAS DE MORAES, Recife, Pernambuco, Brasil",-8.0968596,-34.9095209
3251,2019-04-12 14:55:00,SEM VÍTIMA,IMBIRIBEIRA,RUA ARQUITETO LUIZ NUNES,1664,631.0,SUBURBIO,ABALROAMENTO LONGITUDINAL,2.0,1.0,1.0,1.0,1.0,1.0,1.0,1.0,1.0,0.0,1.0,Longo da via,Chuvoso,Não existe,Perfeito estado,Molhada,Perfeito estado,Não há placas,50 km/h,Dupla,"1664, RUA ARQUITETO LUIZ NUNES, Recife, Pernambuco, Brasil",-8.0990103,-34.91269807962257
10262,2019-11-14 14:44:00,COM VÍTIMA,IMBIRIBEIRA,AV MARECHAL MASCARENHAS DE MORAES, ,631.0,CIDADE,ABALROAMENTO LONGITUDINAL,1.0,1.0,1.0,1.0,1.0,1.0,1.0,1.0,1.0,1.0,1.0,Longo da via,Bom,Sem defeito,Perfeito estado,Seca,Perfeito estado,Não há placas,60 km/h,Dupla," , AV MARECHAL MASCARENHAS DE MORAES, Recife, Pernambuco, Brasil",-8.0856899,-34.9073777
3067,2019-04-07 18:02:00,SEM VÍTIMA,IMBIRIBEIRA,AV MARECHAL MASCARENHAS DE MORAES, ,532.0,SUBURBIO,ABALROAMENTO LONGITUDINAL,1.0,1.0,1.0,1.0,1.0,1.0,1.0,1.0,1.0,0.0,1.0,Longo da via,Chuvoso,Sem defeito,Perfeito estado,Molhada,Perfeito estado,Não há placas,60 km/h,Dupla," , AV MARECHAL MASCARENHAS DE MORAES, Recife, Pernambuco, Brasil",-8.0856899,-34.9073777
10272,2019-11-14 16:22:00,SEM VÍTIMA,IMBIRIBEIRA,RUA JOAQUIM BANDEIRA,268,532.0,SUBURBIO,ABALROAMENTO TRANSVERSAL,2.0,1.0,1.0,1.0,1.0,1.0,1.0,1.0,1.0,0.0,1.0,Cruzamento,Bom,Sem defeito,Perfeito estado,Molhada,Perfeito estado,Não há placas,60 km/h,Única,"268, RUA JOAQUIM BANDEIRA, Recife, Pernambuco, Brasil",-8.1106891,-34.9098181
10280,2019-11-14 18:38:00,SEM VÍTIMA,IMBIRIBEIRA,RUA SARGENTO SILVINO DE MACEDO,492,532.0,SUBURBIO,ABALROAMENTO TRANSVERSAL,2.0,1.0,1.0,1.0,1.0,1.0,1.0,1.0,1.0,0.0,1.0,Longo da via,Bom,Não existe,Não existente,Seca,Perfeito estado,Não há placas,60 km/h,Dupla,"492, RUA SARGENTO SILVINO DE MACEDO, Recife, Pernambuco, Brasil",-8.1088155,-34.9058175
3045,2019-04-06 16:31:00,COM VÍTIMA,IMBIRIBEIRA,RUA ITACARI,162,532.0,indefinido,ABALROAMENTO LONGITUDINAL,1.0,1.0,1.0,1.0,1.0,1.0,1.0,1.0,1.0,1.0,1.0,Cruzamento,Bom,Não existe,Perfeito estado,Seca,Perfeito estado,Placas Pare,60 km/h,Única,"162, RUA ITACARI, Recife, Pernambuco, Brasil",-8.1083492,-34.9133005
2008,2019-03-08 14:07:00,SEM VÍTIMA,IMBIRIBEIRA,AV MARECHAL MASCARENHAS DE MORAES, ,532.0,SUBURBIO,COLISÃO TRASEIRA,2.0,1.0,1.0,1.0,1.0,1.0,1.0,1.0,1.0,0.0,1.0,Longo da via,Bom,Não existe,Perfeito estado,Seca,Perfeito estado,R-6a,60 km/h,Dupla," , AV MARECHAL MASCARENHAS DE MORAES, Recife, Pernambuco, Brasil",-8.0856899,-34.9073777
10290,2019-11-15 07:33:00,SEM VÍTIMA,IMBIRIBEIRA,AV MARECHAL MASCARENHAS DE MORAES, ,534.0,CIDADE,ABALROAMENTO TRANSVERSAL,2.0,1.0,1.0,1.0,1.0,1.0,1.0,1.0,1.0,0.0,1.0,Longo da via,Bom,Sem defeito,Perfeito estado,Seca,Perfeito estado,Outras,60 km/h,Dupla," , AV MARECHAL MASCARENHAS DE MORAES, Recife, Pernambuco, Brasil",-8.0856899,-34.9073777
2020,2019-03-08 18:43:00,SEM VÍTIMA,IMBIRIBEIRA,AV MARECHAL MASCARENHAS DE MORAES, ,534.0,SUBURBIO,COLISÃO TRASEIRA,3.0,1.0,1.0,1.0,1.0,1.0,1.0,1.0,1.0,0.0,1.0,Longo da via,Bom,Não existe,Perfeito estado,Seca,Perfeito estado,Não há placas,60 km/h,Dupla," , AV MARECHAL MASCARENHAS DE MORAES, Recife, Pernambuco, Brasil",-8.0856899,-34.9073777
7390,2019-08-26 19:00:00,COM VÍTIMA,IMBIRIBEIRA,VIADUTO TANCREDO NEVES, ,534.0,BOA VIAGEM,ABALROAMENTO LONGITUDINAL,1.0,1.0,1.0,1.0,1.0,1.0,1.0,1.0,1.0,1.0,1.0,Longo da via,Bom,Não existe,Perfeito estado,Seca,Perfeito estado,Não há placas,60 km/h,Dupla," , VIADUTO TANCREDO NEVES, Recife, Pernambuco, Brasil",-8.1229911,-34.9136711
3012,2019-04-05 16:41:00,SEM VÍTIMA,IMBIRIBEIRA,AV MARECHAL MASCARENHAS DE MORAES, ,534.0,BOA VIAGEM,ABALROAMENTO LONGITUDINAL,1.0,1.0,1.0,1.0,1.0,1.0,1.0,1.0,1.0,0.0,1.0,Longo da via,Bom,Não existe,Perfeito estado,Seca,Perfeito estado,Não há placas,60 km/h,Dupla," , AV MARECHAL MASCARENHAS DE MORAES, Recife, Pernambuco, Brasil",-8.0856899,-34.9073777
3004,2019-04-05 12:38:00,SEM VÍTIMA,IMBIRIBEIRA,AV MARECHAL MASCARENHAS DE MORAES, ,161.0,SUBURBIO,COLISÃO TRASEIRA,2.0,1.0,1.0,1.0,1.0,1.0,1.0,1.0,1.0,0.0,1.0,Longo da via,Bom,Sem defeito,Perfeito estado,Seca,Perfeito estado,Outras,60 km/h,Dupla," , AV MARECHAL MASCARENHAS DE MORAES, Recife, Pernambuco, Brasil",-8.0856899,-34.9073777
2997,2019-04-05 11:35:00,SEM VÍTIMA,IMBIRIBEIRA,AV MARECHAL MASCARENHAS DE MORAES,2690,161.0,SUBURBIO,COLISÃO TRASEIRA,2.0,1.0,1.0,1.0,1.0,1.0,1.0,1.0,1.0,0.0,1.0,Longo da via,Bom,Sem defeito,Perfeito estado,Seca,Perfeito estado,Não há placas,60 km/h,Dupla,"2690, AV MARECHAL MASCARENHAS DE MORAES, Recife, Pernambuco, Brasil",-8.1239739,-34.9146964
2990,2019-04-05 09:21:00,SEM VÍTIMA,IMBIRIBEIRA,RUA JOAQUIM BANDEIRA,268,161.0,CIDADE,ABALROAMENTO LONGITUDINAL,2.0,1.0,1.0,1.0,1.0,1.0,1.0,1.0,1.0,0.0,1.0,Cruzamento,Bom,Não existe,Incompleta,Seca,Mal conservada,Não há placas,60 km/h,Única,"268, RUA JOAQUIM BANDEIRA, Recife, Pernambuco, Brasil",-8.1106891,-34.9098181
2988,2019-04-05 08:39:00,SEM VÍTIMA,IMBIRIBEIRA,AV MARECHAL MASCARENHAS DE MORAES,1310,161.0,SUBURBIO,COLISÃO TRASEIRA,3.0,1.0,1.0,1.0,1.0,1.0,1.0,1.0,1.0,0.0,1.0,Longo da via,Bom,Sem defeito,Perfeito estado,Seca,Mal conservada,R-6a,60 km/h,Dupla,"1310, AV MARECHAL MASCARENHAS DE MORAES, Recife, Pernambuco, Brasil",-8.0953026,-34.9097345
10308,2019-11-16 03:35:00,SEM VÍTIMA,IMBIRIBEIRA,RUA ARQUITETO FERNANDO ALMEIDA,104,161.0,SUBURBIO,CHOQUE OBJETO FIXO,1.0,1.0,1.0,1.0,1.0,1.0,1.0,1.0,1.0,0.0,1.0,Cruzamento,Bom,Não existe,Incompleta,Seca,Perfeito estado,Não há placas,60 km/h,Única,"104, RUA ARQUITETO FERNANDO ALMEIDA, Recife, Pernambuco, Brasil",-8.0877254,-34.9087201
2976,2019-04-04 17:31:00,SEM VÍTIMA,IMBIRIBEIRA,RUA PAMPULHA, ,450.0,SUBURBIO,COLISÃO,1.0,1.0,1.0,1.0,1.0,1.0,1.0,1.0,1.0,0.0,1.0,Cruzamento,Bom,Não existe,Incompleta,Seca,Perfeito estado,Não há placas,60 km/h,Única," , RUA PAMPULHA, Recife, Pernambuco, Brasil",-8.1095773,-34.9144602
7705,2019-09-05 18:41:00,SEM VÍTIMA,IMBIRIBEIRA,AV PRESIDENTE DUTRA, ,450.0,CIDADE,COLISÃO,2.0,1.0,1.0,1.0,1.0,1.0,1.0,1.0,1.0,0.0,1.0,Cruzamento,Bom,Não existe,Incompleta,Seca,Perfeito estado,Não há placas,60 km/h,Única," , AV PRESIDENTE DUTRA, Recife, Pernambuco, Brasil",-8.1204452,-34.9191955
10838,2019-11-30 12:01:00,SEM VÍTIMA,IMBIRIBEIRA,AV MARECHAL MASCARENHAS DE MORAES,2104,450.0,CIDADE,COLISÃO,2.0,1.0,1.0,1.0,1.0,1.0,1.0,1.0,1.0,0.0,1.0,Cruzamento,Bom,Não existe,Incompleta,Seca,Perfeito estado,Não há placas,60 km/h,Única,"2104, AV MARECHAL MASCARENHAS DE MORAES, Recife, Pernambuco, Brasil",-8.1239739,-34.9146964
2955,2019-04-04 10:18:00,COM VÍTIMA,IMBIRIBEIRA,RUA ITAJAI,162,450.0,SUBURBIO,ABALROAMENTO TRANSVERSAL,1.0,1.0,1.0,1.0,1.0,1.0,1.0,1.0,1.0,1.0,1.0,Cruzamento,Bom,Não existe,Perfeito estado,Seca,Perfeito estado,Placas Pare,60 km/h,Única,"162, RUA ITAJAI, Recife, Pernambuco, Brasil",-8.1075886,-34.9134428
7418,2019-08-27 19:07:00,SEM VÍTIMA,IMBIRIBEIRA,AV MARECHAL MASCARENHAS DE MORAES, ,450.0,CIDADE,ABALROAMENTO LONGITUDINAL,1.0,1.0,1.0,1.0,1.0,1.0,1.0,1.0,1.0,0.0,1.0,Longo da via,Chuvoso,Sem defeito,Perfeito estado,Molhada,Perfeito estado,Não há placas,60 km/h,Dupla," , AV MARECHAL MASCARENHAS DE MORAES, Recife, Pernambuco, Brasil",-8.0856899,-34.9073777
2942,2019-04-03 20:51:00,SEM VÍTIMA,IMBIRIBEIRA,AV MARECHAL MASCARENHAS DE MORAES, ,450.0,CIDADE,ABALROAMENTO LONGITUDINAL,1.0,1.0,1.0,1.0,1.0,1.0,1.0,1.0,1.0,0.0,1.0,Longo da via,Chuvoso,Sem defeito,Perfeito estado,Molhada,Perfeito estado,Não há placas,50 km/h,Dupla," , AV MARECHAL MASCARENHAS DE MORAES, Recife, Pernambuco, Brasil",-8.0856899,-34.9073777
2940,2019-04-03 20:25:00,SEM VÍTIMA,IMBIRIBEIRA,RUA GENERAL GOES MONTEIRO,182,450.0,SUBURBIO,ABALROAMENTO LONGITUDINAL,2.0,1.0,1.0,1.0,1.0,1.0,1.0,1.0,1.0,0.0,1.0,Cruzamento,Bom,Não existe,Incompleta,Seca,Mal iluminada,Placas Pare,50 km/h,Única,"182, RUA GENERAL GOES MONTEIRO, Recife, Pernambuco, Brasil",-8.0929092,-34.9098864
2937,2019-04-03 19:54:00,SEM VÍTIMA,IMBIRIBEIRA,AV DOM JOAO VI,20,450.0,SUBURBIO,ABALROAMENTO LONGITUDINAL,2.0,1.0,1.0,1.0,1.0,1.0,1.0,1.0,1.0,0.0,1.0,Longo da via,Bom,Sem defeito,Perfeito estado,Seca,Mal iluminada,Placas Pare,50 km/h,Única,"20, AV DOM JOAO VI, Recife, Pernambuco, Brasil",-8.1181195,-34.9061879
1984,2019-03-08 09:27:00,SEM VÍTIMA,IMBIRIBEIRA,AV PRESIDENTE DUTRA, ,450.0,SUBURBIO,COLISÃO TRASEIRA,2.0,1.0,1.0,1.0,1.0,1.0,1.0,1.0,1.0,0.0,1.0,Longo da via,Bom,Não existe,Perfeito estado,Seca,Perfeito estado,Não há placas,60 km/h,Única," , AV PRESIDENTE DUTRA, Recife, Pernambuco, Brasil",-8.1204452,-34.9191955
3100,2019-04-08 18:11:00,COM VÍTIMA,IMBIRIBEIRA,RUA JAMAICA, ,450.0,CIDADE,ABALROAMENTO TRANSVERSAL,1.0,1.0,1.0,1.0,1.0,1.0,1.0,1.0,1.0,1.0,1.0,Cruzamento,Bom,Não existe,Incompleta,Seca,Perfeito estado,R-6a,60 km/h,Única," , RUA JAMAICA, Recife, Pernambuco, Brasil",-8.1072937,-34.91342
94,2019-01-04 19:53:00,COM VÍTIMA,IMBIRIBEIRA,AV MARECHAL MASCARENHAS DE MORAES,1815,288.0,SUBURBIO,COLISÃO TRASEIRA,2.0,1.0,1.0,1.0,1.0,1.0,1.0,1.0,1.0,2.0,1.0,Cruzamento,Bom,Sem defeito,Perfeito estado,Seca,Perfeito estado,Não há placas,60 km/h,Dupla,"1815, AV MARECHAL MASCARENHAS DE MORAES, Recife, Pernambuco, Brasil",-8.1239739,-34.9146964
95,2019-01-04 20:23:00,COM VÍTIMA,IMBIRIBEIRA,AV MARECHAL MASCARENHAS DE MORAES, ,288.0,SUBURBIO,COLISÃO,1.0,1.0,1.0,1.0,1.0,1.0,1.0,1.0,1.0,1.0,1.0,Cruzamento,Bom,Sem defeito,Perfeito estado,Seca,Perfeito estado,Não há placas,60 km/h,Dupla," , AV MARECHAL MASCARENHAS DE MORAES, Recife, Pernambuco, Brasil",-8.0856899,-34.9073777
110,2019-01-05 11:20:00,SEM VÍTIMA,IMBIRIBEIRA,AV MARECHAL MASCARENHAS DE MORAES, ,288.0,CIDADE,COLISÃO,2.0,1.0,1.0,1.0,1.0,1.0,1.0,1.0,1.0,0.0,1.0,Cruzamento,Bom,Sem defeito,Perfeito estado,Seca,Perfeito estado,Não há placas,60 km/h,Dupla," , AV MARECHAL MASCARENHAS DE MORAES, Recife, Pernambuco, Brasil",-8.0856899,-34.9073777
1933,2019-03-06 17:14:00,SEM VÍTIMA,IMBIRIBEIRA,AV MARECHAL MASCARENHAS DE MORAES,4490,288.0,SUBURBIO,ABALROAMENTO LONGITUDINAL,1.0,1.0,1.0,1.0,1.0,1.0,1.0,1.0,1.0,0.0,1.0,Longo da via,Bom,Não existe,Perfeito estado,Seca,Perfeito estado,R-6a,60 km/h,Dupla,"4490, AV MARECHAL MASCARENHAS DE MORAES, Recife, Pernambuco, Brasil",-8.1239739,-34.9146964
10899,2019-12-02 09:49:00,SEM VÍTIMA,IMBIRIBEIRA,AV MARECHAL MASCARENHAS DE MORAES,4561,288.0,SUBURBIO,ABALROAMENTO LONGITUDINAL,2.0,1.0,1.0,1.0,1.0,1.0,1.0,1.0,1.0,0.0,1.0,Longo da via,Bom,Não existe,Perfeito estado,Seca,Perfeito estado,Não há placas,60 km/h,Dupla,"4561, AV MARECHAL MASCARENHAS DE MORAES, Recife, Pernambuco, Brasil",-8.1245094,-34.9145712
7744,2019-09-07 04:55:00,SEM VÍTIMA,IMBIRIBEIRA,AV MARECHAL MASCARENHAS DE MORAES, ,288.0,SUBURBIO,CHOQUE OBJETO FIXO,1.0,1.0,1.0,1.0,1.0,1.0,1.0,1.0,1.0,0.0,1.0,Cruzamento,Chuvoso,Sem defeito,Perfeito estado,Molhada,Perfeito estado,R-6a,50 km/h,Dupla," , AV MARECHAL MASCARENHAS DE MORAES, Recife, Pernambuco, Brasil",-8.0856899,-34.9073777
7333,2019-08-24 14:19:00,SEM VÍTIMA,IMBIRIBEIRA,AV MARECHAL MASCARENHAS DE MORAES, ,288.0,SUBURBIO,ABALROAMENTO LONGITUDINAL,1.0,1.0,1.0,1.0,1.0,1.0,1.0,1.0,1.0,0.0,1.0,Longo da via,Bom,Não existe,Perfeito estado,Seca,Perfeito estado,R-6a,50 km/h,Dupla," , AV MARECHAL MASCARENHAS DE MORAES, Recife, Pernambuco, Brasil",-8.0856899,-34.9073777
10185,2019-11-13 08:54:00,SEM VÍTIMA,IMBIRIBEIRA,RUA ARQUITETO LUIZ NUNES,354,288.0,SUBURBIO,COLISÃO,2.0,1.0,1.0,1.0,1.0,1.0,1.0,1.0,1.0,0.0,1.0,Longo da via,Bom,Não existe,Perfeito estado,Seca,Perfeito estado,R-6a,50 km/h,Dupla,"354, RUA ARQUITETO LUIZ NUNES, Recife, Pernambuco, Brasil",-8.0875557,-34.9099367
3212,2019-04-11 14:47:00,COM VÍTIMA,IMBIRIBEIRA,RUA SARGENTO SILVINO DE MACEDO, ,288.0,SUBURBIO,ABALROAMENTO TRANSVERSAL,1.0,1.0,1.0,1.0,1.0,1.0,1.0,1.0,1.0,1.0,1.0,Cruzamento,Bom,Não existe,Não existente,Seca,Perfeito estado,Não há placas,40 km/h,Dupla," , RUA SARGENTO SILVINO DE MACEDO, Recife, Pernambuco, Brasil",-8.1088155,-34.9058175
10195,2019-11-13 11:01:00,SEM VÍTIMA,IMBIRIBEIRA,AV MARECHAL MASCARENHAS DE MORAES, ,316.0,CIDADE,ABALROAMENTO LONGITUDINAL,1.0,1.0,1.0,1.0,1.0,1.0,1.0,1.0,1.0,0.0,1.0,Longo da via,Bom,Não existe,Perfeito estado,Seca,Perfeito estado,Não há placas,40 km/h,Dupla," , AV MARECHAL MASCARENHAS DE MORAES, Recife, Pernambuco, Brasil",-8.0856899,-34.9073777
7739,2019-09-06 20:20:00,COM VÍTIMA,IMBIRIBEIRA,AV PINHEIROS,322,316.0,SUBURBIO,ABALROAMENTO TRANSVERSAL,1.0,1.0,1.0,1.0,1.0,1.0,1.0,1.0,1.0,1.0,1.0,Cruzamento,Bom,Não existe,Incompleta,Seca,Perfeito estado,Outras,40 km/h,Dupla,"322, AV PINHEIROS, Recife, Pernambuco, Brasil",-8.0906171,-34.9117494
107,2019-01-05 11:00:00,COM VÍTIMA,IMBIRIBEIRA,AV MARECHAL MASCARENHAS DE MORAES, ,316.0,CIDADE,ABALROAMENTO TRANSVERSAL,1.0,1.0,1.0,1.0,1.0,1.0,1.0,1.0,1.0,1.0,1.0,Longo da via,Bom,Não existe,Perfeito estado,Seca,Perfeito estado,R-6a,40 km/h,Dupla," , AV MARECHAL MASCARENHAS DE MORAES, Recife, Pernambuco, Brasil",-8.0856899,-34.9073777
10196,2019-11-13 11:14:00,COM VÍTIMA,IMBIRIBEIRA,AV MARECHAL MASCARENHAS DE MORAES,291,316.0,CIDADE,COLISÃO TRASEIRA,1.0,1.0,1.0,1.0,1.0,1.0,1.0,1.0,1.0,1.0,1.0,Longo da via,Bom,Não existe,Não existente,Seca,Perfeito estado,Não há placas,40 km/h,Dupla,"291, AV MARECHAL MASCARENHAS DE MORAES, Recife, Pernambuco, Brasil",-8.0857412,-34.9070992
10163,2019-11-12 16:56:00,SEM VÍTIMA,IMBIRIBEIRA,AV SUL, ,316.0,AEROPORTO,COLISÃO,2.0,1.0,1.0,1.0,1.0,1.0,1.0,1.0,1.0,0.0,1.0,Longo da via,Bom,Não existe,Não existente,Seca,Perfeito estado,Não há placas,40 km/h,Dupla," , AV SUL, Recife, Pernambuco, Brasil",-8.081145,-34.905034
3184,2019-04-10 20:06:00,SEM VÍTIMA,IMBIRIBEIRA,RUA ARQUITETO LUIZ NUNES, ,316.0,SUBURBIO,COLISÃO TRASEIRA,1.0,1.0,1.0,1.0,1.0,1.0,1.0,1.0,1.0,0.0,1.0,Longo da via,Bom,Não existe,Perfeito estado,Seca,Perfeito estado,Não há placas,40 km/h,Dupla," , RUA ARQUITETO LUIZ NUNES, Recife, Pernambuco, Brasil",-8.0947284,-34.9115405
3177,2019-04-10 15:28:00,COM VÍTIMA,IMBIRIBEIRA,AV MARECHAL MASCARENHAS DE MORAES, ,316.0,SUBURBIO,COLISÃO COM CICLISTA,1.0,1.0,1.0,1.0,1.0,1.0,1.0,1.0,1.0,1.0,1.0,Longo da via,Bom,Não existe,Perfeito estado,Seca,Perfeito estado,Não há placas,40 km/h,Dupla," , AV MARECHAL MASCARENHAS DE MORAES, Recife, Pernambuco, Brasil",-8.0856899,-34.9073777
3172,2019-04-10 13:05:00,SEM VÍTIMA,IMBIRIBEIRA,RUA JOAQUIM BANDEIRA, ,316.0,SUBURBIO,ABALROAMENTO TRANSVERSAL,2.0,1.0,1.0,1.0,1.0,1.0,1.0,1.0,1.0,0.0,1.0,Cruzamento,Bom,Não existe,Perfeito estado,Seca,Perfeito estado,Não há placas,40 km/h,Única," , RUA JOAQUIM BANDEIRA, Recife, Pernambuco, Brasil",-8.1105253,-34.9075918
10211,2019-11-13 17:05:00,SEM VÍTIMA,IMBIRIBEIRA,AV MARECHAL MASCARENHAS DE MORAES, ,316.0,CIDADE,ABALROAMENTO TRANSVERSAL,1.0,1.0,1.0,1.0,1.0,1.0,1.0,1.0,1.0,0.0,1.0,Cruzamento,Bom,Não existe,Ilegível,Seca,Mal conservada,Outras,60 km/h,Dupla," , AV MARECHAL MASCARENHAS DE MORAES, Recife, Pernambuco, Brasil",-8.0856899,-34.9073777
3158,2019-04-10 09:08:00,SEM VÍTIMA,IMBIRIBEIRA,AV MARECHAL MASCARENHAS DE MORAES,4900,316.0,SUBURBIO,COLISÃO TRASEIRA,1.0,1.0,1.0,1.0,1.0,1.0,1.0,1.0,1.0,0.0,1.0,Longo da via,Bom,Não existe,Perfeito estado,Seca,Perfeito estado,Outras,60 km/h,Única,"4900, AV MARECHAL MASCARENHAS DE MORAES, Recife, Pernambuco, Brasil",-8.12786375,-34.91580173610392
10220,2019-11-13 20:44:00,SEM VÍTIMA,IMBIRIBEIRA,RUA ALAMEDA DAS HORTENCIAS, ,316.0,SUBURBIO,ABALROAMENTO LONGITUDINAL,1.0,1.0,1.0,1.0,1.0,1.0,1.0,1.0,1.0,0.0,1.0,Longo da via,Bom,Não existe,Não existente,Seca,Perfeito estado,Não há placas,30 km/h,Dupla," , RUA ALAMEDA DAS HORTENCIAS, Recife, Pernambuco, Brasil",-8.1159385,-34.9075704
1975,2019-03-07 20:22:00,COM VÍTIMA,IMBIRIBEIRA,AV MARECHAL MASCARENHAS DE MORAES, ,316.0,SUBURBIO,COLISÃO,1.0,1.0,1.0,1.0,1.0,1.0,1.0,1.0,1.0,1.0,1.0,Longo da via,Bom,Não existe,Não existente,Seca,Perfeito estado,Não há placas,30 km/h,Dupla," , AV MARECHAL MASCARENHAS DE MORAES, Recife, Pernambuco, Brasil",-8.0856899,-34.9073777