,data_hora,natureza_acidente,bairro,endereco,numero,num_semaforo,sentido_via,tipo,auto,moto,ciclom,ciclista,pedestre,onibus,caminhao,viatura,outros,vitimas,vitimasfatais,acidente_verificado,tempo_clima,situacao_semaforo,sinalizacao,condicao_via,conservacao_via,situacao_placa,velocidade_max_via,mao_direcao,end,latitude,longitude
580,2019-01-23 07:23:00,SEM VÍTIMA,IMBIRIBEIRA,AV MARECHAL MASCARENHAS DE MORAES,4561,287.0,CIDADE,COLISÃO TRASEIRA,1.0,1.0,1.0,1.0,1.0,1.0,1.0,1.0,1.0,0.0,1.0,Longo da via,Bom,Não existe,Perfeito estado,Seca,Perfeito estado,Não há placas,60 km/h,Dupla,"4561, AV MARECHAL MASCARENHAS DE MORAES, Recife, Pernambuco, Brasil",-8.1245094,-34.9145712
6299,2019-07-22 17:08:00,SEM VÍTIMA,IMBIRIBEIRA,AV MARECHAL MASCARENHAS DE MORAES,4555,287.0,CIDADE,ABALROAMENTO LONGITUDINAL,1.0,1.0,1.0,1.0,1.0,1.0,1.0,1.0,1.0,0.0,1.0,Longo da via,Chuvoso,Não existe,Perfeito estado,Molhada,Perfeito estado,Não há placas,60 km/h,Dupla,"4555, AV MARECHAL MASCARENHAS DE MORAES, Recife, Pernambuco, Brasil",-8.1242276,-34.9145228
8285,2019-09-22 21:06:00,SEM VÍTIMA,IMBIRIBEIRA,RUA ARQUITETO LUIZ NUNES,217,287.0,SUBURBIO,ABALROAMENTO LONGITUDINAL,1.0,1.0,1.0,1.0,1.0,1.0,1.0,1.0,1.0,0.0,1.0,Longo da via,Bom,Não existe,Perfeito estado,Seca,Perfeito estado,Não há placas,40 km/h,Única,"217, RUA ARQUITETO LUIZ NUNES, Recife, Pernambuco, Brasil",-8.0875557,-34.9099367
6137,2019-07-17 08:23:00,SEM VÍTIMA,IMBIRIBEIRA,AV GENERAL MAC ARTHUR,285,287.0,SUBURBIO,COLISÃO TRASEIRA,2.0,1.0,1.0,1.0,1.0,1.0,1.0,1.0,1.0,0.0,1.0,Longo da via,Bom,Não existe,Perfeito estado,Seca,Perfeito estado,Não há placas,40 km/h,Única,"285, AV GENERAL MAC ARTHUR, Recife, Pernambuco, Brasil",-8.1115792,-34.9041761
6133,2019-07-16 23:14:00,COM VÍTIMA,IMBIRIBEIRA,RUA JOAQUIM BANDEIRA,268,287.0,SUBURBIO,ABALROAMENTO TRANSVERSAL,1.0,1.0,1.0,1.0,1.0,1.0,1.0,1.0,1.0,1.0,1.0,Cruzamento,Bom,Não existe,Incompleta,Seca,Perfeito estado,Não há placas,40 km/h,Única,"268, RUA JOAQUIM BANDEIRA, Recife, Pernambuco, Brasil",-8.1106891,-34.9098181
8565,2019-10-01 08:22:00,SEM VÍTIMA,IMBIRIBEIRA,AV MARECHAL MASCARENHAS DE MORAES,6997,287.0,CIDADE,COLISÃO TRASEIRA,3.0,1.0,1.0,1.0,1.0,1.0,1.0,1.0,1.0,0.0,1.0,Longo da via,Bom,Não existe,Incompleta,Seca,Perfeito estado,Não há placas,40 km/h,Dupla,"6997, AV MARECHAL MASCARENHAS DE MORAES, Recife, Pernambuco, Brasil",-8.1428198,-34.9176707
8257,2019-09-21 13:34:00,SEM VÍTIMA,IMBIRIBEIRA,AV MARECHAL MASCARENHAS DE MORAES,3547,289.0,CIDADE,ABALROAMENTO LONGITUDINAL,1.0,1.0,1.0,1.0,1.0,1.0,1.0,1.0,2.0,0.0,1.0,Longo da via,Bom,Sem defeito,Perfeito estado,Seca,Perfeito estado,R-6a,40 km/h,Única,"3547, AV MARECHAL MASCARENHAS DE MORAES, Recife, Pernambuco, Brasil",-8.1158693,-34.9129306
6510,2019-07-30 17:13:00,SEM VÍTIMA,IMBIRIBEIRA,AV MARECHAL MASCARENHAS DE MORAES, ,289.0,CIDADE,COLISÃO TRASEIRA,2.0,1.0,1.0,1.0,1.0,1.0,1.0,1.0,2.0,0.0,1.0,Longo da via,Chuvoso,Sem defeito,Perfeito estado,Molhada,Perfeito estado,R-6a,40 km/h,Única," , AV MARECHAL MASCARENHAS DE MORAES, Recife, Pernambuco, Brasil",-8.0856899,-34.9073777
5942,2019-07-10 09:44:00,SEM VÍTIMA,IMBIRIBEIRA,RUA ALFREDO MARCONDES, ,442.0,CIDADE,ABALROAMENTO LONGITUDINAL,2.0,1.0,1.0,1.0,1.0,1.0,1.0,1.0,2.0,0.0,1.0,Longo da via,Bom,Sem defeito,Perfeito estado,Seca,Perfeito estado,Não há placas,40 km/h,Única," , RUA ALFREDO MARCONDES, Recife, Pernambuco, Brasil",-8.1113689,-34.9071724
716,2019-01-28 21:39:00,SEM VÍTIMA,IMBIRIBEIRA,AV MARECHAL MASCARENHAS DE MORAES, ,442.0,CIDADE,COLISÃO TRASEIRA,2.0,1.0,1.0,1.0,1.0,1.0,1.0,1.0,2.0,0.0,1.0,Longo da via,Chuvoso,Intermitente,Incompleta,Molhada,Perfeito estado,Não há placas,60 km/h,Única," , AV MARECHAL MASCARENHAS DE MORAES, Recife, Pernambuco, Brasil",-8.0856899,-34.9073777
6513,2019-07-30 18:28:00,SEM VÍTIMA,IMBIRIBEIRA,AV MARECHAL MASCARENHAS DE MORAES, ,442.0,CIDADE,COLISÃO TRASEIRA,2.0,1.0,1.0,1.0,1.0,1.0,1.0,1.0,2.0,0.0,1.0,Longo da via,Chuvoso,Não existe,Perfeito estado,Seca,Perfeito estado,Não há placas,60 km/h,Dupla," , AV MARECHAL MASCARENHAS DE MORAES, Recife, Pernambuco, Brasil",-8.0856899,-34.9073777
8253,2019-09-21 13:14:00,SEM VÍTIMA,IMBIRIBEIRA,AV MARECHAL MASCARENHAS DE MORAES, ,289.0,CIDADE,COLISÃO,1.0,1.0,1.0,1.0,1.0,1.0,1.0,1.0,2.0,0.0,1.0,Longo da via,Chuvoso,Não existe,Perfeito estado,Seca,Perfeito estado,Não há placas,60 km/h,Dupla," , AV MARECHAL MASCARENHAS DE MORAES, Recife, Pernambuco, Brasil",-8.0856899,-34.9073777
727,2019-01-29 11:25:00,COM VÍTIMA,IMBIRIBEIRA,AV MARECHAL MASCARENHAS DE MORAES,5905,289.0,CIDADE,ABALROAMENTO TRANSVERSAL,1.0,1.0,1.0,1.0,1.0,1.0,1.0,1.0,2.0,1.0,1.0,Longo da via,Bom,Não existe,Perfeito estado,Seca,Perfeito estado,Não há placas,40 km/h,Dupla,"5905, AV MARECHAL MASCARENHAS DE MORAES, Recife, Pernambuco, Brasil",-8.1239739,-34.9146964
5919,2019-07-09 11:09:00,SEM VÍTIMA,IMBIRIBEIRA,VIADUTO TANCREDO NEVES, ,289.0,CIDADE,ABALROAMENTO LONGITUDINAL,1.0,1.0,1.0,1.0,1.0,1.0,1.0,1.0,2.0,0.0,1.0,Viaduto,Bom,Não existe,Incompleta,Seca,Perfeito estado,Não há placas,40 km/h,Dupla," , VIADUTO TANCREDO NEVES, Recife, Pernambuco, Brasil",-8.1229911,-34.9136711
729,2019-01-29 11:53:00,SEM VÍTIMA,IMBIRIBEIRA,AV ANTONIO TORRES GALVAO,355,289.0,SUBURBIO,COLISÃO TRASEIRA,2.0,1.0,1.0,1.0,1.0,1.0,1.0,1.0,2.0,0.0,1.0,Longo da via,Bom,Não existe,Incompleta,Seca,Mal conservada,Outras,40 km/h,Única,"355, AV ANTONIO TORRES GALVAO, Recife, Pernambuco, Brasil",-8.1131832,-34.9047073
5914,2019-07-09 08:22:00,SEM VÍTIMA,IMBIRIBEIRA,AV MARECHAL MASCARENHAS DE MORAES,2156,501.0,SUBURBIO,COLISÃO TRASEIRA,2.0,1.0,1.0,1.0,1.0,1.0,1.0,1.0,2.0,0.0,1.0,Longo da via,Bom,Sem defeito,Perfeito estado,Seca,Perfeito estado,Não há placas,60 km/h,Dupla,"2156, AV MARECHAL MASCARENHAS DE MORAES, Recife, Pernambuco, Brasil",-8.103215850000002,-34.91155151051632
8564,2019-10-01 08:14:00,SEM VÍTIMA,IMBIRIBEIRA,AV MARECHAL MASCARENHAS DE MORAES,6997,501.0,AEROPORTO,COLISÃO,3.0,1.0,1.0,1.0,1.0,1.0,1.0,1.0,2.0,0.0,1.0,Longo da via,Bom,Sem defeito,Perfeito estado,Seca,Perfeito estado,Não há placas,60 km/h,Dupla,"6997, AV MARECHAL MASCARENHAS DE MORAES, Recife, Pernambuco, Brasil",-8.1428198,-34.9176707
5913,2019-07-09 08:11:00,SEM VÍTIMA,IMBIRIBEIRA,AV MARECHAL MASCARENHAS DE MORAES,4896,501.0,CIDADE,COLISÃO TRASEIRA,3.0,1.0,1.0,1.0,1.0,1.0,1.0,1.0,2.0,0.0,1.0,Longo da via,Bom,Não existe,Perfeito estado,Seca,Perfeito estado,Outras,60 km/h,Dupla,"4896, AV MARECHAL MASCARENHAS DE MORAES, Recife, Pernambuco, Brasil",-8.1269078,-34.915619
5907,2019-07-08 16:43:00,SEM VÍTIMA,IMBIRIBEIRA,RUA CONDE PEREIRA CARNEIRO,2613,501.0,CIDADE,ABALROAMENTO LONGITUDINAL,2.0,1.0,1.0,1.0,1.0,1.0,1.0,1.0,2.0,0.0,1.0,Longo da via,Bom,Não existe,Ilegível,Seca,Mal conservada,Não há placas,60 km/h,Dupla,"2613, RUA CONDE PEREIRA CARNEIRO, Recife, Pernambuco, Brasil",-8.1080875,-34.9080225
8251,2019-09-21 11:58:00,SEM VÍTIMA,IMBIRIBEIRA,AV MARECHAL MASCARENHAS DE MORAES,3547,289.0,AFOGADOS,COLISÃO,1.0,1.0,1.0,1.0,1.0,1.0,1.0,1.0,2.0,0.0,1.0,Longo da via,Bom,Não existe,Ilegível,Seca,Mal conservada,Não há placas,60 km/h,Dupla,"3547, AV MARECHAL MASCARENHAS DE MORAES, Recife, Pernambuco, Brasil",-8.1158693,-34.9129306
11590,2019-12-17 10:56:00,COM VÍTIMA,IMBIRIBEIRA,AV MARECHAL MASCARENHAS DE MORAES,1818,288.0,CIDADE,ATROPELAMENTO,1.0,1.0,1.0,1.0,1.0,1.0,1.0,1.0,2.0,1.0,1.0,Longo da via,Bom,Sem defeito,Perfeito estado,Seca,Perfeito estado,Não há placas,60 km/h,Dupla,"1818, AV MARECHAL MASCARENHAS DE MORAES, Recife, Pernambuco, Brasil",-8.0982896,-34.9104903
5898,2019-07-08 12:55:00,SEM VÍTIMA,IMBIRIBEIRA,AV MARECHAL MASCARENHAS DE MORAES, ,288.0,SUBURBIO,ABALROAMENTO LONGITUDINAL,2.0,1.0,1.0,1.0,1.0,1.0,1.0,1.0,2.0,0.0,1.0,Longo da via,Bom,Não existe,Perfeito estado,Seca,Perfeito estado,Outras,60 km/h,Dupla," , AV MARECHAL MASCARENHAS DE MORAES, Recife, Pernambuco, Brasil",-8.0856899,-34.9073777
8600,2019-10-01 19:44:00,SEM VÍTIMA,IMBIRIBEIRA,AV MARECHAL MASCARENHAS DE MORAES, ,288.0,CIDADE,COLISÃO TRASEIRA,2.0,1.0,1.0,1.0,1.0,1.0,1.0,1.0,2.0,0.0,1.0,Longo da via,Bom,Sem defeito,Perfeito estado,Seca,Perfeito estado,Não há placas,60 km/h,Dupla," , AV MARECHAL MASCARENHAS DE MORAES, Recife, Pernambuco, Brasil",-8.0856899,-34.9073777
6532,2019-07-31 11:51:00,SEM VÍTIMA,IMBIRIBEIRA,AV MARECHAL MASCARENHAS DE MORAES,4080,310.0,CIDADE,ABALROAMENTO LONGITUDINAL,1.0,1.0,1.0,1.0,1.0,1.0,1.0,1.0,2.0,0.0,1.0,Longo da via,Bom,Sem defeito,Perfeito estado,Seca,Perfeito estado,Não há placas,60 km/h,Dupla,"4080, AV MARECHAL MASCARENHAS DE MORAES, Recife, Pernambuco, Brasil",-8.1197426,-34.9143867
739,2019-01-29 16:06:00,SEM VÍTIMA,IMBIRIBEIRA,AV MARECHAL MASCARENHAS DE MORAES,1482,310.0,SUBURBIO,COLISÃO TRASEIRA,2.0,1.0,1.0,1.0,1.0,1.0,1.0,1.0,2.0,0.0,1.0,Longo da via,Bom,Sem defeito,Perfeito estado,Seca,Perfeito estado,R-6a,60 km/h,Dupla,"1482, AV MARECHAL MASCARENHAS DE MORAES, Recife, Pernambuco, Brasil",-8.0963196,-34.91
11586,2019-12-17 09:53:00,COM VÍTIMA,IMBIRIBEIRA,AV ENGENHEIRO ALVES DE SOUZA, ,634.0,SUBURBIO,ABALROAMENTO TRANSVERSAL,1.0,1.0,1.0,1.0,1.0,1.0,1.0,1.0,2.0,1.0,1.0,Cruzamento,Bom,Sem defeito,Perfeito estado,Seca,Perfeito estado,Não há placas,60 km/h,Dupla," , AV ENGENHEIRO ALVES DE SOUZA, Recife, Pernambuco, Brasil",-8.0972033,-34.9158986
8603,2019-10-01 20:10:00,SEM VÍTIMA,IMBIRIBEIRA,AV RECIFE,50,634.0,CIDADE,COLISÃO TRASEIRA,2.0,1.0,1.0,1.0,1.0,1.0,1.0,1.0,2.0,0.0,1.0,Longo da via,Bom,Não existe,Perfeito estado,Seca,Perfeito estado,Não há placas,60 km/h,Dupla,"50, AV RECIFE, Recife, Pernambuco, Brasil",-8.0846575,-34.9321359
11584,2019-12-17 09:37:00,SEM VÍTIMA,IMBIRIBEIRA,AV MARECHAL MASCARENHAS DE MORAES, ,386.0,SUBURBIO,COLISÃO TRASEIRA,2.0,1.0,1.0,1.0,1.0,1.0,1.0,1.0,2.0,0.0,1.0,Longo da via,Bom,Sem defeito,Perfeito estado,Seca,Perfeito estado,Não há placas,60 km/h,Dupla," , AV MARECHAL MASCARENHAS DE MORAES, Recife, Pernambuco, Brasil",-8.0856899,-34.9073777
11577,2019-12-16 21:38:00,SEM VÍTIMA,IMBIRIBEIRA,VIADUTO TANCREDO NEVES, ,386.0,SUBURBIO,COLISÃO TRASEIRA,2.0,1.0,1.0,1.0,1.0,1.0,1.0,1.0,2.0,0.0,1.0,Viaduto,Chuvoso,Não existe,Perfeito estado,Molhada,Perfeito estado,Não há placas,60 km/h,Dupla," , VIADUTO TANCREDO NEVES, Recife, Pernambuco, Brasil",-8.1229911,-34.9136711
11761,2019-12-20 23:32:00,COM VÍTIMA,IMBIRIBEIRA,RUA ANTONIO FALCAO,80,386.0,SUBURBIO,ABALROAMENTO TRANSVERSAL,1.0,1.0,1.0,1.0,1.0,1.0,1.0,1.0,2.0,1.0,1.0,Longo da via,Bom,Não existe,Perfeito estado,Seca,Perfeito estado,Não há placas,60 km/h,Única,"80, RUA ANTONIO FALCAO, Recife, Pernambuco, Brasil",-8.1128662,-34.9011461
8562,2019-10-01 07:14:00,SEM VÍTIMA,IMBIRIBEIRA,RUA ARQUITETO LUIZ NUNES,341,386.0,SUBURBIO,ABALROAMENTO LONGITUDINAL,1.0,1.0,1.0,1.0,1.0,1.0,1.0,1.0,2.0,0.0,1.0,Longo da via,Bom,Não existe,Perfeito estado,Seca,Perfeito estado,Não há placas,60 km/h,Dupla,"341, RUA ARQUITETO LUIZ NUNES, Recife, Pernambuco, Brasil",-8.0875557,-34.9099367
469,2019-01-18 19:29:00,SEM VÍTIMA,IMBIRIBEIRA,AV MARECHAL MASCARENHAS DE MORAES, ,386.0,SUBURBIO,COLISÃO,2.0,1.0,1.0,1.0,1.0,1.0,1.0,1.0,2.0,0.0,1.0,Longo da via,Bom,Não existe,Perfeito estado,Seca,Perfeito estado,Não há placas,60 km/h,Dupla," , AV MARECHAL MASCARENHAS DE MORAES, Recife, Pernambuco, Brasil",-8.0856899,-34.9073777
6502,2019-07-30 15:29:00,SEM VÍTIMA,IMBIRIBEIRA,AV MARECHAL MASCARENHAS DE MORAES, ,288.0,CIDADE,COLISÃO TRASEIRA,2.0,1.0,1.0,1.0,1.0,1.0,1.0,1.0,2.0,0.0,1.0,Longo da via,Chuvoso,Sem defeito,Perfeito estado,Seca,Perfeito estado,Outras,60 km/h,Dupla," , AV MARECHAL MASCARENHAS DE MORAES, Recife, Pernambuco, Brasil",-8.0856899,-34.9073777
631,2019-01-24 19:51:00,SEM VÍTIMA,IMBIRIBEIRA,AV MARECHAL MASCARENHAS DE MORAES, ,288.0,CIDADE,COLISÃO,2.0,1.0,1.0,1.0,1.0,1.0,1.0,1.0,2.0,0.0,1.0,Longo da via,Chuvoso,Sem defeito,Perfeito estado,Seca,Perfeito estado,Outras,60 km/h,Dupla," , AV MARECHAL MASCARENHAS DE MORAES, Recife, Pernambuco, Brasil",-8.0856899,-34.9073777
8459,2019-09-27 14:05:00,SEM VÍTIMA,IMBIRIBEIRA,RUA BARAO DE AGUA BRANCA,316,288.0,SUBURBIO,ABALROAMENTO TRANSVERSAL,2.0,1.0,1.0,1.0,1.0,1.0,1.0,1.0,2.0,0.0,1.0,Cruzamento,Bom,Não existe,Perfeito estado,Seca,Perfeito estado,Placas Pare,40 km/h,Dupla,"316, RUA BARAO DE AGUA BRANCA, Recife, Pernambuco, Brasil",-8.1124101,-34.9047579
6122,2019-07-16 09:27:00,SEM VÍTIMA,IMBIRIBEIRA,AV MARECHAL MASCARENHAS DE MORAES, ,288.0,SUBURBIO,ABALROAMENTO LONGITUDINAL,2.0,1.0,1.0,1.0,1.0,1.0,1.0,1.0,2.0,0.0,1.0,Longo da via,Bom,Não existe,Perfeito estado,Seca,Perfeito estado,R-6a,20 km/h,Única," , AV MARECHAL MASCARENHAS DE MORAES, Recife, Pernambuco, Brasil",-8.0856899,-34.9073777
6119,2019-07-15 22:30:00,SEM VÍTIMA,IMBIRIBEIRA,AV MARECHAL MASCARENHAS DE MORAES, ,288.0,SUBURBIO,CHOQUE VEÍCULO PARADO,2.0,1.0,1.0,1.0,1.0,1.0,1.0,1.0,2.0,0.0,1.0,Longo da via,Bom,Não existe,Perfeito estado,Seca,Perfeito estado,Não há placas,20 km/h,Única," , AV MARECHAL MASCARENHAS DE MORAES, Recife, Pernambuco, Brasil",-8.0856899,-34.9073777
11633,2019-12-18 09:45:00,SEM VÍTIMA,IMBIRIBEIRA,AV MARECHAL MASCARENHAS DE MORAES,3563,288.0,CIDADE,ABALROAMENTO LONGITUDINAL,1.0,1.0,1.0,1.0,1.0,1.0,1.0,1.0,2.0,0.0,1.0,Longo da via,Bom,Sem defeito,Perfeito estado,Seca,Perfeito estado,Outras,60 km/h,Dupla,"3563, AV MARECHAL MASCARENHAS DE MORAES, Recife, Pernambuco, Brasil",-8.116074,-34.9129709
11733,2019-12-20 13:05:00,SEM VÍTIMA,IMBIRIBEIRA,AV MARECHAL MASCARENHAS DE MORAES,2097,534.0,CIDADE,ABALROAMENTO LONGITUDINAL,2.0,1.0,1.0,1.0,1.0,1.0,1.0,1.0,2.0,0.0,1.0,Longo da via,Bom,Sem defeito,Perfeito estado,Seca,Perfeito estado,Outras,60 km/h,Dupla,"2097, AV MARECHAL MASCARENHAS DE MORAES, Recife, Pernambuco, Brasil",-8.1095574,-34.9117292
6103,2019-07-15 14:54:00,SEM VÍTIMA,IMBIRIBEIRA,AV MARECHAL MASCARENHAS DE MORAES, ,625.0,SUBURBIO,COLISÃO TRASEIRA,3.0,1.0,1.0,1.0,1.0,1.0,1.0,1.0,2.0,0.0,1.0,Longo da via,Bom,Sem defeito,Perfeito estado,Seca,Perfeito estado,Não há placas,60 km/h,Única," , AV MARECHAL MASCARENHAS DE MORAES, Recife, Pernambuco, Brasil",-8.0856899,-34.9073777
651,2019-01-25 17:43:00,SEM VÍTIMA,IMBIRIBEIRA,AV MARECHAL MASCARENHAS DE MORAES,2384,625.0,SUBURBIO,COLISÃO TRASEIRA,1.0,2.0,1.0,1.0,1.0,1.0,1.0,1.0,2.0,0.0,1.0,Longo da via,Bom,Sem defeito,Perfeito estado,Seca,Perfeito estado,Não há placas,60 km/h,Dupla,"2384, AV MARECHAL MASCARENHAS DE MORAES, Recife, Pernambuco, Brasil",-8.1054434,-34.911546
8479,2019-09-28 10:40:00,SEM VÍTIMA,IMBIRIBEIRA,AV GENERAL MAC ARTHUR,277,667.0,SUBURBIO,ABALROAMENTO TRANSVERSAL,2.0,2.0,1.0,1.0,1.0,1.0,1.0,1.0,2.0,0.0,1.0,Longo da via,Bom,Sem defeito,Perfeito estado,Seca,Perfeito estado,Não há placas,60 km/h,Única,"277, AV GENERAL MAC ARTHUR, Recife, Pernambuco, Brasil",-8.1092577,-34.9092733
6082,2019-07-14 17:58:00,COM VÍTIMA,IMBIRIBEIRA,RUA ARQUITETO LUIZ NUNES,931,667.0,SUBURBIO,ABALROAMENTO TRANSVERSAL,1.0,2.0,1.0,1.0,1.0,1.0,1.0,1.0,1.0,1.0,1.0,Longo da via,Chuvoso,Não existe,Perfeito estado,Molhada,Perfeito estado,Não há placas,60 km/h,Dupla,"931, RUA ARQUITETO LUIZ NUNES, Recife, Pernambuco, Brasil",-8.0923355,-34.9109169
8278,2019-09-22 16:14:00,SEM VÍTIMA,IMBIRIBEIRA,RUA ITAJAI, ,667.0,CIDADE,ABALROAMENTO TRANSVERSAL,2.0,2.0,1.0,1.0,1.0,1.0,1.0,1.0,1.0,0.0,1.0,Cruzamento,Bom,Não existe,Perfeito estado,Seca,Perfeito estado,Placas Pare,40 km/h,Dupla," , RUA ITAJAI, Recife, Pernambuco, Brasil",-8.1097144,-34.913682
6477,2019-07-29 13:17:00,SEM VÍTIMA,IMBIRIBEIRA,AV MARECHAL MASCARENHAS DE MORAES, ,310.0,SUBURBIO,ABALROAMENTO LONGITUDINAL,1.0,1.0,1.0,1.0,1.0,1.0,1.0,1.0,1.0,0.0,1.0,Longo da via,Bom,Sem defeito,Perfeito estado,Seca,Perfeito estado,Não há placas,40 km/h,Dupla," , AV MARECHAL MASCARENHAS DE MORAES, Recife, Pernambuco, Brasil",-8.0856899,-34.9073777
8483,2019-09-28 12:22:00,COM VÍTIMA,IMBIRIBEIRA,AV MARECHAL MASCARENHAS DE MORAES, ,310.0,SUBURBIO,COLISÃO TRASEIRA,1.0,1.0,1.0,1.0,1.0,1.0,1.0,1.0,1.0,1.0,1.0,Longo da via,Bom,Não existe,Não existente,Seca,Perfeito estado,Não há placas,60 km/h,Única," , AV MARECHAL MASCARENHAS DE MORAES, Recife, Pernambuco, Brasil",-8.0856899,-34.9073777
662,2019-01-26 03:12:00,COM VÍTIMA,IMBIRIBEIRA,RUA PAMPULHA, ,310.0,SUBURBIO,ABALROAMENTO TRANSVERSAL,2.0,1.0,1.0,1.0,1.0,1.0,1.0,1.0,1.0,1.0,1.0,Cruzamento,Bom,Não existe,Ilegível,Seca,Mal iluminada,Placas Pare,60 km/h,Única," , RUA PAMPULHA, Recife, Pernambuco, Brasil",-8.1095773,-34.9144602
8487,2019-09-28 15:00:00,SEM VÍTIMA,IMBIRIBEIRA,RUA JATICY,62,310.0,SUBURBIO,ABALROAMENTO LONGITUDINAL,1.0,1.0,1.0,1.0,1.0,1.0,1.0,1.0,1.0,0.0,1.0,Longo da via,Bom,Não existe,Não existente,Seca,Mal conservada,Não há placas,30 km/h,Dupla,"62, RUA JATICY, Recife, Pernambuco, Brasil",-8.1156735,-34.9118477
6065,2019-07-13 21:44:00,SEM VÍTIMA,IMBIRIBEIRA,RUA IZABEL DE SOUZA, ,450.0,CIDADE,ABALROAMENTO TRANSVERSAL,2.0,1.0,1.0,1.0,1.0,1.0,1.0,1.0,1.0,0.0,1.0,Cruzamento,Chuvoso,Sem defeito,Perfeito estado,Molhada,Perfeito estado,Não há placas,30 km/h,Única," , RUA IZABEL DE SOUZA, Recife, Pernambuco, Brasil",-8.1112378,-34.9132208
8514,2019-09-29 17:35:00,SEM VÍTIMA,IMBIRIBEIRA,RUA IZABEL DE SOUZA,378,450.0,SUBURBIO,COLISÃO TRASEIRA,2.0,1.0,1.0,1.0,1.0,1.0,1.0,1.0,1.0,0.0,1.0,Longo da via,Nublado,Sem defeito,Perfeito estado,Seca,Perfeito estado,Outras,30 km/h,Única,"378, RUA IZABEL DE SOUZA, Recife, Pernambuco, Brasil",-8.109651,-34.9130476
8517,2019-09-29 19:47:00,SEM VÍTIMA,IMBIRIBEIRA,AV MARECHAL MASCARENHAS DE MORAES, ,450.0,SUBURBIO,COLISÃO TRASEIRA,1.0,1.0,1.0,1.0,1.0,1.0,1.0,1.0,1.0,0.0,1.0,Longo da via,Bom,Sem defeito,Perfeito estado,Seca,Perfeito estado,Outras,30 km/h,Dupla," , AV MARECHAL MASCARENHAS DE MORAES, Recife, Pernambuco, Brasil",-8.0856899,-34.9073777
8519,2019-09-29 21:25:00,SEM VÍTIMA,IMBIRIBEIRA,AV MARECHAL MASCARENHAS DE MORAES, ,450.0,CIDADE,ABALROAMENTO TRANSVERSAL,2.0,1.0,1.0,1.0,1.0,1.0,1.0,1.0,1.0,0.0,1.0,Longo da via,Bom,Não existe,Perfeito estado,Seca,Perfeito estado,Outras,60 km/h,Dupla," , AV MARECHAL MASCARENHAS DE MORAES, Recife, Pernambuco, Brasil",-8.0856899,-34.9073777
6001,2019-07-11 18:22:00,SEM VÍTIMA,IMBIRIBEIRA,AV MARECHAL MASCARENHAS DE MORAES, ,310.0,CIDADE,ABALROAMENTO LONGITUDINAL,2.0,1.0,1.0,1.0,1.0,1.0,1.0,1.0,1.0,0.0,1.0,Longo da via,Bom,Sem defeito,Perfeito estado,Seca,Perfeito estado,Outras,60 km/h,Dupla," , AV MARECHAL MASCARENHAS DE MORAES, Recife, Pernambuco, Brasil",-8.0856899,-34.9073777
8538,2019-09-30 13:17:00,SEM VÍTIMA,IMBIRIBEIRA,AV MARECHAL MASCARENHAS DE MORAES, ,310.0,CIDADE,ABALROAMENTO LONGITUDINAL,2.0,1.0,1.0,1.0,1.0,1.0,1.0,1.0,1.0,0.0,1.0,Longo da via,Bom,Não existe,Não existente,Seca,Perfeito estado,Não há placas,60 km/h,Dupla," , AV MARECHAL MASCARENHAS DE MORAES, Recife, Pernambuco, Brasil",-8.0856899,-34.9073777
11600,2019-12-17 11:51:00,SEM VÍTIMA,IMBIRIBEIRA,AV MARECHAL MASCARENHAS DE MORAES, ,310.0,SUBURBIO,COLISÃO TRASEIRA,2.0,1.0,1.0,1.0,1.0,1.0,1.0,1.0,1.0,0.0,1.0,Longo da via,Bom,Não existe,Perfeito estado,Seca,Perfeito estado,Outras,60 km/h,Dupla," , AV MARECHAL MASCARENHAS DE MORAES, Recife, Pernambuco, Brasil",-8.0856899,-34.9073777
8542,2019-09-30 15:27:00,SEM VÍTIMA,IMBIRIBEIRA,AV MARECHAL MASCARENHAS DE MORAES, ,570.0,SUBURBIO,COLISÃO TRASEIRA,2.0,1.0,1.0,1.0,1.0,1.0,1.0,1.0,1.0,0.0,1.0,Longo da via,Bom,Sem defeito,Perfeito estado,Seca,Perfeito estado,Outras,60 km/h,Dupla," , AV MARECHAL MASCARENHAS DE MORAES, Recife, Pernambuco, Brasil",-8.0856899,-34.9073777
5987,2019-07-11 10:25:00,COM VÍTIMA,IMBIRIBEIRA,AV PRESIDENTE DUTRA, ,570.0,SUBURBIO,COLISÃO TRASEIRA,1.0,1.0,1.0,1.0,1.0,1.0,1.0,1.0,1.0,1.0,1.0,Viaduto,Bom,Não existe,Perfeito estado,Seca,Perfeito estado,Não há placas,60 km/h,Dupla," , AV PRESIDENTE DUTRA, Recife, Pernambuco, Brasil",-8.1204452,-34.9191955
5979,2019-07-11 09:16:00,SEM VÍTIMA,IMBIRIBEIRA,AV MARECHAL MASCARENHAS DE MORAES,4561,570.0,SUBURBIO,COLISÃO,1.0,1.0,1.0,1.0,1.0,1.0,2.0,1.0,1.0,0.0,1.0,Viaduto,Bom,Não existe,Perfeito estado,Seca,Perfeito estado,Não há placas,60 km/h,Dupla,"4561, AV MARECHAL MASCARENHAS DE MORAES, Recife, Pernambuco, Brasil",-8.1245094,-34.9145712