,data_hora,natureza_acidente,bairro,endereco,numero,num_semaforo,sentido_via,tipo,auto,moto,ciclom,ciclista,pedestre,onibus,caminhao,viatura,outros,vitimas,vitimasfatais,acidente_verificado,tempo_clima,situacao_semaforo,sinalizacao,condicao_via,conservacao_via,situacao_placa,velocidade_max_via,mao_direcao,end,latitude,longitude
7003,2019-08-14 15:11:00,SEM VÍTIMA,IMBIRIBEIRA,AV MARECHAL MASCARENHAS DE MORAES,2716,532.0,SUBURBIO,ABALROAMENTO LONGITUDINAL,1.0,1.0,1.0,1.0,1.0,1.0,1.0,1.0,1.0,0.0,1.0,Longo da via,Bom,Sem defeito,Perfeito estado,Seca,Perfeito estado,Não há placas,60 km/h,Dupla,"2716, AV MARECHAL MASCARENHAS DE MORAES, Recife, Pernambuco, Brasil",-8.1160453,-34.9135866
1423,2019-02-19 08:21:00,SEM VÍTIMA,IMBIRIBEIRA,AV MARECHAL MASCARENHAS DE MORAES, ,310.0,CIDADE,COLISÃO TRASEIRA,2.0,1.0,1.0,1.0,1.0,1.0,1.0,1.0,1.0,0.0,1.0,Longo da via,Bom,Sem defeito,Perfeito estado,Seca,Perfeito estado,Não há placas,60 km/h,Dupla," , AV MARECHAL MASCARENHAS DE MORAES, Recife, Pernambuco, Brasil",-8.0856899,-34.9073777
1424,2019-02-19 09:07:00,COM VÍTIMA,IMBIRIBEIRA,RUA JOAQUIM BANDEIRA,492,310.0,SUBURBIO,ATROPELAMENTO,1.0,1.0,1.0,1.0,1.0,1.0,1.0,1.0,1.0,1.0,1.0,Longo da via,Bom,Sem defeito,Perfeito estado,Seca,Perfeito estado,Não há placas,60 km/h,Dupla,"492, RUA JOAQUIM BANDEIRA, Recife, Pernambuco, Brasil",-8.1111211,-34.9066751
1428,2019-02-19 12:07:00,SEM VÍTIMA,IMBIRIBEIRA,RUA MURITIBA, ,385.0,SUBURBIO,ABALROAMENTO LONGITUDINAL,2.0,1.0,1.0,1.0,1.0,1.0,1.0,1.0,1.0,0.0,1.0,Longo da via,Bom,Sem defeito,Perfeito estado,Seca,Perfeito estado,Outras,60 km/h,Única," , RUA MURITIBA, Recife, Pernambuco, Brasil",-8.1124785,-34.9128316
1262,2019-02-14 07:04:00,COM VÍTIMA,IMBIRIBEIRA,AV MARECHAL MASCARENHAS DE MORAES, ,286.0,SUBURBIO,ABALROAMENTO TRANSVERSAL,1.0,1.0,1.0,1.0,1.0,1.0,1.0,1.0,1.0,1.0,1.0,Cruzamento,Bom,Sem defeito,Perfeito estado,Seca,Perfeito estado,Não há placas,50 km/h,Dupla," , AV MARECHAL MASCARENHAS DE MORAES, Recife, Pernambuco, Brasil",-8.0856899,-34.9073777
9242,2019-10-18 12:13:00,SEM VÍTIMA,IMBIRIBEIRA,AV SUL,78,286.0,CIDADE,ABALROAMENTO LONGITUDINAL,3.0,1.0,1.0,1.0,1.0,1.0,1.0,1.0,1.0,0.0,1.0,Longo da via,Chuvoso,Não existe,Incompleta,Molhada,Perfeito estado,Não há placas,50 km/h,Dupla,"78, AV SUL, Recife, Pernambuco, Brasil",-8.081145,-34.905034
9164,2019-10-16 11:08:00,SEM VÍTIMA,IMBIRIBEIRA,AV MARECHAL MASCARENHAS DE MORAES, ,534.0,SUBURBIO,COLISÃO TRASEIRA,2.0,1.0,1.0,1.0,1.0,1.0,1.0,1.0,1.0,0.0,1.0,Cruzamento,Bom,Sem defeito,Perfeito estado,Seca,Perfeito estado,R-6a,50 km/h,Dupla," , AV MARECHAL MASCARENHAS DE MORAES, Recife, Pernambuco, Brasil",-8.0856899,-34.9073777
1261,2019-02-13 23:31:00,SEM VÍTIMA,IMBIRIBEIRA,AV MARECHAL MASCARENHAS DE MORAES, ,396.0,SUBURBIO,ABALROAMENTO LONGITUDINAL,2.0,1.0,1.0,1.0,1.0,1.0,1.0,1.0,1.0,0.0,1.0,Longo da via,Chuvoso,Sem defeito,Perfeito estado,Molhada,Perfeito estado,Não há placas,50 km/h,Dupla," , AV MARECHAL MASCARENHAS DE MORAES, Recife, Pernambuco, Brasil",-8.0856899,-34.9073777
11383,2019-12-12 08:19:00,SEM VÍTIMA,IMBIRIBEIRA,AV MARECHAL MASCARENHAS DE MORAES, ,631.0,CIDADE,COLISÃO TRASEIRA,2.0,1.0,1.0,1.0,1.0,1.0,1.0,1.0,1.0,0.0,1.0,Longo da via,Bom,Sem defeito,Perfeito estado,Seca,Perfeito estado,Não há placas,60 km/h,Dupla," , AV MARECHAL MASCARENHAS DE MORAES, Recife, Pernambuco, Brasil",-8.0856899,-34.9073777
1129,2019-02-10 16:07:00,SEM VÍTIMA,IMBIRIBEIRA,AV MARECHAL MASCARENHAS DE MORAES,2555,534.0,CIDADE,COLISÃO TRASEIRA,2.0,1.0,1.0,1.0,1.0,1.0,1.0,1.0,1.0,0.0,1.0,Longo da via,Bom,Sem defeito,Perfeito estado,Seca,Perfeito estado,Outras,60 km/h,Dupla,"2555, AV MARECHAL MASCARENHAS DE MORAES, Recife, Pernambuco, Brasil",-8.110505,-34.9118942
5093,2019-06-11 08:33:00,SEM VÍTIMA,IMBIRIBEIRA,RUA BARAO DE AGUA BRANCA,316,534.0,CIDADE,ABALROAMENTO TRANSVERSAL,1.0,1.0,1.0,1.0,1.0,1.0,1.0,1.0,1.0,0.0,1.0,Cruzamento,Chuvoso,Não existe,Não existente,Molhada,Perfeito estado,Não há placas,60 km/h,Dupla,"316, RUA BARAO DE AGUA BRANCA, Recife, Pernambuco, Brasil",-8.1124101,-34.9047579
5094,2019-06-11 08:55:00,SEM VÍTIMA,IMBIRIBEIRA,RUA DUQUE ESTRADA, ,534.0,CIDADE,COLISÃO,1.0,1.0,1.0,1.0,1.0,1.0,1.0,1.0,1.0,0.0,1.0,Cruzamento,Chuvoso,Não existe,Não existente,Molhada,Perfeito estado,Não há placas,60 km/h,Dupla," , RUA DUQUE ESTRADA, Recife, Pernambuco, Brasil",-8.1124101,-34.9047579
5097,2019-06-11 10:46:00,SEM VÍTIMA,IMBIRIBEIRA,AV MARECHAL MASCARENHAS DE MORAES,1854,288.0,SUBURBIO,ABALROAMENTO LONGITUDINAL,2.0,1.0,1.0,1.0,1.0,1.0,1.0,1.0,1.0,0.0,1.0,Longo da via,Bom,Não existe,Não existente,Seca,Perfeito estado,Não há placas,60 km/h,Dupla,"1854, AV MARECHAL MASCARENHAS DE MORAES, Recife, Pernambuco, Brasil",-8.09880865,-34.910344622654975
1123,2019-02-10 11:44:00,SEM VÍTIMA,IMBIRIBEIRA,AV MARECHAL MASCARENHAS DE MORAES, ,289.0,SUBURBIO,ABALROAMENTO LONGITUDINAL,2.0,1.0,1.0,1.0,1.0,1.0,1.0,1.0,1.0,0.0,1.0,Longo da via,Bom,Sem defeito,Perfeito estado,Seca,Perfeito estado,R-6a,60 km/h,Dupla," , AV MARECHAL MASCARENHAS DE MORAES, Recife, Pernambuco, Brasil",-8.0856899,-34.9073777
4930,2019-06-05 18:03:00,COM VÍTIMA,IMBIRIBEIRA,AV MARECHAL MASCARENHAS DE MORAES, ,631.0,CIDADE,ATROPELAMENTO ANIMAL,2.0,1.0,1.0,1.0,1.0,1.0,1.0,1.0,1.0,1.0,1.0,Longo da via,Bom,Sem defeito,Perfeito estado,Seca,Perfeito estado,R-6a,60 km/h,Dupla," , AV MARECHAL MASCARENHAS DE MORAES, Recife, Pernambuco, Brasil",-8.0856899,-34.9073777
4922,2019-06-05 15:11:00,SEM VÍTIMA,IMBIRIBEIRA,AV MARECHAL MASCARENHAS DE MORAES, ,631.0,CIDADE,COLISÃO TRASEIRA,2.0,1.0,1.0,1.0,1.0,1.0,1.0,1.0,1.0,0.0,1.0,Longo da via,Bom,Não existe,Perfeito estado,Seca,Perfeito estado,Não há placas,60 km/h,Única," , AV MARECHAL MASCARENHAS DE MORAES, Recife, Pernambuco, Brasil",-8.0856899,-34.9073777
9076,2019-10-14 15:04:00,SEM VÍTIMA,IMBIRIBEIRA,AV MARECHAL MASCARENHAS DE MORAES,2837,631.0,CIDADE,ABALROAMENTO LONGITUDINAL,2.0,1.0,1.0,1.0,1.0,1.0,1.0,1.0,1.0,0.0,1.0,Longo da via,Bom,Não existe,Perfeito estado,Seca,Perfeito estado,Não há placas,60 km/h,Dupla,"2837, AV MARECHAL MASCARENHAS DE MORAES, Recife, Pernambuco, Brasil",-8.1070808,-34.9112288
9075,2019-10-14 14:24:00,SEM VÍTIMA,IMBIRIBEIRA,AV MARECHAL MASCARENHAS DE MORAES, ,631.0,CIDADE,COLISÃO TRASEIRA,2.0,1.0,1.0,1.0,1.0,1.0,1.0,1.0,1.0,0.0,1.0,Longo da via,Bom,Sem defeito,Perfeito estado,Seca,Perfeito estado,Não há placas,60 km/h,Única," , AV MARECHAL MASCARENHAS DE MORAES, Recife, Pernambuco, Brasil",-8.0856899,-34.9073777
11851,2019-12-23 18:20:00,SEM VÍTIMA,IMBIRIBEIRA,AV GENERAL MAC ARTHUR,114,631.0,SUBURBIO,ABALROAMENTO LONGITUDINAL,2.0,1.0,1.0,1.0,1.0,1.0,1.0,1.0,1.0,0.0,1.0,Longo da via,Bom,Não existe,Perfeito estado,Seca,Perfeito estado,Não há placas,60 km/h,Única,"114, AV GENERAL MAC ARTHUR, Recife, Pernambuco, Brasil",-8.1093009,-34.9106993
9170,2019-10-16 12:24:00,SEM VÍTIMA,IMBIRIBEIRA,RUA ITACARI, ,631.0,SUBURBIO,ABALROAMENTO TRANSVERSAL,3.0,1.0,1.0,1.0,1.0,1.0,1.0,1.0,1.0,0.0,1.0,Cruzamento,Bom,Não existe,Incompleta,Seca,Mal conservada,Placas Pare,60 km/h,Dupla," , RUA ITACARI, Recife, Pernambuco, Brasil",-8.1088081,-34.911937
5115,2019-06-11 18:24:00,SEM VÍTIMA,IMBIRIBEIRA,RUA ITACARI, ,631.0,SUBURBIO,COLISÃO,2.0,1.0,1.0,1.0,1.0,1.0,1.0,1.0,1.0,0.0,1.0,Cruzamento,Bom,Não existe,Incompleta,Seca,Mal conservada,Placas Pare,60 km/h,Dupla," , RUA ITACARI, Recife, Pernambuco, Brasil",-8.1088081,-34.911937
11855,2019-12-23 19:19:00,COM VÍTIMA,IMBIRIBEIRA,AV MARECHAL MASCARENHAS DE MORAES, ,631.0,SUBURBIO,ABALROAMENTO TRANSVERSAL,2.0,1.0,1.0,1.0,1.0,1.0,1.0,1.0,1.0,2.0,1.0,Outros,Bom,Não existe,Perfeito estado,Seca,Perfeito estado,Não há placas,60 km/h,Única," , AV MARECHAL MASCARENHAS DE MORAES, Recife, Pernambuco, Brasil",-8.0856899,-34.9073777
11332,2019-12-11 08:28:00,COM VÍTIMA,IMBIRIBEIRA,AV MARECHAL MASCARENHAS DE MORAES, ,631.0,SUBURBIO,TOMBAMENTO,2.0,1.0,1.0,1.0,1.0,1.0,1.0,1.0,1.0,1.0,1.0,Longo da via,Bom,Não existe,Perfeito estado,Seca,Perfeito estado,R-6a,60 km/h,Única," , AV MARECHAL MASCARENHAS DE MORAES, Recife, Pernambuco, Brasil",-8.0856899,-34.9073777
11338,2019-12-11 09:49:00,SEM VÍTIMA,IMBIRIBEIRA,AV MARECHAL MASCARENHAS DE MORAES, ,276.0,CIDADE,ABALROAMENTO LONGITUDINAL,1.0,1.0,1.0,1.0,1.0,1.0,1.0,1.0,1.0,0.0,1.0,Longo da via,Bom,Sem defeito,Perfeito estado,Seca,Perfeito estado,R-6a,60 km/h,Dupla," , AV MARECHAL MASCARENHAS DE MORAES, Recife, Pernambuco, Brasil",-8.0856899,-34.9073777
1145,2019-02-11 09:32:00,SEM VÍTIMA,IMBIRIBEIRA,RUA NESTOR MOREIRA,181,276.0,CIDADE,COLISÃO,2.0,1.0,1.0,1.0,1.0,1.0,1.0,1.0,1.0,0.0,1.0,Longo da via,Bom,Sem defeito,Perfeito estado,Seca,Perfeito estado,R-6a,60 km/h,Dupla,"181, RUA NESTOR MOREIRA, Recife, Pernambuco, Brasil",-8.1268726,-34.9135544
4972,2019-06-06 17:56:00,COM VÍTIMA,IMBIRIBEIRA,RUA ITACARI,299,276.0,SUBURBIO,ABALROAMENTO TRANSVERSAL,1.0,1.0,1.0,1.0,1.0,1.0,1.0,1.0,1.0,1.0,1.0,Longo da via,Bom,Não existe,Perfeito estado,Seca,Perfeito estado,Não há placas,60 km/h,Dupla,"299, RUA ITACARI, Recife, Pernambuco, Brasil",-8.1086519,-34.913768
6786,2019-08-08 06:58:00,SEM VÍTIMA,IMBIRIBEIRA,AV MARECHAL MASCARENHAS DE MORAES,4861,276.0,CIDADE,COLISÃO TRASEIRA,1.0,1.0,1.0,1.0,1.0,1.0,1.0,1.0,1.0,0.0,1.0,Longo da via,Chuvoso,Não existe,Perfeito estado,Molhada,Perfeito estado,Não há placas,60 km/h,Dupla,"4861, AV MARECHAL MASCARENHAS DE MORAES, Recife, Pernambuco, Brasil",-8.1277743,-34.9151917
1172,2019-02-11 16:43:00,SEM VÍTIMA,IMBIRIBEIRA,AV MARECHAL MASCARENHAS DE MORAES,4792,276.0,SUBURBIO,ABALROAMENTO TRANSVERSAL,1.0,1.0,1.0,1.0,1.0,1.0,1.0,1.0,1.0,0.0,1.0,Longo da via,Bom,Sem defeito,Perfeito estado,Seca,Perfeito estado,Outras,60 km/h,Dupla,"4792, AV MARECHAL MASCARENHAS DE MORAES, Recife, Pernambuco, Brasil",-8.1263195,-34.915518
4999,2019-06-07 14:01:00,SEM VÍTIMA,IMBIRIBEIRA,AV DOM JOAO VI, ,276.0,SUBURBIO,COLISÃO TRASEIRA,2.0,1.0,1.0,1.0,1.0,1.0,1.0,1.0,1.0,0.0,1.0,Longo da via,Bom,Não existe,Perfeito estado,Seca,Perfeito estado,Não há placas,60 km/h,Única," , AV DOM JOAO VI, Recife, Pernambuco, Brasil",-8.1181195,-34.9061879
5013,2019-06-07 18:27:00,SEM VÍTIMA,IMBIRIBEIRA,RUA JAMAICA,134,276.0,SUBURBIO,ABALROAMENTO TRANSVERSAL,2.0,1.0,1.0,1.0,1.0,1.0,1.0,1.0,1.0,0.0,1.0,Cruzamento,Bom,Não existe,Perfeito estado,Seca,Mal iluminada,Placas Pare,60 km/h,Única,"134, RUA JAMAICA, Recife, Pernambuco, Brasil",-8.1072937,-34.91342
338,2019-01-13 20:10:00,COM VÍTIMA,IMBIRIBEIRA,AV MARECHAL MASCARENHAS DE MORAES, ,225.0,SUBURBIO,COLISÃO COM CICLISTA,1.0,1.0,1.0,1.0,1.0,1.0,1.0,1.0,1.0,2.0,1.0,Cruzamento,Bom,Sem defeito,Perfeito estado,Seca,Perfeito estado,R-6a,60 km/h,Dupla," , AV MARECHAL MASCARENHAS DE MORAES, Recife, Pernambuco, Brasil",-8.0856899,-34.9073777
4995,2019-06-07 12:29:00,COM VÍTIMA,IMBIRIBEIRA,AV MARECHAL MASCARENHAS DE MORAES,5001,225.0,CIDADE,COLISÃO TRASEIRA,1.0,1.0,1.0,1.0,1.0,1.0,1.0,1.0,1.0,1.0,1.0,Longo da via,Bom,Não existe,Perfeito estado,Seca,Perfeito estado,R-6a,60 km/h,Dupla,"5001, AV MARECHAL MASCARENHAS DE MORAES, Recife, Pernambuco, Brasil",-8.1239739,-34.9146964
8082,2019-09-17 06:27:00,SEM VÍTIMA,IMBIRIBEIRA,AV MARECHAL MASCARENHAS DE MORAES,4631,471.0,CIDADE,COLISÃO,2.0,1.0,1.0,1.0,1.0,1.0,1.0,1.0,1.0,0.0,1.0,Longo da via,Bom,Não existe,Perfeito estado,Seca,Perfeito estado,R-6a,60 km/h,Dupla,"4631, AV MARECHAL MASCARENHAS DE MORAES, Recife, Pernambuco, Brasil",-8.12500925,-34.913709882886124
4987,2019-06-07 10:02:00,SEM VÍTIMA,IMBIRIBEIRA,VIADUTO TANCREDO NEVES, ,471.0,CIDADE,COLISÃO,1.0,1.0,1.0,1.0,1.0,1.0,1.0,1.0,1.0,0.0,1.0,Longo da via,Bom,Não existe,Perfeito estado,Seca,Perfeito estado,R-6a,60 km/h,Dupla," , VIADUTO TANCREDO NEVES, Recife, Pernambuco, Brasil",-8.1229911,-34.9136711
6832,2019-08-09 08:19:00,SEM VÍTIMA,IMBIRIBEIRA,RUA JACI,122,471.0,SUBURBIO,ABALROAMENTO LONGITUDINAL,1.0,1.0,1.0,1.0,1.0,1.0,1.0,1.0,1.0,0.0,1.0,Cruzamento,Bom,Não existe,Ilegível,Seca,Mal conservada,Placas Pare,60 km/h,Única,"122, RUA JACI, Recife, Pernambuco, Brasil",-8.0421391,-34.8785105
4986,2019-06-07 09:56:00,SEM VÍTIMA,IMBIRIBEIRA,AV MARECHAL MASCARENHAS DE MORAES,2725,631.0,CIDADE,COLISÃO,1.0,1.0,1.0,1.0,1.0,1.0,1.0,1.0,1.0,0.0,1.0,Cruzamento,Bom,Não existe,Ilegível,Seca,Mal conservada,Placas Pare,60 km/h,Única,"2725, AV MARECHAL MASCARENHAS DE MORAES, Recife, Pernambuco, Brasil",-8.1045325,-34.9105077149721
8083,2019-09-17 06:52:00,COM VÍTIMA,IMBIRIBEIRA,AV MARECHAL MASCARENHAS DE MORAES,4745,631.0,CIDADE,COLISÃO,1.0,1.0,1.0,1.0,1.0,1.0,1.0,1.0,1.0,1.0,1.0,Longo da via,Bom,Não existe,Perfeito estado,Seca,Perfeito estado,Outras,60 km/h,Dupla,"4745, AV MARECHAL MASCARENHAS DE MORAES, Recife, Pernambuco, Brasil",-8.1258453,-34.9149246
11345,2019-12-11 11:42:00,SEM VÍTIMA,IMBIRIBEIRA,AV SUL,268,631.0,CIDADE,ABALROAMENTO LONGITUDINAL,2.0,1.0,1.0,1.0,1.0,1.0,1.0,1.0,1.0,0.0,1.0,Cruzamento,Bom,Não existe,Incompleta,Seca,Perfeito estado,Não há placas,60 km/h,Única,"268, AV SUL, Recife, Pernambuco, Brasil",-8.081145,-34.905034
1153,2019-02-11 11:31:00,COM VÍTIMA,IMBIRIBEIRA,AV MARECHAL MASCARENHAS DE MORAES,4080,310.0,SUBURBIO,ABALROAMENTO LONGITUDINAL,1.0,1.0,1.0,1.0,1.0,1.0,1.0,1.0,1.0,1.0,1.0,Longo da via,Bom,Sem defeito,Perfeito estado,Seca,Perfeito estado,Não há placas,60 km/h,Única,"4080, AV MARECHAL MASCARENHAS DE MORAES, Recife, Pernambuco, Brasil",-8.1197426,-34.9143867
5033,2019-06-08 14:01:00,COM VÍTIMA,IMBIRIBEIRA,AV MARECHAL MASCARENHAS DE MORAES,4080,310.0,SUBURBIO,ABALROAMENTO TRANSVERSAL,1.0,2.0,1.0,1.0,1.0,1.0,1.0,1.0,1.0,2.0,1.0,Longo da via,Bom,Sem defeito,Perfeito estado,Seca,Perfeito estado,Não há placas,60 km/h,Dupla,"4080, AV MARECHAL MASCARENHAS DE MORAES, Recife, Pernambuco, Brasil",-8.1197426,-34.9143867
5037,2019-06-08 17:45:00,SEM VÍTIMA,IMBIRIBEIRA,AV MARECHAL MASCARENHAS DE MORAES, ,310.0,SUBURBIO,ABALROAMENTO LONGITUDINAL,2.0,2.0,1.0,1.0,1.0,1.0,1.0,1.0,1.0,0.0,1.0,Longo da via,Bom,Não existe,Perfeito estado,Seca,Perfeito estado,Não há placas,60 km/h,Dupla," , AV MARECHAL MASCARENHAS DE MORAES, Recife, Pernambuco, Brasil",-8.0856899,-34.9073777
1150,2019-02-11 10:52:00,SEM VÍTIMA,IMBIRIBEIRA,RUA ANTONIO PAES BARRETO,620,310.0,SUBURBIO,ABALROAMENTO LONGITUDINAL,1.0,2.0,1.0,1.0,1.0,1.0,1.0,1.0,1.0,0.0,1.0,Cruzamento,Bom,Não existe,Não existente,Seca,Mal conservada,Não há placas,60 km/h,Dupla,"620, RUA ANTONIO PAES BARRETO, Recife, Pernambuco, Brasil",-8.1136077,-34.9077056
8088,2019-09-17 08:20:00,COM VÍTIMA,IMBIRIBEIRA,AV MARECHAL MASCARENHAS DE MORAES,5109,310.0,SUBURBIO,COLISÃO COM CICLISTA,1.0,1.0,1.0,1.0,1.0,1.0,1.0,1.0,1.0,1.0,1.0,Longo da via,Bom,Sem defeito,Perfeito estado,Seca,Perfeito estado,Não há placas,60 km/h,Dupla,"5109, AV MARECHAL MASCARENHAS DE MORAES, Recife, Pernambuco, Brasil",-8.1239739,-34.9146964
11361,2019-12-11 15:44:00,SEM VÍTIMA,IMBIRIBEIRA,AV MARECHAL MASCARENHAS DE MORAES, ,288.0,CIDADE,ABALROAMENTO TRANSVERSAL,1.0,1.0,1.0,1.0,1.0,1.0,1.0,1.0,1.0,0.0,1.0,Longo da via,Bom,Sem defeito,Perfeito estado,Seca,Perfeito estado,Outras,60 km/h,Dupla," , AV MARECHAL MASCARENHAS DE MORAES, Recife, Pernambuco, Brasil",-8.0856899,-34.9073777
11392,2019-12-12 10:45:00,COM VÍTIMA,IMBIRIBEIRA,PRC MINISTRO SALGADO FILHO, ,288.0,SUBURBIO,ABALROAMENTO LONGITUDINAL,1.0,1.0,1.0,1.0,1.0,1.0,1.0,1.0,1.0,2.0,1.0,Longo da via,Bom,Não existe,Perfeito estado,Seca,Perfeito estado,Não há placas,40 km/h,Única," , PRC MINISTRO SALGADO FILHO, Recife, Pernambuco, Brasil",-8.0856899,-34.9073777
9073,2019-10-14 13:41:00,COM VÍTIMA,IMBIRIBEIRA,AV GENERAL MAC ARTHUR,475,402.0,SUBURBIO,COLISÃO COM CICLISTA,1.0,1.0,1.0,1.0,1.0,1.0,1.0,1.0,1.0,1.0,1.0,Cruzamento,Bom,Sem defeito,Perfeito estado,Seca,Perfeito estado,Outras,40 km/h,Única,"475, AV GENERAL MAC ARTHUR, Recife, Pernambuco, Brasil",-8.109827,-34.9079005
5136,2019-06-12 10:58:00,SEM VÍTIMA,IMBIRIBEIRA,AV MARECHAL MASCARENHAS DE MORAES, ,402.0,CIDADE,COLISÃO TRASEIRA,3.0,1.0,1.0,1.0,1.0,1.0,1.0,1.0,1.0,0.0,1.0,Longo da via,Bom,Não existe,Perfeito estado,Seca,Perfeito estado,Não há placas,60 km/h,Dupla," , AV MARECHAL MASCARENHAS DE MORAES, Recife, Pernambuco, Brasil",-8.0856899,-34.9073777
6758,2019-08-07 08:08:00,SEM VÍTIMA,IMBIRIBEIRA,AV MARECHAL MASCARENHAS DE MORAES, ,625.0,SUBURBIO,COLISÃO TRASEIRA,1.0,1.0,1.0,1.0,1.0,1.0,1.0,1.0,1.0,0.0,1.0,Longo da via,Nublado,Sem defeito,Perfeito estado,Seca,Perfeito estado,Placas Pare,60 km/h,Dupla," , AV MARECHAL MASCARENHAS DE MORAES, Recife, Pernambuco, Brasil",-8.0856899,-34.9073777
316,2019-01-12 14:33:00,COM VÍTIMA,IMBIRIBEIRA,AV MARECHAL MASCARENHAS DE MORAES, ,286.0,CIDADE,ABALROAMENTO LONGITUDINAL,1.0,1.0,1.0,1.0,1.0,1.0,1.0,1.0,1.0,1.0,1.0,Longo da via,Chuvoso,Sem defeito,Perfeito estado,Molhada,Perfeito estado,Não há placas,60 km/h,Dupla," , AV MARECHAL MASCARENHAS DE MORAES, Recife, Pernambuco, Brasil",-8.0856899,-34.9073777
9215,2019-10-17 19:20:00,COM VÍTIMA,IMBIRIBEIRA,VIADUTO TANCREDO NEVES, ,286.0,BOA VIAGEM,COLISÃO COM CICLISTA,1.0,1.0,1.0,1.0,1.0,1.0,1.0,1.0,1.0,2.0,1.0,Viaduto,Bom,Não existe,Perfeito estado,Seca,Perfeito estado,Não há placas,60 km/h,Dupla," , VIADUTO TANCREDO NEVES, Recife, Pernambuco, Brasil",-8.1229911,-34.9136711
8062,2019-09-16 15:02:00,SEM VÍTIMA,IMBIRIBEIRA,RUA BARAO DE AGUA BRANCA, ,286.0,BOA VIAGEM,ABALROAMENTO LONGITUDINAL,2.0,1.0,1.0,1.0,1.0,1.0,1.0,1.0,1.0,0.0,1.0,Cruzamento,Bom,Não existe,Não existente,Seca,Perfeito estado,Não há placas,60 km/h,Única," , RUA BARAO DE AGUA BRANCA, Recife, Pernambuco, Brasil",-8.1124101,-34.9047579
5173,2019-06-13 06:25:00,COM VÍTIMA,IMBIRIBEIRA,AV MARECHAL MASCARENHAS DE MORAES,6133,286.0,CIDADE,COLISÃO,1.0,1.0,1.0,1.0,1.0,1.0,1.0,1.0,1.0,2.0,1.0,Cruzamento,Bom,Não existe,Não existente,Seca,Perfeito estado,Não há placas,60 km/h,Única,"6133, AV MARECHAL MASCARENHAS DE MORAES, Recife, Pernambuco, Brasil",-8.137328,-34.9164942
9223,2019-10-17 22:22:00,SEM VÍTIMA,IMBIRIBEIRA,AV MARECHAL MASCARENHAS DE MORAES, ,286.0,SUBURBIO,COLISÃO TRASEIRA,1.0,1.0,1.0,1.0,1.0,1.0,1.0,1.0,1.0,0.0,1.0,Longo da via,Bom,Não existe,Perfeito estado,Seca,Perfeito estado,R-6a,60 km/h,Dupla," , AV MARECHAL MASCARENHAS DE MORAES, Recife, Pernambuco, Brasil",-8.0856899,-34.9073777
4828,2019-06-03 14:53:00,SEM VÍTIMA,IMBIRIBEIRA,AV MARECHAL MASCARENHAS DE MORAES,2555,286.0,SUBURBIO,ABALROAMENTO LONGITUDINAL,2.0,1.0,1.0,1.0,1.0,1.0,1.0,1.0,1.0,0.0,1.0,Longo da via,Bom,Sem defeito,Perfeito estado,Seca,Perfeito estado,Não há placas,60 km/h,Dupla,"2555, AV MARECHAL MASCARENHAS DE MORAES, Recife, Pernambuco, Brasil",-8.110505,-34.9118942
5170,2019-06-13 00:09:00,SEM VÍTIMA,IMBIRIBEIRA,AV MARECHAL MASCARENHAS DE MORAES, ,218.0,CIDADE,COLISÃO TRASEIRA,2.0,1.0,1.0,1.0,1.0,1.0,1.0,1.0,1.0,0.0,1.0,Longo da via,Chuvoso,Sem defeito,Perfeito estado,Molhada,Perfeito estado,R-6a,60 km/h,Única," , AV MARECHAL MASCARENHAS DE MORAES, Recife, Pernambuco, Brasil",-8.0856899,-34.9073777
4818,2019-06-03 07:44:00,SEM VÍTIMA,IMBIRIBEIRA,RUA JAMAICA, ,218.0,CIDADE,COLISÃO,2.0,1.0,1.0,1.0,1.0,1.0,1.0,1.0,1.0,0.0,1.0,Longo da via,Chuvoso,Sem defeito,Perfeito estado,Molhada,Perfeito estado,R-6a,60 km/h,Única," , RUA JAMAICA, Recife, Pernambuco, Brasil",-8.1072937,-34.91342
5180,2019-06-13 14:28:00,SEM VÍTIMA,IMBIRIBEIRA,AV MARECHAL MASCARENHAS DE MORAES, ,218.0,CIDADE,COLISÃO,1.0,1.0,1.0,1.0,1.0,1.0,1.0,1.0,1.0,0.0,1.0,Longo da via,Chuvoso,Sem defeito,Perfeito estado,Molhada,Perfeito estado,R-6a,60 km/h,Única," , AV MARECHAL MASCARENHAS DE MORAES, Recife, Pernambuco, Brasil",-8.0856899,-34.9073777
5181,2019-06-13 14:48:00,COM VÍTIMA,IMBIRIBEIRA,AV MARECHAL MASCARENHAS DE MORAES,7935,218.0,CIDADE,ABALROAMENTO TRANSVERSAL,1.0,1.0,1.0,1.0,1.0,1.0,1.0,1.0,1.0,1.0,1.0,Longo da via,Chuvoso,Não existe,Não existente,Molhada,Perfeito estado,Não há placas,60 km/h,Dupla,"7935, AV MARECHAL MASCARENHAS DE MORAES, Recife, Pernambuco, Brasil",-8.1405317,-34.9171719