,data_hora,natureza_acidente,bairro,endereco,numero,num_semaforo,sentido_via,tipo,auto,moto,ciclom,ciclista,pedestre,onibus,caminhao,viatura,outros,vitimas,vitimasfatais,acidente_verificado,tempo_clima,situacao_semaforo,sinalizacao,condicao_via,conservacao_via,situacao_placa,velocidade_max_via,mao_direcao,end,latitude,longitude
6753,2019-08-06 23:11:00,COM VÍTIMA,IMBIRIBEIRA,AV MARECHAL MASCARENHAS DE MORAES,4524,218.0,CIDADE,COLISÃO,1.0,1.0,1.0,1.0,1.0,1.0,1.0,1.0,1.0,1.0,1.0,Longo da via,Chuvoso,Não existe,Não existente,Molhada,Perfeito estado,Não há placas,60 km/h,Dupla,"4524, AV MARECHAL MASCARENHAS DE MORAES, Recife, Pernambuco, Brasil",-8.1248675,-34.9152667
1250,2019-02-13 15:39:00,SEM VÍTIMA,IMBIRIBEIRA,AV MARECHAL MASCARENHAS DE MORAES, ,218.0,CIDADE,ABALROAMENTO LONGITUDINAL,1.0,1.0,1.0,1.0,1.0,1.0,1.0,1.0,1.0,0.0,1.0,Longo da via,Chuvoso,Não existe,Perfeito estado,Molhada,Mal conservada,Não há placas,60 km/h,Dupla," , AV MARECHAL MASCARENHAS DE MORAES, Recife, Pernambuco, Brasil",-8.0856899,-34.9073777
4811,2019-06-02 19:25:00,COM VÍTIMA,IMBIRIBEIRA,RUA ARQUITETO LUIZ NUNES, ,218.0,CIDADE,COLISÃO,1.0,1.0,1.0,1.0,1.0,1.0,1.0,1.0,1.0,1.0,1.0,Cruzamento,Bom,Sem defeito,Incompleta,Seca,Mal iluminada,Outras,60 km/h,Dupla," , RUA ARQUITETO LUIZ NUNES, Recife, Pernambuco, Brasil",-8.0947284,-34.9115405
1258,2019-02-13 22:22:00,COM VÍTIMA,IMBIRIBEIRA,AV MARECHAL MASCARENHAS DE MORAES,2350,218.0,SUBURBIO,ATROPELAMENTO,1.0,1.0,1.0,1.0,1.0,1.0,1.0,1.0,1.0,1.0,1.0,Longo da via,Chuvoso,Sem defeito,Perfeito estado,Molhada,Perfeito estado,R-6a,60 km/h,Dupla,"2350, AV MARECHAL MASCARENHAS DE MORAES, Recife, Pernambuco, Brasil",-8.1239739,-34.9146964
1259,2019-02-13 22:27:00,SEM VÍTIMA,IMBIRIBEIRA,RUA GENERAL GOES MONTEIRO, ,218.0,SUBURBIO,ABALROAMENTO TRANSVERSAL,2.0,1.0,1.0,1.0,1.0,1.0,1.0,1.0,1.0,0.0,1.0,Cruzamento,Chuvoso,Não existe,Perfeito estado,Molhada,Perfeito estado,Placas Pare,60 km/h,Dupla," , RUA GENERAL GOES MONTEIRO, Recife, Pernambuco, Brasil",-8.0930782,-34.9097543
6858,2019-08-09 15:28:00,COM VÍTIMA,IMBIRIBEIRA,AV GENERAL MAC ARTHUR,100,218.0,SUBURBIO,ABALROAMENTO LONGITUDINAL,1.0,1.0,1.0,1.0,1.0,1.0,1.0,1.0,1.0,1.0,1.0,Longo da via,Bom,Não existe,Não existente,Seca,Perfeito estado,Não há placas,40 km/h,Única,"100, AV GENERAL MAC ARTHUR, Recife, Pernambuco, Brasil",-8.1092473,-34.9109797
4847,2019-06-04 06:56:00,SEM VÍTIMA,IMBIRIBEIRA,AV MARECHAL MASCARENHAS DE MORAES,2967,218.0,CIDADE,COLISÃO TRASEIRA,2.0,1.0,1.0,1.0,1.0,1.0,1.0,1.0,1.0,0.0,1.0,Longo da via,Bom,Não existe,Perfeito estado,Seca,Perfeito estado,Não há placas,60 km/h,Dupla,"2967, AV MARECHAL MASCARENHAS DE MORAES, Recife, Pernambuco, Brasil",-8.1121317,-34.9121132
1097,2019-02-09 01:39:00,SEM VÍTIMA,IMBIRIBEIRA,AV MARECHAL MASCARENHAS DE MORAES, ,218.0,CIDADE,COLISÃO TRASEIRA,2.0,1.0,1.0,1.0,1.0,1.0,1.0,1.0,1.0,0.0,1.0,Longo da via,Bom,Sem defeito,Perfeito estado,Seca,Perfeito estado,Não há placas,60 km/h,Dupla," , AV MARECHAL MASCARENHAS DE MORAES, Recife, Pernambuco, Brasil",-8.0856899,-34.9073777
9200,2019-10-17 12:32:00,COM VÍTIMA,IMBIRIBEIRA,AV MARECHAL MASCARENHAS DE MORAES, ,534.0,BOA VIAGEM,ACID. DE PERCURSO,2.0,1.0,1.0,1.0,1.0,1.0,1.0,1.0,1.0,1.0,1.0,Longo da via,Bom,Sem defeito,Perfeito estado,Seca,Perfeito estado,Não há placas,60 km/h,Dupla," , AV MARECHAL MASCARENHAS DE MORAES, Recife, Pernambuco, Brasil",-8.0856899,-34.9073777
11397,2019-12-12 12:04:00,SEM VÍTIMA,IMBIRIBEIRA,AV GENERAL MAC ARTHUR, ,534.0,SUBURBIO,ABALROAMENTO LONGITUDINAL,1.0,1.0,1.0,1.0,1.0,1.0,1.0,1.0,1.0,0.0,1.0,Cruzamento,Bom,Não existe,Perfeito estado,Seca,Perfeito estado,Placas Pare,60 km/h,Única," , AV GENERAL MAC ARTHUR, Recife, Pernambuco, Brasil",-8.1092078,-34.9104272
5165,2019-06-12 19:18:00,COM VÍTIMA,IMBIRIBEIRA,RUA GONCALVES DE MAGALHAES,196,534.0,SUBURBIO,COLISÃO TRASEIRA,2.0,1.0,1.0,1.0,1.0,1.0,1.0,1.0,1.0,2.0,1.0,Longo da via,Chuvoso,Não existe,Não existente,Molhada,Mal conservada,Não há placas,60 km/h,Dupla,"196, RUA GONCALVES DE MAGALHAES, Recife, Pernambuco, Brasil",-8.1184143,-34.9173369
9210,2019-10-17 17:40:00,SEM VÍTIMA,IMBIRIBEIRA,RUA ITACARE, ,534.0,SUBURBIO,ABALROAMENTO TRANSVERSAL,2.0,1.0,1.0,1.0,1.0,1.0,1.0,1.0,1.0,0.0,1.0,Cruzamento,Bom,Não existe,Não existente,Seca,Perfeito estado,Não há placas,40 km/h,Dupla," , RUA ITACARE, Recife, Pernambuco, Brasil",-8.111381,-34.9124732
317,2019-01-12 15:03:00,SEM VÍTIMA,IMBIRIBEIRA,RUA BARAO DE AGUA BRANCA, ,534.0,SUBURBIO,ABALROAMENTO TRANSVERSAL,2.0,1.0,1.0,1.0,1.0,1.0,1.0,1.0,1.0,0.0,1.0,Cruzamento,Bom,Não existe,Não existente,Molhada,Perfeito estado,Não há placas,40 km/h,Dupla," , RUA BARAO DE AGUA BRANCA, Recife, Pernambuco, Brasil",-8.1124101,-34.9047579
11323,2019-12-10 19:32:00,COM VÍTIMA,IMBIRIBEIRA,RUA ITACARI,130,534.0,SUBURBIO,ABALROAMENTO TRANSVERSAL,1.0,1.0,1.0,1.0,1.0,1.0,1.0,1.0,1.0,2.0,1.0,Cruzamento,Bom,Não existe,Perfeito estado,Seca,Perfeito estado,Não há placas,40 km/h,Única,"130, RUA ITACARI, Recife, Pernambuco, Brasil",-8.1088081,-34.911937
4908,2019-06-05 10:48:00,SEM VÍTIMA,IMBIRIBEIRA,AV MARECHAL MASCARENHAS DE MORAES,7935,626.0,CIDADE,COLISÃO TRASEIRA,2.0,1.0,1.0,1.0,1.0,1.0,1.0,1.0,1.0,0.0,1.0,Longo da via,Bom,Sem defeito,Perfeito estado,Seca,Perfeito estado,Não há placas,60 km/h,Dupla,"7935, AV MARECHAL MASCARENHAS DE MORAES, Recife, Pernambuco, Brasil",-8.1405317,-34.9171719
4888,2019-06-04 18:14:00,SEM VÍTIMA,IMBIRIBEIRA,AV MARECHAL MASCARENHAS DE MORAES, ,471.0,CIDADE,ABALROAMENTO LONGITUDINAL,1.0,1.0,1.0,1.0,1.0,1.0,1.0,1.0,1.0,0.0,1.0,Longo da via,Bom,Sem defeito,Perfeito estado,Seca,Perfeito estado,Não há placas,60 km/h,Dupla," , AV MARECHAL MASCARENHAS DE MORAES, Recife, Pernambuco, Brasil",-8.0856899,-34.9073777
9640,2019-10-30 08:54:00,SEM VÍTIMA,IPSEP,AV RECIFE, ,471.0,SUBURBIO,ABALROAMENTO LONGITUDINAL,1.0,1.0,1.0,1.0,1.0,1.0,1.0,1.0,1.0,0.0,1.0,Longo da via,Bom,Não existe,Perfeito estado,Seca,Perfeito estado,Placas Pare,60 km/h,Dupla," , AV RECIFE, Recife, Pernambuco, Brasil",-8.1160254,-34.923929
9475,2019-10-25 13:21:00,SEM VÍTIMA,IPSEP,AV RECIFE, ,471.0,SUBURBIO,COLISÃO,2.0,1.0,1.0,1.0,1.0,1.0,1.0,1.0,1.0,0.0,1.0,Longo da via,Bom,Não existe,Perfeito estado,Seca,Perfeito estado,Placas Pare,60 km/h,Dupla," , AV RECIFE, Recife, Pernambuco, Brasil",-8.1160254,-34.923929
10129,2019-11-11 18:22:00,SEM VÍTIMA,IPSEP,RUA ITACARI,130,471.0,SUBURBIO,ABALROAMENTO TRANSVERSAL,2.0,1.0,1.0,1.0,1.0,1.0,1.0,1.0,1.0,0.0,1.0,Cruzamento,Bom,Não existe,Não existente,Seca,Perfeito estado,Não há placas,60 km/h,Única,"130, RUA ITACARI, Recife, Pernambuco, Brasil",-8.1088081,-34.911937
8932,2019-10-10 09:53:00,SEM VÍTIMA,IPSEP,RUA ADERBAL DE MELO,135,471.0,SUBURBIO,ABALROAMENTO TRANSVERSAL,2.0,1.0,1.0,1.0,1.0,1.0,1.0,1.0,1.0,0.0,1.0,Cruzamento,Bom,Não existe,Não existente,Seca,Perfeito estado,Placas Pare,60 km/h,Única,"135, RUA ADERBAL DE MELO, Recife, Pernambuco, Brasil",-8.1090583,-34.9256593
9460,2019-10-25 08:20:00,SEM VÍTIMA,IPSEP,RUA ALDEMAR DE OLIVEIRA, ,471.0,CIDADE,ABALROAMENTO LONGITUDINAL,1.0,1.0,1.0,1.0,1.0,1.0,1.0,1.0,1.0,0.0,1.0,Cruzamento,Bom,Não existe,Não existente,Seca,Perfeito estado,Não há placas,60 km/h,Dupla," , RUA ALDEMAR DE OLIVEIRA, Recife, Pernambuco, Brasil",-8.1048311,-34.9261098
11969,2019-12-27 14:32:00,SEM VÍTIMA,IPSEP,RUA ALEXANDRE ALMEIDA,93,471.0,CIDADE,COLISÃO,1.0,1.0,1.0,1.0,1.0,1.0,1.0,1.0,1.0,0.0,1.0,Cruzamento,Bom,Não existe,Não existente,Seca,Perfeito estado,Não há placas,60 km/h,Dupla,"93, RUA ALEXANDRE ALMEIDA, Recife, Pernambuco, Brasil",-8.1180131,-34.9214267
10186,2019-11-13 09:02:00,SEM VÍTIMA,IPSEP,AV RECIFE,2996,212.0,CIDADE,COLISÃO TRASEIRA,3.0,1.0,1.0,1.0,1.0,1.0,1.0,1.0,1.0,0.0,1.0,Longo da via,Bom,Sem defeito,Perfeito estado,Seca,Perfeito estado,R-6a,60 km/h,Dupla,"2996, AV RECIFE, Recife, Pernambuco, Brasil",-8.1044707,-34.9274224
9068,2019-10-14 12:04:00,SEM VÍTIMA,IPSEP,AV DOM HELDER CAMARA, ,55.0,CIDADE,ABALROAMENTO LONGITUDINAL,1.0,1.0,1.0,1.0,1.0,1.0,1.0,1.0,1.0,0.0,1.0,Longo da via,Bom,Sem defeito,Ilegível,Seca,Perfeito estado,Não há placas,60 km/h,Única," , AV DOM HELDER CAMARA, Recife, Pernambuco, Brasil",-8.1079672,-34.9270139
8920,2019-10-09 21:31:00,SEM VÍTIMA,IPSEP,AV RECIFE, ,55.0,SUBURBIO,COLISÃO,1.0,1.0,1.0,1.0,1.0,1.0,1.0,1.0,1.0,0.0,1.0,Longo da via,Bom,Sem defeito,Ilegível,Seca,Perfeito estado,Não há placas,60 km/h,Única," , AV RECIFE, Recife, Pernambuco, Brasil",-8.1160254,-34.923929
8081,2019-09-16 22:00:00,COM VÍTIMA,IPSEP,AV RECIFE,3321,247.0,CIDADE,ABALROAMENTO TRANSVERSAL,1.0,1.0,1.0,1.0,1.0,1.0,1.0,1.0,1.0,1.0,1.0,Cruzamento,Bom,Sem defeito,Ilegível,Seca,Mal iluminada,Não há placas,60 km/h,Dupla,"3321, AV RECIFE, Recife, Pernambuco, Brasil",-8.1162317,-34.9234506139306
7614,2019-09-03 09:26:00,SEM VÍTIMA,IPSEP,RUA JEAN EMILE FAVRE,1636,135.0,SUBURBIO,COLISÃO TRASEIRA,2.0,1.0,1.0,1.0,1.0,1.0,1.0,1.0,1.0,0.0,1.0,Longo da via,Bom,Sem defeito,Perfeito estado,Seca,Perfeito estado,Outras,60 km/h,Dupla,"1636, RUA JEAN EMILE FAVRE, Recife, Pernambuco, Brasil",-8.1142026,-34.9234695
11635,2019-12-18 10:22:00,SEM VÍTIMA,IPSEP,RUA ITAJAI,162,135.0,SUBURBIO,COLISÃO,2.0,1.0,1.0,1.0,1.0,1.0,1.0,1.0,1.0,0.0,1.0,Longo da via,Bom,Sem defeito,Perfeito estado,Seca,Perfeito estado,Outras,60 km/h,Dupla,"162, RUA ITAJAI, Recife, Pernambuco, Brasil",-8.1075886,-34.9134428
10117,2019-11-11 16:08:00,SEM VÍTIMA,IPSEP,RUA JEAN EMILE FAVRE,1612,135.0,SUBURBIO,COLISÃO,1.0,1.0,1.0,1.0,1.0,1.0,1.0,1.0,1.0,0.0,1.0,Longo da via,Bom,Sem defeito,Perfeito estado,Seca,Perfeito estado,Outras,60 km/h,Dupla,"1612, RUA JEAN EMILE FAVRE, Recife, Pernambuco, Brasil",-8.1140636,-34.9233081
10915,2019-12-02 13:53:00,SEM VÍTIMA,IPSEP,RUA JEAN EMILE FAVRE,1200,527.0,SUBURBIO,COLISÃO,2.0,1.0,1.0,1.0,1.0,1.0,1.0,1.0,1.0,0.0,1.0,Longo da via,Bom,Sem defeito,Perfeito estado,Seca,Perfeito estado,Outras,60 km/h,Dupla,"1200, RUA JEAN EMILE FAVRE, Recife, Pernambuco, Brasil",-8.1113889,-34.9202671
11163,2019-12-06 21:38:00,COM VÍTIMA,IPSEP,RUA ITACARI, ,527.0,SUBURBIO,ABALROAMENTO TRANSVERSAL,2.0,1.0,1.0,1.0,1.0,1.0,1.0,1.0,1.0,1.0,1.0,Cruzamento,Bom,Não existe,Perfeito estado,Seca,Perfeito estado,Não há placas,60 km/h,Única," , RUA ITACARI, Recife, Pernambuco, Brasil",-8.1088081,-34.911937
10057,2019-11-09 19:14:00,COM VÍTIMA,IPSEP,RUA RIO DOCE,24,527.0,SUBURBIO,COLISÃO FRONTAL,1.0,1.0,1.0,1.0,1.0,1.0,1.0,1.0,1.0,1.0,1.0,Cruzamento,Bom,Não existe,Perfeito estado,Seca,Perfeito estado,Não há placas,60 km/h,Dupla,"24, RUA RIO DOCE, Recife, Pernambuco, Brasil",-8.1052992,-34.9205128
9481,2019-10-25 14:49:00,SEM VÍTIMA,IPSEP,RUA GONCALVES DE MAGALHAES,1090,527.0,CIDADE,COLISÃO TRASEIRA,1.0,1.0,1.0,1.0,1.0,1.0,1.0,1.0,1.0,0.0,1.0,Longo da via,Bom,Não existe,Perfeito estado,Seca,Perfeito estado,Não há placas,60 km/h,Única,"1090, RUA GONCALVES DE MAGALHAES, Recife, Pernambuco, Brasil",-8.1209412,-34.9202478
10151,2019-11-12 11:36:00,SEM VÍTIMA,IPSEP,AV RECIFE,2739,527.0,SUBURBIO,COLISÃO TRASEIRA,3.0,1.0,1.0,1.0,1.0,1.0,1.0,1.0,1.0,0.0,1.0,Longo da via,Bom,Não existe,Perfeito estado,Seca,Perfeito estado,Não há placas,60 km/h,Única,"2739, AV RECIFE, Recife, Pernambuco, Brasil",-8.1116454,-34.9262836
9019,2019-10-12 15:47:00,SEM VÍTIMA,IPSEP,RUA JEAN EMILE FAVRE,750,564.0,CIDADE,COLISÃO TRASEIRA,3.0,1.0,1.0,1.0,1.0,1.0,1.0,1.0,1.0,0.0,1.0,Longo da via,Bom,Sem defeito,Perfeito estado,Seca,Perfeito estado,Outras,60 km/h,Dupla,"750, RUA JEAN EMILE FAVRE, Recife, Pernambuco, Brasil",-8.1085086,-34.916954
10109,2019-11-11 13:57:00,SEM VÍTIMA,IPSEP,AV RECIFE,2751,564.0,CIDADE,ABALROAMENTO LONGITUDINAL,1.0,1.0,1.0,1.0,1.0,1.0,1.0,1.0,1.0,0.0,1.0,Longo da via,Bom,Não existe,Perfeito estado,Seca,Perfeito estado,Não há placas,60 km/h,Dupla,"2751, AV RECIFE, Recife, Pernambuco, Brasil",-8.1117545,-34.9262649
9511,2019-10-26 15:54:00,SEM VÍTIMA,IPSEP,AV RECIFE,2843,337.0,CIDADE,COLISÃO TRASEIRA,2.0,1.0,1.0,1.0,1.0,1.0,1.0,1.0,1.0,0.0,1.0,Longo da via,Bom,Sem defeito,Perfeito estado,Seca,Perfeito estado,Outras,60 km/h,Dupla,"2843, AV RECIFE, Recife, Pernambuco, Brasil",-8.1126246,-34.9262044
10740,2019-11-28 07:47:00,SEM VÍTIMA,IPSEP,AV RECIFE,2447,337.0,CIDADE,COLISÃO TRASEIRA,3.0,1.0,1.0,1.0,1.0,1.0,1.0,1.0,1.0,0.0,1.0,Longo da via,Bom,Sem defeito,Perfeito estado,Seca,Perfeito estado,Outras,60 km/h,Dupla,"2447, AV RECIFE, Recife, Pernambuco, Brasil",-8.0846575,-34.9321359
11153,2019-12-06 17:44:00,COM VÍTIMA,IPSEP,AV RECIFE, ,16.0,CIDADE,ABALROAMENTO LONGITUDINAL,1.0,1.0,1.0,1.0,1.0,1.0,1.0,1.0,1.0,1.0,1.0,Cruzamento,Bom,Sem defeito,Perfeito estado,Seca,Perfeito estado,Não há placas,60 km/h,Dupla," , AV RECIFE, Recife, Pernambuco, Brasil",-8.1160254,-34.923929
9092,2019-10-14 18:08:00,COM VÍTIMA,IPSEP,RUA CACHOEIRA, ,16.0,CIDADE,ABALROAMENTO TRANSVERSAL,1.0,2.0,1.0,1.0,1.0,1.0,1.0,1.0,1.0,2.0,1.0,Cruzamento,Bom,Não existe,Perfeito estado,Seca,Perfeito estado,Não há placas,40 km/h,Dupla," , RUA CACHOEIRA, Recife, Pernambuco, Brasil",-8.1094537,-34.9152183
9718,2019-10-14 18:08:00,SEM VÍTIMA,IPSEP,RUA RIO TOCANTINS,116,16.0,SUBURBIO,COLISÃO TRASEIRA,2.0,2.0,1.0,1.0,1.0,1.0,1.0,1.0,1.0,0.0,1.0,Longo da via,Bom,Não existe,Não existente,Seca,Perfeito estado,Não há placas,40 km/h,Dupla,"116, RUA RIO TOCANTINS, Recife, Pernambuco, Brasil",-8.1113694,-34.917193
8992,2019-10-11 19:19:00,COM VÍTIMA,IPSEP,RUA JEAN EMILE FAVRE,862,16.0,CIDADE,ATROPELAMENTO,1.0,1.0,1.0,1.0,1.0,1.0,1.0,1.0,1.0,2.0,1.0,Longo da via,Bom,Não existe,Perfeito estado,Seca,Perfeito estado,Não há placas,40 km/h,Dupla,"862, RUA JEAN EMILE FAVRE, Recife, Pernambuco, Brasil",-8.1093721,-34.9179517
7906,2019-09-11 21:51:00,SEM VÍTIMA,IPSEP,RUA DR RAPOSO PINTO,120,16.0,SUBURBIO,ABALROAMENTO TRANSVERSAL,2.0,1.0,1.0,1.0,1.0,1.0,1.0,1.0,1.0,0.0,1.0,Cruzamento,Bom,Não existe,Perfeito estado,Seca,Perfeito estado,Placas Pare,40 km/h,Dupla,"120, RUA DR RAPOSO PINTO, Recife, Pernambuco, Brasil",-8.1093721,-34.9179517
9027,2019-10-13 00:53:00,SEM VÍTIMA,IPSEP,RUA ADERBAL DE MELO, ,16.0,SUBURBIO,ABALROAMENTO TRANSVERSAL,1.0,1.0,1.0,1.0,1.0,1.0,1.0,1.0,1.0,0.0,1.0,Cruzamento,Bom,Não existe,Ilegível,Seca,Mal iluminada,Placas Pare,40 km/h,Dupla," , RUA ADERBAL DE MELO, Recife, Pernambuco, Brasil",-8.109302,-34.9260574
10101,2019-11-11 11:14:00,SEM VÍTIMA,IPSEP,AV DOM HELDER CAMARA, ,55.0,CIDADE,ABALROAMENTO LONGITUDINAL,1.0,1.0,1.0,1.0,1.0,1.0,1.0,1.0,1.0,0.0,1.0,Longo da via,Bom,Sem defeito,Ilegível,Seca,Perfeito estado,Não há placas,40 km/h,Única," , AV DOM HELDER CAMARA, Recife, Pernambuco, Brasil",-8.1079672,-34.9270139
8422,2019-09-26 15:34:00,COM VÍTIMA,IPSEP,AV RECIFE,2309,16.0,SUBURBIO,ABALROAMENTO LONGITUDINAL,1.0,1.0,1.0,1.0,1.0,1.0,1.0,1.0,1.0,1.0,1.0,Longo da via,Bom,Sem defeito,Perfeito estado,Seca,Mal conservada,R-6a,60 km/h,Dupla,"2309, AV RECIFE, Recife, Pernambuco, Brasil",-8.0846575,-34.9321359
11373,2019-12-11 18:53:00,SEM VÍTIMA,IPSEP,AV RECIFE, ,319.0,SUBURBIO,COLISÃO TRASEIRA,2.0,1.0,1.0,1.0,1.0,1.0,1.0,1.0,1.0,0.0,1.0,Cruzamento,Bom,Sem defeito,Perfeito estado,Seca,Perfeito estado,Não há placas,60 km/h,Dupla," , AV RECIFE, Recife, Pernambuco, Brasil",-8.1160254,-34.923929
8430,2019-09-26 18:52:00,SEM VÍTIMA,IPSEP,RUA PINTOR ANTONIO ALBUQUERQUE, ,319.0,SUBURBIO,COLISÃO,1.0,1.0,1.0,1.0,1.0,1.0,1.0,1.0,1.0,0.0,1.0,Cruzamento,Bom,Sem defeito,Perfeito estado,Seca,Perfeito estado,Não há placas,60 km/h,Dupla," , RUA PINTOR ANTONIO ALBUQUERQUE, Recife, Pernambuco, Brasil",-8.1078429,-34.9262609
8142,2019-09-18 12:39:00,SEM VÍTIMA,IPSEP,AV RECIFE, ,319.0,SUBURBIO,ABALROAMENTO LONGITUDINAL,1.0,1.0,1.0,1.0,1.0,1.0,1.0,1.0,1.0,0.0,1.0,Longo da via,Bom,Não existe,Perfeito estado,Seca,Perfeito estado,Não há placas,60 km/h,Dupla," , AV RECIFE, Recife, Pernambuco, Brasil",-8.1160254,-34.923929
10132,2019-11-11 19:26:00,SEM VÍTIMA,IPSEP,RUA ITAQUICE, ,319.0,SUBURBIO,ABALROAMENTO LONGITUDINAL,2.0,1.0,1.0,1.0,1.0,1.0,1.0,1.0,1.0,0.0,1.0,Longo da via,Bom,Não existe,Incompleta,Seca,Mal conservada,Não há placas,60 km/h,Única," , RUA ITAQUICE, Recife, Pernambuco, Brasil",-8.1061676,-34.9174829
10913,2019-12-02 13:18:00,SEM VÍTIMA,IPSEP,RUA FRANCISCO BARRETO,467,319.0,SUBURBIO,ABALROAMENTO TRANSVERSAL,1.0,1.0,1.0,1.0,1.0,1.0,1.0,1.0,1.0,0.0,1.0,Cruzamento,Bom,Não existe,Perfeito estado,Seca,Perfeito estado,Não há placas,60 km/h,Dupla,"467, RUA FRANCISCO BARRETO, Recife, Pernambuco, Brasil",-8.1095063,-34.9212824
9030,2019-10-13 06:11:00,SEM VÍTIMA,IPSEP,RUA ITAJAI,162,319.0,SUBURBIO,ABALROAMENTO TRANSVERSAL,2.0,1.0,1.0,1.0,1.0,1.0,1.0,1.0,1.0,0.0,1.0,Cruzamento,Bom,Não existe,Perfeito estado,Seca,Perfeito estado,Placas Pare,60 km/h,Dupla,"162, RUA ITAJAI, Recife, Pernambuco, Brasil",-8.1075886,-34.9134428
9128,2019-10-15 16:19:00,SEM VÍTIMA,IPSEP,AV RECIFE,3108,319.0,SUBURBIO,COLISÃO TRASEIRA,3.0,1.0,1.0,1.0,1.0,1.0,1.0,1.0,1.0,0.0,1.0,Longo da via,Bom,Não existe,Perfeito estado,Seca,Perfeito estado,Não há placas,60 km/h,Dupla,"3108, AV RECIFE, Recife, Pernambuco, Brasil",-8.1034688,-34.9275628
10527,2019-11-22 08:26:00,SEM VÍTIMA,IPSEP,RUA BLUMENAU,303,319.0,CIDADE,ABALROAMENTO LONGITUDINAL,1.0,1.0,1.0,1.0,1.0,1.0,1.0,1.0,1.0,0.0,1.0,Cruzamento,Bom,Não existe,Perfeito estado,Seca,Perfeito estado,Placas Pare,60 km/h,Única,"303, RUA BLUMENAU, Recife, Pernambuco, Brasil",-8.1068956,-34.9208727
8904,2019-10-09 14:41:00,COM VÍTIMA,IPSEP,AV PRESIDENTE DUTRA, ,319.0,CIDADE,ABALROAMENTO TRANSVERSAL,1.0,1.0,1.0,1.0,1.0,1.0,1.0,1.0,1.0,1.0,1.0,Longo da via,Bom,Sem defeito,Perfeito estado,Seca,Perfeito estado,Placas Pare,60 km/h,Única," , AV PRESIDENTE DUTRA, Recife, Pernambuco, Brasil",-8.1204452,-34.9191955
9856,2019-11-05 08:52:00,SEM VÍTIMA,IPSEP,RUA RIO AMAZONAS,125,319.0,SUBURBIO,ABALROAMENTO LONGITUDINAL,1.0,1.0,1.0,1.0,1.0,1.0,1.0,1.0,1.0,0.0,1.0,Cruzamento,Bom,Não existe,Incompleta,Seca,Mal conservada,Não há placas,30 km/h,Dupla,"125, RUA RIO AMAZONAS, Recife, Pernambuco, Brasil",-8.11324,-34.9180145
11331,2019-12-11 08:13:00,SEM VÍTIMA,IPSEP,RUA DR RAPOSO PINTO,465 B,319.0,CIDADE,ABALROAMENTO LONGITUDINAL,2.0,1.0,1.0,1.0,1.0,1.0,1.0,1.0,1.0,0.0,1.0,Cruzamento,Bom,Não existe,Incompleta,Seca,Perfeito estado,Placas Pare,30 km/h,Dupla,"465 B, RUA DR RAPOSO PINTO, Recife, Pernambuco, Brasil",-8.11324,-34.9180145
11580,2019-12-17 07:28:00,COM VÍTIMA,IPSEP,RUA CACHOEIRA,10,319.0,CIDADE,ABALROAMENTO TRANSVERSAL,1.0,1.0,1.0,1.0,1.0,1.0,1.0,1.0,1.0,1.0,1.0,Cruzamento,Bom,Não existe,Perfeito estado,Seca,Perfeito estado,Não há placas,30 km/h,Única,"10, RUA CACHOEIRA, Recife, Pernambuco, Brasil",-8.1094537,-34.9152183
10420,2019-11-19 16:17:00,SEM VÍTIMA,IPSEP,RUA LANDELINO CAMARA,154,319.0,CIDADE,COLISÃO,1.0,1.0,1.0,1.0,1.0,1.0,1.0,1.0,1.0,0.0,1.0,Cruzamento,Bom,Não existe,Perfeito estado,Seca,Perfeito estado,Não há placas,30 km/h,Única,"154, RUA LANDELINO CAMARA, Recife, Pernambuco, Brasil",-8.11206,-34.9230276
7886,2019-09-11 13:34:00,SEM VÍTIMA,IPSEP,RUA JEAN EMILE FAVRE, ,319.0,CIDADE,COLISÃO,1.0,1.0,1.0,1.0,1.0,1.0,1.0,1.0,1.0,0.0,1.0,Cruzamento,Bom,Não existe,Perfeito estado,Seca,Perfeito estado,Não há placas,30 km/h,Única," , RUA JEAN EMILE FAVRE, Recife, Pernambuco, Brasil",-8.1102878,-34.9186706
10798,2019-11-29 13:22:00,SEM VÍTIMA,IPSEP,AV RECIFE, ,319.0,CIDADE,COLISÃO TRASEIRA,3.0,1.0,1.0,1.0,1.0,1.0,1.0,1.0,1.0,0.0,1.0,Longo da via,Bom,Não existe,Perfeito estado,Seca,Perfeito estado,Outras,30 km/h,Dupla," , AV RECIFE, Recife, Pernambuco, Brasil",-8.1160254,-34.923929
8650,2019-10-03 11:46:00,SEM VÍTIMA,IPSEP,AV RECIFE,1114,314.0,CIDADE,COLISÃO COM CICLISTA,1.0,1.0,1.0,1.0,1.0,1.0,1.0,1.0,1.0,0.0,1.0,Longo da via,Bom,Sem defeito,Perfeito estado,Seca,Perfeito estado,Outras,30 km/h,Dupla,"1114, AV RECIFE, Recife, Pernambuco, Brasil",-8.0846575,-34.9321359
8247,2019-09-21 10:11:00,COM VÍTIMA,IPSEP,RUA JEAN EMILE FAVRE, ,314.0,SUBURBIO,ATROPELAMENTO,1.0,1.0,1.0,1.0,1.0,1.0,1.0,1.0,1.0,2.0,1.0,Longo da via,Bom,Sem defeito,Perfeito estado,Seca,Perfeito estado,Outras,30 km/h,Dupla," , RUA JEAN EMILE FAVRE, Recife, Pernambuco, Brasil",-8.1102878,-34.9186706