,data_hora,natureza_acidente,bairro,endereco,numero,num_semaforo,sentido_via,tipo,auto,moto,ciclom,ciclista,pedestre,onibus,caminhao,viatura,outros,vitimas,vitimasfatais,acidente_verificado,tempo_clima,situacao_semaforo,sinalizacao,condicao_via,conservacao_via,situacao_placa,velocidade_max_via,mao_direcao,end,latitude,longitude
8597,2019-10-01 18:23:00,COM VÍTIMA,IPSEP,AV RECIFE, ,314.0,SUBURBIO,ABALROAMENTO LONGITUDINAL,2.0,1.0,1.0,1.0,1.0,1.0,1.0,1.0,1.0,1.0,1.0,Longo da via,Bom,Sem defeito,Perfeito estado,Seca,Perfeito estado,Outras,60 km/h,Dupla," , AV RECIFE, Recife, Pernambuco, Brasil",-8.1160254,-34.923929
11789,2019-12-21 20:00:00,SEM VÍTIMA,IPSEP,RUA ADERBAL DE MELO, ,314.0,SUBURBIO,ABALROAMENTO TRANSVERSAL,3.0,1.0,1.0,1.0,1.0,1.0,1.0,1.0,1.0,0.0,1.0,Cruzamento,Bom,Não existe,Perfeito estado,Seca,Perfeito estado,Placas Pare,60 km/h,Dupla," , RUA ADERBAL DE MELO, Recife, Pernambuco, Brasil",-8.109302,-34.9260574
8592,2019-10-01 15:28:00,SEM VÍTIMA,IPSEP,RUA ADERBAL DE MELO,611,314.0,SUBURBIO,ABALROAMENTO TRANSVERSAL,2.0,1.0,1.0,1.0,1.0,1.0,1.0,1.0,1.0,0.0,1.0,Cruzamento,Bom,Não existe,Incompleta,Seca,Perfeito estado,Placas Pare,60 km/h,Dupla,"611, RUA ADERBAL DE MELO, Recife, Pernambuco, Brasil",-8.109302,-34.9260574
8003,2019-09-14 14:23:00,COM VÍTIMA,IPSEP,AV PRESIDENTE DUTRA, ,314.0,SUBURBIO,ABALROAMENTO LONGITUDINAL,1.0,1.0,1.0,1.0,1.0,1.0,1.0,1.0,1.0,1.0,1.0,Longo da via,Bom,Sem defeito,Perfeito estado,Seca,Perfeito estado,Outras,60 km/h,Dupla," , AV PRESIDENTE DUTRA, Recife, Pernambuco, Brasil",-8.1204452,-34.9191955
8177,2019-09-19 13:37:00,SEM VÍTIMA,IPSEP,RUA JEAN EMILE FAVRE, ,314.0,SUBURBIO,COLISÃO TRASEIRA,2.0,1.0,1.0,1.0,1.0,1.0,1.0,1.0,1.0,0.0,1.0,Longo da via,Bom,Sem defeito,Perfeito estado,Seca,Perfeito estado,Outras,60 km/h,Dupla," , RUA JEAN EMILE FAVRE, Recife, Pernambuco, Brasil",-8.1102878,-34.9186706
8591,2019-10-01 14:50:00,SEM VÍTIMA,IPSEP,RUA JEAN EMILE FAVRE,862,314.0,SUBURBIO,ABALROAMENTO LONGITUDINAL,2.0,1.0,1.0,1.0,1.0,1.0,1.0,1.0,1.0,0.0,1.0,Longo da via,Bom,Não existe,Perfeito estado,Seca,Perfeito estado,R-6a,60 km/h,Dupla,"862, RUA JEAN EMILE FAVRE, Recife, Pernambuco, Brasil",-8.1093721,-34.9179517
8832,2019-10-07 18:05:00,COM VÍTIMA,IPSEP,AV RECIFE,105A,393.0,BR 101,COLISÃO COM CICLISTA,2.0,1.0,1.0,1.0,1.0,1.0,1.0,1.0,1.0,2.0,1.0,Longo da via,Bom,Sem defeito,Perfeito estado,Seca,Perfeito estado,R-6a,60 km/h,Dupla,"105A, AV RECIFE, Recife, Pernambuco, Brasil",-8.0846575,-34.9321359
12008,2019-12-28 17:39:00,SEM VÍTIMA,IPSEP,AV RECIFE, ,393.0,212,COLISÃO,2.0,1.0,1.0,1.0,1.0,1.0,1.0,1.0,1.0,0.0,1.0,Longo da via,Bom,Sem defeito,Perfeito estado,Seca,Perfeito estado,R-6a,60 km/h,Dupla," , AV RECIFE, Recife, Pernambuco, Brasil",-8.1160254,-34.923929
9315,2019-10-21 08:47:00,COM VÍTIMA,IPSEP,AV RECIFE,3021,393.0,SUBURBIO,CHOQUE OBJETO FIXO,2.0,1.0,1.0,1.0,1.0,1.0,1.0,1.0,1.0,1.0,1.0,Longo da via,Bom,Não existe,Perfeito estado,Seca,Perfeito estado,Não há placas,60 km/h,Dupla,"3021, AV RECIFE, Recife, Pernambuco, Brasil",-8.1141347,-34.9253674
8222,2019-09-20 16:55:00,SEM VÍTIMA,IPSEP,RUA CACHOEIRA,334,393.0,CIDADE,CHOQUE VEÍCULO PARADO,1.0,1.0,1.0,1.0,1.0,1.0,1.0,1.0,1.0,0.0,1.0,Longo da via,Chuvoso,Não existe,Não existente,Molhada,Perfeito estado,Placas Pare,60 km/h,Dupla,"334, RUA CACHOEIRA, Recife, Pernambuco, Brasil",-8.1094537,-34.9152183
11998,2019-12-28 10:39:00,COM VÍTIMA,IPSEP,AV PRESIDENTE DUTRA,1405,393.0,CIDADE,COLISÃO TRASEIRA,1.0,1.0,1.0,1.0,1.0,1.0,1.0,1.0,1.0,1.0,1.0,Longo da via,Bom,Não existe,Perfeito estado,Seca,Perfeito estado,Não há placas,60 km/h,Única,"1405, AV PRESIDENTE DUTRA, Recife, Pernambuco, Brasil",-8.1204452,-34.9191955
11499,2019-12-14 15:57:00,COM VÍTIMA,IPSEP,RUA JEAN EMILE FAVRE,1212,527.0,SUBURBIO,COLISÃO COM CICLISTA,1.0,1.0,1.0,1.0,1.0,1.0,1.0,1.0,1.0,1.0,1.0,Longo da via,Bom,Não existe,Perfeito estado,Seca,Perfeito estado,R-6a,60 km/h,Dupla,"1212, RUA JEAN EMILE FAVRE, Recife, Pernambuco, Brasil",-8.1114588,-34.9203473
11496,2019-12-14 13:55:00,SEM VÍTIMA,IPSEP,RUA JAMAICA,306,527.0,SUBURBIO,ABALROAMENTO LONGITUDINAL,2.0,1.0,1.0,1.0,1.0,1.0,1.0,1.0,1.0,0.0,1.0,Longo da via,Bom,Não existe,Perfeito estado,Seca,Perfeito estado,R-6a,60 km/h,Única,"306, RUA JAMAICA, Recife, Pernambuco, Brasil",-8.1070018,-34.9143835
10305,2019-11-16 00:06:00,COM VÍTIMA,IPSEP,AV RECIFE,3045,527.0,SUBURBIO,CHOQUE OBJETO FIXO,1.0,1.0,1.0,1.0,1.0,1.0,1.0,1.0,1.0,1.0,1.0,Longo da via,Bom,Não existe,Perfeito estado,Seca,Perfeito estado,Não há placas,60 km/h,Dupla,"3045, AV RECIFE, Recife, Pernambuco, Brasil",-8.1142661,-34.9251698
9263,2019-10-18 21:00:00,SEM VÍTIMA,IPSEP,RUA PAMPULHA, ,527.0,SUBURBIO,ABALROAMENTO TRANSVERSAL,1.0,1.0,1.0,1.0,1.0,1.0,1.0,1.0,1.0,0.0,1.0,Cruzamento,Chuvoso,Não existe,Incompleta,Molhada,Mal iluminada,Placas Pare,60 km/h,Única," , RUA PAMPULHA, Recife, Pernambuco, Brasil",-8.1095773,-34.9144602
8797,2019-10-06 18:16:00,COM VÍTIMA,IPSEP,RUA RIO TOCANTINS,777,101.0,SUBURBIO,ABALROAMENTO TRANSVERSAL,1.0,1.0,1.0,1.0,1.0,1.0,1.0,1.0,1.0,2.0,1.0,Cruzamento,Bom,Sem defeito,Ilegível,Seca,Mal iluminada,R-6a,60 km/h,Dupla,"777, RUA RIO TOCANTINS, Recife, Pernambuco, Brasil",-8.1107571,-34.9175038
8660,2019-10-03 15:06:00,SEM VÍTIMA,IPSEP,AV RECIFE,3592,101.0,SUBURBIO,COLISÃO,1.0,1.0,1.0,1.0,1.0,1.0,1.0,1.0,1.0,0.0,1.0,Cruzamento,Bom,Sem defeito,Ilegível,Seca,Mal iluminada,R-6a,60 km/h,Dupla,"3592, AV RECIFE, Recife, Pernambuco, Brasil",-8.1182819,-34.9223269
7715,2019-09-06 08:50:00,SEM VÍTIMA,IPSEP,AV RECIFE, ,101.0,CAXANGA,COLISÃO,2.0,1.0,1.0,1.0,1.0,1.0,1.0,1.0,1.0,0.0,1.0,Cruzamento,Bom,Sem defeito,Ilegível,Seca,Mal iluminada,R-6a,60 km/h,Dupla," , AV RECIFE, Recife, Pernambuco, Brasil",-8.1160254,-34.923929
9299,2019-10-20 12:14:00,SEM VÍTIMA,IPSEP,RUA ADERBAL DE MELO,135,101.0,CAXANGA,ABALROAMENTO LONGITUDINAL,2.0,1.0,1.0,1.0,1.0,1.0,1.0,1.0,1.0,0.0,1.0,Cruzamento,Bom,Não existe,Perfeito estado,Seca,Perfeito estado,Placas Pare,60 km/h,Dupla,"135, RUA ADERBAL DE MELO, Recife, Pernambuco, Brasil",-8.1090583,-34.9256593
8021,2019-09-15 10:21:00,SEM VÍTIMA,IPSEP,RUA PINTOR ANTONIO ALBUQUERQUE, ,293.0,CAXANGA,ABALROAMENTO LONGITUDINAL,2.0,1.0,1.0,1.0,1.0,1.0,1.0,1.0,1.0,0.0,1.0,Longo da via,Bom,Sem defeito,Perfeito estado,Seca,Perfeito estado,R-6a,60 km/h,Única," , RUA PINTOR ANTONIO ALBUQUERQUE, Recife, Pernambuco, Brasil",-8.1078429,-34.9262609
9217,2019-10-17 20:18:00,SEM VÍTIMA,IPSEP,RUA HELIO BRANDAO, ,293.0,SUBURBIO,COLISÃO TRASEIRA,2.0,1.0,1.0,1.0,1.0,1.0,1.0,1.0,1.0,0.0,1.0,Longo da via,Chuvoso,Não existe,Perfeito estado,Molhada,Mal iluminada,Não há placas,60 km/h,Dupla," , RUA HELIO BRANDAO, Recife, Pernambuco, Brasil",-8.1043358,-34.9261849
11546,2019-12-16 09:25:00,COM VÍTIMA,IPSEP,AV RECIFE, ,293.0,SUBURBIO,COLISÃO COM CICLISTA,2.0,1.0,1.0,1.0,1.0,1.0,1.0,1.0,1.0,0.0,1.0,Longo da via,Chuvoso,Não existe,Perfeito estado,Molhada,Mal iluminada,Não há placas,60 km/h,Dupla," , AV RECIFE, Recife, Pernambuco, Brasil",-8.1160254,-34.923929
10293,2019-11-15 11:24:00,SEM VÍTIMA,IPSEP,AV RECIFE,2922,293.0,SUBURBIO,COLISÃO TRASEIRA,2.0,1.0,1.0,1.0,1.0,1.0,1.0,1.0,1.0,0.0,1.0,Longo da via,Bom,Não existe,Perfeito estado,Seca,Perfeito estado,Outras,60 km/h,Dupla,"2922, AV RECIFE, Recife, Pernambuco, Brasil",-8.1051131,-34.9273303
8678,2019-10-03 18:53:00,SEM VÍTIMA,IPSEP,AV RECIFE, ,293.0,SUBURBIO,ABALROAMENTO LONGITUDINAL,1.0,1.0,1.0,1.0,1.0,1.0,1.0,1.0,1.0,0.0,1.0,Longo da via,Bom,Não existe,Perfeito estado,Seca,Perfeito estado,Outras,60 km/h,Dupla," , AV RECIFE, Recife, Pernambuco, Brasil",-8.1160254,-34.923929
11535,2019-12-16 06:54:00,VÍTIMA FATAL,IPSEP,AV RECIFE,3021,293.0,SUBURBIO,COLISÃO COM CICLISTA,2.0,1.0,1.0,1.0,1.0,1.0,1.0,1.0,1.0,3.0,1.0,Longo da via,Bom,Não existe,Perfeito estado,Seca,Perfeito estado,Não há placas,60 km/h,Dupla,"3021, AV RECIFE, Recife, Pernambuco, Brasil",-8.1141347,-34.9253674
10006,2019-11-08 16:02:00,SEM VÍTIMA,IPSEP,RUA HELIO BRANDAO,362,505.0,SUBURBIO,ABALROAMENTO LONGITUDINAL,1.0,1.0,1.0,1.0,1.0,1.0,1.0,1.0,1.0,0.0,1.0,Cruzamento,Bom,Sem defeito,Perfeito estado,Seca,Perfeito estado,Não há placas,60 km/h,Única,"362, RUA HELIO BRANDAO, Recife, Pernambuco, Brasil",-8.1106902,-34.925285
10793,2019-11-29 12:40:00,SEM VÍTIMA,IPSEP,AV RECIFE, ,16.0,SUBURBIO,ABALROAMENTO LONGITUDINAL,1.0,1.0,1.0,1.0,1.0,1.0,1.0,1.0,1.0,0.0,1.0,Cruzamento,Bom,Sem defeito,Perfeito estado,Seca,Perfeito estado,R-6a,60 km/h,Dupla," , AV RECIFE, Recife, Pernambuco, Brasil",-8.1160254,-34.923929
11468,2019-12-13 18:03:00,COM VÍTIMA,IPSEP,AV RECIFE,657,16.0,CIDADE,COLISÃO,1.0,1.0,1.0,1.0,1.0,1.0,1.0,1.0,1.0,2.0,1.0,Cruzamento,Bom,Sem defeito,Perfeito estado,Seca,Perfeito estado,R-6a,60 km/h,Dupla,"657, AV RECIFE, Recife, Pernambuco, Brasil",-8.0846575,-34.9321359
10881,2019-12-01 19:35:00,SEM VÍTIMA,IPSEP,AV RECIFE,3273,16.0,CIDADE,COLISÃO TRASEIRA,2.0,1.0,1.0,1.0,1.0,1.0,1.0,1.0,1.0,0.0,1.0,Longo da via,Bom,Sem defeito,Perfeito estado,Seca,Perfeito estado,R-6a,60 km/h,Única,"3273, AV RECIFE, Recife, Pernambuco, Brasil",-8.1158973,-34.923750815715806
8554,2019-09-30 18:36:00,COM VÍTIMA,IPSEP,RUA PAMPULHA, ,16.0,CIDADE,ABALROAMENTO TRANSVERSAL,2.0,1.0,1.0,1.0,1.0,1.0,1.0,1.0,1.0,1.0,1.0,Cruzamento,Bom,Não existe,Perfeito estado,Seca,Perfeito estado,Placas Pare,60 km/h,Única," , RUA PAMPULHA, Recife, Pernambuco, Brasil",-8.1095773,-34.9144602
7736,2019-09-06 18:17:00,COM VÍTIMA,IPSEP,RUA DR RAPOSO PINTO,523,16.0,CIDADE,ABALROAMENTO LONGITUDINAL,1.0,1.0,1.0,1.0,1.0,1.0,1.0,1.0,1.0,1.0,1.0,Longo da via,Bom,Não existe,Não existente,Seca,Perfeito estado,Não há placas,60 km/h,Dupla,"523, RUA DR RAPOSO PINTO, Recife, Pernambuco, Brasil",-8.1095773,-34.9144602
8165,2019-09-19 08:41:00,COM VÍTIMA,IPSEP,RUA SAO NICOLAU, ,16.0,SUBURBIO,ABALROAMENTO TRANSVERSAL,1.0,1.0,1.0,1.0,1.0,1.0,1.0,1.0,1.0,1.0,1.0,Cruzamento,Bom,Sem defeito,Perfeito estado,Seca,Perfeito estado,Não há placas,40 km/h,Única," , RUA SAO NICOLAU, Recife, Pernambuco, Brasil",-8.1065942,-34.9246547
7708,2019-09-06 01:24:00,SEM VÍTIMA,IPSEP,AV PRESIDENTE DUTRA, ,16.0,SUBURBIO,CHOQUE OBJETO FIXO,1.0,1.0,1.0,1.0,1.0,1.0,1.0,1.0,1.0,0.0,1.0,Longo da via,Chuvoso,Não existe,Perfeito estado,Molhada,Perfeito estado,Não há placas,40 km/h,Única," , AV PRESIDENTE DUTRA, Recife, Pernambuco, Brasil",-8.1204452,-34.9191955
11104,2019-12-05 18:49:00,SEM VÍTIMA,IPSEP,RUA BLUMENAU,510,111.0,SUBURBIO,COLISÃO,2.0,1.0,1.0,1.0,1.0,1.0,1.0,1.0,1.0,0.0,1.0,Longo da via,Chuvoso,Não existe,Perfeito estado,Molhada,Perfeito estado,Não há placas,40 km/h,Única,"510, RUA BLUMENAU, Recife, Pernambuco, Brasil",-8.1068956,-34.9208727
10505,2019-11-21 16:41:00,COM VÍTIMA,IPSEP,RUA BLUMENAU, ,111.0,SUBURBIO,ABALROAMENTO TRANSVERSAL,1.0,1.0,1.0,1.0,1.0,1.0,1.0,1.0,1.0,1.0,1.0,Cruzamento,Bom,Sem defeito,Perfeito estado,Seca,Perfeito estado,Não há placas,40 km/h,Única," , RUA BLUMENAU, Recife, Pernambuco, Brasil",-8.1090146,-34.9190153
10536,2019-11-22 10:59:00,COM VÍTIMA,IPSEP,AV RECIFE,2677,111.0,CIDADE,COLISÃO TRASEIRA,1.0,1.0,1.0,1.0,1.0,1.0,1.0,1.0,1.0,1.0,1.0,Longo da via,Bom,Não existe,Perfeito estado,Seca,Perfeito estado,Não há placas,40 km/h,Dupla,"2677, AV RECIFE, Recife, Pernambuco, Brasil",-8.1111019,-34.9264153
7738,2019-09-06 19:53:00,SEM VÍTIMA,IPSEP,AV RECIFE,2856,111.0,CIDADE,COLISÃO,2.0,1.0,1.0,1.0,1.0,1.0,1.0,1.0,1.0,0.0,1.0,Longo da via,Bom,Não existe,Perfeito estado,Seca,Perfeito estado,Não há placas,40 km/h,Dupla,"2856, AV RECIFE, Recife, Pernambuco, Brasil",-8.1056948,-34.9272415
11449,2019-12-13 12:08:00,SEM VÍTIMA,IPSEP,AV RECIFE, ,55.0,CIDADE,ABALROAMENTO LONGITUDINAL,2.0,1.0,1.0,1.0,1.0,1.0,1.0,1.0,1.0,0.0,1.0,Cruzamento,Bom,Sem defeito,Perfeito estado,Seca,Perfeito estado,R-6a,40 km/h,Dupla," , AV RECIFE, Recife, Pernambuco, Brasil",-8.1160254,-34.923929
8507,2019-09-29 11:23:00,SEM VÍTIMA,IPSEP,RUA JEAN EMILE FAVRE,422,55.0,SUBURBIO,ABALROAMENTO LONGITUDINAL,1.0,1.0,1.0,1.0,1.0,1.0,1.0,1.0,1.0,0.0,1.0,Cruzamento,Bom,Não existe,Perfeito estado,Seca,Perfeito estado,Não há placas,40 km/h,Única,"422, RUA JEAN EMILE FAVRE, Recife, Pernambuco, Brasil",-8.10721315,-34.915570779402174
11803,2019-12-22 12:25:00,SEM VÍTIMA,IPSEP,AV RECIFE,1311,55.0,SUBURBIO,COLISÃO,2.0,1.0,1.0,1.0,1.0,1.0,1.0,1.0,1.0,0.0,1.0,Cruzamento,Bom,Não existe,Perfeito estado,Seca,Perfeito estado,Não há placas,40 km/h,Única,"1311, AV RECIFE, Recife, Pernambuco, Brasil",-8.1190315,-34.9217661
10558,2019-11-22 17:23:00,SEM VÍTIMA,IPSEP,RUA SAO NICOLAU, ,55.0,SUBURBIO,ABALROAMENTO LONGITUDINAL,1.0,1.0,1.0,1.0,1.0,1.0,1.0,1.0,1.0,0.0,1.0,Longo da via,Bom,Não existe,Não existente,Seca,Perfeito estado,Não há placas,40 km/h,Única," , RUA SAO NICOLAU, Recife, Pernambuco, Brasil",-8.1065942,-34.9246547
9425,2019-10-24 07:02:00,SEM VÍTIMA,IPSEP,RUA VIRGINIA HERACLIO,639,55.0,SUBURBIO,ABALROAMENTO TRANSVERSAL,1.0,1.0,1.0,1.0,1.0,1.0,1.0,1.0,1.0,0.0,1.0,Cruzamento,Bom,Não existe,Ilegível,Seca,Mal conservada,Não há placas,40 km/h,Dupla,"639, RUA VIRGINIA HERACLIO, Recife, Pernambuco, Brasil",-8.1073017,-34.9233944
11458,2019-12-13 15:00:00,SEM VÍTIMA,IPSEP,RUA ADERBAL DE MELO,169,55.0,SUBURBIO,ABALROAMENTO TRANSVERSAL,2.0,1.0,1.0,1.0,1.0,1.0,1.0,1.0,1.0,0.0,1.0,Cruzamento,Bom,Não existe,Perfeito estado,Seca,Perfeito estado,Placas Pare,40 km/h,Dupla,"169, RUA ADERBAL DE MELO, Recife, Pernambuco, Brasil",-8.1090199,-34.9254147
12009,2019-12-28 17:40:00,SEM VÍTIMA,IPSEP,AV RECIFE, ,212.0,SUBURBIO,COLISÃO TRASEIRA,2.0,1.0,1.0,1.0,1.0,1.0,1.0,1.0,1.0,0.0,1.0,Cruzamento,Bom,Sem defeito,Perfeito estado,Seca,Perfeito estado,Não há placas,60 km/h,Dupla," , AV RECIFE, Recife, Pernambuco, Brasil",-8.1160254,-34.923929
11260,2019-12-09 14:33:00,SEM VÍTIMA,IPSEP,RUA BLUMENAU,166,212.0,SUBURBIO,COLISÃO,2.0,1.0,1.0,1.0,1.0,1.0,1.0,1.0,1.0,0.0,1.0,Cruzamento,Bom,Sem defeito,Perfeito estado,Seca,Perfeito estado,Não há placas,60 km/h,Dupla,"166, RUA BLUMENAU, Recife, Pernambuco, Brasil",-8.1086551,-34.9191381
11463,2019-12-13 17:09:00,SEM VÍTIMA,IPSEP,AV RECIFE, ,55.0,SUBURBIO,COLISÃO TRASEIRA,2.0,1.0,1.0,1.0,1.0,1.0,1.0,1.0,1.0,0.0,1.0,Longo da via,Bom,Sem defeito,Perfeito estado,Seca,Perfeito estado,Outras,60 km/h,Dupla," , AV RECIFE, Recife, Pernambuco, Brasil",-8.1160254,-34.923929
9363,2019-10-22 13:05:00,SEM VÍTIMA,IPSEP,AV RECIFE, ,337.0,CIDADE,COLISÃO TRASEIRA,2.0,1.0,1.0,1.0,1.0,1.0,1.0,1.0,1.0,0.0,1.0,Longo da via,Bom,Sem defeito,Perfeito estado,Seca,Perfeito estado,Não há placas,60 km/h,Dupla," , AV RECIFE, Recife, Pernambuco, Brasil",-8.1160254,-34.923929
9160,2019-10-16 10:35:00,SEM VÍTIMA,IPSEP,AV SENADOR ROBERT KENNEDY,56,337.0,CIDADE,CHOQUE VEÍCULO PARADO,1.0,1.0,1.0,1.0,1.0,1.0,1.0,1.0,1.0,0.0,1.0,Longo da via,Bom,Não existe,Não existente,Seca,Perfeito estado,Não há placas,60 km/h,Dupla,"56, AV SENADOR ROBERT KENNEDY, Recife, Pernambuco, Brasil",-8.1154778,-34.9167349
9817,2019-11-04 09:37:00,COM VÍTIMA,IPSEP,RUA ARQUITETO LUIZ NUNES, ,399.0,SUBURBIO,ABALROAMENTO TRANSVERSAL,2.0,1.0,1.0,1.0,1.0,1.0,1.0,1.0,1.0,1.0,1.0,Cruzamento,Bom,Sem defeito,Perfeito estado,Seca,Perfeito estado,Não há placas,60 km/h,Única," , RUA ARQUITETO LUIZ NUNES, Recife, Pernambuco, Brasil",-8.0947284,-34.9115405
9810,2019-11-04 08:32:00,SEM VÍTIMA,IPSEP,RUA JEAN EMILE FAVRE,1128,399.0,CIDADE,ABALROAMENTO LONGITUDINAL,2.0,1.0,1.0,1.0,1.0,1.0,1.0,1.0,1.0,0.0,1.0,Longo da via,Bom,Não existe,Perfeito estado,Seca,Perfeito estado,Não há placas,40 km/h,Dupla,"1128, RUA JEAN EMILE FAVRE, Recife, Pernambuco, Brasil",-8.1109836,-34.9197956
11337,2019-12-11 09:43:00,SEM VÍTIMA,IPSEP,RUA JEAN EMILE FAVRE,557,399.0,SUBURBIO,ABALROAMENTO LONGITUDINAL,2.0,1.0,1.0,1.0,1.0,1.0,1.0,1.0,1.0,0.0,1.0,Longo da via,Bom,Não existe,Perfeito estado,Seca,Perfeito estado,Não há placas,40 km/h,Dupla,"557, RUA JEAN EMILE FAVRE, Recife, Pernambuco, Brasil",-8.1077886,-34.9155049
8255,2019-09-21 13:28:00,SEM VÍTIMA,IPSEP,RUA PADRE LIMA E SA, ,399.0,SUBURBIO,ABALROAMENTO LONGITUDINAL,2.0,1.0,1.0,1.0,1.0,1.0,1.0,1.0,1.0,0.0,1.0,Cruzamento,Bom,Não existe,Perfeito estado,Seca,Perfeito estado,Não há placas,40 km/h,Dupla," , RUA PADRE LIMA E SA, Recife, Pernambuco, Brasil",-8.1102939,-34.9259112
11461,2019-12-13 15:40:00,COM VÍTIMA,IPSEP,RUA ITACARI,301,399.0,SUBURBIO,ABALROAMENTO TRANSVERSAL,2.0,1.0,1.0,1.0,1.0,1.0,1.0,1.0,1.0,2.0,1.0,Cruzamento,Bom,Não existe,Ilegível,Seca,Mal iluminada,Placas Pare,40 km/h,Dupla,"301, RUA ITACARI, Recife, Pernambuco, Brasil",-8.108674,-34.9136454
10962,2019-12-03 10:00:00,SEM VÍTIMA,IPSEP,AV RECIFE,2688,399.0,SUBURBIO,COLISÃO TRASEIRA,3.0,1.0,1.0,1.0,1.0,1.0,1.0,1.0,1.0,0.0,1.0,Longo da via,Bom,Sem defeito,Perfeito estado,Seca,Perfeito estado,Não há placas,60 km/h,Dupla,"2688, AV RECIFE, Recife, Pernambuco, Brasil",-8.1072235,-34.9270386
11464,2019-12-13 17:12:00,SEM VÍTIMA,IPSEP,AV PRESIDENTE DUTRA, ,393.0,SUBURBIO,COLISÃO TRASEIRA,2.0,1.0,1.0,1.0,1.0,1.0,1.0,1.0,1.0,0.0,1.0,Longo da via,Bom,Sem defeito,Perfeito estado,Seca,Perfeito estado,R-6a,60 km/h,Dupla," , AV PRESIDENTE DUTRA, Recife, Pernambuco, Brasil",-8.1204452,-34.9191955
11799,2019-12-22 08:31:00,COM VÍTIMA,IPSEP,AV RECIFE,2586,55.0,SUBURBIO,COLISÃO TRASEIRA,2.0,2.0,1.0,1.0,1.0,1.0,1.0,1.0,1.0,1.0,1.0,Cruzamento,Bom,Sem defeito,Perfeito estado,Seca,Perfeito estado,Não há placas,60 km/h,Dupla,"2586, AV RECIFE, Recife, Pernambuco, Brasil",-8.108148700000001,-34.92683410292224
10784,2019-11-29 10:07:00,COM VÍTIMA,IPSEP,RUA JEAN EMILE FAVRE,1586,135.0,CIDADE,ABALROAMENTO LONGITUDINAL,1.0,1.0,1.0,1.0,1.0,1.0,1.0,1.0,1.0,2.0,1.0,Longo da via,Bom,Não existe,Perfeito estado,Seca,Perfeito estado,Não há placas,40 km/h,Dupla,"1586, RUA JEAN EMILE FAVRE, Recife, Pernambuco, Brasil",-8.1139109,-34.9231332
10487,2019-11-21 09:46:00,COM VÍTIMA,IPSEP,AV PRESIDENTE DUTRA,600,393.0,BR 101,COLISÃO TRASEIRA,1.0,1.0,1.0,1.0,1.0,1.0,1.0,1.0,1.0,1.0,1.0,Longo da via,Bom,Não existe,Perfeito estado,Seca,Perfeito estado,Não há placas,60 km/h,Dupla,"600, AV PRESIDENTE DUTRA, Recife, Pernambuco, Brasil",-8.1203019,-34.9190949
9387,2019-10-22 17:06:00,SEM VÍTIMA,IPSEP,AV RECIFE,2586,55.0,BR 101,COLISÃO TRASEIRA,2.0,1.0,1.0,1.0,1.0,1.0,1.0,1.0,1.0,0.0,1.0,Longo da via,Bom,Sem defeito,Perfeito estado,Seca,Perfeito estado,Não há placas,60 km/h,Dupla,"2586, AV RECIFE, Recife, Pernambuco, Brasil",-8.108148700000001,-34.92683410292224
11756,2019-12-20 20:26:00,COM VÍTIMA,IPSEP,RUA JEAN EMILE FAVRE,1717,55.0,SUBURBIO,ABALROAMENTO LONGITUDINAL,1.0,1.0,1.0,1.0,1.0,1.0,1.0,1.0,1.0,1.0,1.0,Esquina,Bom,Não existe,Perfeito estado,Seca,Perfeito estado,Não há placas,60 km/h,Dupla,"1717, RUA JEAN EMILE FAVRE, Recife, Pernambuco, Brasil",-8.114487,-34.9234848
7665,2019-09-04 15:29:00,SEM VÍTIMA,IPSEP,RUA IRAPUA,467,55.0,SUBURBIO,ABALROAMENTO LONGITUDINAL,2.0,1.0,1.0,1.0,1.0,1.0,1.0,1.0,1.0,0.0,1.0,Cruzamento,Chuvoso,Não existe,Não existente,Molhada,Mal conservada,Não há placas,60 km/h,Dupla,"467, RUA IRAPUA, Recife, Pernambuco, Brasil",-8.1089208,-34.9220853
11059,2019-12-05 08:08:00,SEM VÍTIMA,IPSEP,RUA IRAPUA, ,505.0,SUBURBIO,ABALROAMENTO TRANSVERSAL,1.0,1.0,1.0,1.0,1.0,1.0,1.0,1.0,1.0,0.0,1.0,Cruzamento,Bom,Sem defeito,Perfeito estado,Seca,Perfeito estado,Não há placas,40 km/h,Única," , nan, Recife, Pernambuco, Brasil",-8.0584933,-34.8848193
0,2019-01-01 00:41:00,SEM VÍTIMA,IPSEP,AV RECIFE, ,505.0,SUBURBIO,COLISÃO TRASEIRA,2.0,1.0,1.0,1.0,1.0,1.0,1.0,1.0,1.0,0.0,1.0,Longo da via,Bom,Não existe,Perfeito estado,Seca,Perfeito estado,Não há placas,60 km/h,Única," , AV RECIFE, Recife, Pernambuco, Brasil",-8.1160254,-34.923929
7338,2019-08-24 16:04:00,SEM VÍTIMA,IPSEP,RUA BLUMENAU, ,505.0,SUBURBIO,ABALROAMENTO LONGITUDINAL,1.0,1.0,1.0,1.0,1.0,1.0,1.0,1.0,1.0,0.0,1.0,Cruzamento,Nublado,Não existe,Não existente,Seca,Perfeito estado,Não há placas,60 km/h,Dupla," , RUA BLUMENAU, Recife, Pernambuco, Brasil",-8.1090146,-34.9190153