,data_hora,natureza_acidente,bairro,endereco,numero,num_semaforo,sentido_via,tipo,auto,moto,ciclom,ciclista,pedestre,onibus,caminhao,viatura,outros,vitimas,vitimasfatais,acidente_verificado,tempo_clima,situacao_semaforo,sinalizacao,condicao_via,conservacao_via,situacao_placa,velocidade_max_via,mao_direcao,end,latitude,longitude
4611,2019-05-27 06:43:00,COM VÍTIMA,IPSEP,AV RECIFE,3060,319.0,BOA VIAGEM,ABALROAMENTO LONGITUDINAL,2.0,2.0,1.0,1.0,1.0,1.0,1.0,1.0,1.0,2.0,1.0,Longo da via,Bom,Não existe,Perfeito estado,Molhada,Perfeito estado,Não há placas,60 km/h,Dupla,"3060, AV RECIFE, Recife, Pernambuco, Brasil",-8.1039094,-34.9275019
3438,2019-04-17 21:54:00,SEM VÍTIMA,IPSEP,AV RECIFE, ,55.0,SUBURBIO,COLISÃO TRASEIRA,2.0,2.0,1.0,1.0,1.0,1.0,1.0,1.0,1.0,0.0,1.0,Longo da via,Bom,Sem defeito,Perfeito estado,Seca,Perfeito estado,R-6a,60 km/h,Dupla," , AV RECIFE, Recife, Pernambuco, Brasil",-8.1160254,-34.923929
5671,2019-06-30 16:22:00,SEM VÍTIMA,IPSEP,AV RECIFE,1089,393.0,SUBURBIO,COLISÃO TRASEIRA,4.0,2.0,1.0,1.0,1.0,1.0,1.0,1.0,1.0,0.0,1.0,Longo da via,Bom,Sem defeito,Perfeito estado,Seca,Perfeito estado,Outras,60 km/h,Dupla,"1089, AV RECIFE, Recife, Pernambuco, Brasil",-8.0846575,-34.9321359
2388,2019-03-19 08:48:00,COM VÍTIMA,IPSEP,AV RECIFE,2967,393.0,BR 101,ABALROAMENTO LONGITUDINAL,1.0,1.0,1.0,1.0,1.0,1.0,1.0,1.0,1.0,1.0,1.0,Longo da via,Bom,Não existe,Não existente,Seca,Perfeito estado,Não há placas,60 km/h,Dupla,"2967, AV RECIFE, Recife, Pernambuco, Brasil",-8.0846575,-34.9321359
812,2019-01-31 16:13:00,COM VÍTIMA,IPSEP,AV PRESIDENTE DUTRA, ,393.0,CIDADE,COLISÃO TRASEIRA,1.0,1.0,1.0,1.0,1.0,1.0,1.0,1.0,1.0,1.0,1.0,Longo da via,Bom,Sem defeito,Perfeito estado,Seca,Perfeito estado,Não há placas,60 km/h,Dupla," , AV PRESIDENTE DUTRA, Recife, Pernambuco, Brasil",-8.1204452,-34.9191955
3165,2019-04-10 11:30:00,SEM VÍTIMA,IPSEP,AV RECIFE,1277,393.0,CIDADE,ABALROAMENTO LONGITUDINAL,1.0,1.0,1.0,1.0,1.0,1.0,1.0,1.0,1.0,0.0,1.0,Longo da via,Bom,Sem defeito,Perfeito estado,Seca,Perfeito estado,Não há placas,60 km/h,Dupla,"1277, AV RECIFE, Recife, Pernambuco, Brasil",-8.1193501,-34.9216093
5851,2019-07-06 11:38:00,SEM VÍTIMA,IPSEP,AV RECIFE, ,393.0,BOA VIAGEM,COLISÃO,3.0,1.0,1.0,1.0,1.0,1.0,1.0,1.0,1.0,0.0,1.0,Longo da via,Bom,Sem defeito,Perfeito estado,Seca,Perfeito estado,Não há placas,60 km/h,Dupla," , AV RECIFE, Recife, Pernambuco, Brasil",-8.1160254,-34.923929
1644,2019-02-25 07:44:00,SEM VÍTIMA,IPSEP,AV RECIFE, ,247.0,BOA VIAGEM,ABALROAMENTO LONGITUDINAL,1.0,1.0,1.0,1.0,1.0,1.0,1.0,1.0,1.0,0.0,1.0,Longo da via,Bom,Sem defeito,Perfeito estado,Seca,Perfeito estado,Outras,60 km/h,Dupla," , AV RECIFE, Recife, Pernambuco, Brasil",-8.1160254,-34.923929
1650,2019-02-25 08:49:00,SEM VÍTIMA,IPSEP,RUA SAO NICOLAU, ,247.0,BOA VIAGEM,COLISÃO TRASEIRA,1.0,1.0,1.0,1.0,1.0,1.0,1.0,1.0,1.0,0.0,1.0,Longo da via,Bom,Sem defeito,Perfeito estado,Seca,Perfeito estado,Não há placas,60 km/h,Única," , RUA SAO NICOLAU, Recife, Pernambuco, Brasil",-8.1065942,-34.9246547
2014,2019-03-08 15:38:00,SEM VÍTIMA,IPSEP,RUA JEAN EMILE FAVRE,885,247.0,SUBURBIO,COLISÃO TRASEIRA,2.0,1.0,1.0,1.0,1.0,1.0,1.0,1.0,1.0,0.0,1.0,Longo da via,Bom,Não existe,Perfeito estado,Seca,Perfeito estado,R-6a,60 km/h,Dupla,"885, RUA JEAN EMILE FAVRE, Recife, Pernambuco, Brasil",-8.1097858,-34.9178656
11576,2019-12-16 20:16:00,COM VÍTIMA,IPUTINGA,EST DO BARBALHO, ,247.0,CIDADE,COLISÃO COM CICLISTA,2.0,1.0,1.0,1.0,1.0,1.0,1.0,1.0,1.0,3.0,1.0,Longo da via,Bom,Não existe,Incompleta,Seca,Perfeito estado,R-6a,60 km/h,Dupla," , EST DO BARBALHO, Recife, Pernambuco, Brasil",-8.1097858,-34.9178656
3791,2019-04-29 15:58:00,SEM VÍTIMA,IPUTINGA,RUA MAURICIO DE NASSAU, ,247.0,CIDADE,COLISÃO TRASEIRA,2.0,1.0,1.0,1.0,1.0,1.0,1.0,1.0,1.0,0.0,1.0,Longo da via,Bom,Não existe,Perfeito estado,Seca,Perfeito estado,Não há placas,60 km/h,Dupla," , RUA MAURICIO DE NASSAU, Recife, Pernambuco, Brasil",-8.0258665,-34.8590022
7105,2019-08-17 08:27:00,SEM VÍTIMA,IPUTINGA,RUA EMILIANO BRAGA,185,247.0,CIDADE,COLISÃO,1.0,1.0,1.0,1.0,1.0,1.0,1.0,1.0,1.0,0.0,1.0,Longo da via,Bom,Não existe,Perfeito estado,Seca,Perfeito estado,Não há placas,60 km/h,Dupla,"185, RUA EMILIANO BRAGA, Recife, Pernambuco, Brasil",-8.0404312,-34.9420814
7109,2019-08-17 10:47:00,SEM VÍTIMA,IPUTINGA,EST DO BARBALHO,XX,247.0,CIDADE,COLISÃO,3.0,1.0,1.0,1.0,1.0,1.0,1.0,1.0,1.0,0.0,1.0,Longo da via,Bom,Não existe,Perfeito estado,Seca,Perfeito estado,Não há placas,60 km/h,Dupla,"XX, EST DO BARBALHO, Recife, Pernambuco, Brasil",-8.0404312,-34.9420814
5066,2019-06-10 09:09:00,SEM VÍTIMA,IPUTINGA,AV MAURICIO DE NASSAU,155,247.0,CIDADE,COLISÃO,3.0,1.0,1.0,1.0,1.0,1.0,1.0,1.0,1.0,0.0,1.0,Longo da via,Bom,Não existe,Perfeito estado,Seca,Perfeito estado,Não há placas,60 km/h,Dupla,"155, AV MAURICIO DE NASSAU, Recife, Pernambuco, Brasil",-8.0350742,-34.9411915
6217,2019-07-19 09:52:00,COM VÍTIMA,IPUTINGA,AV MAURICIO DE NASSAU,268,247.0,CIDADE,COLISÃO FRONTAL,3.0,1.0,1.0,1.0,1.0,1.0,1.0,1.0,1.0,1.0,1.0,Cruzamento,Chuvoso,Não existe,Perfeito estado,Molhada,Perfeito estado,Não há placas,60 km/h,Dupla,"268, AV MAURICIO DE NASSAU, Recife, Pernambuco, Brasil",-8.040333,-34.9277389
3793,2019-04-29 16:25:00,SEM VÍTIMA,IPUTINGA,RUA MAURICIO DE NASSAU,95,247.0,CIDADE,COLISÃO TRASEIRA,2.0,1.0,1.0,1.0,1.0,1.0,1.0,1.0,1.0,0.0,1.0,Longo da via,Bom,Não existe,Perfeito estado,Seca,Perfeito estado,Não há placas,60 km/h,Dupla,"95, RUA MAURICIO DE NASSAU, Recife, Pernambuco, Brasil",-8.0258665,-34.8590022
696,2019-01-27 23:56:00,SEM VÍTIMA,IPUTINGA,AV CAXANGA, ,533.0,CIDADE,ABALROAMENTO TRANSVERSAL,2.0,1.0,1.0,1.0,1.0,1.0,1.0,1.0,1.0,0.0,1.0,Cruzamento,Chuvoso,Sem defeito,Ilegível,Molhada,Mal iluminada,Não há placas,60 km/h,Dupla," , AV CAXANGA, Recife, Pernambuco, Brasil",-8.0311907,-34.956089
7093,2019-08-16 18:28:00,SEM VÍTIMA,IPUTINGA,RUA PROFESSOR JULIO OLIVEIRA, ,533.0,CIDADE,COLISÃO,2.0,1.0,1.0,1.0,1.0,1.0,1.0,1.0,1.0,0.0,1.0,Cruzamento,Chuvoso,Sem defeito,Ilegível,Molhada,Mal iluminada,Não há placas,60 km/h,Dupla," , RUA PROFESSOR JULIO OLIVEIRA, Recife, Pernambuco, Brasil",-8.0371573,-34.9424458
5077,2019-06-10 16:49:00,SEM VÍTIMA,IPUTINGA,RUA JOSE TAVARES DA MOTA,90,533.0,SUBURBIO,ABALROAMENTO LONGITUDINAL,1.0,1.0,1.0,1.0,1.0,1.0,1.0,1.0,1.0,0.0,1.0,Longo da via,Bom,Não existe,Incompleta,Seca,Mal conservada,Não há placas,60 km/h,Dupla,"90, RUA JOSE TAVARES DA MOTA, Recife, Pernambuco, Brasil",-8.0455021,-34.940865
5038,2019-06-08 20:36:00,SEM VÍTIMA,IPUTINGA,AV CAXANGA, ,533.0,SUBURBIO,ABALROAMENTO LONGITUDINAL,1.0,1.0,1.0,1.0,1.0,1.0,1.0,1.0,1.0,0.0,1.0,Longo da via,Bom,Não existe,Ilegível,Seca,Mal iluminada,Outras,60 km/h,Dupla," , AV CAXANGA, Recife, Pernambuco, Brasil",-8.0311907,-34.956089
7004,2019-08-14 15:30:00,SEM VÍTIMA,IPUTINGA,RUA OSVALDO GUIMARAES,66,533.0,CIDADE,ABALROAMENTO TRANSVERSAL,2.0,1.0,1.0,1.0,1.0,1.0,1.0,1.0,1.0,0.0,1.0,Longo da via,Bom,Não existe,Incompleta,Seca,Perfeito estado,R-6a,60 km/h,Dupla,"66, RUA OSVALDO GUIMARAES, Recife, Pernambuco, Brasil",-8.044027,-34.9401988
3760,2019-04-28 21:55:00,COM VÍTIMA,IPUTINGA,AV MAURICIO DE NASSAU,31,533.0,BR-101,COLISÃO TRASEIRA,2.0,1.0,1.0,1.0,1.0,1.0,1.0,1.0,1.0,1.0,1.0,Longo da via,Bom,Não existe,Perfeito estado,Seca,Perfeito estado,R-6a,60 km/h,Dupla,"31, AV MAURICIO DE NASSAU, Recife, Pernambuco, Brasil",-8.0358616,-34.9395149
11617,2019-12-17 17:41:00,SEM VÍTIMA,IPUTINGA,AV CAXANGA, ,533.0,CIDADE,ABALROAMENTO LONGITUDINAL,1.0,1.0,1.0,1.0,1.0,1.0,1.0,1.0,1.0,0.0,1.0,Longo da via,Bom,Não existe,Incompleta,Seca,Perfeito estado,R-6a,60 km/h,Dupla," , AV CAXANGA, Recife, Pernambuco, Brasil",-8.0311907,-34.956089
1855,2019-03-02 06:17:00,SEM VÍTIMA,IPUTINGA,RUA MAURICIO DE NASSAU,119,533.0,CIDADE,ABALROAMENTO TRANSVERSAL,2.0,1.0,1.0,1.0,1.0,1.0,1.0,1.0,1.0,0.0,1.0,Cruzamento,Bom,Não existe,Perfeito estado,Seca,Perfeito estado,R-6a,60 km/h,Dupla,"119, RUA MAURICIO DE NASSAU, Recife, Pernambuco, Brasil",-8.0258665,-34.8590022
3777,2019-04-29 12:15:00,SEM VÍTIMA,IPUTINGA,AV CAXANGA,3198,533.0,SUBURBIO,COLISÃO TRASEIRA,3.0,1.0,1.0,1.0,1.0,1.0,1.0,1.0,1.0,0.0,1.0,Longo da via,Bom,Não existe,Perfeito estado,Seca,Perfeito estado,Não há placas,60 km/h,Dupla,"3198, AV CAXANGA, Recife, Pernambuco, Brasil",-8.0426501,-34.9346965
5088,2019-06-11 02:26:00,SEM VÍTIMA,IPUTINGA,RUA PADRE DEHON, ,533.0,SUBURBIO,CHOQUE OBJETO FIXO,3.0,1.0,1.0,1.0,1.0,1.0,1.0,1.0,1.0,0.0,1.0,Longo da via,Bom,Não existe,Perfeito estado,Seca,Perfeito estado,Não há placas,60 km/h,Dupla," , RUA PADRE DEHON, Recife, Pernambuco, Brasil",-8.0329996,-34.9408083
9811,2019-11-04 08:41:00,COM VÍTIMA,IPUTINGA,AV CAXANGA,3650,8.0,SUBURBIO,ACID. DE PERCURSO,3.0,1.0,1.0,1.0,1.0,1.0,1.0,1.0,1.0,1.0,1.0,Longo da via,Chuvoso,Sem defeito,Perfeito estado,Molhada,Perfeito estado,R-6a,60 km/h,Dupla,"3650, AV CAXANGA, Recife, Pernambuco, Brasil",-8.0311337,-34.9558536
8769,2019-10-05 16:57:00,COM VÍTIMA,IPUTINGA,AV MAURICIO DE NASSAU,31,8.0,SUBURBIO,COLISÃO,1.0,1.0,1.0,1.0,1.0,1.0,1.0,1.0,1.0,1.0,1.0,Longo da via,Chuvoso,Sem defeito,Perfeito estado,Molhada,Perfeito estado,R-6a,60 km/h,Dupla,"31, AV MAURICIO DE NASSAU, Recife, Pernambuco, Brasil",-8.0358616,-34.9395149
8399,2019-09-26 08:05:00,SEM VÍTIMA,IPUTINGA,AV CAXANGA,4617,608.0,CIDADE,ABALROAMENTO LONGITUDINAL,1.0,1.0,1.0,1.0,1.0,1.0,1.0,1.0,1.0,0.0,1.0,Longo da via,Bom,Sem defeito,Perfeito estado,Seca,Perfeito estado,R-6a,60 km/h,Dupla,"4617, AV CAXANGA, Recife, Pernambuco, Brasil",-8.03709805,-34.94609977556751
5894,2019-07-08 10:10:00,SEM VÍTIMA,IPUTINGA,AV CAXANGA, ,608.0,CIDADE,COLISÃO,1.0,1.0,1.0,1.0,1.0,1.0,1.0,1.0,1.0,0.0,1.0,Longo da via,Bom,Sem defeito,Perfeito estado,Seca,Perfeito estado,R-6a,60 km/h,Dupla," , AV CAXANGA, Recife, Pernambuco, Brasil",-8.0311907,-34.956089
816,2019-01-31 17:26:00,SEM VÍTIMA,IPUTINGA,EST DO BARBALHO, ,533.0,CIDADE,COLISÃO TRASEIRA,2.0,1.0,1.0,1.0,1.0,1.0,1.0,1.0,1.0,0.0,1.0,Longo da via,Bom,Sem defeito,Perfeito estado,Seca,Perfeito estado,R-6a,60 km/h,Única," , EST DO BARBALHO, Recife, Pernambuco, Brasil",-8.0311907,-34.956089
5306,2019-06-17 18:38:00,SEM VÍTIMA,IPUTINGA,AV CAXANGA, ,533.0,CIDADE,CHOQUE VEÍCULO PARADO,1.0,1.0,1.0,1.0,1.0,1.0,1.0,1.0,1.0,0.0,1.0,Longo da via,Chuvoso,Não existe,Perfeito estado,Molhada,Perfeito estado,Não há placas,60 km/h,Única," , AV CAXANGA, Recife, Pernambuco, Brasil",-8.0311907,-34.956089
8859,2019-10-08 15:40:00,COM VÍTIMA,IPUTINGA,AV CAXANGA,3243,533.0,CIDADE,ABALROAMENTO LONGITUDINAL,1.0,1.0,1.0,1.0,1.0,1.0,1.0,1.0,1.0,1.0,1.0,Longo da via,Bom,Não existe,Perfeito estado,Seca,Perfeito estado,R-6a,60 km/h,Dupla,"3243, AV CAXANGA, Recife, Pernambuco, Brasil",-8.0428809,-34.9352851
3123,2019-04-09 11:44:00,SEM VÍTIMA,IPUTINGA,AV CAXANGA,3942,533.0,SUBURBIO,COLISÃO TRASEIRA,1.0,1.0,1.0,1.0,1.0,1.0,1.0,1.0,1.0,0.0,1.0,Longo da via,Bom,Não existe,Perfeito estado,Seca,Perfeito estado,R-6a,60 km/h,Dupla,"3942, AV CAXANGA, Recife, Pernambuco, Brasil",-8.0311337,-34.9558536
3105,2019-04-08 19:29:00,SEM VÍTIMA,IPUTINGA,RUA MAURICIO DE NASSAU, ,533.0,SUBURBIO,ABALROAMENTO TRANSVERSAL,2.0,1.0,1.0,1.0,1.0,1.0,1.0,1.0,1.0,0.0,1.0,Cruzamento,Bom,Não existe,Perfeito estado,Seca,Perfeito estado,Placas Pare,60 km/h,Dupla," , RUA MAURICIO DE NASSAU, Recife, Pernambuco, Brasil",-8.0258665,-34.8590022
3488,2019-04-20 16:49:00,SEM VÍTIMA,IPUTINGA,AV CAXANGA, ,533.0,CIDADE,COLISÃO TRASEIRA,1.0,1.0,1.0,1.0,1.0,1.0,1.0,1.0,1.0,0.0,1.0,Longo da via,Chuvoso,Não existe,Perfeito estado,Molhada,Perfeito estado,Não há placas,60 km/h,Dupla," , AV CAXANGA, Recife, Pernambuco, Brasil",-8.0311907,-34.956089
8978,2019-10-11 16:42:00,SEM VÍTIMA,IPUTINGA,RUA SANTA LUCIA,11,533.0,CIDADE,COLISÃO,1.0,1.0,1.0,1.0,1.0,1.0,1.0,1.0,1.0,0.0,1.0,Longo da via,Chuvoso,Não existe,Perfeito estado,Molhada,Perfeito estado,Não há placas,60 km/h,Dupla,"11, RUA SANTA LUCIA, Recife, Pernambuco, Brasil",-8.1086409,-34.9525277
6749,2019-08-06 18:42:00,SEM VÍTIMA,IPUTINGA,AV CAXANGA, ,533.0,SUBURBIO,ABALROAMENTO LONGITUDINAL,2.0,1.0,1.0,1.0,1.0,1.0,1.0,1.0,1.0,0.0,1.0,Longo da via,Bom,Não existe,Perfeito estado,Seca,Perfeito estado,Não há placas,60 km/h,Dupla," , AV CAXANGA, Recife, Pernambuco, Brasil",-8.0311907,-34.956089
11311,2019-12-10 15:13:00,COM VÍTIMA,IPUTINGA,EST DO BARBALHO,960,533.0,SUBURBIO,COLISÃO COM CICLISTA,1.0,1.0,1.0,1.0,1.0,1.0,1.0,1.0,1.0,1.0,1.0,Longo da via,Bom,Não existe,Não existente,Seca,Perfeito estado,Não há placas,60 km/h,Dupla,"960, EST DO BARBALHO, Recife, Pernambuco, Brasil",-8.0311907,-34.956089
8111,2019-09-17 14:45:00,COM VÍTIMA,IPUTINGA,RUA SAO MATEUS,1060,533.0,SUBURBIO,ABALROAMENTO TRANSVERSAL,1.0,1.0,1.0,1.0,1.0,1.0,1.0,1.0,1.0,1.0,1.0,Longo da via,Bom,Não existe,Incompleta,Seca,Mal conservada,Não há placas,60 km/h,Dupla,"1060, RUA SAO MATEUS, Recife, Pernambuco, Brasil",-8.0412795,-34.9368836
3526,2019-04-22 11:09:00,SEM VÍTIMA,IPUTINGA,RUA EMILIANO BRAGA,157,533.0,SUBURBIO,ABALROAMENTO TRANSVERSAL,2.0,1.0,1.0,1.0,1.0,1.0,1.0,1.0,1.0,0.0,1.0,Cruzamento,Bom,Não existe,Incompleta,Seca,Perfeito estado,Placas Pare,60 km/h,Dupla,"157, RUA EMILIANO BRAGA, Recife, Pernambuco, Brasil",-8.0367859,-34.9478425
1666,2019-02-25 13:47:00,SEM VÍTIMA,IPUTINGA,RUA MAURICIO DE NASSAU,576,533.0,CIDADE,COLISÃO TRASEIRA,1.0,1.0,1.0,1.0,1.0,1.0,1.0,1.0,1.0,0.0,1.0,Longo da via,Bom,Sem defeito,Perfeito estado,Seca,Perfeito estado,Outras,60 km/h,Dupla,"576, RUA MAURICIO DE NASSAU, Recife, Pernambuco, Brasil",-8.0258665,-34.8590022
11073,2019-12-05 11:24:00,SEM VÍTIMA,IPUTINGA,RUA SAO MATEUS,950,533.0,CIDADE,COLISÃO,1.0,1.0,1.0,1.0,1.0,1.0,1.0,1.0,1.0,0.0,1.0,Longo da via,Bom,Sem defeito,Perfeito estado,Seca,Perfeito estado,Outras,60 km/h,Dupla,"950, RUA SAO MATEUS, Recife, Pernambuco, Brasil",-8.0412795,-34.9368836
1186,2019-02-12 06:46:00,SEM VÍTIMA,IPUTINGA,AV CAXANGA,1921,533.0,CIDADE,COLISÃO TRASEIRA,3.0,1.0,1.0,1.0,1.0,1.0,1.0,1.0,1.0,0.0,1.0,Longo da via,Bom,Não existe,Perfeito estado,Seca,Perfeito estado,R-6a,60 km/h,Dupla,"1921, AV CAXANGA, Recife, Pernambuco, Brasil",-8.0488031,-34.9246604
3536,2019-04-22 17:06:00,SEM VÍTIMA,IPUTINGA,RUA MAURICIO DE NASSAU,110,533.0,CIDADE,ABALROAMENTO LONGITUDINAL,1.0,1.0,1.0,1.0,1.0,1.0,1.0,1.0,1.0,0.0,1.0,Longo da via,Bom,Não existe,Perfeito estado,Seca,Perfeito estado,Não há placas,60 km/h,Dupla,"110, RUA MAURICIO DE NASSAU, Recife, Pernambuco, Brasil",-8.0258665,-34.8590022
1668,2019-02-25 14:07:00,SEM VÍTIMA,IPUTINGA,AV CAXANGA, ,533.0,CIDADE,COLISÃO,2.0,1.0,1.0,1.0,1.0,1.0,1.0,1.0,1.0,0.0,1.0,Longo da via,Bom,Não existe,Perfeito estado,Seca,Perfeito estado,Não há placas,60 km/h,Dupla," , AV CAXANGA, Recife, Pernambuco, Brasil",-8.0311907,-34.956089
5525,2019-06-25 19:37:00,COM VÍTIMA,IPUTINGA,RUA LEAL DE BARROS,404,533.0,SUBURBIO,ABALROAMENTO TRANSVERSAL,1.0,1.0,1.0,1.0,1.0,1.0,1.0,1.0,1.0,1.0,1.0,Cruzamento,Bom,Não existe,Não existente,Seca,Perfeito estado,Não há placas,60 km/h,Dupla,"404, RUA LEAL DE BARROS, Recife, Pernambuco, Brasil",-8.0335913,-34.9278533
8106,2019-09-17 11:51:00,SEM VÍTIMA,IPUTINGA,AV PROFESSOR JOAQUIM CAVALCANTI,106,533.0,SUBURBIO,COLISÃO TRASEIRA,1.0,1.0,1.0,1.0,1.0,1.0,1.0,1.0,1.0,0.0,1.0,Cruzamento,Bom,Sem defeito,Perfeito estado,Seca,Perfeito estado,Não há placas,60 km/h,Única,"106, AV PROFESSOR JOAQUIM CAVALCANTI, Recife, Pernambuco, Brasil",-8.03876035,-34.941558050492226
1675,2019-02-25 18:11:00,SEM VÍTIMA,IPUTINGA,AV CAXANGA, ,533.0,SUBURBIO,ACID. DE PERCURSO,1.0,2.0,1.0,1.0,1.0,1.0,1.0,1.0,1.0,0.0,1.0,Cruzamento,Bom,Sem defeito,Perfeito estado,Seca,Perfeito estado,Não há placas,60 km/h,Única," , AV CAXANGA, Recife, Pernambuco, Brasil",-8.0311907,-34.956089
11096,2019-12-05 17:05:00,SEM VÍTIMA,IPUTINGA,AV MAURICIO DE NASSAU,434,246.0,CIDADE,ABALROAMENTO LONGITUDINAL,1.0,1.0,1.0,1.0,1.0,1.0,1.0,1.0,1.0,0.0,1.0,Longo da via,Bom,Sem defeito,Perfeito estado,Seca,Perfeito estado,Outras,60 km/h,Dupla,"434, AV MAURICIO DE NASSAU, Recife, Pernambuco, Brasil",-8.040333,-34.9277389
6684,2019-08-04 20:10:00,SEM VÍTIMA,IPUTINGA,AV CAXANGA,4251,246.0,SUBURBIO,COLISÃO TRASEIRA,2.0,1.0,1.0,1.0,1.0,1.0,1.0,1.0,1.0,0.0,1.0,Longo da via,Bom,Não existe,Perfeito estado,Seca,Perfeito estado,Não há placas,60 km/h,Dupla,"4251, AV CAXANGA, Recife, Pernambuco, Brasil",-8.03877625,-34.94334408637719
6541,2019-07-31 15:44:00,COM VÍTIMA,IPUTINGA,AV MAURICIO DE NASSAU,29,246.0,SUBURBIO,COLISÃO COM CICLISTA,1.0,1.0,1.0,1.0,1.0,1.0,1.0,1.0,1.0,1.0,1.0,Longo da via,Bom,Não existe,Perfeito estado,Seca,Perfeito estado,Não há placas,60 km/h,Dupla,"29, AV MAURICIO DE NASSAU, Recife, Pernambuco, Brasil",-8.040333,-34.9277389
6581,2019-08-01 16:16:00,SEM VÍTIMA,IPUTINGA,EST DO CAIARA,183A,246.0,SUBURBIO,ABALROAMENTO LONGITUDINAL,2.0,1.0,1.0,1.0,1.0,1.0,1.0,1.0,1.0,0.0,1.0,Longo da via,Bom,Não existe,Perfeito estado,Seca,Perfeito estado,Não há placas,60 km/h,Dupla,"183A, EST DO CAIARA, Recife, Pernambuco, Brasil",-8.040333,-34.9277389
10125,2019-11-11 18:01:00,COM VÍTIMA,IPUTINGA,RUA SAO MATEUS,182,246.0,SUBURBIO,ABALROAMENTO TRANSVERSAL,1.0,1.0,1.0,1.0,1.0,1.0,1.0,1.0,1.0,1.0,1.0,Longo da via,Bom,Não existe,Perfeito estado,Seca,Perfeito estado,Não há placas,60 km/h,Dupla,"182, RUA SAO MATEUS, Recife, Pernambuco, Brasil",-8.0412795,-34.9368836
3230,2019-04-12 08:22:00,SEM VÍTIMA,IPUTINGA,AV CAXANGA, ,246.0,CIDADE,COLISÃO TRASEIRA,1.0,1.0,1.0,1.0,1.0,1.0,1.0,1.0,1.0,0.0,1.0,Longo da via,Chuvoso,Sem defeito,Perfeito estado,Molhada,Perfeito estado,Outras,60 km/h,Única," , AV CAXANGA, Recife, Pernambuco, Brasil",-8.0311907,-34.956089
5360,2019-06-19 11:42:00,SEM VÍTIMA,IPUTINGA,RUA JACKSON DE FIGUEIREDO,174,246.0,SUBURBIO,ABALROAMENTO LONGITUDINAL,2.0,1.0,1.0,1.0,1.0,1.0,1.0,1.0,1.0,0.0,1.0,Longo da via,Bom,Não existe,Não existente,Seca,Mal conservada,Não há placas,60 km/h,Dupla,"174, RUA JACKSON DE FIGUEIREDO, Recife, Pernambuco, Brasil",-8.031574,-34.9313174
1419,2019-02-19 07:05:00,COM VÍTIMA,IPUTINGA,RUA MAURICIO DE NASSAU,193,246.0,CIDADE,COLISÃO COM CICLISTA,1.0,1.0,1.0,1.0,1.0,1.0,1.0,1.0,1.0,1.0,1.0,Longo da via,Bom,Não existe,Perfeito estado,Seca,Perfeito estado,Não há placas,60 km/h,Dupla,"193, RUA MAURICIO DE NASSAU, Recife, Pernambuco, Brasil",-8.0258665,-34.8590022
10193,2019-11-13 10:29:00,SEM VÍTIMA,IPUTINGA,AV CAXANGA, ,533.0,CIDADE,ABALROAMENTO TRANSVERSAL,1.0,1.0,1.0,1.0,1.0,1.0,1.0,1.0,1.0,0.0,1.0,Cruzamento,Bom,Sem defeito,Perfeito estado,Seca,Perfeito estado,Não há placas,60 km/h,Dupla," , AV CAXANGA, Recife, Pernambuco, Brasil",-8.0311907,-34.956089
5314,2019-06-18 08:20:00,SEM VÍTIMA,IPUTINGA,RUA OSVALDO GUIMARAES, ,533.0,SUBURBIO,ABALROAMENTO LONGITUDINAL,1.0,1.0,1.0,1.0,1.0,1.0,1.0,1.0,1.0,0.0,1.0,Longo da via,Chuvoso,Não existe,Não existente,Molhada,Perfeito estado,R-6a,60 km/h,Dupla," , RUA OSVALDO GUIMARAES, Recife, Pernambuco, Brasil",-8.0438262,-34.9413132
3393,2019-04-16 18:52:00,COM VÍTIMA,IPUTINGA,RUA N S DA SAUDE, ,533.0,SUBURBIO,ATROPELAMENTO,1.0,1.0,1.0,1.0,1.0,1.0,1.0,1.0,1.0,1.0,1.0,Longo da via,Chuvoso,Não existe,Não existente,Molhada,Perfeito estado,R-6a,60 km/h,Dupla," , RUA N S DA SAUDE, Recife, Pernambuco, Brasil",-8.0438262,-34.9413132
5348,2019-06-19 08:27:00,SEM VÍTIMA,IPUTINGA,AV CAXANGA, ,533.0,CID/SUB,COLISÃO TRASEIRA,2.0,1.0,1.0,1.0,1.0,1.0,1.0,1.0,1.0,0.0,1.0,Longo da via,Bom,Não existe,Perfeito estado,Seca,Perfeito estado,R-6a,60 km/h,Dupla," , AV CAXANGA, Recife, Pernambuco, Brasil",-8.0311907,-34.956089
1384,2019-02-17 20:14:00,COM VÍTIMA,IPUTINGA,EST DO BARBALHO, ,533.0,SUBURBIO,COLISÃO FRONTAL,1.0,1.0,1.0,1.0,1.0,1.0,1.0,1.0,1.0,2.0,1.0,Longo da via,Bom,Não existe,Perfeito estado,Seca,Perfeito estado,Não há placas,60 km/h,Dupla," , EST DO BARBALHO, Recife, Pernambuco, Brasil",-8.0311907,-34.956089
8940,2019-10-10 12:58:00,SEM VÍTIMA,IPUTINGA,AV CAXANGA, ,8.0,CIDADE,COLISÃO TRASEIRA,2.0,1.0,1.0,1.0,1.0,1.0,1.0,1.0,1.0,0.0,1.0,Cruzamento,Bom,Sem defeito,Perfeito estado,Seca,Perfeito estado,R-4b,60 km/h,Dupla," , AV CAXANGA, Recife, Pernambuco, Brasil",-8.0311907,-34.956089