,data_hora,natureza_acidente,bairro,endereco,numero,num_semaforo,sentido_via,tipo,auto,moto,ciclom,ciclista,pedestre,onibus,caminhao,viatura,outros,vitimas,vitimasfatais,acidente_verificado,tempo_clima,situacao_semaforo,sinalizacao,condicao_via,conservacao_via,situacao_placa,velocidade_max_via,mao_direcao,end,latitude,longitude
11247,2019-12-09 08:50:00,SEM VÍTIMA,IPUTINGA,AV CAXANGA, ,533.0,SUBURBIO,ABALROAMENTO LONGITUDINAL,2.0,1.0,1.0,1.0,1.0,1.0,1.0,1.0,1.0,0.0,1.0,Cruzamento,Bom,Sem defeito,Perfeito estado,Seca,Perfeito estado,R-4b,60 km/h,Dupla," , AV CAXANGA, Recife, Pernambuco, Brasil",-8.0311907,-34.956089
11111,2019-12-05 22:40:00,SEM VÍTIMA,IPUTINGA,AV CAXANGA,3917,533.0,CIDADE,ABALROAMENTO LONGITUDINAL,1.0,1.0,1.0,1.0,1.0,1.0,1.0,1.0,1.0,0.0,1.0,Longo da via,Bom,Não existe,Perfeito estado,Seca,Perfeito estado,R-4b,60 km/h,Única,"3917, AV CAXANGA, Recife, Pernambuco, Brasil",-8.0399364,-34.9406439
6661,2019-08-03 18:45:00,SEM VÍTIMA,IPUTINGA,RUA LEAL DE BARROS,320,533.0,CIDADE,COLISÃO,2.0,1.0,1.0,1.0,1.0,1.0,1.0,1.0,1.0,0.0,1.0,Longo da via,Bom,Não existe,Perfeito estado,Seca,Perfeito estado,R-4b,60 km/h,Única,"320, RUA LEAL DE BARROS, Recife, Pernambuco, Brasil",-8.0335913,-34.9278533
11261,2019-12-09 15:00:00,SEM VÍTIMA,IPUTINGA,EST DO BARBALHO, ,533.0,CIDADE,COLISÃO,1.0,1.0,1.0,1.0,1.0,1.0,1.0,1.0,1.0,0.0,1.0,Longo da via,Bom,Não existe,Perfeito estado,Seca,Perfeito estado,R-4b,60 km/h,Única," , EST DO BARBALHO, Recife, Pernambuco, Brasil",-8.0335913,-34.9278533
3203,2019-04-11 11:45:00,SEM VÍTIMA,IPUTINGA,EST DO BARBALHO,174,533.0,CIDADE,COLISÃO,2.0,1.0,1.0,1.0,1.0,1.0,1.0,1.0,1.0,0.0,1.0,Longo da via,Bom,Não existe,Perfeito estado,Seca,Perfeito estado,R-4b,60 km/h,Única,"174, EST DO BARBALHO, Recife, Pernambuco, Brasil",-8.0335913,-34.9278533
10311,2019-11-16 08:23:00,SEM VÍTIMA,IPUTINGA,RUA EMILIANO BRAGA, ,533.0,CIDADE,ABALROAMENTO LONGITUDINAL,1.0,1.0,1.0,1.0,1.0,1.0,1.0,1.0,1.0,0.0,1.0,Cruzamento,Bom,Não existe,Perfeito estado,Seca,Perfeito estado,Placas Pare,60 km/h,Única," , RUA EMILIANO BRAGA, Recife, Pernambuco, Brasil",-8.0384222,-34.945364
6803,2019-08-08 12:53:00,SEM VÍTIMA,IPUTINGA,AV MAURICIO DE NASSAU, ,533.0,CIDADE,COLISÃO TRASEIRA,2.0,1.0,1.0,1.0,1.0,1.0,1.0,1.0,1.0,0.0,1.0,Longo da via,Bom,Não existe,Incompleta,Seca,Perfeito estado,Não há placas,60 km/h,Dupla," , AV MAURICIO DE NASSAU, Recife, Pernambuco, Brasil",-8.040333,-34.9277389
3561,2019-04-23 11:17:00,SEM VÍTIMA,IPUTINGA,RUA MAURICEIA, ,533.0,CIDADE,COLISÃO TRASEIRA,2.0,1.0,1.0,1.0,1.0,1.0,1.0,1.0,1.0,0.0,1.0,Longo da via,Bom,Não existe,Perfeito estado,Seca,Perfeito estado,Placas Pare,60 km/h,Dupla," , RUA MAURICEIA, Recife, Pernambuco, Brasil",-8.0466491,-34.9407058
9923,2019-11-06 19:11:00,SEM VÍTIMA,IPUTINGA,AV LUIZ DE LACERDA,277,533.0,CIDADE,CHOQUE VEÍCULO PARADO,3.0,1.0,1.0,1.0,1.0,1.0,1.0,1.0,1.0,0.0,1.0,Longo da via,Bom,Não existe,Perfeito estado,Seca,Perfeito estado,Outras,60 km/h,Única,"277, AV LUIZ DE LACERDA, Recife, Pernambuco, Brasil",-8.0364151,-34.9441462
3005,2019-04-05 12:47:00,SEM VÍTIMA,IPUTINGA,RUA PADRE DEHON,215,533.0,CIDADE,CHOQUE VEÍCULO PARADO,1.0,1.0,1.0,1.0,1.0,1.0,1.0,1.0,1.0,0.0,1.0,Longo da via,Bom,Não existe,Incompleta,Seca,Perfeito estado,Não há placas,60 km/h,Dupla,"215, RUA PADRE DEHON, Recife, Pernambuco, Brasil",-8.03328,-34.9409801
6915,2019-08-11 16:54:00,SEM VÍTIMA,IPUTINGA,AV LUIZ DE LACERDA,55,533.0,SUBURBIO,ABALROAMENTO TRANSVERSAL,1.0,1.0,1.0,1.0,1.0,1.0,1.0,1.0,1.0,0.0,1.0,Cruzamento,Bom,Não existe,Perfeito estado,Seca,Perfeito estado,Placas Pare,60 km/h,Única,"55, AV LUIZ DE LACERDA, Recife, Pernambuco, Brasil",-8.0376054,-34.9431823
6927,2019-08-12 11:54:00,SEM VÍTIMA,IPUTINGA,RUA PADRE DEHON,285,533.0,SUBURBIO,ABALROAMENTO LONGITUDINAL,1.0,1.0,1.0,1.0,1.0,1.0,1.0,1.0,1.0,0.0,1.0,Cruzamento,Bom,Não existe,Incompleta,Seca,Perfeito estado,Não há placas,60 km/h,Dupla,"285, RUA PADRE DEHON, Recife, Pernambuco, Brasil",-8.0336908,-34.9414982
3002,2019-04-05 12:06:00,SEM VÍTIMA,IPUTINGA,EST DO BARBALHO, ,246.0,SUBURBIO,ABALROAMENTO TRANSVERSAL,1.0,1.0,1.0,1.0,1.0,1.0,1.0,1.0,1.0,0.0,1.0,Cruzamento,Bom,Sem defeito,Perfeito estado,Seca,Perfeito estado,Não há placas,40 km/h,Dupla," , EST DO BARBALHO, Recife, Pernambuco, Brasil",-8.0336908,-34.9414982
6938,2019-08-12 18:00:00,SEM VÍTIMA,IPUTINGA,AV CAXANGA, ,230.0,CIDADE,COLISÃO TRASEIRA,2.0,1.0,1.0,1.0,1.0,1.0,1.0,1.0,1.0,0.0,1.0,Longo da via,Bom,Sem defeito,Perfeito estado,Seca,Perfeito estado,Outras,60 km/h,Dupla," , AV CAXANGA, Recife, Pernambuco, Brasil",-8.0311907,-34.956089
3714,2019-04-27 12:22:00,COM VÍTIMA,IPUTINGA,RUA AMBROSIO MACHADO, ,134.0,CIDADE,COLISÃO,1.0,1.0,1.0,1.0,1.0,1.0,1.0,1.0,1.0,2.0,1.0,Longo da via,Bom,Sem defeito,Perfeito estado,Seca,Perfeito estado,Outras,60 km/h,Dupla," , RUA AMBROSIO MACHADO, Recife, Pernambuco, Brasil",-8.0449746,-34.9349911
3685,2019-04-26 16:44:00,SEM VÍTIMA,IPUTINGA,EST DO BARBALHO, ,134.0,SUBURBIO,ABALROAMENTO TRANSVERSAL,1.0,1.0,1.0,1.0,1.0,1.0,1.0,1.0,1.0,0.0,1.0,Cruzamento,Bom,Não existe,Ilegível,Seca,Perfeito estado,Placas Pare,60 km/h,Dupla," , EST DO BARBALHO, Recife, Pernambuco, Brasil",-8.0449746,-34.9349911
888,2019-02-03 13:44:00,COM VÍTIMA,IPUTINGA,RUA N S DA SAUDE,385,134.0,SUBURBIO,ABALROAMENTO TRANSVERSAL,1.0,2.0,1.0,1.0,1.0,1.0,1.0,1.0,1.0,2.0,1.0,Cruzamento,Bom,Não existe,Perfeito estado,Seca,Perfeito estado,Não há placas,60 km/h,Dupla,"385, RUA N S DA SAUDE, Recife, Pernambuco, Brasil",-8.0449746,-34.9349911
6290,2019-07-22 10:30:00,SEM VÍTIMA,IPUTINGA,AV CAXANGA,4038,533.0,SUBURBIO,COLISÃO TRASEIRA,2.0,2.0,1.0,1.0,1.0,1.0,1.0,1.0,1.0,0.0,1.0,Cruzamento,Bom,Sem defeito,Perfeito estado,Molhada,Perfeito estado,Não há placas,60 km/h,Dupla,"4038, AV CAXANGA, Recife, Pernambuco, Brasil",-8.03881745,-34.94145966445142
5648,2019-06-29 12:25:00,SEM VÍTIMA,IPUTINGA,RUA LINDOIA DO NORTE,85,533.0,SUBURBIO,ABALROAMENTO TRANSVERSAL,2.0,2.0,1.0,1.0,1.0,1.0,1.0,1.0,1.0,0.0,1.0,Cruzamento,Bom,Não existe,Incompleta,Seca,Perfeito estado,Não há placas,60 km/h,Dupla,"85, RUA LINDOIA DO NORTE, Recife, Pernambuco, Brasil",-8.0329996,-34.9408083
2998,2019-04-05 11:38:00,SEM VÍTIMA,IPUTINGA,RUA MARECHAL MANOEL LUIS OSORIO,495,533.0,SUBURBIO,ABALROAMENTO LONGITUDINAL,2.0,2.0,1.0,1.0,1.0,1.0,1.0,1.0,1.0,0.0,1.0,Cruzamento,Bom,Não existe,Não existente,Seca,Perfeito estado,Não há placas,60 km/h,Dupla,"495, RUA MARECHAL MANOEL LUIS OSORIO, Recife, Pernambuco, Brasil",-8.0414984,-34.9454343
852,2019-02-01 17:45:00,SEM VÍTIMA,IPUTINGA,RUA SAO MATEUS, ,533.0,SUBURBIO,COLISÃO TRASEIRA,2.0,2.0,1.0,1.0,1.0,1.0,1.0,1.0,1.0,0.0,1.0,Longo da via,Bom,Não existe,Não existente,Seca,Perfeito estado,Não há placas,60 km/h,Dupla," , RUA SAO MATEUS, Recife, Pernambuco, Brasil",-8.0412795,-34.9368836
5111,2019-06-11 17:46:00,SEM VÍTIMA,IPUTINGA,RUA EMILIANO BRAGA,186,533.0,SUBURBIO,ABALROAMENTO LONGITUDINAL,2.0,2.0,1.0,1.0,1.0,1.0,1.0,1.0,1.0,0.0,1.0,Longo da via,Bom,Não existe,Perfeito estado,Seca,Perfeito estado,Não há placas,60 km/h,Dupla,"186, RUA EMILIANO BRAGA, Recife, Pernambuco, Brasil",-8.0400847,-34.9419518
11530,2019-12-16 00:36:00,SEM VÍTIMA,IPUTINGA,AV HISTORIAD JORDAO EMERENCIANO, ,533.0,SUBURBIO,COLISÃO,1.0,1.0,1.0,1.0,1.0,1.0,1.0,1.0,1.0,0.0,1.0,Longo da via,Bom,Não existe,Perfeito estado,Seca,Perfeito estado,Não há placas,60 km/h,Dupla," , AV HISTORIAD JORDAO EMERENCIANO, Recife, Pernambuco, Brasil",-8.0400847,-34.9419518
5104,2019-06-11 13:10:00,SEM VÍTIMA,IPUTINGA,EST DO BARBALHO,236,533.0,SUBURBIO,COLISÃO,1.0,1.0,1.0,1.0,1.0,1.0,1.0,1.0,1.0,0.0,1.0,Longo da via,Bom,Não existe,Perfeito estado,Seca,Perfeito estado,Não há placas,60 km/h,Dupla,"236, EST DO BARBALHO, Recife, Pernambuco, Brasil",-8.0400847,-34.9419518
9067,2019-10-14 11:51:00,SEM VÍTIMA,IPUTINGA,AV CAXANGA, ,270.0,CIDADE,ABALROAMENTO LONGITUDINAL,1.0,1.0,1.0,1.0,1.0,1.0,1.0,1.0,1.0,0.0,1.0,Longo da via,Bom,Sem defeito,Perfeito estado,Seca,Perfeito estado,R-6a,60 km/h,Dupla," , AV CAXANGA, Recife, Pernambuco, Brasil",-8.0311907,-34.956089
1125,2019-02-10 13:00:00,COM VÍTIMA,IPUTINGA,RUA EMILIANO BRAGA,477,270.0,SUBURBIO,ABALROAMENTO LONGITUDINAL,1.0,1.0,1.0,1.0,1.0,1.0,1.0,1.0,1.0,1.0,1.0,Longo da via,Bom,Não existe,Perfeito estado,Seca,Perfeito estado,Placas Pare,30 km/h,Única,"477, RUA EMILIANO BRAGA, Recife, Pernambuco, Brasil",-8.0391681,-34.9444101
3670,2019-04-26 13:03:00,SEM VÍTIMA,IPUTINGA,AV CAXANGA, ,270.0,CIDADE,COLISÃO,1.0,1.0,1.0,1.0,1.0,1.0,1.0,1.0,1.0,0.0,1.0,Longo da via,Bom,Não existe,Perfeito estado,Seca,Perfeito estado,Placas Pare,30 km/h,Única," , AV CAXANGA, Recife, Pernambuco, Brasil",-8.0311907,-34.956089
5179,2019-06-13 11:07:00,SEM VÍTIMA,IPUTINGA,AV MAURICIO DE NASSAU,151,270.0,CIDADE,ABALROAMENTO LONGITUDINAL,1.0,1.0,1.0,1.0,1.0,1.0,1.0,1.0,1.0,0.0,1.0,Longo da via,Chuvoso,Não existe,Incompleta,Molhada,Perfeito estado,Outras,30 km/h,Dupla,"151, AV MAURICIO DE NASSAU, Recife, Pernambuco, Brasil",-8.0350945,-34.9410711
3564,2019-04-23 13:40:00,SEM VÍTIMA,IPUTINGA,EST DO BARBALHO,1630,270.0,SUBURBIO,ABALROAMENTO LONGITUDINAL,1.0,1.0,1.0,1.0,1.0,1.0,1.0,1.0,1.0,0.0,1.0,Cruzamento,Bom,Não existe,Não existente,Seca,Perfeito estado,Não há placas,30 km/h,Dupla,"1630, EST DO BARBALHO, Recife, Pernambuco, Brasil",-8.0350945,-34.9410711
10269,2019-11-14 16:08:00,SEM VÍTIMA,IPUTINGA,RUA SAO MATEUS, ,270.0,SUBURBIO,COLISÃO TRASEIRA,2.0,1.0,1.0,1.0,1.0,1.0,1.0,1.0,1.0,0.0,1.0,Cruzamento,Bom,Não existe,Ilegível,Seca,Perfeito estado,Não há placas,40 km/h,Dupla," , RUA SAO MATEUS, Recife, Pernambuco, Brasil",-8.0412795,-34.9368836
6394,2019-07-26 07:05:00,SEM VÍTIMA,IPUTINGA,EST DO BARBALHO, ,533.0,SUBURBIO,ABALROAMENTO LONGITUDINAL,1.0,1.0,1.0,1.0,1.0,1.0,1.0,1.0,1.0,0.0,1.0,Longo da via,Bom,Sem defeito,Perfeito estado,Seca,Perfeito estado,Não há placas,40 km/h,Dupla," , EST DO BARBALHO, Recife, Pernambuco, Brasil",-8.0412795,-34.9368836
6850,2019-08-09 14:19:00,SEM VÍTIMA,IPUTINGA,RUA MOTORISTA ANTONIO PAULINO DE LIMA,1600,533.0,SUBURBIO,COLISÃO,1.0,1.0,1.0,1.0,1.0,1.0,1.0,1.0,1.0,0.0,1.0,Longo da via,Bom,Sem defeito,Perfeito estado,Seca,Perfeito estado,Não há placas,40 km/h,Dupla,"1600, RUA MOTORISTA ANTONIO PAULINO DE LIMA, Recife, Pernambuco, Brasil",-8.0324094,-34.9378437
9025,2019-10-12 22:54:00,SEM VÍTIMA,IPUTINGA,AV CAXANGA, ,533.0,CIDADE,ABALROAMENTO LONGITUDINAL,2.0,1.0,1.0,1.0,1.0,1.0,1.0,1.0,1.0,0.0,1.0,Cruzamento,Bom,Sem defeito,Incompleta,Seca,Perfeito estado,Não há placas,60 km/h,Dupla," , AV CAXANGA, Recife, Pernambuco, Brasil",-8.0311907,-34.956089
3046,2019-04-06 19:28:00,SEM VÍTIMA,IPUTINGA,RUA BOM PASTOR,292,533.0,SUBURBIO,ABALROAMENTO TRANSVERSAL,2.0,1.0,1.0,1.0,1.0,1.0,1.0,1.0,1.0,0.0,1.0,Longo da via,Bom,Não existe,Perfeito estado,Seca,Perfeito estado,Não há placas,60 km/h,Dupla,"292, RUA BOM PASTOR, Recife, Pernambuco, Brasil",-8.0431447,-34.9394897
8813,2019-10-07 11:04:00,SEM VÍTIMA,IPUTINGA,RUA DR NINA RODRIGUES,159,533.0,SUBURBIO,ABALROAMENTO LONGITUDINAL,1.0,1.0,1.0,1.0,1.0,1.0,1.0,1.0,1.0,0.0,1.0,Longo da via,Bom,Não existe,Não existente,Seca,Perfeito estado,Não há placas,60 km/h,Dupla,"159, RUA DR NINA RODRIGUES, Recife, Pernambuco, Brasil",-8.0431447,-34.9394897
1743,2019-02-27 15:18:00,SEM VÍTIMA,IPUTINGA,AV CAXANGA,5362,533.0,SUBURBIO,ABALROAMENTO LONGITUDINAL,1.0,1.0,1.0,1.0,1.0,1.0,1.0,1.0,1.0,0.0,1.0,Longo da via,Bom,Não existe,Perfeito estado,Seca,Perfeito estado,Outras,60 km/h,Única,"5362, AV CAXANGA, Recife, Pernambuco, Brasil",-8.0337705,-34.9508252
8044,2019-09-16 07:55:00,SEM VÍTIMA,IPUTINGA,AV PROFESSOR JOAQUIM CAVALCANTI,7770,533.0,SUBURBIO,ABALROAMENTO LONGITUDINAL,2.0,1.0,1.0,1.0,1.0,1.0,1.0,1.0,1.0,0.0,1.0,Longo da via,Bom,Não existe,Perfeito estado,Seca,Perfeito estado,Outras,60 km/h,Única,"7770, AV PROFESSOR JOAQUIM CAVALCANTI, Recife, Pernambuco, Brasil",-8.0279506,-34.9430659
6350,2019-07-24 09:25:00,SEM VÍTIMA,IPUTINGA,RUA PEREIRA COUTINHO FILHO,727,533.0,SUBURBIO,ABALROAMENTO LONGITUDINAL,1.0,1.0,1.0,1.0,1.0,1.0,1.0,1.0,1.0,0.0,1.0,Cruzamento,Chuvoso,Não existe,Não existente,Molhada,Perfeito estado,Não há placas,60 km/h,Dupla,"727, RUA PEREIRA COUTINHO FILHO, Recife, Pernambuco, Brasil",-8.0373297,-34.9321105
5206,2019-06-14 11:32:00,SEM VÍTIMA,IPUTINGA,RUA SAO MATEUS,255,533.0,SUBURBIO,COLISÃO,1.0,1.0,1.0,1.0,1.0,1.0,2.0,1.0,1.0,0.0,1.0,Cruzamento,Chuvoso,Não existe,Não existente,Molhada,Perfeito estado,Não há placas,60 km/h,Dupla,"255, RUA SAO MATEUS, Recife, Pernambuco, Brasil",-8.0393774,-34.9364412
5598,2019-06-27 18:43:00,COM VÍTIMA,IPUTINGA,AV CAXANGA, ,270.0,CIDADE,ATROPELAMENTO,1.0,1.0,1.0,1.0,1.0,1.0,2.0,1.0,1.0,1.0,1.0,Longo da via,Bom,Sem defeito,Não existente,Seca,Mal conservada,R-6a,60 km/h,Única," , AV CAXANGA, Recife, Pernambuco, Brasil",-8.0311907,-34.956089
6872,2019-08-09 21:16:00,COM VÍTIMA,IPUTINGA,EST DO BARBALHO,183,270.0,CIDADE,COLISÃO,1.0,1.0,1.0,1.0,1.0,1.0,2.0,1.0,1.0,1.0,1.0,Longo da via,Bom,Sem defeito,Não existente,Seca,Mal conservada,R-6a,60 km/h,Única,"183, EST DO BARBALHO, Recife, Pernambuco, Brasil",-8.0311907,-34.956089
11451,2019-12-13 13:17:00,SEM VÍTIMA,IPUTINGA,AV CAXANGA,3967,533.0,CIDADE,COLISÃO TRASEIRA,1.0,1.0,1.0,1.0,1.0,1.0,2.0,1.0,1.0,0.0,1.0,Longo da via,Bom,Sem defeito,Perfeito estado,Seca,Perfeito estado,Outras,60 km/h,Dupla,"3967, AV CAXANGA, Recife, Pernambuco, Brasil",-8.0397415,-34.9410162
982,2019-02-06 09:39:00,COM VÍTIMA,IPUTINGA,EST DO BARBALHO,2471,533.0,CIDADE,COLISÃO COM CICLISTA,1.0,1.0,1.0,1.0,1.0,1.0,2.0,1.0,1.0,1.0,1.0,Esquina,Chuvoso,Não existe,Não existente,Molhada,Perfeito estado,Não há placas,60 km/h,Única,"2471, EST DO BARBALHO, Recife, Pernambuco, Brasil",-8.0397415,-34.9410162
6899,2019-08-10 22:34:00,SEM VÍTIMA,IPUTINGA,AV MAURICIO DE NASSAU, ,239.0,CIDADE,ABALROAMENTO LONGITUDINAL,2.0,1.0,1.0,1.0,1.0,1.0,2.0,1.0,1.0,0.0,1.0,Longo da via,Bom,Sem defeito,Perfeito estado,Seca,Perfeito estado,Não há placas,60 km/h,Dupla," , AV MAURICIO DE NASSAU, Recife, Pernambuco, Brasil",-8.040333,-34.9277389
5577,2019-06-27 09:53:00,SEM VÍTIMA,IPUTINGA,RUA SAO MATEUS, ,239.0,SUBURBIO,ABALROAMENTO TRANSVERSAL,2.0,1.0,1.0,1.0,1.0,1.0,2.0,1.0,1.0,0.0,1.0,Cruzamento,Bom,Não existe,Perfeito estado,Seca,Perfeito estado,Placas Pare,60 km/h,Única," , RUA SAO MATEUS, Recife, Pernambuco, Brasil",-8.0412795,-34.9368836
2927,2019-04-03 14:43:00,SEM VÍTIMA,IPUTINGA,AV CAXANGA, ,239.0,CIDADE,ABALROAMENTO LONGITUDINAL,2.0,1.0,1.0,1.0,1.0,1.0,2.0,1.0,1.0,0.0,1.0,Longo da via,Bom,Não existe,Não existente,Seca,Mal conservada,Não há placas,60 km/h,Dupla," , AV CAXANGA, Recife, Pernambuco, Brasil",-8.0311907,-34.956089
1876,2019-03-02 19:53:00,COM VÍTIMA,IPUTINGA,RUA ENGENHEIRO MOACYR PARAHYBA,179,239.0,SUBURBIO,COLISÃO FRONTAL,2.0,1.0,1.0,1.0,1.0,1.0,2.0,1.0,1.0,1.0,1.0,Longo da via,Bom,Não existe,Incompleta,Seca,Mal iluminada,Não há placas,60 km/h,Dupla,"179, RUA ENGENHEIRO MOACYR PARAHYBA, Recife, Pernambuco, Brasil",-8.0366928,-34.9396667
4216,2019-05-14 10:09:00,COM VÍTIMA,IPUTINGA,AV CAXANGA,3124,239.0,SUBURBIO,ATROPELAMENTO,2.0,1.0,1.0,1.0,1.0,1.0,2.0,1.0,1.0,1.0,1.0,Longo da via,Bom,Sem defeito,Perfeito estado,Seca,Perfeito estado,Outras,60 km/h,Única,"3124, AV CAXANGA, Recife, Pernambuco, Brasil",-8.0429248,-34.9341823
7310,2019-08-23 13:27:00,SEM VÍTIMA,IPUTINGA,RUA EMILIANO BRAGA,584,239.0,SUBURBIO,COLISÃO,2.0,1.0,1.0,1.0,1.0,1.0,2.0,1.0,1.0,0.0,1.0,Longo da via,Bom,Sem defeito,Perfeito estado,Seca,Perfeito estado,Outras,60 km/h,Única,"584, RUA EMILIANO BRAGA, Recife, Pernambuco, Brasil",-8.0383413,-34.9450664
131,2019-01-06 20:17:00,SEM VÍTIMA,IPUTINGA,AV CAXANGA, ,239.0,SUBURBIO,ABALROAMENTO LONGITUDINAL,1.0,1.0,1.0,1.0,1.0,1.0,2.0,1.0,1.0,0.0,1.0,Longo da via,Bom,Não existe,Perfeito estado,Seca,Perfeito estado,Não há placas,60 km/h,Única," , AV CAXANGA, Recife, Pernambuco, Brasil",-8.0311907,-34.956089
6055,2019-07-13 16:31:00,COM VÍTIMA,IPUTINGA,AV CAXANGA,4251,239.0,CIDADE,ABALROAMENTO LONGITUDINAL,1.0,1.0,1.0,1.0,1.0,1.0,2.0,1.0,1.0,1.0,1.0,Longo da via,Bom,Sem defeito,Perfeito estado,Seca,Perfeito estado,Outras,60 km/h,Dupla,"4251, AV CAXANGA, Recife, Pernambuco, Brasil",-8.03877625,-34.94334408637719
8496,2019-09-28 20:30:00,SEM VÍTIMA,IPUTINGA,RUA PROFESSOR CHAVES BATISTA, ,239.0,CIDADE,COLISÃO,2.0,1.0,1.0,1.0,1.0,1.0,2.0,1.0,1.0,0.0,1.0,Longo da via,Bom,Sem defeito,Perfeito estado,Seca,Perfeito estado,Outras,60 km/h,Dupla," , RUA PROFESSOR CHAVES BATISTA, Recife, Pernambuco, Brasil",-8.0382449,-34.9446753
4158,2019-05-12 01:07:00,SEM VÍTIMA,IPUTINGA,AV MAURICIO DE NASSAU,502,239.0,SUBURBIO,CHOQUE VEÍCULO PARADO,2.0,1.0,1.0,1.0,1.0,1.0,2.0,1.0,1.0,0.0,1.0,Longo da via,Bom,Não existe,Perfeito estado,Seca,Perfeito estado,Outras,60 km/h,Dupla,"502, AV MAURICIO DE NASSAU, Recife, Pernambuco, Brasil",-8.040333,-34.9277389
10441,2019-11-20 10:57:00,SEM VÍTIMA,IPUTINGA,RUA EMILIANO BRAGA,510,239.0,SUBURBIO,ABALROAMENTO LONGITUDINAL,1.0,1.0,1.0,1.0,1.0,1.0,2.0,1.0,1.0,0.0,1.0,Cruzamento,Bom,Não existe,Perfeito estado,Seca,Perfeito estado,Placas Pare,30 km/h,Única,"510, RUA EMILIANO BRAGA, Recife, Pernambuco, Brasil",-8.0386248,-34.9445653
10440,2019-11-20 10:57:00,SEM VÍTIMA,IPUTINGA,AV LUIZ DE LACERDA,69,239.0,SUBURBIO,ABALROAMENTO LONGITUDINAL,2.0,1.0,1.0,1.0,1.0,1.0,2.0,1.0,1.0,0.0,1.0,Longo da via,Bom,Não existe,Perfeito estado,Seca,Perfeito estado,Placas Pare,30 km/h,Única,"69, AV LUIZ DE LACERDA, Recife, Pernambuco, Brasil",-8.0363163,-34.9448385
7494,2019-08-30 08:58:00,SEM VÍTIMA,IPUTINGA,AV PROFESSOR JOAQUIM CAVALCANTI,278,239.0,SUBURBIO,COLISÃO,1.0,1.0,1.0,1.0,1.0,1.0,1.0,1.0,1.0,0.0,1.0,Longo da via,Bom,Não existe,Perfeito estado,Seca,Perfeito estado,Placas Pare,30 km/h,Única,"278, AV PROFESSOR JOAQUIM CAVALCANTI, Recife, Pernambuco, Brasil",-8.0279506,-34.9430659
9516,2019-10-26 20:48:00,COM VÍTIMA,IPUTINGA,RUA DES OSCAR COUTINHO, ,239.0,SUBURBIO,ABALROAMENTO TRANSVERSAL,1.0,1.0,1.0,1.0,1.0,1.0,1.0,1.0,1.0,2.0,1.0,Longo da via,Bom,Não existe,Não existente,Seca,Perfeito estado,Não há placas,30 km/h,Dupla," , RUA DES OSCAR COUTINHO, Recife, Pernambuco, Brasil",-8.0279506,-34.9430659
395,2019-01-15 17:06:00,SEM VÍTIMA,IPUTINGA,RUA SAO MATEUS,223,239.0,CIDADE,ABALROAMENTO LONGITUDINAL,2.0,1.0,1.0,1.0,1.0,1.0,1.0,1.0,1.0,0.0,1.0,Longo da via,Bom,Não existe,Perfeito estado,Seca,Perfeito estado,Não há placas,40 km/h,Dupla,"223, RUA SAO MATEUS, Recife, Pernambuco, Brasil",-8.0396613,-34.9364963
9264,2019-10-18 21:16:00,COM VÍTIMA,IPUTINGA,RUA N S DA SAUDE,551,88.0,SUBURBIO,ABALROAMENTO TRANSVERSAL,2.0,1.0,1.0,1.0,1.0,1.0,1.0,1.0,1.0,1.0,1.0,Cruzamento,Chuvoso,Sem defeito,Perfeito estado,Molhada,Perfeito estado,Outras,40 km/h,Dupla,"551, RUA N S DA SAUDE, Recife, Pernambuco, Brasil",-8.0396613,-34.9364963
6061,2019-07-13 20:11:00,SEM VÍTIMA,IPUTINGA,AV CAXANGA, ,88.0,SUBURBIO,COLISÃO TRASEIRA,2.0,1.0,1.0,1.0,1.0,1.0,1.0,1.0,1.0,0.0,1.0,Longo da via,Chuvoso,Não existe,Perfeito estado,Molhada,Perfeito estado,R-6a,40 km/h,Dupla," , AV CAXANGA, Recife, Pernambuco, Brasil",-8.0311907,-34.956089
6070,2019-07-14 02:08:00,SEM VÍTIMA,IPUTINGA,AV PROFESSOR MORAES REGO, ,88.0,CIDADE,ABALROAMENTO LONGITUDINAL,2.0,1.0,1.0,1.0,1.0,1.0,1.0,1.0,1.0,0.0,1.0,Longo da via,Chuvoso,Não existe,Incompleta,Molhada,Mal iluminada,Não há placas,40 km/h,Única," , AV PROFESSOR MORAES REGO, Recife, Pernambuco, Brasil",-8.0389556,-34.9420466
2552,2019-03-23 01:32:00,SEM VÍTIMA,IPUTINGA,AV CAXANGA, ,88.0,SUBURBIO,ABALROAMENTO LONGITUDINAL,2.0,1.0,1.0,1.0,1.0,1.0,1.0,1.0,1.0,0.0,1.0,Longo da via,Bom,Sem defeito,Perfeito estado,Seca,Perfeito estado,Outras,40 km/h,Única," , AV CAXANGA, Recife, Pernambuco, Brasil",-8.0311907,-34.956089
11973,2019-12-27 15:24:00,SEM VÍTIMA,IPUTINGA,RUA OSVALDO GUIMARAES,410,88.0,SUBURBIO,ABALROAMENTO LONGITUDINAL,2.0,1.0,1.0,1.0,1.0,1.0,1.0,1.0,1.0,0.0,1.0,Cruzamento,Bom,Não existe,Perfeito estado,Seca,Perfeito estado,Não há placas,40 km/h,Dupla,"410, RUA OSVALDO GUIMARAES, Recife, Pernambuco, Brasil",-8.0438262,-34.9413132