,data_hora,natureza_acidente,bairro,endereco,numero,num_semaforo,sentido_via,tipo,auto,moto,ciclom,ciclista,pedestre,onibus,caminhao,viatura,outros,vitimas,vitimasfatais,acidente_verificado,tempo_clima,situacao_semaforo,sinalizacao,condicao_via,conservacao_via,situacao_placa,velocidade_max_via,mao_direcao,end,latitude,longitude
9368,2019-10-22 14:01:00,SEM VÍTIMA,IPUTINGA,AV CAXANGA,3489,229.0,CIDADE,COLISÃO TRASEIRA,2.0,1.0,1.0,1.0,1.0,1.0,1.0,1.0,1.0,0.0,1.0,Cruzamento,Bom,Sem defeito,Perfeito estado,Seca,Perfeito estado,R-6a,40 km/h,Dupla,"3489, AV CAXANGA, Recife, Pernambuco, Brasil",-8.0417902,-34.9372184
5744,2019-07-02 17:52:00,SEM VÍTIMA,IPUTINGA,AV PROFESSOR MORAES REGO, ,229.0,SUBURBIO,ABALROAMENTO LONGITUDINAL,1.0,1.0,1.0,1.0,1.0,1.0,1.0,1.0,1.0,0.0,1.0,Longo da via,Bom,Não existe,Perfeito estado,Seca,Perfeito estado,Outras,40 km/h,Dupla," , AV PROFESSOR MORAES REGO, Recife, Pernambuco, Brasil",-8.0389556,-34.9420466
4101,2019-05-10 09:16:00,SEM VÍTIMA,IPUTINGA,AV MAURICIO DE NASSAU,155,229.0,SUBURBIO,COLISÃO,1.0,1.0,1.0,1.0,1.0,1.0,1.0,1.0,1.0,0.0,1.0,Longo da via,Bom,Não existe,Perfeito estado,Seca,Perfeito estado,Outras,40 km/h,Dupla,"155, AV MAURICIO DE NASSAU, Recife, Pernambuco, Brasil",-8.0350742,-34.9411915
4100,2019-05-10 09:11:00,SEM VÍTIMA,IPUTINGA,AV MAURICIO DE NASSAU,155,229.0,CIDADE,ABALROAMENTO LONGITUDINAL,1.0,1.0,1.0,1.0,1.0,1.0,1.0,1.0,1.0,0.0,1.0,Longo da via,Bom,Não existe,Ilegível,Seca,Perfeito estado,Outras,40 km/h,Dupla,"155, AV MAURICIO DE NASSAU, Recife, Pernambuco, Brasil",-8.0350742,-34.9411915
7508,2019-08-30 13:45:00,SEM VÍTIMA,IPUTINGA,RUA MAURICEIA, ,229.0,CIDADE,COLISÃO TRASEIRA,2.0,1.0,1.0,1.0,1.0,1.0,1.0,1.0,1.0,0.0,1.0,Longo da via,Bom,Não existe,Perfeito estado,Seca,Perfeito estado,R-6a,30 km/h,Dupla," , RUA MAURICEIA, Recife, Pernambuco, Brasil",-8.0466491,-34.9407058
7799,2019-09-09 12:37:00,SEM VÍTIMA,IPUTINGA,AV CAXANGA, ,333.0,SUBURBIO,ABALROAMENTO LONGITUDINAL,2.0,1.0,1.0,1.0,1.0,1.0,1.0,1.0,1.0,0.0,1.0,Longo da via,Bom,Sem defeito,Perfeito estado,Seca,Perfeito estado,R-6a,30 km/h,Dupla," , AV CAXANGA, Recife, Pernambuco, Brasil",-8.0311907,-34.956089
9673,2019-10-31 06:57:00,COM VÍTIMA,IPUTINGA,RUA LEAL DE BARROS,404,333.0,SUBURBIO,ABALROAMENTO TRANSVERSAL,1.0,1.0,1.0,1.0,1.0,1.0,1.0,1.0,1.0,1.0,1.0,Cruzamento,Bom,Não existe,Não existente,Seca,Perfeito estado,Não há placas,30 km/h,Dupla,"404, RUA LEAL DE BARROS, Recife, Pernambuco, Brasil",-8.0335913,-34.9278533
7515,2019-08-30 17:05:00,COM VÍTIMA,IPUTINGA,RUA TERRA GRANDE, ,333.0,CIDADE,COLISÃO FRONTAL,1.0,1.0,1.0,1.0,1.0,1.0,1.0,1.0,1.0,1.0,1.0,Longo da via,Bom,Não existe,Incompleta,Seca,Mal iluminada,Não há placas,30 km/h,Dupla," , RUA TERRA GRANDE, Recife, Pernambuco, Brasil",-8.0322015,-34.940929
9681,2019-10-31 08:42:00,SEM VÍTIMA,IPUTINGA,AV INACIO MONTEIRO,717,333.0,CIDADE,CHOQUE OBJETO FIXO,1.0,1.0,1.0,1.0,1.0,1.0,1.0,1.0,1.0,0.0,1.0,Longo da via,Bom,Não existe,Perfeito estado,Seca,Perfeito estado,R-34,30 km/h,Dupla,"717, AV INACIO MONTEIRO, Recife, Pernambuco, Brasil",-8.05032,-34.9323096
9232,2019-10-18 09:12:00,SEM VÍTIMA,IPUTINGA,RUA PROFESSOR JULIO OLIVEIRA,7770,333.0,CIDADE,ABALROAMENTO LONGITUDINAL,1.0,1.0,1.0,1.0,1.0,1.0,1.0,1.0,1.0,0.0,1.0,Cruzamento,Chuvoso,Não existe,Incompleta,Molhada,Perfeito estado,Outras,30 km/h,Única,"7770, RUA PROFESSOR JULIO OLIVEIRA, Recife, Pernambuco, Brasil",-8.0371573,-34.9424458
4066,2019-05-08 23:48:00,SEM VÍTIMA,IPUTINGA,AV LUIZ DE LACERDA, ,333.0,SUBURBIO,ABALROAMENTO LONGITUDINAL,2.0,1.0,1.0,1.0,1.0,1.0,1.0,1.0,1.0,0.0,1.0,Longo da via,Chuvoso,Não existe,Incompleta,Molhada,Perfeito estado,Outras,30 km/h,Única," , AV LUIZ DE LACERDA, Recife, Pernambuco, Brasil",-8.0378246,-34.9429721
473,2019-01-19 09:42:00,SEM VÍTIMA,IPUTINGA,RUA BOM PASTOR, ,333.0,SUBURBIO,COLISÃO,2.0,1.0,1.0,1.0,1.0,1.0,1.0,1.0,1.0,0.0,1.0,Longo da via,Chuvoso,Não existe,Incompleta,Molhada,Perfeito estado,Outras,30 km/h,Única," , RUA BOM PASTOR, Recife, Pernambuco, Brasil",-8.0460345,-34.9401927
7529,2019-08-31 11:51:00,COM VÍTIMA,IPUTINGA,AV CAXANGA,3942,533.0,CAMARAGIBE,ABALROAMENTO TRANSVERSAL,1.0,1.0,1.0,1.0,1.0,1.0,1.0,1.0,1.0,1.0,1.0,Cruzamento,Bom,Sem defeito,Perfeito estado,Seca,Perfeito estado,Outras,30 km/h,Dupla,"3942, AV CAXANGA, Recife, Pernambuco, Brasil",-8.0311337,-34.9558536
4398,2019-05-20 07:48:00,SEM VÍTIMA,IPUTINGA,AV PROFESSOR JOAQUIM CAVALCANTI,106,533.0,CAMARAGIBE,COLISÃO TRASEIRA,2.0,1.0,1.0,1.0,1.0,1.0,1.0,1.0,1.0,0.0,1.0,Longo da via,Bom,Não existe,Não existente,Seca,Perfeito estado,Não há placas,60 km/h,Dupla,"106, AV PROFESSOR JOAQUIM CAVALCANTI, Recife, Pernambuco, Brasil",-8.03876035,-34.941558050492226
8630,2019-10-02 15:40:00,SEM VÍTIMA,IPUTINGA,AV PROFESSOR JOAQUIM CAVALCANTI, ,533.0,CAMARAGIBE,ABALROAMENTO LONGITUDINAL,1.0,1.0,1.0,1.0,1.0,1.0,1.0,1.0,1.0,0.0,1.0,Longo da via,Bom,Não existe,Perfeito estado,Seca,Perfeito estado,Não há placas,60 km/h,Dupla," , AV PROFESSOR JOAQUIM CAVALCANTI, Recife, Pernambuco, Brasil",-8.0282343,-34.942978
10659,2019-11-25 22:03:00,SEM VÍTIMA,IPUTINGA,EST DO BARBALHO,1135,533.0,SUBURBIO,CHOQUE VEÍCULO PARADO,2.0,1.0,1.0,1.0,1.0,1.0,1.0,1.0,1.0,0.0,1.0,Longo da via,Bom,Não existe,Incompleta,Seca,Perfeito estado,Não há placas,40 km/h,Dupla,"1135, EST DO BARBALHO, Recife, Pernambuco, Brasil",-8.0282343,-34.942978
4171,2019-05-12 18:13:00,SEM VÍTIMA,IPUTINGA,RUA GASPAR PEREZ,311,533.0,SUBURBIO,COLISÃO,1.0,1.0,1.0,1.0,1.0,1.0,1.0,1.0,1.0,0.0,1.0,Longo da via,Bom,Não existe,Incompleta,Seca,Perfeito estado,Não há placas,40 km/h,Dupla,"311, RUA GASPAR PEREZ, Recife, Pernambuco, Brasil",-8.0426895,-34.9409153
7312,2019-08-23 14:50:00,SEM VÍTIMA,IPUTINGA,RUA RIBEIRO PESSOA,10C,533.0,SUBURBIO,COLISÃO,2.0,1.0,1.0,1.0,1.0,1.0,1.0,1.0,1.0,0.0,1.0,Longo da via,Bom,Não existe,Incompleta,Seca,Perfeito estado,Não há placas,40 km/h,Dupla,"10C, RUA RIBEIRO PESSOA, Recife, Pernambuco, Brasil",-8.0264714,-34.9568824
7454,2019-08-29 09:49:00,SEM VÍTIMA,IPUTINGA,RUA MARECHAL MANOEL LUIS OSORIO,314,533.0,SUBURBIO,ABALROAMENTO LONGITUDINAL,2.0,1.0,1.0,1.0,1.0,1.0,1.0,1.0,1.0,0.0,1.0,Longo da via,Bom,Não existe,Perfeito estado,Seca,Perfeito estado,Outras,40 km/h,Dupla,"314, RUA MARECHAL MANOEL LUIS OSORIO, Recife, Pernambuco, Brasil",-8.041505,-34.9446807
4295,2019-05-16 13:42:00,SEM VÍTIMA,IPUTINGA,AV MAURICIO DE NASSAU, ,533.0,CIDADE,COLISÃO TRASEIRA,2.0,1.0,1.0,1.0,1.0,1.0,1.0,1.0,1.0,0.0,1.0,Longo da via,Bom,Não existe,Perfeito estado,Seca,Perfeito estado,Não há placas,40 km/h,Dupla," , AV MAURICIO DE NASSAU, Recife, Pernambuco, Brasil",-8.040333,-34.9277389
7683,2019-09-05 08:53:00,SEM VÍTIMA,IPUTINGA,AV CAXANGA, ,533.0,CIDADE,COLISÃO TRASEIRA,1.0,1.0,1.0,1.0,1.0,1.0,1.0,1.0,1.0,0.0,1.0,Longo da via,Bom,Não existe,Perfeito estado,Seca,Perfeito estado,R-6a,40 km/h,Dupla," , AV CAXANGA, Recife, Pernambuco, Brasil",-8.0311907,-34.956089
5977,2019-07-11 08:05:00,SEM VÍTIMA,IPUTINGA,RUA SAO MATEUS,1160,533.0,CIDADE,ABALROAMENTO TRANSVERSAL,1.0,1.0,1.0,1.0,1.0,1.0,1.0,1.0,1.0,0.0,1.0,Cruzamento,Bom,Não existe,Perfeito estado,Seca,Perfeito estado,R-6a,40 km/h,Dupla,"1160, RUA SAO MATEUS, Recife, Pernambuco, Brasil",-8.0412795,-34.9368836
4282,2019-05-16 08:34:00,SEM VÍTIMA,IPUTINGA,EST DO BARBALHO, ,533.0,SUBURBIO,ABALROAMENTO TRANSVERSAL,1.0,1.0,1.0,1.0,1.0,1.0,1.0,1.0,1.0,0.0,1.0,Longo da via,Bom,Não existe,Não existente,Seca,Perfeito estado,Não há placas,40 km/h,Dupla," , EST DO BARBALHO, Recife, Pernambuco, Brasil",-8.0412795,-34.9368836
2650,2019-03-26 14:34:00,SEM VÍTIMA,IPUTINGA,AV JORNALISTA POSSIDONIO CAVALCANTI BASTOS,675,533.0,SUBURBIO,ABALROAMENTO LONGITUDINAL,1.0,1.0,1.0,1.0,1.0,1.0,1.0,1.0,1.0,0.0,1.0,Longo da via,Chuvoso,Não existe,Não existente,Molhada,Perfeito estado,Não há placas,40 km/h,Dupla,"675, AV JORNALISTA POSSIDONIO CAVALCANTI BASTOS, Recife, Pernambuco, Brasil",-8.0295691,-34.9316764
221,2019-01-09 19:35:00,SEM VÍTIMA,IPUTINGA,AV CAXANGA,3621,8.0,CIDADE,ABALROAMENTO LONGITUDINAL,1.0,1.0,1.0,1.0,1.0,1.0,1.0,1.0,1.0,0.0,1.0,Longo da via,Bom,Não existe,Perfeito estado,Seca,Perfeito estado,Outras,40 km/h,Única,"3621, AV CAXANGA, Recife, Pernambuco, Brasil",-8.0411982,-34.9383324
4636,2019-05-28 01:23:00,SEM VÍTIMA,IPUTINGA,RUA DES OSCAR COUTINHO,35,8.0,SUBURBIO,CHOQUE VEÍCULO PARADO,2.0,1.0,1.0,1.0,1.0,1.0,1.0,1.0,1.0,0.0,1.0,Longo da via,Bom,Não existe,Não existente,Seca,Perfeito estado,Não há placas,40 km/h,Dupla,"35, RUA DES OSCAR COUTINHO, Recife, Pernambuco, Brasil",-8.0411982,-34.9383324
11937,2019-12-26 16:07:00,SEM VÍTIMA,IPUTINGA,AV CAXANGA, ,8.0,SUBURBIO,ABALROAMENTO LONGITUDINAL,1.0,1.0,1.0,1.0,1.0,1.0,1.0,1.0,1.0,0.0,1.0,Longo da via,Bom,Não existe,Não existente,Seca,Perfeito estado,Não há placas,40 km/h,Dupla," , AV CAXANGA, Recife, Pernambuco, Brasil",-8.0311907,-34.956089
5822,2019-07-05 10:25:00,SEM VÍTIMA,IPUTINGA,RUA LEAL DE BARROS,15,8.0,SUBURBIO,ABALROAMENTO TRANSVERSAL,1.0,1.0,1.0,1.0,1.0,1.0,1.0,1.0,1.0,0.0,1.0,Cruzamento,Bom,Não existe,Não existente,Seca,Perfeito estado,Outras,40 km/h,Dupla,"15, RUA LEAL DE BARROS, Recife, Pernambuco, Brasil",-8.0335913,-34.9278533
7673,2019-09-04 18:41:00,SEM VÍTIMA,IPUTINGA,RUA EMILIANO BRAGA, ,8.0,SUBURBIO,ABALROAMENTO LONGITUDINAL,1.0,1.0,1.0,1.0,1.0,1.0,1.0,1.0,1.0,0.0,1.0,Longo da via,Bom,Não existe,Perfeito estado,Molhada,Perfeito estado,Placas Pare,40 km/h,Única," , RUA EMILIANO BRAGA, Recife, Pernambuco, Brasil",-8.0384222,-34.945364
4250,2019-05-15 07:25:00,SEM VÍTIMA,IPUTINGA,RUA PAUL HARRIS,53,8.0,SUBURBIO,COLISÃO TRASEIRA,2.0,1.0,1.0,1.0,1.0,1.0,1.0,1.0,1.0,0.0,1.0,Longo da via,Bom,Não existe,Perfeito estado,Seca,Perfeito estado,R-6a,40 km/h,Única,"53, RUA PAUL HARRIS, Recife, Pernambuco, Brasil",-8.0371053,-34.9443274
10500,2019-11-21 14:54:00,SEM VÍTIMA,IPUTINGA,AV CAXANGA, ,8.0,SUBURBIO,COLISÃO TRASEIRA,3.0,1.0,1.0,1.0,1.0,1.0,1.0,1.0,1.0,0.0,1.0,Longo da via,Bom,Não existe,Perfeito estado,Seca,Perfeito estado,R-6a,40 km/h,Dupla," , AV CAXANGA, Recife, Pernambuco, Brasil",-8.0311907,-34.956089
244,2019-01-10 13:57:00,SEM VÍTIMA,IPUTINGA,AV CAXANGA,4038,8.0,SUBURBIO,COLISÃO,2.0,1.0,1.0,1.0,1.0,1.0,1.0,1.0,1.0,0.0,1.0,Longo da via,Bom,Não existe,Perfeito estado,Seca,Perfeito estado,R-6a,40 km/h,Dupla,"4038, AV CAXANGA, Recife, Pernambuco, Brasil",-8.03881745,-34.94145966445142
2353,2019-03-18 10:10:00,SEM VÍTIMA,IPUTINGA,RUA EMILIANO BRAGA,163,8.0,SUBURBIO,ABALROAMENTO LONGITUDINAL,3.0,1.0,1.0,1.0,1.0,1.0,1.0,1.0,1.0,0.0,1.0,Cruzamento,Bom,Não existe,Perfeito estado,Seca,Perfeito estado,R-6a,40 km/h,Dupla,"163, RUA EMILIANO BRAGA, Recife, Pernambuco, Brasil",-8.0405016,-34.941895
265,2019-01-10 21:06:00,COM VÍTIMA,IPUTINGA,AV CAXANGA, ,8.0,SUBURBIO,COLISÃO TRASEIRA,1.0,1.0,1.0,1.0,1.0,1.0,1.0,1.0,1.0,1.0,1.0,Longo da via,Chuvoso,Não existe,Perfeito estado,Molhada,Perfeito estado,Não há placas,40 km/h,Única," , AV CAXANGA, Recife, Pernambuco, Brasil",-8.0311907,-34.956089
2306,2019-03-16 19:29:00,COM VÍTIMA,IPUTINGA,RUA MAURICIO DE NASSAU,500,8.0,SUBURBIO,ABALROAMENTO LONGITUDINAL,1.0,1.0,1.0,1.0,1.0,1.0,1.0,1.0,1.0,1.0,1.0,Longo da via,Bom,Não existe,Perfeito estado,Seca,Perfeito estado,Não há placas,40 km/h,Dupla,"500, RUA MAURICIO DE NASSAU, Recife, Pernambuco, Brasil",-8.0258665,-34.8590022
5816,2019-07-05 07:07:00,COM VÍTIMA,IPUTINGA,AV CAXANGA, ,533.0,CIDADE,ABALROAMENTO LONGITUDINAL,1.0,1.0,1.0,1.0,1.0,1.0,1.0,1.0,1.0,2.0,1.0,Cruzamento,Bom,Sem defeito,Perfeito estado,Seca,Perfeito estado,Outras,40 km/h,Única," , AV CAXANGA, Recife, Pernambuco, Brasil",-8.0311907,-34.956089
2912,2019-04-02 22:31:00,SEM VÍTIMA,IPUTINGA,AV CAXANGA, ,533.0,SUBURBIO,ABALROAMENTO LONGITUDINAL,1.0,1.0,1.0,1.0,1.0,1.0,1.0,1.0,1.0,0.0,1.0,Cruzamento,Bom,Não existe,Perfeito estado,Seca,Perfeito estado,Não há placas,40 km/h,Dupla," , AV CAXANGA, Recife, Pernambuco, Brasil",-8.0311907,-34.956089
2301,2019-03-16 16:54:00,SEM VÍTIMA,IPUTINGA,RUA PROFESSOR JULIO OLIVEIRA,7770,533.0,SUBURBIO,ABALROAMENTO LONGITUDINAL,1.0,1.0,1.0,1.0,1.0,1.0,1.0,1.0,1.0,0.0,1.0,Longo da via,Bom,Não existe,Perfeito estado,Seca,Perfeito estado,Não há placas,40 km/h,Única,"7770, RUA PROFESSOR JULIO OLIVEIRA, Recife, Pernambuco, Brasil",-8.0371573,-34.9424458
287,2019-01-11 15:33:00,SEM VÍTIMA,IPUTINGA,RUA BOM PASTOR,64,8.0,CIDADE,ABALROAMENTO LONGITUDINAL,1.0,1.0,1.0,1.0,1.0,1.0,1.0,1.0,1.0,0.0,1.0,Longo da via,Bom,Sem defeito,Perfeito estado,Seca,Perfeito estado,R-6a,40 km/h,Única,"64, RUA BOM PASTOR, Recife, Pernambuco, Brasil",-8.0412963,-34.938849
2567,2019-03-23 18:23:00,SEM VÍTIMA,IPUTINGA,AV CAXANGA, ,8.0,SUBURBIO,COLISÃO TRASEIRA,2.0,1.0,1.0,1.0,1.0,1.0,1.0,1.0,1.0,0.0,1.0,Longo da via,Bom,Não existe,Perfeito estado,Seca,Perfeito estado,Outras,40 km/h,Dupla," , AV CAXANGA, Recife, Pernambuco, Brasil",-8.0311907,-34.956089
4206,2019-05-13 20:18:00,SEM VÍTIMA,IPUTINGA,RUA MANOEL JOAQUIM DE ALMEIDA, ,8.0,SUBURBIO,ABALROAMENTO TRANSVERSAL,2.0,1.0,1.0,1.0,1.0,1.0,1.0,1.0,1.0,0.0,1.0,Cruzamento,Bom,Não existe,Não existente,Seca,Mal iluminada,Não há placas,40 km/h,Dupla," , RUA MANOEL JOAQUIM DE ALMEIDA, Recife, Pernambuco, Brasil",-8.0393699,-34.941201
11959,2019-12-27 10:24:00,SEM VÍTIMA,IPUTINGA,AV MARIO ALVARES PEREIRA DE LYRA,140,652.0,SUBURBIO,COLISÃO TRASEIRA,2.0,1.0,1.0,1.0,1.0,1.0,1.0,1.0,1.0,0.0,1.0,Longo da via,Bom,Sem defeito,Perfeito estado,Seca,Perfeito estado,Outras,40 km/h,Dupla,"140, AV MARIO ALVARES PEREIRA DE LYRA, Recife, Pernambuco, Brasil",-8.046678,-34.9346282
4200,2019-05-13 17:45:00,SEM VÍTIMA,IPUTINGA,RUA PROFESSOR CHAVES BATISTA, ,652.0,CIDADE,ABALROAMENTO LONGITUDINAL,2.0,1.0,1.0,1.0,1.0,1.0,1.0,1.0,1.0,0.0,1.0,Cruzamento,Bom,Não existe,Incompleta,Seca,Perfeito estado,Não há placas,40 km/h,Única," , RUA PROFESSOR CHAVES BATISTA, Recife, Pernambuco, Brasil",-8.0382449,-34.9446753
333,2019-01-13 13:10:00,SEM VÍTIMA,IPUTINGA,AV CAXANGA, ,230.0,SUBURBIO,ABALROAMENTO LONGITUDINAL,2.0,1.0,1.0,1.0,1.0,1.0,1.0,1.0,1.0,0.0,1.0,Cruzamento,Bom,Sem defeito,Perfeito estado,Seca,Perfeito estado,R-6a,60 km/h,Única," , AV CAXANGA, Recife, Pernambuco, Brasil",-8.0311907,-34.956089
11841,2019-12-23 13:20:00,SEM VÍTIMA,IPUTINGA,RUA MINISTRO JOAO ALBERTO, ,230.0,SUBURBIO,COLISÃO,2.0,1.0,1.0,1.0,1.0,1.0,1.0,1.0,1.0,0.0,1.0,Cruzamento,Bom,Sem defeito,Perfeito estado,Seca,Perfeito estado,R-6a,60 km/h,Única," , RUA MINISTRO JOAO ALBERTO, Recife, Pernambuco, Brasil",-8.0365659,-34.945131
4723,2019-05-30 14:26:00,SEM VÍTIMA,IPUTINGA,AV CAXANGA, ,269.0,CIDADE,COLISÃO TRASEIRA,2.0,1.0,1.0,1.0,1.0,1.0,1.0,1.0,1.0,0.0,1.0,Longo da via,Bom,Sem defeito,Perfeito estado,Seca,Perfeito estado,Outras,60 km/h,Única," , AV CAXANGA, Recife, Pernambuco, Brasil",-8.0311907,-34.956089
7324,2019-08-24 08:00:00,COM VÍTIMA,IPUTINGA,AV CAXANGA,3222,269.0,CIDADE,COLISÃO,1.0,1.0,1.0,1.0,1.0,1.0,1.0,1.0,1.0,1.0,1.0,Longo da via,Bom,Sem defeito,Perfeito estado,Seca,Perfeito estado,Outras,60 km/h,Única,"3222, AV CAXANGA, Recife, Pernambuco, Brasil",-8.0425536,-34.9348773
4609,2019-05-27 06:25:00,COM VÍTIMA,IPUTINGA,AV CAXANGA,3665,8.0,CIDADE,COLISÃO,1.0,1.0,1.0,1.0,1.0,1.0,1.0,1.0,1.0,2.0,1.0,Longo da via,Chuvoso,Sem defeito,Perfeito estado,Molhada,Perfeito estado,R-6a,60 km/h,Dupla,"3665, AV CAXANGA, Recife, Pernambuco, Brasil",-8.0311337,-34.9558536
4040,2019-05-08 10:52:00,SEM VÍTIMA,IPUTINGA,AV MAURICIO DE NASSAU,119,8.0,SUBURBIO,ABALROAMENTO LONGITUDINAL,1.0,1.0,1.0,1.0,1.0,1.0,1.0,1.0,1.0,0.0,1.0,Cruzamento,Bom,Não existe,Perfeito estado,Seca,Perfeito estado,Outras,40 km/h,Dupla,"119, AV MAURICIO DE NASSAU, Recife, Pernambuco, Brasil",-8.0379571,-34.9324481
9326,2019-10-21 14:45:00,COM VÍTIMA,IPUTINGA,AV CAXANGA,3560,229.0,SUBURBIO,COLISÃO COM CICLISTA,1.0,1.0,1.0,1.0,1.0,1.0,1.0,1.0,1.0,1.0,1.0,Longo da via,Bom,Sem defeito,Perfeito estado,Seca,Perfeito estado,R-6a,40 km/h,Dupla,"3560, AV CAXANGA, Recife, Pernambuco, Brasil",-8.0409217,-34.93754269473243
4036,2019-05-08 08:30:00,SEM VÍTIMA,IPUTINGA,RUA CELESTINO NEVES,209,229.0,SUBURBIO,COLISÃO,1.0,1.0,1.0,1.0,1.0,1.0,1.0,1.0,1.0,0.0,1.0,Longo da via,Bom,Sem defeito,Perfeito estado,Seca,Perfeito estado,R-6a,40 km/h,Dupla,"209, RUA CELESTINO NEVES, Recife, Pernambuco, Brasil",-8.0423889,-34.9428023
8441,2019-09-27 09:31:00,SEM VÍTIMA,IPUTINGA,AV MARIO ALVARES PEREIRA DE LYRA,180,229.0,CIDADE,ABALROAMENTO LONGITUDINAL,2.0,1.0,1.0,1.0,1.0,1.0,1.0,1.0,1.0,0.0,1.0,Longo da via,Bom,Sem defeito,Perfeito estado,Seca,Perfeito estado,Outras,60 km/h,Única,"180, AV MARIO ALVARES PEREIRA DE LYRA, Recife, Pernambuco, Brasil",-8.0468657,-34.935822
7225,2019-08-21 09:04:00,COM VÍTIMA,IPUTINGA,AV CAXANGA,2925,229.0,SUBURBIO,ATROPELAMENTO,1.0,1.0,1.0,1.0,1.0,1.0,1.0,1.0,1.0,1.0,1.0,Longo da via,Bom,Sem defeito,Perfeito estado,Seca,Perfeito estado,R-6a,60 km/h,Dupla,"2925, AV CAXANGA, Recife, Pernambuco, Brasil",-8.0444887,-34.9326461
10812,2019-11-29 16:58:00,SEM VÍTIMA,IPUTINGA,AV CAXANGA, ,229.0,SUBURBIO,COLISÃO TRASEIRA,3.0,1.0,1.0,1.0,1.0,1.0,1.0,1.0,1.0,0.0,1.0,Longo da via,Bom,Não existe,Perfeito estado,Seca,Perfeito estado,Não há placas,60 km/h,Dupla," , AV CAXANGA, Recife, Pernambuco, Brasil",-8.0311907,-34.956089
7578,2019-09-02 10:31:00,SEM VÍTIMA,IPUTINGA,RUA PROFESSOR ANTONIO COELHO,477,229.0,CIDADE,ABALROAMENTO TRANSVERSAL,2.0,1.0,1.0,1.0,1.0,1.0,1.0,1.0,1.0,0.0,1.0,Longo da via,Bom,Não existe,Perfeito estado,Seca,Perfeito estado,Placas Pare,60 km/h,Única,"477, RUA PROFESSOR ANTONIO COELHO, Recife, Pernambuco, Brasil",-8.038074,-34.943632
2843,2019-04-01 08:31:00,SEM VÍTIMA,IPUTINGA,AV CAXANGA, ,230.0,CIDADE,ABALROAMENTO LONGITUDINAL,2.0,1.0,1.0,1.0,1.0,1.0,1.0,1.0,1.0,0.0,1.0,Cruzamento,Bom,Sem defeito,Perfeito estado,Seca,Perfeito estado,Não há placas,60 km/h,Dupla," , AV CAXANGA, Recife, Pernambuco, Brasil",-8.0311907,-34.956089
2452,2019-03-20 21:50:00,SEM VÍTIMA,IPUTINGA,RUA PROFESSOR MUSSA HAZIN, ,230.0,SUBURBIO,ABALROAMENTO TRANSVERSAL,2.0,1.0,1.0,1.0,1.0,1.0,1.0,1.0,1.0,0.0,1.0,Longo da via,Bom,Não existe,Perfeito estado,Seca,Perfeito estado,Placas Pare,60 km/h,Única," , RUA PROFESSOR MUSSA HAZIN, Recife, Pernambuco, Brasil",-8.0373366,-34.9435367
8708,2019-10-04 14:58:00,SEM VÍTIMA,IPUTINGA,AV MAURICIO DE NASSAU, ,109.0,SUBURBIO,COLISÃO TRASEIRA,2.0,1.0,1.0,1.0,1.0,1.0,1.0,1.0,1.0,0.0,1.0,Longo da via,Bom,Sem defeito,Perfeito estado,Seca,Perfeito estado,Placas Pare,60 km/h,Dupla," , AV MAURICIO DE NASSAU, Recife, Pernambuco, Brasil",-8.040333,-34.9277389
7598,2019-09-02 19:14:00,SEM VÍTIMA,IPUTINGA,AV CAXANGA,4251,270.0,CIDADE,ABALROAMENTO LONGITUDINAL,1.0,1.0,1.0,1.0,1.0,1.0,1.0,1.0,1.0,0.0,1.0,Longo da via,Bom,Sem defeito,Perfeito estado,Seca,Perfeito estado,Outras,60 km/h,Única,"4251, AV CAXANGA, Recife, Pernambuco, Brasil",-8.03877625,-34.94334408637719
2823,2019-03-31 03:01:00,SEM VÍTIMA,IPUTINGA,AV CAXANGA, ,270.0,SUBURBIO,CHOQUE VEÍCULO PARADO,2.0,1.0,1.0,1.0,1.0,1.0,1.0,1.0,1.0,0.0,1.0,Longo da via,Chuvoso,Não existe,Perfeito estado,Molhada,Perfeito estado,Não há placas,60 km/h,Dupla," , AV CAXANGA, Recife, Pernambuco, Brasil",-8.0311907,-34.956089
10636,2019-11-25 12:29:00,SEM VÍTIMA,IPUTINGA,RUA LAGOA VERMELHA,466,270.0,CIDADE,CHOQUE VEÍCULO PARADO,2.0,1.0,1.0,1.0,1.0,1.0,1.0,1.0,1.0,0.0,1.0,Longo da via,Bom,Não existe,Não existente,Seca,Perfeito estado,Não há placas,60 km/h,Dupla,"466, RUA LAGOA VERMELHA, Recife, Pernambuco, Brasil",-8.041094,-34.9350245
12025,2019-12-29 17:28:00,SEM VÍTIMA,IPUTINGA,EST DO BARBALHO,236,270.0,SUBURBIO,CHOQUE VEÍCULO PARADO,2.0,1.0,1.0,1.0,1.0,1.0,1.0,1.0,1.0,0.0,1.0,Longo da via,Bom,Não existe,Perfeito estado,Seca,Perfeito estado,Outras,30 km/h,Única,"236, EST DO BARBALHO, Recife, Pernambuco, Brasil",-8.041094,-34.9350245
10822,2019-11-29 18:28:00,SEM VÍTIMA,IPUTINGA,AV CAXANGA, ,270.0,CIDADE,ABALROAMENTO LONGITUDINAL,1.0,1.0,1.0,1.0,1.0,1.0,1.0,1.0,1.0,0.0,1.0,Longo da via,Bom,Não existe,Não existente,Seca,Perfeito estado,Não há placas,60 km/h,Única," , AV CAXANGA, Recife, Pernambuco, Brasil",-8.0311907,-34.956089