,data_hora,natureza_acidente,bairro,endereco,numero,num_semaforo,sentido_via,tipo,auto,moto,ciclom,ciclista,pedestre,onibus,caminhao,viatura,outros,vitimas,vitimasfatais,acidente_verificado,tempo_clima,situacao_semaforo,sinalizacao,condicao_via,conservacao_via,situacao_placa,velocidade_max_via,mao_direcao,end,latitude,longitude
1621,2019-02-23 21:00:00,SEM VÍTIMA,JAQUEIRA,RUA DO FUTURO, ,214.0,CIDADE,ABALROAMENTO TRANSVERSAL,2.0,1.0,1.0,1.0,1.0,1.0,1.0,1.0,1.0,0.0,1.0,Cruzamento,Bom,Não existe,Ilegível,Seca,Perfeito estado,Placas Pare,40 km/h,Única," , RUA DO FUTURO, Recife, Pernambuco, Brasil",-8.0360378,-34.9040217
6243,2019-07-19 21:28:00,SEM VÍTIMA,JAQUEIRA,RUA PADRE ROMA, ,214.0,CIDADE,COLISÃO,1.0,1.0,1.0,1.0,1.0,1.0,1.0,1.0,1.0,0.0,1.0,Cruzamento,Bom,Não existe,Ilegível,Seca,Perfeito estado,Placas Pare,40 km/h,Única," , RUA PADRE ROMA, Recife, Pernambuco, Brasil",-8.0325967,-34.907282
11784,2019-12-21 15:45:00,COM VÍTIMA,JAQUEIRA,RUA DEPUTADO PEDRO PIRES FERREIRA,95,214.0,SUBURBIO,COLISÃO COM CICLISTA,1.0,1.0,1.0,1.0,1.0,1.0,1.0,1.0,1.0,1.0,1.0,Longo da via,Bom,Não existe,Perfeito estado,Seca,Perfeito estado,Não há placas,40 km/h,Dupla,"95, RUA DEPUTADO PEDRO PIRES FERREIRA, Recife, Pernambuco, Brasil",-8.0381464,-34.90347599747196
11744,2019-12-20 16:11:00,SEM VÍTIMA,JAQUEIRA,RUA ANTENOR NAVARRO,138,214.0,CIDADE,COLISÃO TRASEIRA,2.0,1.0,1.0,1.0,1.0,1.0,1.0,1.0,1.0,0.0,1.0,Longo da via,Bom,Não existe,Perfeito estado,Seca,Perfeito estado,Não há placas,40 km/h,Única,"138, RUA ANTENOR NAVARRO, Recife, Pernambuco, Brasil",-8.0372168,-34.9027845
9501,2019-10-26 12:14:00,SEM VÍTIMA,JARDIM SÃO PAULO,AV SAO PAULO,258,214.0,SUBURBIO,ABALROAMENTO TRANSVERSAL,2.0,1.0,1.0,1.0,1.0,1.0,1.0,1.0,1.0,0.0,1.0,Longo da via,Bom,Não existe,Perfeito estado,Seca,Perfeito estado,Não há placas,30 km/h,Dupla,"258, AV SAO PAULO, Recife, Pernambuco, Brasil",-8.084062,-34.9387039
12011,2019-12-28 22:54:00,SEM VÍTIMA,JARDIM SÃO PAULO,RUA MADRE ROSA,182,214.0,SUBURBIO,ABALROAMENTO LONGITUDINAL,1.0,1.0,1.0,1.0,1.0,1.0,1.0,1.0,1.0,0.0,1.0,Longo da via,Bom,Sem defeito,Perfeito estado,Seca,Perfeito estado,Não há placas,30 km/h,Única,"182, RUA MADRE ROSA, Recife, Pernambuco, Brasil",-8.0807466,-34.9362714
1363,2019-02-16 17:59:00,SEM VÍTIMA,JARDIM SÃO PAULO,RUA LEANDRO BARRETO,440,214.0,SUBURBIO,COLISÃO,1.0,1.0,1.0,1.0,1.0,1.0,1.0,1.0,1.0,0.0,1.0,Longo da via,Bom,Sem defeito,Perfeito estado,Seca,Perfeito estado,Não há placas,30 km/h,Única,"440, RUA LEANDRO BARRETO, Recife, Pernambuco, Brasil",-8.0802479,-34.941745
5267,2019-06-16 00:12:00,COM VÍTIMA,JARDIM SÃO PAULO,AV SAO PAULO, ,214.0,SUBURBIO,ATROPELAMENTO,1.0,1.0,1.0,1.0,1.0,1.0,1.0,1.0,1.0,2.0,1.0,Longo da via,Bom,Sem defeito,Perfeito estado,Seca,Perfeito estado,Placas Pare,30 km/h,Dupla," , AV SAO PAULO, Recife, Pernambuco, Brasil",-8.1233413,-34.9563292
5870,2019-07-07 00:32:00,SEM VÍTIMA,JARDIM SÃO PAULO,EST DO CURADO,138,214.0,SUBURBIO,CHOQUE OBJETO FIXO,1.0,1.0,1.0,1.0,1.0,1.0,1.0,1.0,1.0,0.0,1.0,Cruzamento,Bom,Não existe,Perfeito estado,Seca,Perfeito estado,Não há placas,30 km/h,Dupla,"138, EST DO CURADO, Recife, Pernambuco, Brasil",-8.0699477,-34.9438098
1631,2019-02-24 17:36:00,SEM VÍTIMA,JARDIM SÃO PAULO,RUA ANIBAL PORTELA,173,214.0,SUBURBIO,COLISÃO TRASEIRA,2.0,1.0,1.0,1.0,1.0,1.0,1.0,1.0,1.0,0.0,1.0,Longo da via,Bom,Não existe,Perfeito estado,Seca,Perfeito estado,Não há placas,30 km/h,Dupla,"173, RUA ANIBAL PORTELA, Recife, Pernambuco, Brasil",-8.0796112,-34.9420346
11110,2019-12-05 22:23:00,SEM VÍTIMA,JARDIM SÃO PAULO,RUA LORENA,455,214.0,SUBURBIO,COLISÃO,1.0,1.0,1.0,1.0,1.0,1.0,1.0,1.0,1.0,0.0,1.0,Longo da via,Bom,Não existe,Perfeito estado,Seca,Perfeito estado,Não há placas,30 km/h,Dupla,"455, RUA LORENA, Recife, Pernambuco, Brasil",-8.0831506,-34.9439556
6756,2019-08-07 07:27:00,SEM VÍTIMA,JARDIM SÃO PAULO,RUA SENADOR ALBERTO PASQUALINI,78,214.0,SUBURBIO,COLISÃO,2.0,1.0,1.0,1.0,1.0,1.0,1.0,1.0,1.0,0.0,1.0,Longo da via,Bom,Não existe,Perfeito estado,Seca,Perfeito estado,Não há placas,30 km/h,Dupla,"78, RUA SENADOR ALBERTO PASQUALINI, Recife, Pernambuco, Brasil",-8.0801713,-34.9359317
3516,2019-04-22 07:02:00,SEM VÍTIMA,JARDIM SÃO PAULO,RUA LEANDRO BARRETO,702,214.0,SUBURBIO,COLISÃO,1.0,1.0,1.0,1.0,1.0,1.0,1.0,1.0,1.0,0.0,1.0,Longo da via,Bom,Não existe,Perfeito estado,Seca,Perfeito estado,Não há placas,30 km/h,Dupla,"702, RUA LEANDRO BARRETO, Recife, Pernambuco, Brasil",-8.0802479,-34.941745
7520,2019-08-30 18:15:00,SEM VÍTIMA,JARDIM SÃO PAULO,RUA PROFESSOR NELSON CASTRO E SILVA,73,214.0,SUBURBIO,COLISÃO,2.0,1.0,1.0,1.0,1.0,1.0,1.0,1.0,1.0,0.0,1.0,Longo da via,Bom,Não existe,Perfeito estado,Seca,Perfeito estado,Não há placas,30 km/h,Dupla,"73, RUA PROFESSOR NELSON CASTRO E SILVA, Recife, Pernambuco, Brasil",-8.0810109,-34.9383027
3519,2019-04-22 07:29:00,SEM VÍTIMA,JARDIM SÃO PAULO,AV DR JOSE RUFINO, ,434.0,CIDADE,COLISÃO TRASEIRA,1.0,1.0,1.0,1.0,1.0,1.0,1.0,1.0,1.0,0.0,1.0,Longo da via,Bom,Sem defeito,Perfeito estado,Seca,Perfeito estado,Não há placas,30 km/h,Dupla," , AV DR JOSE RUFINO, Recife, Pernambuco, Brasil",-8.0810109,-34.9383027
10133,2019-11-11 22:34:00,SEM VÍTIMA,JARDIM SÃO PAULO,AV DR JOSE RUFINO, ,434.0,CIDADE,ABALROAMENTO LONGITUDINAL,2.0,1.0,1.0,1.0,1.0,1.0,1.0,1.0,1.0,0.0,1.0,Longo da via,Bom,Não existe,Incompleta,Seca,Perfeito estado,Outras,30 km/h,Única," , nan, Recife, Pernambuco, Brasil",-8.0584933,-34.8848193
10144,2019-11-12 10:10:00,SEM VÍTIMA,JARDIM SÃO PAULO,AV RECIFE,5697,259.0,CIDADE,COLISÃO TRASEIRA,1.0,1.0,1.0,1.0,1.0,1.0,1.0,1.0,1.0,0.0,1.0,Longo da via,Bom,Sem defeito,Perfeito estado,Seca,Perfeito estado,Outras,30 km/h,Dupla,"5697, AV RECIFE, Recife, Pernambuco, Brasil",-8.0846575,-34.9321359
8638,2019-10-02 22:10:00,SEM VÍTIMA,JARDIM SÃO PAULO,RUA LEANDRO BARRETO,794,259.0,SUBURBIO,COLISÃO TRASEIRA,2.0,1.0,1.0,1.0,1.0,1.0,1.0,1.0,1.0,0.0,1.0,Longo da via,Bom,Não existe,Perfeito estado,Seca,Perfeito estado,Outras,30 km/h,Dupla,"794, RUA LEANDRO BARRETO, Recife, Pernambuco, Brasil",-8.0802479,-34.941745
5861,2019-07-06 19:01:00,SEM VÍTIMA,JARDIM SÃO PAULO,AV RECIFE, ,259.0,SUBURBIO,CHOQUE OBJETO FIXO,2.0,1.0,1.0,1.0,1.0,1.0,1.0,1.0,1.0,0.0,1.0,Longo da via,Bom,Não existe,Perfeito estado,Seca,Perfeito estado,Outras,30 km/h,Única," , AV RECIFE, Recife, Pernambuco, Brasil",-8.1160254,-34.923929
6562,2019-08-01 07:54:00,SEM VÍTIMA,JARDIM SÃO PAULO,RUA LEANDRO BARRETO, ,259.0,SUBURBIO,COLISÃO,2.0,1.0,1.0,1.0,1.0,1.0,1.0,1.0,1.0,0.0,1.0,Longo da via,Bom,Não existe,Perfeito estado,Seca,Perfeito estado,Outras,30 km/h,Única," , RUA LEANDRO BARRETO, Recife, Pernambuco, Brasil",-8.0802479,-34.941745
7531,2019-08-31 12:48:00,SEM VÍTIMA,JARDIM SÃO PAULO,AV RECIFE,5635,259.0,SUBURBIO,COLISÃO,1.0,1.0,1.0,1.0,1.0,1.0,1.0,1.0,1.0,0.0,1.0,Longo da via,Bom,Não existe,Perfeito estado,Seca,Perfeito estado,Outras,30 km/h,Única,"5635, AV RECIFE, Recife, Pernambuco, Brasil",-8.0846575,-34.9321359
10529,2019-11-22 09:16:00,SEM VÍTIMA,JARDIM SÃO PAULO,AV RECIFE,5425,259.0,CIDADE,ABALROAMENTO LONGITUDINAL,2.0,1.0,1.0,1.0,1.0,1.0,1.0,1.0,1.0,0.0,1.0,Longo da via,Bom,Não existe,Perfeito estado,Seca,Perfeito estado,R-6a,30 km/h,Dupla,"5425, AV RECIFE, Recife, Pernambuco, Brasil",-8.0846575,-34.9321359
6561,2019-08-01 07:10:00,SEM VÍTIMA,JARDIM SÃO PAULO,RUA LEANDRO BARRETO, ,259.0,CIDADE,COLISÃO TRASEIRA,2.0,1.0,1.0,1.0,1.0,1.0,1.0,1.0,1.0,0.0,1.0,Viaduto,Bom,Não existe,Não existente,Seca,Perfeito estado,Não há placas,30 km/h,Dupla," , RUA LEANDRO BARRETO, Recife, Pernambuco, Brasil",-8.0802479,-34.941745
1507,2019-02-21 09:30:00,SEM VÍTIMA,JARDIM SÃO PAULO,RUA LEOBINA PEREIRA,343,259.0,CIDADE,ABALROAMENTO LONGITUDINAL,1.0,1.0,1.0,1.0,1.0,1.0,1.0,1.0,1.0,0.0,1.0,Cruzamento,Bom,Não existe,Perfeito estado,Seca,Perfeito estado,Não há placas,30 km/h,Dupla,"343, RUA LEOBINA PEREIRA, Recife, Pernambuco, Brasil",-8.0797915,-34.9421681
4577,2019-05-25 14:14:00,COM VÍTIMA,JARDIM SÃO PAULO,RUA LEANDRO BARRETO,104,259.0,SUBURBIO,ABALROAMENTO LONGITUDINAL,1.0,1.0,1.0,1.0,1.0,1.0,1.0,1.0,1.0,1.0,1.0,Longo da via,Bom,Não existe,Ilegível,Seca,Perfeito estado,Não há placas,40 km/h,Dupla,"104, RUA LEANDRO BARRETO, Recife, Pernambuco, Brasil",-8.0802479,-34.941745
6578,2019-08-01 14:39:00,SEM VÍTIMA,JARDIM SÃO PAULO,AV PIRACICABA,210,259.0,CIDADE,COLISÃO TRASEIRA,1.0,1.0,1.0,1.0,1.0,1.0,1.0,1.0,1.0,0.0,1.0,Longo da via,Bom,Não existe,Perfeito estado,Seca,Perfeito estado,Outras,40 km/h,Dupla,"210, AV PIRACICABA, Recife, Pernambuco, Brasil",-8.0778351,-34.9423359
8281,2019-09-22 18:13:00,SEM VÍTIMA,JARDIM SÃO PAULO,RUA LEANDRO BARRETO, ,259.0,CIDADE,COLISÃO,2.0,1.0,1.0,1.0,1.0,1.0,1.0,1.0,1.0,0.0,1.0,Longo da via,Bom,Não existe,Perfeito estado,Seca,Perfeito estado,Outras,40 km/h,Dupla," , RUA LEANDRO BARRETO, Recife, Pernambuco, Brasil",-8.0802479,-34.941745
4545,2019-05-24 12:04:00,COM VÍTIMA,JARDIM SÃO PAULO,AV CENTRAL,6568,259.0,SUBURBIO,ABALROAMENTO LONGITUDINAL,1.0,1.0,1.0,1.0,1.0,1.0,1.0,1.0,1.0,1.0,1.0,Longo da via,Bom,Não existe,Não existente,Seca,Mal conservada,Não há placas,40 km/h,Dupla,"6568, AV CENTRAL, Recife, Pernambuco, Brasil",-8.0852381,-34.9342446
9353,2019-10-22 11:12:00,SEM VÍTIMA,JARDIM SÃO PAULO,AV RECIFE,5630,259.0,CIDADE,COLISÃO TRASEIRA,2.0,1.0,1.0,1.0,1.0,1.0,1.0,1.0,1.0,0.0,1.0,Longo da via,Bom,Sem defeito,Incompleta,Seca,Perfeito estado,R-4a,60 km/h,Única,"5630, AV RECIFE, Recife, Pernambuco, Brasil",-8.079796550000001,-34.933538571931805
4605,2019-05-26 20:14:00,SEM VÍTIMA,JARDIM SÃO PAULO,EST DO CURADO,15,259.0,SUBURBIO,ABALROAMENTO LONGITUDINAL,1.0,1.0,1.0,1.0,1.0,1.0,1.0,1.0,1.0,0.0,1.0,Longo da via,Chuvoso,Não existe,Incompleta,Molhada,Perfeito estado,Outras,60 km/h,Dupla,"15, EST DO CURADO, Recife, Pernambuco, Brasil",-8.079796550000001,-34.933538571931805
5381,2019-06-19 19:51:00,SEM VÍTIMA,JARDIM SÃO PAULO,AV SAO PAULO, ,259.0,SUBURBIO,ABALROAMENTO LONGITUDINAL,2.0,1.0,1.0,1.0,1.0,1.0,1.0,1.0,1.0,0.0,1.0,Longo da via,Chuvoso,Não existe,Incompleta,Molhada,Perfeito estado,Não há placas,60 km/h,Dupla," , AV SAO PAULO, Recife, Pernambuco, Brasil",-8.1233413,-34.9563292
77,2019-01-04 08:03:00,SEM VÍTIMA,JARDIM SÃO PAULO,AV RECIFE, ,259.0,BOA VIAGEM,COLISÃO,2.0,1.0,1.0,1.0,1.0,1.0,1.0,1.0,1.0,0.0,1.0,Longo da via,Chuvoso,Não existe,Incompleta,Molhada,Perfeito estado,Não há placas,60 km/h,Dupla," , AV RECIFE, Recife, Pernambuco, Brasil",-8.1160254,-34.923929
10054,2019-11-09 17:56:00,SEM VÍTIMA,JARDIM SÃO PAULO,RUA LEANDRO BARRETO,685,259.0,SUBURBIO,ABALROAMENTO LONGITUDINAL,2.0,1.0,1.0,1.0,1.0,1.0,1.0,1.0,1.0,0.0,1.0,Longo da via,Bom,Sem defeito,Perfeito estado,Seca,Perfeito estado,Não há placas,60 km/h,Dupla,"685, RUA LEANDRO BARRETO, Recife, Pernambuco, Brasil",-8.0802479,-34.941745
11286,2019-12-10 07:56:00,SEM VÍTIMA,JARDIM SÃO PAULO,RUA AGUATI, ,259.0,SUBURBIO,ABALROAMENTO LONGITUDINAL,1.0,1.0,1.0,1.0,1.0,1.0,1.0,1.0,1.0,0.0,1.0,Longo da via,Bom,Não existe,Não existente,Seca,Mal conservada,Não há placas,60 km/h,Dupla," , RUA AGUATI, Recife, Pernambuco, Brasil",-8.0814551,-34.9439757
8284,2019-09-22 20:07:00,SEM VÍTIMA,JARDIM SÃO PAULO,RUA NOSSA SENHORA DE FATIMA, ,259.0,SUBURBIO,ABALROAMENTO TRANSVERSAL,1.0,1.0,1.0,1.0,1.0,1.0,1.0,1.0,1.0,0.0,1.0,Cruzamento,Chuvoso,Não existe,Não existente,Molhada,Mal iluminada,Não há placas,60 km/h,Única," , RUA NOSSA SENHORA DE FATIMA, Recife, Pernambuco, Brasil",-8.0830176,-34.9340475
9352,2019-10-22 11:04:00,COM VÍTIMA,JARDIM SÃO PAULO,AV RECIFE,5630,259.0,CEASA,COLISÃO COM CICLISTA,1.0,1.0,1.0,1.0,1.0,1.0,1.0,1.0,1.0,1.0,1.0,Longo da via,Bom,Desligado,Perfeito estado,Seca,Perfeito estado,Outras,60 km/h,Dupla,"5630, AV RECIFE, Recife, Pernambuco, Brasil",-8.079796550000001,-34.933538571931805
5313,2019-06-18 08:20:00,SEM VÍTIMA,JARDIM SÃO PAULO,AV RECIFE,5425,259.0,SUBURBIO,COLISÃO TRASEIRA,1.0,1.0,1.0,1.0,1.0,1.0,1.0,1.0,1.0,0.0,1.0,Longo da via,Chuvoso,Não existe,Perfeito estado,Molhada,Perfeito estado,Outras,60 km/h,Dupla,"5425, AV RECIFE, Recife, Pernambuco, Brasil",-8.0846575,-34.9321359
8132,2019-09-18 08:42:00,SEM VÍTIMA,JARDIM SÃO PAULO,RUA BRAGANCA,392,259.0,SUBURBIO,CHOQUE VEÍCULO PARADO,1.0,1.0,1.0,1.0,1.0,1.0,1.0,1.0,1.0,0.0,1.0,Longo da via,Bom,Não existe,Incompleta,Seca,Perfeito estado,Placas Pare,60 km/h,Única,"392, RUA BRAGANCA, Recife, Pernambuco, Brasil",-8.081327,-34.9412483
8585,2019-10-01 13:36:00,COM VÍTIMA,JARDIM SÃO PAULO,RUA JOSE NATARIO,52,259.0,SUBURBIO,COLISÃO,1.0,1.0,1.0,1.0,1.0,1.0,1.0,1.0,1.0,1.0,1.0,Longo da via,Bom,Sem defeito,Perfeito estado,Seca,Perfeito estado,Outras,50 km/h,Única,"52, RUA JOSE NATARIO, Recife, Pernambuco, Brasil",-8.0862585,-34.9377873
7571,2019-09-02 08:48:00,SEM VÍTIMA,JARDIM SÃO PAULO,RUA BRAGANCA, ,259.0,SUBURBIO,ABALROAMENTO TRANSVERSAL,2.0,1.0,1.0,1.0,1.0,1.0,1.0,1.0,1.0,0.0,1.0,Cruzamento,Chuvoso,Não existe,Incompleta,Molhada,Perfeito estado,Placas Pare,50 km/h,Dupla," , RUA BRAGANCA, Recife, Pernambuco, Brasil",-8.0817883,-34.9422693
9457,2019-10-24 22:10:00,SEM VÍTIMA,JARDIM SÃO PAULO,RUA LORENA,93,259.0,SUBURBIO,ABALROAMENTO TRANSVERSAL,2.0,1.0,1.0,1.0,1.0,1.0,1.0,1.0,1.0,0.0,1.0,Cruzamento,Bom,Não existe,Incompleta,Seca,Perfeito estado,Placas Pare,50 km/h,Dupla,"93, RUA LORENA, Recife, Pernambuco, Brasil",-8.0831506,-34.9439556
8976,2019-10-11 15:14:00,SEM VÍTIMA,JARDIM SÃO PAULO,RUA CARLOS ALBERTO VALENCA,395,259.0,SUBURBIO,CHOQUE OBJETO FIXO,2.0,1.0,1.0,1.0,1.0,1.0,1.0,1.0,1.0,0.0,1.0,Longo da via,Bom,Não existe,Não existente,Seca,Perfeito estado,Não há placas,50 km/h,Dupla,"395, RUA CARLOS ALBERTO VALENCA, Recife, Pernambuco, Brasil",-8.0784931,-34.9382867
5488,2019-06-24 19:40:00,SEM VÍTIMA,JARDIM SÃO PAULO,RUA LEANDRO BARRETO, ,259.0,SUBURBIO,CHOQUE VEÍCULO PARADO,2.0,1.0,1.0,1.0,1.0,1.0,1.0,1.0,1.0,0.0,1.0,Longo da via,Bom,Não existe,Incompleta,Seca,Perfeito estado,Não há placas,30 km/h,Dupla," , RUA LEANDRO BARRETO, Recife, Pernambuco, Brasil",-8.0802479,-34.941745
10643,2019-11-25 15:30:00,SEM VÍTIMA,JARDIM SÃO PAULO,AV RECIFE, ,259.0,SUBURBIO,COLISÃO TRASEIRA,1.0,1.0,1.0,1.0,1.0,1.0,1.0,1.0,1.0,0.0,1.0,Longo da via,Bom,Sem defeito,Perfeito estado,Seca,Perfeito estado,Não há placas,30 km/h,Dupla," , AV RECIFE, Recife, Pernambuco, Brasil",-8.1160254,-34.923929
10048,2019-11-09 14:40:00,COM VÍTIMA,JARDIM SÃO PAULO,AV SAO PAULO, ,507.0,SUBURBIO,ABALROAMENTO LONGITUDINAL,1.0,1.0,1.0,1.0,1.0,1.0,1.0,1.0,1.0,1.0,1.0,Longo da via,Bom,Sem defeito,Perfeito estado,Seca,Perfeito estado,Não há placas,30 km/h,Dupla," , AV SAO PAULO, Recife, Pernambuco, Brasil",-8.1233413,-34.9563292
11972,2019-12-27 15:21:00,SEM VÍTIMA,JARDIM SÃO PAULO,AV CENTRAL, ,507.0,SUBURBIO,CHOQUE VEÍCULO PARADO,1.0,1.0,1.0,1.0,1.0,1.0,1.0,1.0,1.0,0.0,1.0,Longo da via,Bom,Não existe,Incompleta,Seca,Perfeito estado,R-25b,30 km/h,Dupla," , AV CENTRAL, Recife, Pernambuco, Brasil",-8.0737974,-34.898474
9462,2019-10-25 09:12:00,SEM VÍTIMA,JARDIM SÃO PAULO,PRC DO JARDIM SAO PAULO, ,507.0,SUBURBIO,COLISÃO TRASEIRA,2.0,1.0,1.0,1.0,1.0,1.0,1.0,1.0,1.0,0.0,1.0,Longo da via,Bom,Não existe,Perfeito estado,Seca,Perfeito estado,R-34,30 km/h,Única," , PRC DO JARDIM SAO PAULO, Recife, Pernambuco, Brasil",-8.0737974,-34.898474
10676,2019-11-26 11:59:00,SEM VÍTIMA,JARDIM SÃO PAULO,RUA LEANDRO BARRETO, ,507.0,CIDADE,ABALROAMENTO TRANSVERSAL,2.0,1.0,1.0,1.0,1.0,1.0,1.0,1.0,1.0,0.0,1.0,Cruzamento,Bom,Não existe,Não existente,Seca,Perfeito estado,Não há placas,30 km/h,Dupla," , RUA LEANDRO BARRETO, Recife, Pernambuco, Brasil",-8.0802479,-34.941745
10184,2019-11-13 08:49:00,SEM VÍTIMA,JARDIM SÃO PAULO,RUA LEANDRO BARRETO, ,507.0,CIDADE,ABALROAMENTO TRANSVERSAL,2.0,1.0,1.0,1.0,1.0,1.0,1.0,1.0,1.0,0.0,1.0,Cruzamento,Bom,Não existe,Perfeito estado,Seca,Perfeito estado,Outras,30 km/h,Dupla," , RUA LEANDRO BARRETO, Recife, Pernambuco, Brasil",-8.0802479,-34.941745
2579,2019-03-24 16:09:00,SEM VÍTIMA,JARDIM SÃO PAULO,AV LIBERDADE,612,507.0,SUBURBIO,COLISÃO TRASEIRA,2.0,1.0,1.0,1.0,1.0,1.0,1.0,1.0,1.0,0.0,1.0,Longo da via,Bom,Não existe,Não existente,Seca,Perfeito estado,Não há placas,40 km/h,Dupla,"612, AV LIBERDADE, Recife, Pernambuco, Brasil",-8.0851947,-34.95468
5949,2019-07-10 14:00:00,COM VÍTIMA,JARDIM SÃO PAULO,AV SAO PAULO, ,141.0,SUBURBIO,COLISÃO TRASEIRA,1.0,1.0,1.0,1.0,1.0,1.0,1.0,1.0,1.0,1.0,1.0,Longo da via,Bom,Não existe,Perfeito estado,Seca,Perfeito estado,R-6a,40 km/h,Dupla," , AV SAO PAULO, Recife, Pernambuco, Brasil",-8.1233413,-34.9563292
11219,2019-12-08 14:08:00,SEM VÍTIMA,JARDIM SÃO PAULO,RUA LEANDRO BARRETO,7006B,141.0,SUBURBIO,COLISÃO TRASEIRA,1.0,1.0,1.0,1.0,1.0,1.0,1.0,1.0,1.0,0.0,1.0,Longo da via,Bom,Sem defeito,Não existente,Seca,Perfeito estado,Não há placas,40 km/h,Dupla,"7006B, RUA LEANDRO BARRETO, Recife, Pernambuco, Brasil",-8.1233413,-34.9563292
2334,2019-03-18 07:10:00,SEM VÍTIMA,JARDIM SÃO PAULO,AV RECIFE,5536,141.0,CIDADE,COLISÃO FRONTAL,3.0,1.0,1.0,1.0,1.0,1.0,1.0,1.0,1.0,0.0,1.0,Longo da via,Chuvoso,Sem defeito,Perfeito estado,Molhada,Perfeito estado,Outras,40 km/h,Dupla,"5536, AV RECIFE, Recife, Pernambuco, Brasil",-8.0811621,-34.9332369
5456,2019-06-22 14:51:00,COM VÍTIMA,JARDIM SÃO PAULO,RUA NOSSA SENHORA DE FATIMA, ,141.0,AV. RECIFE,ABALROAMENTO LONGITUDINAL,1.0,1.0,1.0,1.0,1.0,1.0,1.0,1.0,1.0,1.0,1.0,Longo da via,Bom,Não existe,Não existente,Seca,Mal conservada,Não há placas,40 km/h,Única," , RUA NOSSA SENHORA DE FATIMA, Recife, Pernambuco, Brasil",-8.0830176,-34.9340475
8282,2019-09-22 18:44:00,COM VÍTIMA,JARDIM SÃO PAULO,RUA LORENA,104,141.0,SUBURBIO,ABALROAMENTO TRANSVERSAL,2.0,1.0,1.0,1.0,1.0,1.0,1.0,1.0,1.0,3.0,1.0,Cruzamento,Bom,Não existe,Perfeito estado,Seca,Perfeito estado,Placas Pare,40 km/h,Dupla,"104, RUA LORENA, Recife, Pernambuco, Brasil",-8.0831506,-34.9439556
1354,2019-02-16 11:37:00,COM VÍTIMA,JARDIM SÃO PAULO,AV SAO PAULO, ,507.0,SUBURBIO,ATROPELAMENTO,2.0,1.0,1.0,1.0,1.0,1.0,1.0,1.0,1.0,1.0,1.0,Esquina,Bom,Sem defeito,Perfeito estado,Seca,Perfeito estado,R-6a,40 km/h,Dupla," , AV SAO PAULO, Recife, Pernambuco, Brasil",-8.1233413,-34.9563292
9459,2019-10-25 08:06:00,SEM VÍTIMA,JARDIM SÃO PAULO,PRC DO JARDIM SAO PAULO,3,507.0,SUBURBIO,COLISÃO,2.0,1.0,1.0,1.0,1.0,1.0,1.0,1.0,1.0,0.0,1.0,Esquina,Bom,Sem defeito,Perfeito estado,Seca,Perfeito estado,R-6a,40 km/h,Dupla,"3, PRC DO JARDIM SAO PAULO, Recife, Pernambuco, Brasil",-8.1233413,-34.9563292
4367,2019-05-18 15:57:00,SEM VÍTIMA,JARDIM SÃO PAULO,RUA LORENA, ,507.0,SUBURBIO,ABALROAMENTO LONGITUDINAL,2.0,1.0,1.0,1.0,1.0,1.0,1.0,1.0,1.0,0.0,1.0,Longo da via,Bom,Não existe,Não existente,Seca,Mal conservada,Não há placas,40 km/h,Dupla," , RUA LORENA, Recife, Pernambuco, Brasil",-8.0804804,-34.9449118
627,2019-01-24 15:12:00,SEM VÍTIMA,JARDIM SÃO PAULO,PRC DO JARDIM SAO PAULO,73,507.0,SUBURBIO,COLISÃO TRASEIRA,2.0,1.0,1.0,1.0,1.0,1.0,1.0,1.0,1.0,0.0,1.0,Longo da via,Bom,Não existe,Não existente,Seca,Perfeito estado,Não há placas,40 km/h,Única,"73, PRC DO JARDIM SAO PAULO, Recife, Pernambuco, Brasil",-8.0804804,-34.9449118
2643,2019-03-26 12:50:00,SEM VÍTIMA,JARDIM SÃO PAULO,RUA CAMPINAS,103,507.0,SUBURBIO,COLISÃO,1.0,1.0,1.0,1.0,1.0,1.0,1.0,1.0,1.0,0.0,1.0,Longo da via,Bom,Não existe,Não existente,Seca,Perfeito estado,Não há placas,40 km/h,Única,"103, RUA CAMPINAS, Recife, Pernambuco, Brasil",-8.0848253,-34.9490999
787,2019-01-31 00:07:00,COM VÍTIMA,JARDIM SÃO PAULO,AV RECIFE,5635,259.0,SUBURBIO,ABALROAMENTO TRANSVERSAL,1.0,1.0,1.0,1.0,1.0,1.0,1.0,1.0,1.0,1.0,1.0,Cruzamento,Bom,Sem defeito,Perfeito estado,Seca,Perfeito estado,Outras,50 km/h,Única,"5635, AV RECIFE, Recife, Pernambuco, Brasil",-8.0846575,-34.9321359
8470,2019-09-27 18:07:00,SEM VÍTIMA,JARDIM SÃO PAULO,RUA LORENA,440,259.0,SUBURBIO,ABALROAMENTO TRANSVERSAL,2.0,1.0,1.0,1.0,1.0,1.0,1.0,1.0,1.0,0.0,1.0,Cruzamento,Bom,Não existe,Incompleta,Seca,Perfeito estado,Placas Pare,40 km/h,Única,"440, RUA LORENA, Recife, Pernambuco, Brasil",-8.0831506,-34.9439556