,data_hora,natureza_acidente,bairro,endereco,numero,num_semaforo,sentido_via,tipo,auto,moto,ciclom,ciclista,pedestre,onibus,caminhao,viatura,outros,vitimas,vitimasfatais,acidente_verificado,tempo_clima,situacao_semaforo,sinalizacao,condicao_via,conservacao_via,situacao_placa,velocidade_max_via,mao_direcao,end,latitude,longitude
2147,2019-03-12 22:17:00,SEM VÍTIMA,JARDIM SÃO PAULO,AV SAO PAULO,507,507.0,SUBURBIO,ABALROAMENTO LONGITUDINAL,2.0,1.0,1.0,1.0,1.0,1.0,1.0,1.0,1.0,0.0,1.0,Longo da via,Bom,Sem defeito,Perfeito estado,Seca,Perfeito estado,Não há placas,40 km/h,Dupla,"507, AV SAO PAULO, Recife, Pernambuco, Brasil",-8.0831783,-34.9391851
8475,2019-09-28 08:31:00,COM VÍTIMA,JARDIM SÃO PAULO,RUA LEANDRO BARRETO, ,507.0,SUBURBIO,COLISÃO,1.0,1.0,1.0,1.0,1.0,1.0,1.0,1.0,1.0,1.0,1.0,Esquina,Bom,Não existe,Incompleta,Seca,Perfeito estado,Outras,40 km/h,Dupla," , RUA LEANDRO BARRETO, Recife, Pernambuco, Brasil",-8.0802479,-34.941745
6971,2019-08-13 15:20:00,COM VÍTIMA,JARDIM SÃO PAULO,RUA LEANDRO BARRETO, ,507.0,CIDADE,ABALROAMENTO TRANSVERSAL,1.0,1.0,1.0,1.0,1.0,1.0,1.0,1.0,1.0,1.0,1.0,Longo da via,Bom,Não existe,Perfeito estado,Seca,Perfeito estado,Outras,40 km/h,Dupla," , RUA LEANDRO BARRETO, Recife, Pernambuco, Brasil",-8.0802479,-34.941745
10960,2019-12-03 09:14:00,SEM VÍTIMA,JARDIM SÃO PAULO,AV RECIFE,5630,259.0,CIDADE,COLISÃO,2.0,1.0,1.0,1.0,1.0,1.0,1.0,1.0,1.0,0.0,1.0,Longo da via,Bom,Não existe,Perfeito estado,Seca,Perfeito estado,Outras,40 km/h,Dupla,"5630, AV RECIFE, Recife, Pernambuco, Brasil",-8.079796550000001,-34.933538571931805
7808,2019-09-09 15:18:00,SEM VÍTIMA,JARDIM SÃO PAULO,RUA LEANDRO BARRETO,215,259.0,SUBURBIO,COLISÃO TRASEIRA,1.0,1.0,1.0,1.0,1.0,1.0,1.0,1.0,1.0,0.0,1.0,Longo da via,Bom,Não existe,Perfeito estado,Seca,Perfeito estado,Não há placas,40 km/h,Dupla,"215, RUA LEANDRO BARRETO, Recife, Pernambuco, Brasil",-8.0802479,-34.941745
464,2019-01-18 15:07:00,SEM VÍTIMA,JARDIM SÃO PAULO,AV SAO PAULO, ,259.0,SUBURBIO,ABALROAMENTO TRANSVERSAL,1.0,1.0,1.0,1.0,1.0,1.0,1.0,1.0,1.0,0.0,1.0,Cruzamento,Bom,Sem defeito,Perfeito estado,Seca,Perfeito estado,Outras,30 km/h,Dupla," , AV SAO PAULO, Recife, Pernambuco, Brasil",-8.1233413,-34.9563292
6771,2019-08-07 15:07:00,COM VÍTIMA,JARDIM SÃO PAULO,RUA LORENA,271,259.0,SUBURBIO,ABALROAMENTO LONGITUDINAL,1.0,1.0,1.0,1.0,1.0,1.0,1.0,1.0,1.0,1.0,1.0,Longo da via,Bom,Não existe,Não existente,Seca,Perfeito estado,Não há placas,30 km/h,Dupla,"271, RUA LORENA, Recife, Pernambuco, Brasil",-8.0831506,-34.9439556
11768,2019-12-21 09:32:00,SEM VÍTIMA,JARDIM SÃO PAULO,AV RECIFE, ,261.0,CIDADE,COLISÃO,1.0,1.0,1.0,1.0,1.0,1.0,1.0,1.0,1.0,0.0,1.0,Longo da via,Bom,Não existe,Não existente,Seca,Perfeito estado,Não há placas,30 km/h,Dupla," , AV RECIFE, Recife, Pernambuco, Brasil",-8.1160254,-34.923929
4792,2019-06-01 17:08:00,COM VÍTIMA,JARDIM SÃO PAULO,AV RECIFE, ,261.0,CIDADE,COLISÃO,1.0,1.0,1.0,1.0,1.0,1.0,1.0,1.0,1.0,1.0,1.0,Longo da via,Bom,Não existe,Não existente,Seca,Perfeito estado,Não há placas,30 km/h,Dupla," , AV RECIFE, Recife, Pernambuco, Brasil",-8.1160254,-34.923929
866,2019-02-02 07:11:00,SEM VÍTIMA,JARDIM SÃO PAULO,AV RECIFE,6165,261.0,BOA VIAGEM,COLISÃO,1.0,1.0,1.0,1.0,1.0,1.0,1.0,1.0,1.0,0.0,1.0,Longo da via,Bom,Não existe,Não existente,Seca,Perfeito estado,Não há placas,30 km/h,Dupla,"6165, AV RECIFE, Recife, Pernambuco, Brasil",-8.0846575,-34.9321359
6091,2019-07-15 08:03:00,SEM VÍTIMA,JARDIM SÃO PAULO,AV RECIFE, ,261.0,BOA VIAGEM,COLISÃO,1.0,1.0,1.0,1.0,1.0,1.0,1.0,1.0,1.0,0.0,1.0,Longo da via,Bom,Não existe,Não existente,Seca,Perfeito estado,Não há placas,30 km/h,Dupla," , AV RECIFE, Recife, Pernambuco, Brasil",-8.1160254,-34.923929
11787,2019-12-21 17:43:00,SEM VÍTIMA,JARDIM SÃO PAULO,RUA LEOBINA PEREIRA,347,261.0,BOA VIAGEM,COLISÃO,2.0,1.0,1.0,1.0,1.0,1.0,1.0,1.0,1.0,0.0,1.0,Longo da via,Bom,Não existe,Não existente,Seca,Perfeito estado,Não há placas,30 km/h,Dupla,"347, RUA LEOBINA PEREIRA, Recife, Pernambuco, Brasil",-8.0795562,-34.9422758
11482,2019-12-14 08:15:00,SEM VÍTIMA,JARDIM SÃO PAULO,RUA DR DEVALDO BORGES, ,261.0,SUBURBIO,CHOQUE VEÍCULO PARADO,2.0,1.0,1.0,1.0,1.0,1.0,1.0,1.0,1.0,0.0,1.0,Longo da via,Bom,Não existe,Perfeito estado,Seca,Perfeito estado,Outras,30 km/h,Dupla," , RUA DR DEVALDO BORGES, Recife, Pernambuco, Brasil",-8.0795562,-34.9422758
8693,2019-10-04 08:40:00,SEM VÍTIMA,JARDIM SÃO PAULO,RUA LEANDRO BARRETO, ,261.0,SUBURBIO,ABALROAMENTO TRANSVERSAL,2.0,1.0,1.0,1.0,1.0,1.0,1.0,1.0,1.0,0.0,1.0,Cruzamento,Bom,Não existe,Perfeito estado,Seca,Perfeito estado,Não há placas,30 km/h,Dupla," , RUA LEANDRO BARRETO, Recife, Pernambuco, Brasil",-8.0802479,-34.941745
4735,2019-05-30 18:27:00,COM VÍTIMA,JARDIM SÃO PAULO,RUA LEANDRO BARRETO, ,507.0,CIDADE,ATROPELAMENTO,2.0,1.0,1.0,1.0,1.0,1.0,1.0,1.0,1.0,1.0,1.0,Cruzamento,Bom,Sem defeito,Incompleta,Seca,Perfeito estado,Não há placas,30 km/h,Dupla," , RUA LEANDRO BARRETO, Recife, Pernambuco, Brasil",-8.0802479,-34.941745
5090,2019-06-12 06:55:00,SEM VÍTIMA,JARDIM SÃO PAULO,AV RECIFE,5635,259.0,CIDADE,COLISÃO TRASEIRA,1.0,1.0,1.0,1.0,1.0,1.0,1.0,1.0,1.0,0.0,1.0,Longo da via,Chuvoso,Sem defeito,Perfeito estado,Molhada,Perfeito estado,Não há placas,60 km/h,Dupla,"5635, AV RECIFE, Recife, Pernambuco, Brasil",-8.0846575,-34.9321359
8468,2019-09-27 17:20:00,SEM VÍTIMA,JARDIM SÃO PAULO,AV SAO PAULO,70,259.0,CIDADE,ABALROAMENTO TRANSVERSAL,1.0,1.0,1.0,1.0,1.0,1.0,1.0,1.0,1.0,0.0,1.0,Cruzamento,Bom,Não existe,Perfeito estado,Seca,Perfeito estado,Placas Pare,60 km/h,Dupla,"70, AV SAO PAULO, Recife, Pernambuco, Brasil",-8.0855834,-34.9379745
9716,2019-11-01 07:07:00,COM VÍTIMA,JARDIM SÃO PAULO,RUA LORENA,175,259.0,CIDADE,ABALROAMENTO TRANSVERSAL,2.0,1.0,1.0,1.0,1.0,1.0,1.0,1.0,1.0,1.0,1.0,Cruzamento,Bom,Não existe,Incompleta,Seca,Perfeito estado,Outras,60 km/h,Dupla,"175, RUA LORENA, Recife, Pernambuco, Brasil",-8.0831506,-34.9439556
8777,2019-10-06 00:12:00,SEM VÍTIMA,JARDIM SÃO PAULO,RUA ATOR ELPIDIO CAMARA,246,259.0,CIDADE,ABALROAMENTO LONGITUDINAL,2.0,1.0,1.0,1.0,1.0,1.0,1.0,1.0,1.0,0.0,1.0,Cruzamento,Bom,Não existe,Perfeito estado,Seca,Perfeito estado,Não há placas,60 km/h,Dupla,"246, RUA ATOR ELPIDIO CAMARA, Recife, Pernambuco, Brasil",-8.0823252,-34.9386405
8758,2019-10-05 12:32:00,SEM VÍTIMA,JARDIM SÃO PAULO,AV SAO PAULO, ,259.0,CIDADE,COLISÃO,1.0,1.0,1.0,1.0,1.0,1.0,1.0,1.0,1.0,0.0,1.0,Cruzamento,Bom,Não existe,Perfeito estado,Seca,Perfeito estado,Não há placas,60 km/h,Dupla," , AV SAO PAULO, Recife, Pernambuco, Brasil",-8.1233413,-34.9563292
10355,2019-11-18 07:18:00,SEM VÍTIMA,JARDIM SÃO PAULO,RUA LEANDRO BARRETO,271,259.0,SUBURBIO,ABALROAMENTO TRANSVERSAL,1.0,1.0,1.0,1.0,1.0,1.0,1.0,1.0,1.0,0.0,1.0,Cruzamento,Bom,Não existe,Não existente,Seca,Perfeito estado,Não há placas,60 km/h,Dupla,"271, RUA LEANDRO BARRETO, Recife, Pernambuco, Brasil",-8.0802479,-34.941745
6190,2019-07-18 11:57:00,SEM VÍTIMA,JARDIM SÃO PAULO,RUA PAJUSSARA,42,259.0,SUBURBIO,COLISÃO,2.0,1.0,1.0,1.0,1.0,1.0,1.0,1.0,1.0,0.0,1.0,Cruzamento,Bom,Não existe,Não existente,Seca,Perfeito estado,Não há placas,60 km/h,Dupla,"42, RUA PAJUSSARA, Recife, Pernambuco, Brasil",-8.0869918,-34.9494231
7170,2019-08-19 17:17:00,SEM VÍTIMA,JARDIM SÃO PAULO,RUA SENADOR ALBERTO PASQUALINI, ,259.0,SUBURBIO,COLISÃO TRASEIRA,2.0,1.0,1.0,1.0,1.0,1.0,1.0,1.0,1.0,0.0,1.0,Longo da via,Bom,Não existe,Perfeito estado,Seca,Perfeito estado,Placas Pare,60 km/h,Única," , RUA SENADOR ALBERTO PASQUALINI, Recife, Pernambuco, Brasil",-8.0795587,-34.9339941
4918,2019-06-05 14:25:00,SEM VÍTIMA,JARDIM SÃO PAULO,AV PIRACICABA,934,259.0,SUBURBIO,COLISÃO,2.0,1.0,1.0,1.0,1.0,1.0,1.0,1.0,1.0,0.0,1.0,Longo da via,Bom,Não existe,Perfeito estado,Seca,Perfeito estado,Placas Pare,60 km/h,Única,"934, AV PIRACICABA, Recife, Pernambuco, Brasil",-8.0778351,-34.9423359
579,2019-01-23 05:46:00,SEM VÍTIMA,JARDIM SÃO PAULO,AV PIRACICABA, ,259.0,SUBURBIO,COLISÃO,2.0,1.0,1.0,1.0,1.0,1.0,1.0,1.0,1.0,0.0,1.0,Longo da via,Bom,Não existe,Perfeito estado,Seca,Perfeito estado,Placas Pare,60 km/h,Única," , AV PIRACICABA, Recife, Pernambuco, Brasil",-8.0776493,-34.9496052
7110,2019-08-17 10:58:00,SEM VÍTIMA,JARDIM SÃO PAULO,RUA SENADOR ALBERTO PASQUALINI, ,259.0,SUBURBIO,COLISÃO TRASEIRA,1.0,1.0,1.0,1.0,1.0,1.0,1.0,1.0,1.0,0.0,1.0,Longo da via,Bom,Não existe,Incompleta,Seca,Perfeito estado,Outras,40 km/h,Única," , RUA SENADOR ALBERTO PASQUALINI, Recife, Pernambuco, Brasil",-8.0795587,-34.9339941
7190,2019-08-20 10:11:00,SEM VÍTIMA,JARDIM SÃO PAULO,AV SAO PAULO,453,259.0,CIDADE,ABALROAMENTO LONGITUDINAL,1.0,1.0,1.0,1.0,1.0,1.0,1.0,1.0,1.0,0.0,1.0,Longo da via,Bom,Sem defeito,Perfeito estado,Seca,Mal conservada,Não há placas,40 km/h,Dupla,"453, AV SAO PAULO, Recife, Pernambuco, Brasil",-8.0826472,-34.9397641
4729,2019-05-30 16:41:00,SEM VÍTIMA,JARDIM SÃO PAULO,AV SAO PAULO, ,259.0,CIDADE,COLISÃO TRASEIRA,2.0,1.0,1.0,1.0,1.0,1.0,1.0,1.0,1.0,0.0,1.0,Longo da via,Bom,Não existe,Perfeito estado,Seca,Perfeito estado,R-6a,40 km/h,Dupla," , AV SAO PAULO, Recife, Pernambuco, Brasil",-8.1233413,-34.9563292
11605,2019-12-17 13:00:00,SEM VÍTIMA,JARDIM SÃO PAULO,AV SAO PAULO,400,259.0,SUBURBIO,ABALROAMENTO LONGITUDINAL,2.0,1.0,1.0,1.0,1.0,1.0,1.0,1.0,1.0,0.0,1.0,Longo da via,Bom,Não existe,Perfeito estado,Seca,Perfeito estado,Outras,40 km/h,Dupla,"400, AV SAO PAULO, Recife, Pernambuco, Brasil",-8.0828365,-34.9392521
2067,2019-03-10 18:27:00,SEM VÍTIMA,JARDIM SÃO PAULO,AV RECIFE, ,259.0,SUBURBIO,COLISÃO,1.0,1.0,1.0,1.0,1.0,1.0,1.0,1.0,1.0,0.0,1.0,Longo da via,Bom,Não existe,Perfeito estado,Seca,Perfeito estado,Outras,40 km/h,Dupla," , AV RECIFE, Recife, Pernambuco, Brasil",-8.1160254,-34.923929
2071,2019-03-11 07:12:00,COM VÍTIMA,JARDIM SÃO PAULO,RUA LEANDRO BARRETO,440,259.0,SUBURBIO,ABALROAMENTO TRANSVERSAL,1.0,1.0,1.0,1.0,1.0,1.0,1.0,1.0,1.0,1.0,1.0,Cruzamento,Bom,Não existe,Perfeito estado,Seca,Perfeito estado,Outras,40 km/h,Dupla,"440, RUA LEANDRO BARRETO, Recife, Pernambuco, Brasil",-8.0802479,-34.941745
2077,2019-03-11 09:23:00,SEM VÍTIMA,JARDIM SÃO PAULO,RUA LEANDRO BARRETO,274,259.0,SUBURBIO,ABALROAMENTO LONGITUDINAL,1.0,1.0,1.0,1.0,1.0,1.0,1.0,1.0,1.0,0.0,1.0,Longo da via,Bom,Sem defeito,Perfeito estado,Seca,Perfeito estado,Outras,40 km/h,Dupla,"274, RUA LEANDRO BARRETO, Recife, Pernambuco, Brasil",-8.0802479,-34.941745
7848,2019-09-10 12:34:00,SEM VÍTIMA,JARDIM SÃO PAULO,RUA LEANDRO BARRETO,507,259.0,CIDADE,ABALROAMENTO LONGITUDINAL,1.0,1.0,1.0,1.0,1.0,1.0,1.0,1.0,1.0,0.0,1.0,Longo da via,Bom,Não existe,Incompleta,Seca,Perfeito estado,R-6a,40 km/h,Dupla,"507, RUA LEANDRO BARRETO, Recife, Pernambuco, Brasil",-8.0802479,-34.941745
545,2019-01-22 09:08:00,SEM VÍTIMA,JARDIM SÃO PAULO,AV RECIFE, ,259.0,SUBURBIO,ABALROAMENTO LONGITUDINAL,1.0,1.0,1.0,1.0,1.0,1.0,1.0,1.0,1.0,0.0,1.0,Longo da via,Chuvoso,Sem defeito,Perfeito estado,Molhada,Perfeito estado,Outras,60 km/h,Única," , AV RECIFE, Recife, Pernambuco, Brasil",-8.1160254,-34.923929
8386,2019-09-25 16:38:00,SEM VÍTIMA,JARDIM SÃO PAULO,RUA LEANDRO BARRETO, ,259.0,SUBURBIO,ABALROAMENTO TRANSVERSAL,2.0,1.0,1.0,1.0,1.0,1.0,1.0,1.0,1.0,0.0,1.0,Cruzamento,Bom,Não existe,Não existente,Seca,Perfeito estado,Não há placas,30 km/h,Única," , RUA LEANDRO BARRETO, Recife, Pernambuco, Brasil",-8.0802479,-34.941745
5662,2019-06-29 23:07:00,SEM VÍTIMA,JARDIM SÃO PAULO,AV SAO PAULO, ,259.0,CIDADE,ABALROAMENTO LONGITUDINAL,1.0,1.0,1.0,1.0,1.0,1.0,1.0,1.0,1.0,0.0,1.0,Cruzamento,Chuvoso,Não existe,Não existente,Molhada,Mal iluminada,Não há placas,30 km/h,Dupla," , AV SAO PAULO, Recife, Pernambuco, Brasil",-8.1233413,-34.9563292
8719,2019-10-04 17:22:00,SEM VÍTIMA,JARDIM SÃO PAULO,AV PIRACICABA,484,259.0,CIDADE,COLISÃO,1.0,1.0,1.0,1.0,1.0,1.0,1.0,1.0,1.0,0.0,1.0,Cruzamento,Chuvoso,Não existe,Não existente,Molhada,Mal iluminada,Não há placas,30 km/h,Dupla,"484, AV PIRACICABA, Recife, Pernambuco, Brasil",-8.0778351,-34.9423359
7081,2019-08-16 13:53:00,SEM VÍTIMA,JARDIM SÃO PAULO,AV RECIFE,5697,259.0,SUBURBIO,COLISÃO TRASEIRA,2.0,1.0,1.0,1.0,1.0,1.0,1.0,1.0,1.0,0.0,1.0,Longo da via,Bom,Sem defeito,Perfeito estado,Seca,Perfeito estado,Outras,60 km/h,Única,"5697, AV RECIFE, Recife, Pernambuco, Brasil",-8.0846575,-34.9321359
10292,2019-11-15 12:21:00,SEM VÍTIMA,JARDIM SÃO PAULO,AV RECIFE, ,259.0,SUBURBIO,ABALROAMENTO LONGITUDINAL,2.0,1.0,1.0,1.0,1.0,1.0,1.0,1.0,1.0,0.0,1.0,Longo da via,Bom,Sem defeito,Perfeito estado,Seca,Perfeito estado,Outras,60 km/h,Dupla," , AV RECIFE, Recife, Pernambuco, Brasil",-8.1160254,-34.923929
9894,2019-11-06 07:50:00,SEM VÍTIMA,JARDIM SÃO PAULO,AV RECIFE,5630,259.0,SUBURBIO,COLISÃO TRASEIRA,3.0,1.0,1.0,1.0,1.0,1.0,1.0,1.0,1.0,0.0,1.0,Longo da via,Bom,Sem defeito,Perfeito estado,Seca,Perfeito estado,Outras,60 km/h,Dupla,"5630, AV RECIFE, Recife, Pernambuco, Brasil",-8.079796550000001,-34.933538571931805
5229,2019-06-14 16:18:00,SEM VÍTIMA,JARDIM SÃO PAULO,RUA LEANDRO BARRETO,1293,259.0,SUBURBIO,COLISÃO,1.0,1.0,1.0,1.0,1.0,1.0,1.0,1.0,1.0,0.0,1.0,Longo da via,Bom,Sem defeito,Perfeito estado,Seca,Perfeito estado,Outras,60 km/h,Dupla,"1293, RUA LEANDRO BARRETO, Recife, Pernambuco, Brasil",-8.0802618,-34.9421835
6353,2019-07-24 11:25:00,COM VÍTIMA,JARDIM SÃO PAULO,AV SAO PAULO,270,259.0,SUBURBIO,COLISÃO TRASEIRA,1.0,1.0,1.0,1.0,1.0,1.0,1.0,1.0,1.0,1.0,1.0,Longo da via,Chuvoso,Não existe,Incompleta,Molhada,Mal conservada,R-6a,40 km/h,Dupla,"270, AV SAO PAULO, Recife, Pernambuco, Brasil",-8.0840021,-34.9387323
8671,2019-10-03 17:54:00,SEM VÍTIMA,JARDIM SÃO PAULO,AV SAO PAULO, ,259.0,CIDADE,ABALROAMENTO LONGITUDINAL,1.0,1.0,1.0,1.0,1.0,1.0,1.0,1.0,1.0,0.0,1.0,Cruzamento,Bom,Sem defeito,Incompleta,Seca,Perfeito estado,Outras,40 km/h,Dupla," , AV SAO PAULO, Recife, Pernambuco, Brasil",-8.1233413,-34.9563292
1712,2019-02-27 09:11:00,SEM VÍTIMA,JARDIM SÃO PAULO,AV RECIFE, ,259.0,CIDADE,ABALROAMENTO LONGITUDINAL,1.0,1.0,1.0,1.0,1.0,1.0,1.0,1.0,1.0,0.0,1.0,Longo da via,Bom,Não existe,Incompleta,Seca,Perfeito estado,Não há placas,40 km/h,Única," , AV RECIFE, Recife, Pernambuco, Brasil",-8.1160254,-34.923929
4208,2019-05-14 05:53:00,SEM VÍTIMA,JARDIM SÃO PAULO,AV SAO PAULO,55,259.0,CIDADE,COLISÃO FRONTAL,2.0,1.0,1.0,1.0,1.0,1.0,1.0,1.0,1.0,0.0,1.0,Longo da via,Bom,Não existe,Incompleta,Seca,Perfeito estado,R-6a,40 km/h,Dupla,"55, AV SAO PAULO, Recife, Pernambuco, Brasil",-8.085983,-34.9381147
1063,2019-02-08 10:41:00,SEM VÍTIMA,JARDIM SÃO PAULO,AV RECIFE, ,259.0,CIDADE,ABALROAMENTO LONGITUDINAL,1.0,1.0,1.0,1.0,1.0,1.0,1.0,1.0,1.0,0.0,1.0,Longo da via,Bom,Não existe,Perfeito estado,Seca,Perfeito estado,R-6a,40 km/h,Dupla," , AV RECIFE, Recife, Pernambuco, Brasil",-8.1160254,-34.923929
6009,2019-07-12 00:24:00,SEM VÍTIMA,JARDIM SÃO PAULO,AV SAO PAULO, ,259.0,SUBURBIO,COLISÃO TRASEIRA,2.0,1.0,1.0,1.0,1.0,1.0,1.0,1.0,1.0,0.0,1.0,Longo da via,Bom,Não existe,Perfeito estado,Seca,Perfeito estado,R-6a,40 km/h,Dupla," , AV SAO PAULO, Recife, Pernambuco, Brasil",-8.1233413,-34.9563292
10255,2019-11-14 13:39:00,SEM VÍTIMA,JARDIM SÃO PAULO,AV CENTRAL, ,259.0,SUBURBIO,COLISÃO,1.0,1.0,1.0,1.0,1.0,1.0,1.0,1.0,1.0,0.0,1.0,Longo da via,Bom,Não existe,Perfeito estado,Seca,Perfeito estado,R-6a,40 km/h,Dupla," , AV CENTRAL, Recife, Pernambuco, Brasil",-8.0737974,-34.898474
8038,2019-09-15 22:13:00,SEM VÍTIMA,JARDIM SÃO PAULO,RUA LORENA, ,259.0,SUBURBIO,ABALROAMENTO TRANSVERSAL,2.0,1.0,1.0,1.0,1.0,1.0,1.0,1.0,1.0,0.0,1.0,Cruzamento,Bom,Não existe,Perfeito estado,Seca,Perfeito estado,Placas Pare,40 km/h,Dupla," , RUA LORENA, Recife, Pernambuco, Brasil",-8.0804804,-34.9449118
9996,2019-11-08 14:09:00,SEM VÍTIMA,JARDIM SÃO PAULO,RUA LEANDRO BARRETO, ,259.0,SUBURBIO,ABALROAMENTO TRANSVERSAL,1.0,1.0,1.0,1.0,1.0,1.0,1.0,1.0,1.0,0.0,1.0,Cruzamento,Bom,Não existe,Perfeito estado,Seca,Mal conservada,Não há placas,40 km/h,Dupla," , RUA LEANDRO BARRETO, Recife, Pernambuco, Brasil",-8.0802479,-34.941745
7701,2019-09-05 16:12:00,COM VÍTIMA,JARDIM SÃO PAULO,RUA LEANDRO BARRETO,125A,259.0,CIDADE,ABALROAMENTO TRANSVERSAL,1.0,1.0,1.0,1.0,1.0,1.0,1.0,1.0,1.0,3.0,1.0,Cruzamento,Bom,Não existe,Não existente,Seca,Perfeito estado,Placas Dê a preferência,40 km/h,Dupla,"125A, RUA LEANDRO BARRETO, Recife, Pernambuco, Brasil",-8.0802479,-34.941745
229,2019-01-10 08:22:00,SEM VÍTIMA,JARDIM SÃO PAULO,RUA SENADOR ALBERTO PASQUALINI,178,259.0,SUBURBIO,ABALROAMENTO LONGITUDINAL,2.0,1.0,1.0,1.0,1.0,1.0,1.0,1.0,1.0,0.0,1.0,Longo da via,Bom,Não existe,Perfeito estado,Seca,Perfeito estado,Outras,40 km/h,Única,"178, RUA SENADOR ALBERTO PASQUALINI, Recife, Pernambuco, Brasil",-8.0810388,-34.9369562
5531,2019-06-26 04:39:00,SEM VÍTIMA,JARDIM SÃO PAULO,AV RECIFE,5635,259.0,SUBURBIO,ABALROAMENTO LONGITUDINAL,1.0,1.0,1.0,1.0,1.0,1.0,1.0,1.0,1.0,0.0,1.0,Cruzamento,Chuvoso,Sem defeito,Perfeito estado,Molhada,Perfeito estado,Outras,40 km/h,Dupla,"5635, AV RECIFE, Recife, Pernambuco, Brasil",-8.0846575,-34.9321359
10250,2019-11-14 12:58:00,SEM VÍTIMA,JARDIM SÃO PAULO,RUA LORENA, ,259.0,SUBURBIO,ABALROAMENTO LONGITUDINAL,2.0,1.0,1.0,1.0,1.0,1.0,1.0,1.0,1.0,0.0,1.0,Cruzamento,Bom,Não existe,Não existente,Seca,Perfeito estado,Não há placas,40 km/h,Dupla," , RUA LORENA, Recife, Pernambuco, Brasil",-8.0804804,-34.9449118
4291,2019-05-16 11:13:00,SEM VÍTIMA,JARDIM SÃO PAULO,RUA LEOBINA PEREIRA,193,259.0,SUBURBIO,COLISÃO,2.0,1.0,1.0,1.0,1.0,1.0,1.0,1.0,1.0,0.0,1.0,Cruzamento,Bom,Não existe,Não existente,Seca,Perfeito estado,Não há placas,40 km/h,Dupla,"193, RUA LEOBINA PEREIRA, Recife, Pernambuco, Brasil",-8.0809631,-34.9415761
8840,2019-10-08 08:30:00,SEM VÍTIMA,JARDIM SÃO PAULO,AV PIRACICABA,722,259.0,CIDADE,COLISÃO TRASEIRA,2.0,1.0,1.0,1.0,1.0,1.0,1.0,1.0,1.0,0.0,1.0,Longo da via,Bom,Não existe,Não existente,Seca,Mal conservada,Não há placas,40 km/h,Dupla,"722, AV PIRACICABA, Recife, Pernambuco, Brasil",-8.0778351,-34.9423359
1182,2019-02-11 22:13:00,SEM VÍTIMA,JARDIM SÃO PAULO,AV LIBERDADE,589,259.0,CIDADE,ABALROAMENTO LONGITUDINAL,2.0,1.0,1.0,1.0,1.0,1.0,1.0,1.0,1.0,0.0,1.0,Longo da via,Bom,Não existe,Perfeito estado,Seca,Perfeito estado,R-6a,30 km/h,Dupla,"589, AV LIBERDADE, Recife, Pernambuco, Brasil",-8.081547,-34.9650923
3554,2019-04-23 09:48:00,SEM VÍTIMA,JARDIM SÃO PAULO,AV ADOLPHO BLOCH, ,259.0,SUBURBIO,ABALROAMENTO LONGITUDINAL,2.0,1.0,1.0,1.0,1.0,1.0,0.0,1.0,1.0,0.0,1.0,Longo da via,Bom,Não existe,Perfeito estado,Seca,Perfeito estado,Não há placas,30 km/h,Dupla," , AV ADOLPHO BLOCH, Recife, Pernambuco, Brasil",-8.081547,-34.9650923
9614,2019-10-29 18:16:00,SEM VÍTIMA,JARDIM SÃO PAULO,AV SAO PAULO, ,259.0,SUBURBIO,ABALROAMENTO TRANSVERSAL,2.0,1.0,1.0,1.0,1.0,1.0,0.0,1.0,1.0,0.0,1.0,Longo da via,Bom,Não existe,Incompleta,Seca,Perfeito estado,Não há placas,30 km/h,Dupla," , AV SAO PAULO, Recife, Pernambuco, Brasil",-8.1233413,-34.9563292
5432,2019-06-21 15:26:00,COM VÍTIMA,JARDIM SÃO PAULO,AV LIBERDADE,172,259.0,SUBURBIO,ABALROAMENTO LONGITUDINAL,1.0,1.0,1.0,1.0,1.0,1.0,0.0,1.0,1.0,1.0,1.0,Longo da via,Bom,Não existe,Perfeito estado,Seca,Perfeito estado,Não há placas,30 km/h,Dupla,"172, AV LIBERDADE, Recife, Pernambuco, Brasil",-8.081547,-34.9650923
9035,2019-10-13 14:47:00,SEM VÍTIMA,JARDIM SÃO PAULO,AV LIBERDADE,110,259.0,SUBURBIO,COLISÃO TRASEIRA,2.0,1.0,1.0,1.0,1.0,1.0,0.0,1.0,1.0,0.0,1.0,Longo da via,Chuvoso,Não existe,Perfeito estado,Molhada,Perfeito estado,R-6a,30 km/h,Dupla,"110, AV LIBERDADE, Recife, Pernambuco, Brasil",-8.081547,-34.9650923
2218,2019-03-14 17:39:00,COM VÍTIMA,JARDIM SÃO PAULO,AV LIBERDADE,110,259.0,SUBURBIO,ABALROAMENTO LONGITUDINAL,1.0,1.0,1.0,1.0,1.0,1.0,0.0,1.0,1.0,1.0,1.0,Longo da via,Bom,Não existe,Perfeito estado,Seca,Outros,Outras,30 km/h,Dupla,"110, AV LIBERDADE, Recife, Pernambuco, Brasil",-8.081547,-34.9650923
11453,2019-12-13 13:23:00,SEM VÍTIMA,JARDIM SÃO PAULO,AV RECIFE, ,259.0,SUBURBIO,COLISÃO,3.0,1.0,1.0,1.0,1.0,1.0,0.0,1.0,1.0,0.0,1.0,Longo da via,Bom,Não existe,Perfeito estado,Seca,Outros,Outras,30 km/h,Dupla," , AV RECIFE, Recife, Pernambuco, Brasil",-8.1160254,-34.923929