,data_hora,natureza_acidente,bairro,endereco,numero,num_semaforo,sentido_via,tipo,auto,moto,ciclom,ciclista,pedestre,onibus,caminhao,viatura,outros,vitimas,vitimasfatais,acidente_verificado,tempo_clima,situacao_semaforo,sinalizacao,condicao_via,conservacao_via,situacao_placa,velocidade_max_via,mao_direcao,end,latitude,longitude
614,2019-01-24 10:34:00,SEM VÍTIMA,JORDÃO,RUA NOVA CANAA, ,581.0,SUBURBIO,ABALROAMENTO LONGITUDINAL,1.0,1.0,1.0,1.0,1.0,1.0,1.0,1.0,1.0,0.0,1.0,Cruzamento,Bom,Não existe,Incompleta,Seca,Perfeito estado,Não há placas,30 km/h,Dupla," , RUA NOVA CANAA, Recife, Pernambuco, Brasil",-8.1296698,-34.9383595
1087,2019-02-08 18:38:00,SEM VÍTIMA,JORDÃO,AV MARIA IRENE,323,581.0,SUBURBIO,COLISÃO TRASEIRA,3.0,1.0,1.0,1.0,1.0,1.0,1.0,1.0,1.0,0.0,1.0,Longo da via,Bom,Não existe,Perfeito estado,Seca,Perfeito estado,Não há placas,30 km/h,Dupla,"323, AV MARIA IRENE, Recife, Pernambuco, Brasil",-8.1405787,-34.9282341
11658,2019-12-18 18:28:00,SEM VÍTIMA,JORDÃO,RUA JOSE MARTORANO, ,581.0,SUBURBIO,COLISÃO,1.0,1.0,1.0,1.0,1.0,1.0,1.0,1.0,1.0,0.0,1.0,Longo da via,Bom,Não existe,Perfeito estado,Seca,Perfeito estado,Não há placas,30 km/h,Dupla," , RUA JOSE MARTORANO, Recife, Pernambuco, Brasil",-8.131082,-34.9415538
3900,2019-05-03 07:46:00,SEM VÍTIMA,JORDÃO,RUA ALBERTO LUNDGREN, ,581.0,SUBURBIO,COLISÃO,1.0,1.0,1.0,1.0,1.0,1.0,1.0,1.0,1.0,0.0,1.0,Longo da via,Bom,Não existe,Perfeito estado,Seca,Perfeito estado,Não há placas,30 km/h,Dupla," , RUA ALBERTO LUNDGREN, Recife, Pernambuco, Brasil",-8.1368143,-34.9365865
5231,2019-06-14 17:01:00,COM VÍTIMA,JORDÃO,RUA DR ANDRADE LYRA,15,581.0,SUBURBIO,COLISÃO,1.0,1.0,1.0,1.0,1.0,1.0,1.0,1.0,1.0,1.0,1.0,Longo da via,Bom,Não existe,Perfeito estado,Seca,Perfeito estado,Não há placas,30 km/h,Dupla,"15, RUA DR ANDRADE LYRA, Recife, Pernambuco, Brasil",-8.1368143,-34.9365865
604,2019-01-23 20:35:00,SEM VÍTIMA,JORDÃO,RUA RIO XINGU,689,581.0,CIDADE,COLISÃO FRONTAL,1.0,1.0,1.0,1.0,1.0,1.0,1.0,1.0,1.0,0.0,1.0,Longo da via,Bom,Não existe,Não existente,Seca,Mal iluminada,Não há placas,30 km/h,Dupla,"689, RUA RIO XINGU, Recife, Pernambuco, Brasil",-8.1225074,-34.9352126
1106,2019-02-09 15:00:00,SEM VÍTIMA,JORDÃO,AV MARIA IRENE,15,581.0,SUBURBIO,ABALROAMENTO TRANSVERSAL,2.0,1.0,1.0,1.0,1.0,1.0,1.0,1.0,1.0,0.0,1.0,Cruzamento,Bom,Não existe,Perfeito estado,Seca,Perfeito estado,Outras,60 km/h,Dupla,"15, AV MARIA IRENE, Recife, Pernambuco, Brasil",-8.1405787,-34.9282341
3901,2019-05-03 08:07:00,COM VÍTIMA,JORDÃO,RUA BOANERGES PEREIRA, ,581.0,SUBURBIO,COLISÃO TRASEIRA,1.0,1.0,1.0,1.0,1.0,1.0,1.0,1.0,1.0,1.0,1.0,Longo da via,Bom,Não existe,Não existente,Seca,Mal conservada,Não há placas,60 km/h,Dupla," , RUA BOANERGES PEREIRA, Recife, Pernambuco, Brasil",-8.1386611,-34.9454409
6779,2019-08-07 20:54:00,COM VÍTIMA,JORDÃO,AV MARIA IRENE,1542,581.0,SUBURBIO,ABALROAMENTO LONGITUDINAL,1.0,1.0,1.0,1.0,1.0,1.0,1.0,1.0,1.0,2.0,1.0,Longo da via,Bom,Não existe,Incompleta,Molhada,Mal conservada,Não há placas,40 km/h,Dupla,"1542, AV MARIA IRENE, Recife, Pernambuco, Brasil",-8.1405787,-34.9282341
8096,2019-09-17 10:06:00,SEM VÍTIMA,JORDÃO,AV MARIA IRENE,323,581.0,SUBURBIO,COLISÃO TRASEIRA,1.0,1.0,1.0,1.0,1.0,1.0,1.0,1.0,1.0,0.0,1.0,Cruzamento,Chuvoso,Não existe,Perfeito estado,Seca,Perfeito estado,Não há placas,40 km/h,Dupla,"323, AV MARIA IRENE, Recife, Pernambuco, Brasil",-8.1405787,-34.9282341
7206,2019-08-20 17:06:00,SEM VÍTIMA,JORDÃO,RUA ESCOLA DE SAGRES,118,581.0,SUBURBIO,COLISÃO TRASEIRA,2.0,1.0,1.0,1.0,1.0,1.0,1.0,1.0,1.0,0.0,1.0,Longo da via,Bom,Não existe,Não existente,Seca,Perfeito estado,Não há placas,40 km/h,Dupla,"118, RUA ESCOLA DE SAGRES, Recife, Pernambuco, Brasil",-8.1364683,-34.9384457
3982,2019-05-06 07:00:00,SEM VÍTIMA,JORDÃO,AV MARIA IRENE,23,581.0,SUBURBIO,COLISÃO TRASEIRA,2.0,1.0,1.0,1.0,1.0,1.0,1.0,1.0,1.0,0.0,1.0,Longo da via,Bom,Não existe,Não existente,Seca,Mal conservada,Não há placas,40 km/h,Dupla,"23, AV MARIA IRENE, Recife, Pernambuco, Brasil",-8.1405787,-34.9282341
7984,2019-09-13 18:50:00,SEM VÍTIMA,JORDÃO,AV CENTENARIO ALBERTO SANTOS DUMONT,311,581.0,SUBURBIO,COLISÃO,2.0,1.0,1.0,1.0,1.0,1.0,1.0,1.0,1.0,0.0,1.0,Longo da via,Bom,Não existe,Não existente,Seca,Mal conservada,Não há placas,40 km/h,Dupla,"311, AV CENTENARIO ALBERTO SANTOS DUMONT, Recife, Pernambuco, Brasil",-8.1416149,-34.9195316
479,2019-01-19 16:11:00,SEM VÍTIMA,JORDÃO,RUA GARIBALDINA,7,581.0,SUBURBIO,COLISÃO,2.0,1.0,1.0,1.0,1.0,1.0,1.0,1.0,1.0,0.0,1.0,Longo da via,Bom,Não existe,Não existente,Seca,Mal conservada,Não há placas,40 km/h,Dupla,"7, RUA GARIBALDINA, Recife, Pernambuco, Brasil",-8.1367132,-34.9433391
1227,2019-02-12 20:34:00,SEM VÍTIMA,JORDÃO,RUA DR ANDRADE LYRA,728,581.0,CIDADE,ABALROAMENTO TRANSVERSAL,2.0,1.0,1.0,1.0,1.0,1.0,1.0,1.0,1.0,0.0,1.0,Cruzamento,Bom,Não existe,Perfeito estado,Seca,Perfeito estado,Placas Pare,40 km/h,Única,"728, RUA DR ANDRADE LYRA, Recife, Pernambuco, Brasil",-8.1367132,-34.9433391
11780,2019-12-21 14:28:00,SEM VÍTIMA,JORDÃO,AV MARIA IRENE,865,581.0,CIDADE,COLISÃO,1.0,1.0,1.0,1.0,1.0,1.0,1.0,1.0,1.0,0.0,1.0,Cruzamento,Bom,Não existe,Perfeito estado,Seca,Perfeito estado,Placas Pare,40 km/h,Única,"865, AV MARIA IRENE, Recife, Pernambuco, Brasil",-8.1405787,-34.9282341
10051,2019-11-09 16:23:00,SEM VÍTIMA,JORDÃO,RUA MIRAVANIA,11,581.0,SUBURBIO,ABALROAMENTO LONGITUDINAL,2.0,1.0,1.0,1.0,1.0,1.0,1.0,1.0,1.0,0.0,1.0,Longo da via,Bom,Não existe,Não existente,Seca,Perfeito estado,Não há placas,40 km/h,Dupla,"11, RUA MIRAVANIA, Recife, Pernambuco, Brasil",-8.1362301,-34.9419662
4130,2019-05-10 20:54:00,COM VÍTIMA,JORDÃO,AV MARIA IRENE, ,584.0,SUBURBIO,COLISÃO,1.0,1.0,1.0,1.0,1.0,1.0,1.0,1.0,1.0,2.0,1.0,Longo da via,Bom,Sem defeito,Não existente,Seca,Perfeito estado,Não há placas,40 km/h,Dupla," , AV MARIA IRENE, Recife, Pernambuco, Brasil",-8.1405787,-34.9282341
4734,2019-05-30 18:00:00,SEM VÍTIMA,JORDÃO,AV MARIA IRENE,837,584.0,SUBURBIO,COLISÃO TRASEIRA,2.0,1.0,1.0,1.0,1.0,1.0,1.0,1.0,1.0,0.0,1.0,Longo da via,Bom,Não existe,Não existente,Seca,Perfeito estado,Não há placas,40 km/h,Dupla,"837, AV MARIA IRENE, Recife, Pernambuco, Brasil",-8.1405787,-34.9282341
11653,2019-12-18 17:00:00,SEM VÍTIMA,JORDÃO,AV MARIA IRENE,25,584.0,SUBURBIO,COLISÃO TRASEIRA,1.0,1.0,1.0,1.0,1.0,1.0,1.0,1.0,1.0,0.0,1.0,Longo da via,Bom,Não existe,Perfeito estado,Seca,Perfeito estado,Não há placas,40 km/h,Dupla,"25, AV MARIA IRENE, Recife, Pernambuco, Brasil",-8.1402939,-34.9225381
11649,2019-12-18 16:30:00,SEM VÍTIMA,JORDÃO,RUA JOSE MARTORANO, ,584.0,SUBURBIO,COLISÃO,1.0,1.0,1.0,1.0,1.0,1.0,1.0,1.0,1.0,0.0,1.0,Longo da via,Bom,Não existe,Perfeito estado,Seca,Perfeito estado,Não há placas,40 km/h,Dupla," , RUA JOSE MARTORANO, Recife, Pernambuco, Brasil",-8.131082,-34.9415538
3611,2019-04-24 18:53:00,SEM VÍTIMA,JORDÃO,RUA EMILIO MONTEIRO FONSECA,193,584.0,SUBURBIO,COLISÃO,1.0,1.0,1.0,1.0,1.0,1.0,1.0,1.0,1.0,0.0,1.0,Longo da via,Bom,Não existe,Perfeito estado,Seca,Perfeito estado,Não há placas,40 km/h,Dupla,"193, RUA EMILIO MONTEIRO FONSECA, Recife, Pernambuco, Brasil",-8.1276255,-34.9386302
11646,2019-12-18 15:28:00,SEM VÍTIMA,JORDÃO,RUA DR ALVARO FERRAZ,71,584.0,SUBURBIO,ABALROAMENTO LONGITUDINAL,1.0,1.0,1.0,1.0,1.0,1.0,1.0,1.0,1.0,0.0,1.0,Longo da via,Bom,Não existe,Perfeito estado,Seca,Perfeito estado,Não há placas,40 km/h,Única,"71, RUA DR ALVARO FERRAZ, Recife, Pernambuco, Brasil",-8.1276255,-34.9386302
828,2019-02-01 08:59:00,SEM VÍTIMA,JORDÃO,RUA GONCALVES DIAS,124,584.0,SUBURBIO,COLISÃO,1.0,1.0,1.0,1.0,1.0,1.0,1.0,1.0,1.0,0.0,1.0,Longo da via,Bom,Não existe,Perfeito estado,Seca,Perfeito estado,Não há placas,40 km/h,Única,"124, RUA GONCALVES DIAS, Recife, Pernambuco, Brasil",-8.0323907,-34.8778327
3726,2019-04-27 16:42:00,SEM VÍTIMA,JORDÃO,RUA CAMOCIM, ,584.0,SUBURBIO,COLISÃO,2.0,1.0,1.0,1.0,1.0,1.0,1.0,1.0,1.0,0.0,1.0,Longo da via,Bom,Não existe,Perfeito estado,Seca,Perfeito estado,Não há placas,40 km/h,Única," , RUA CAMOCIM, Recife, Pernambuco, Brasil",-8.1300302,-34.9352172
3758,2019-04-28 18:53:00,SEM VÍTIMA,JORDÃO,AV MARECHAL MASCARENHAS DE MORAES,6997,584.0,CIDADE,COLISÃO TRASEIRA,2.0,1.0,1.0,1.0,1.0,1.0,1.0,1.0,1.0,0.0,1.0,Longo da via,Bom,Não existe,Perfeito estado,Seca,Perfeito estado,Não há placas,40 km/h,Dupla,"6997, AV MARECHAL MASCARENHAS DE MORAES, Recife, Pernambuco, Brasil",-8.1428198,-34.9176707
958,2019-02-05 16:49:00,SEM VÍTIMA,JORDÃO,AV MARIA IRENE,323,584.0,SUBURBIO,CHOQUE OBJETO FIXO,1.0,1.0,1.0,1.0,1.0,1.0,1.0,1.0,1.0,0.0,1.0,Longo da via,Bom,Não existe,Perfeito estado,Seca,Perfeito estado,Não há placas,40 km/h,Dupla,"323, AV MARIA IRENE, Recife, Pernambuco, Brasil",-8.1405787,-34.9282341
9040,2019-10-13 18:42:00,SEM VÍTIMA,JORDÃO,AV MARIA IRENE, ,584.0,SUBURBIO,COLISÃO,1.0,1.0,1.0,1.0,1.0,1.0,1.0,1.0,1.0,0.0,1.0,Longo da via,Bom,Não existe,Perfeito estado,Seca,Perfeito estado,Não há placas,40 km/h,Dupla," , AV MARIA IRENE, Recife, Pernambuco, Brasil",-8.1405787,-34.9282341
977,2019-02-06 08:25:00,SEM VÍTIMA,JORDÃO,RUA DR ALVARO FERRAZ,11,584.0,SUBURBIO,COLISÃO,2.0,1.0,1.0,1.0,1.0,1.0,1.0,1.0,1.0,0.0,1.0,Longo da via,Bom,Não existe,Perfeito estado,Seca,Perfeito estado,Não há placas,40 km/h,Dupla,"11, RUA DR ALVARO FERRAZ, Recife, Pernambuco, Brasil",-8.1405787,-34.9282341
687,2019-01-27 13:10:00,SEM VÍTIMA,JORDÃO,AV MARIA IRENE,113,584.0,SUBURBIO,COLISÃO,1.0,1.0,1.0,1.0,1.0,1.0,1.0,1.0,1.0,0.0,1.0,Longo da via,Bom,Não existe,Perfeito estado,Seca,Perfeito estado,Não há placas,40 km/h,Dupla,"113, AV MARIA IRENE, Recife, Pernambuco, Brasil",-8.1405948,-34.9231066
683,2019-01-27 09:53:00,SEM VÍTIMA,JORDÃO,AV BEIRA RIO,31 A,584.0,SUBURBIO,COLISÃO,2.0,1.0,1.0,1.0,1.0,1.0,1.0,1.0,1.0,0.0,1.0,Longo da via,Bom,Não existe,Perfeito estado,Seca,Perfeito estado,Não há placas,40 km/h,Dupla,"31 A, AV BEIRA RIO, Recife, Pernambuco, Brasil",-7.9831927,-34.8444385
3828,2019-04-30 15:22:00,SEM VÍTIMA,JORDÃO,RUA CANAL DO JORDAO, ,584.0,SUBURBIO,COLISÃO TRASEIRA,1.0,1.0,1.0,1.0,1.0,1.0,1.0,1.0,1.0,0.0,1.0,Longo da via,Bom,Não existe,Perfeito estado,Seca,Perfeito estado,Não há placas,40 km/h,Única," , RUA CANAL DO JORDAO, Recife, Pernambuco, Brasil",-8.1442897,-34.9156819
7762,2019-09-07 21:11:00,SEM VÍTIMA,JORDÃO,AV MARIA IRENE,170,584.0,SUBURBIO,COLISÃO TRASEIRA,2.0,1.0,1.0,1.0,1.0,1.0,1.0,1.0,1.0,0.0,1.0,Longo da via,Chuvoso,Não existe,Perfeito estado,Molhada,Perfeito estado,Não há placas,40 km/h,Dupla,"170, AV MARIA IRENE, Recife, Pernambuco, Brasil",-8.1405787,-34.9282341
665,2019-01-26 07:38:00,COM VÍTIMA,JORDÃO,RUA REMIGIO, ,584.0,CIDADE,ABALROAMENTO LONGITUDINAL,2.0,1.0,1.0,1.0,1.0,1.0,1.0,1.0,1.0,2.0,1.0,Outros,Bom,Não existe,Não existente,Seca,Perfeito estado,Não há placas,40 km/h,Única," , RUA REMIGIO, Recife, Pernambuco, Brasil",-7.9108037,-34.8409094
3873,2019-05-02 11:48:00,SEM VÍTIMA,JORDÃO,AV MARIA IRENE,130,584.0,SUBURBIO,ABALROAMENTO LONGITUDINAL,1.0,1.0,1.0,1.0,1.0,1.0,1.0,1.0,1.0,0.0,1.0,Longo da via,Bom,Não existe,Não existente,Seca,Mal conservada,Não há placas,40 km/h,Dupla,"130, AV MARIA IRENE, Recife, Pernambuco, Brasil",-8.1405787,-34.9282341
990,2019-02-06 14:44:00,SEM VÍTIMA,JORDÃO,AV MARIA IRENE,15,584.0,SUBURBIO,COLISÃO,2.0,1.0,1.0,1.0,1.0,1.0,1.0,1.0,1.0,0.0,1.0,Longo da via,Bom,Não existe,Não existente,Seca,Mal conservada,Não há placas,40 km/h,Dupla,"15, AV MARIA IRENE, Recife, Pernambuco, Brasil",-8.1405787,-34.9282341
8039,2019-09-15 22:46:00,SEM VÍTIMA,JORDÃO,AV MARIA IRENE, ,584.0,SUBURBIO,COLISÃO,2.0,1.0,1.0,1.0,1.0,1.0,1.0,1.0,1.0,0.0,1.0,Longo da via,Bom,Não existe,Não existente,Seca,Mal conservada,Não há placas,40 km/h,Dupla," , AV MARIA IRENE, Recife, Pernambuco, Brasil",-8.1405787,-34.9282341
5425,2019-06-21 14:03:00,SEM VÍTIMA,JORDÃO,AV MARIA IRENE, ,584.0,SUBURBIO,COLISÃO TRASEIRA,2.0,1.0,1.0,1.0,1.0,1.0,1.0,1.0,1.0,0.0,1.0,Longo da via,Bom,Sem defeito,Incompleta,Seca,Perfeito estado,Não há placas,40 km/h,Dupla," , nan, Recife, Pernambuco, Brasil",-8.0584933,-34.8848193
9028,2019-10-13 01:04:00,SEM VÍTIMA,JORDÃO,RUA RIO XINGU,45,584.0,SUBURBIO,COLISÃO FRONTAL,2.0,1.0,1.0,1.0,1.0,1.0,1.0,1.0,1.0,0.0,1.0,Longo da via,Bom,Não existe,Incompleta,Seca,Perfeito estado,Não há placas,40 km/h,Dupla,"45, RUA RIO XINGU, Recife, Pernambuco, Brasil",-8.1225074,-34.9352126
991,2019-02-06 15:35:00,COM VÍTIMA,JORDÃO,AV MARIA IRENE,865,584.0,SUBURBIO,ABALROAMENTO LONGITUDINAL,1.0,1.0,1.0,1.0,1.0,1.0,1.0,1.0,1.0,1.0,1.0,Longo da via,Chuvoso,Não existe,Incompleta,Molhada,Mal conservada,Não há placas,60 km/h,Dupla,"865, AV MARIA IRENE, Recife, Pernambuco, Brasil",-8.1405787,-34.9282341
1007,2019-02-07 07:36:00,SEM VÍTIMA,JORDÃO,RUA DR ALVARO FERRAZ,D48,584.0,SUBURBIO,COLISÃO TRASEIRA,2.0,1.0,1.0,1.0,1.0,1.0,1.0,1.0,1.0,0.0,1.0,Longo da via,Bom,Não existe,Não existente,Seca,Mal conservada,Não há placas,60 km/h,Única,"D48, RUA DR ALVARO FERRAZ, Recife, Pernambuco, Brasil",-8.1405787,-34.9282341
4951,2019-06-06 11:01:00,SEM VÍTIMA,JORDÃO,AV MARIA IRENE,1672,584.0,SUBURBIO,COLISÃO,2.0,1.0,1.0,1.0,1.0,1.0,1.0,1.0,1.0,0.0,1.0,Longo da via,Bom,Não existe,Não existente,Seca,Mal conservada,Não há placas,60 km/h,Única,"1672, AV MARIA IRENE, Recife, Pernambuco, Brasil",-8.1391187,-34.9352359
4939,2019-06-06 06:59:00,COM VÍTIMA,JORDÃO,AV MARIA IRENE, ,584.0,CIDADE,ABALROAMENTO LONGITUDINAL,1.0,1.0,1.0,1.0,1.0,1.0,1.0,1.0,1.0,2.0,1.0,Cruzamento,Bom,Não existe,Incompleta,Seca,Perfeito estado,Não há placas,30 km/h,Dupla," , AV MARIA IRENE, Recife, Pernambuco, Brasil",-8.1405787,-34.9282341
8033,2019-09-15 19:12:00,SEM VÍTIMA,JORDÃO,TUNEL FELIPE CAMARAO, ,584.0,CIDADE,COLISÃO TRASEIRA,3.0,1.0,1.0,1.0,1.0,1.0,1.0,1.0,1.0,0.0,1.0,Cruzamento,Bom,Não existe,Incompleta,Seca,Mal conservada,Não há placas,30 km/h,Dupla," , TUNEL FELIPE CAMARAO, Recife, Pernambuco, Brasil",-8.1422414,-34.9174029
9276,2019-10-19 16:12:00,SEM VÍTIMA,JORDÃO,AV DONA CARENTINA,1,584.0,SUBURBIO,ABALROAMENTO TRANSVERSAL,2.0,1.0,1.0,1.0,1.0,1.0,1.0,1.0,1.0,0.0,1.0,Longo da via,Bom,Não existe,Incompleta,Seca,Perfeito estado,Não há placas,30 km/h,Dupla,"1, AV DONA CARENTINA, Recife, Pernambuco, Brasil",-8.1356485,-34.9404154
7836,2019-09-10 09:04:00,SEM VÍTIMA,JORDÃO,AV MARIA IRENE,611,584.0,SUBURBIO,ABALROAMENTO LONGITUDINAL,1.0,1.0,1.0,1.0,1.0,1.0,1.0,1.0,1.0,0.0,1.0,Longo da via,Bom,Não existe,Incompleta,Seca,Perfeito estado,Outras,30 km/h,Dupla,"611, AV MARIA IRENE, Recife, Pernambuco, Brasil",-8.1405787,-34.9282341
8143,2019-09-18 13:19:00,SEM VÍTIMA,JORDÃO,AV JULIO CESAR,774,584.0,SUBURBIO,COLISÃO,1.0,1.0,1.0,1.0,1.0,1.0,1.0,1.0,1.0,0.0,1.0,Longo da via,Bom,Não existe,Incompleta,Seca,Perfeito estado,Outras,30 km/h,Dupla,"774, AV JULIO CESAR, Recife, Pernambuco, Brasil",-8.1420146,-34.9199799
3396,2019-04-16 19:27:00,SEM VÍTIMA,JORDÃO,RUA DR ANDRADE LYRA, ,584.0,CIDADE,ABALROAMENTO LONGITUDINAL,1.0,1.0,1.0,1.0,1.0,1.0,1.0,1.0,1.0,0.0,1.0,Longo da via,Bom,Não existe,Perfeito estado,Seca,Perfeito estado,R-6a,30 km/h,Única," , RUA DR ANDRADE LYRA, Recife, Pernambuco, Brasil",-8.1420146,-34.9199799
4424,2019-05-20 16:15:00,SEM VÍTIMA,JORDÃO,RUA LIMOEIRO,30A,584.0,SUBURBIO,CHOQUE OBJETO FIXO,1.0,1.0,1.0,1.0,1.0,1.0,1.0,1.0,1.0,0.0,1.0,Cruzamento,Bom,Não existe,Não existente,Seca,Mal conservada,Outras,30 km/h,Dupla,"30A, RUA LIMOEIRO, Recife, Pernambuco, Brasil",-8.1343392,-34.9380348
12036,2019-12-30 10:48:00,SEM VÍTIMA,JORDÃO,RUA DR ALVARO FERRAZ, ,584.0,SUBURBIO,ABALROAMENTO TRANSVERSAL,2.0,1.0,1.0,1.0,1.0,1.0,1.0,1.0,1.0,0.0,1.0,Cruzamento,Bom,Não existe,Incompleta,Seca,Perfeito estado,Placas Pare,30 km/h,Única," , RUA DR ALVARO FERRAZ, Recife, Pernambuco, Brasil",-8.1343392,-34.9380348
7365,2019-08-25 22:56:00,SEM VÍTIMA,JORDÃO,RUA CANAL DO JORDAO, ,584.0,SUBURBIO,ABALROAMENTO LONGITUDINAL,1.0,1.0,1.0,1.0,1.0,1.0,1.0,1.0,1.0,0.0,1.0,Cruzamento,Bom,Não existe,Não existente,Seca,Mal conservada,Não há placas,30 km/h,Única," , RUA CANAL DO JORDAO, Recife, Pernambuco, Brasil",-8.1442897,-34.9156819
11854,2019-12-23 19:08:00,SEM VÍTIMA,JORDÃO,AV MARIA IRENE,718,584.0,SUBURBIO,COLISÃO TRASEIRA,2.0,1.0,1.0,1.0,1.0,1.0,1.0,1.0,1.0,0.0,1.0,Longo da via,Bom,Não existe,Incompleta,Seca,Mal iluminada,Outras,30 km/h,Dupla,"718, AV MARIA IRENE, Recife, Pernambuco, Brasil",-8.1403379,-34.927953
8945,2019-10-10 15:09:00,SEM VÍTIMA,JORDÃO,AV DONA CARENTINA, ,584.0,SUBURBIO,ABALROAMENTO LONGITUDINAL,1.0,1.0,1.0,1.0,1.0,1.0,1.0,1.0,1.0,0.0,1.0,Longo da via,Bom,Sem defeito,Perfeito estado,Seca,Perfeito estado,Não há placas,30 km/h,Única," , AV DONA CARENTINA, Recife, Pernambuco, Brasil",-8.1356485,-34.9404154
9313,2019-10-21 07:32:00,SEM VÍTIMA,JORDÃO,RUA BOANERGES PEREIRA,8,584.0,SUBURBIO,COLISÃO,1.0,1.0,1.0,1.0,1.0,1.0,1.0,1.0,1.0,0.0,1.0,Longo da via,Bom,Não existe,Perfeito estado,Seca,Perfeito estado,Outras,30 km/h,Dupla,"8, RUA BOANERGES PEREIRA, Recife, Pernambuco, Brasil",-8.1386611,-34.9454409
11871,2019-12-24 12:04:00,SEM VÍTIMA,JORDÃO,RUA ALBERTO LUNDGREN, ,584.0,SUBURBIO,ABALROAMENTO TRANSVERSAL,1.0,1.0,1.0,1.0,1.0,1.0,1.0,1.0,1.0,0.0,1.0,Cruzamento,Bom,Não existe,Ilegível,Seca,Perfeito estado,Outras,30 km/h,Dupla," , RUA ALBERTO LUNDGREN, Recife, Pernambuco, Brasil",-8.1368143,-34.9365865
9292,2019-10-20 08:51:00,SEM VÍTIMA,JORDÃO,AV MARIA IRENE,117,584.0,SUBURBIO,COLISÃO,2.0,1.0,1.0,1.0,1.0,1.0,1.0,1.0,1.0,0.0,1.0,Cruzamento,Bom,Não existe,Ilegível,Seca,Perfeito estado,Outras,30 km/h,Dupla,"117, AV MARIA IRENE, Recife, Pernambuco, Brasil",-8.1405787,-34.9282341
203,2019-01-09 01:50:00,SEM VÍTIMA,JORDÃO,RUA DR ALVARO FERRAZ,70,584.0,SUBURBIO,COLISÃO,2.0,1.0,1.0,1.0,1.0,1.0,1.0,1.0,1.0,0.0,1.0,Cruzamento,Bom,Não existe,Ilegível,Seca,Perfeito estado,Outras,30 km/h,Dupla,"70, RUA DR ALVARO FERRAZ, Recife, Pernambuco, Brasil",-8.1405787,-34.9282341
4184,2019-05-13 12:07:00,SEM VÍTIMA,JORDÃO,RUA JOSE MARTORANO,4,584.0,SUBURBIO,COLISÃO,2.0,1.0,1.0,1.0,1.0,1.0,1.0,1.0,1.0,0.0,1.0,Cruzamento,Bom,Não existe,Ilegível,Seca,Perfeito estado,Outras,30 km/h,Dupla,"4, RUA JOSE MARTORANO, Recife, Pernambuco, Brasil",-8.1303012,-34.9392552
1340,2019-02-15 19:55:00,COM VÍTIMA,JORDÃO,RUA EMILIO MONTEIRO FONSECA,1454,584.0,SUBURBIO,ABALROAMENTO TRANSVERSAL,1.0,1.0,1.0,1.0,1.0,1.0,1.0,1.0,1.0,1.0,1.0,Esquina,Bom,Não existe,Perfeito estado,Seca,Perfeito estado,Não há placas,30 km/h,Dupla,"1454, RUA EMILIO MONTEIRO FONSECA, Recife, Pernambuco, Brasil",-8.1276255,-34.9386302
4589,2019-05-25 21:41:00,COM VÍTIMA,JORDÃO,RUA EMILIO MONTEIRO FONSECA,72,584.0,SUBURBIO,COLISÃO FRONTAL,1.0,2.0,1.0,1.0,1.0,1.0,1.0,1.0,1.0,1.0,1.0,Longo da via,Bom,Não existe,Ilegível,Seca,Perfeito estado,Outras,30 km/h,Dupla,"72, RUA EMILIO MONTEIRO FONSECA, Recife, Pernambuco, Brasil",-8.1276255,-34.9386302
11961,2019-12-27 11:48:00,SEM VÍTIMA,JORDÃO,AV MARECHAL MASCARENHAS DE MORAES,161 B,584.0,SUBURBIO,COLISÃO TRASEIRA,2.0,2.0,1.0,1.0,1.0,1.0,1.0,1.0,1.0,0.0,1.0,Longo da via,Bom,Não existe,Perfeito estado,Seca,Perfeito estado,Outras,60 km/h,Dupla,"161 B, AV MARECHAL MASCARENHAS DE MORAES, Recife, Pernambuco, Brasil",-8.1239739,-34.9146964
11200,2019-12-07 20:25:00,SEM VÍTIMA,JORDÃO,AV DONA CARENTINA,22,584.0,SUBURBIO,CHOQUE VEÍCULO PARADO,1.0,2.0,1.0,1.0,1.0,1.0,1.0,1.0,1.0,0.0,1.0,Longo da via,Bom,Não existe,Não existente,Seca,Mal conservada,Não há placas,60 km/h,Dupla,"22, AV DONA CARENTINA, Recife, Pernambuco, Brasil",-8.1356485,-34.9404154
9336,2019-10-21 20:55:00,SEM VÍTIMA,JORDÃO,RUA COLARES,128,584.0,SUBURBIO,ACID. DE PERCURSO,1.0,2.0,1.0,1.0,1.0,1.0,1.0,1.0,1.0,0.0,1.0,Longo da via,Bom,Não existe,Não existente,Seca,Mal conservada,Não há placas,60 km/h,Dupla,"128, RUA COLARES, Recife, Pernambuco, Brasil",-8.1233369,-34.9414319
1434,2019-02-19 14:13:00,SEM VÍTIMA,JORDÃO,AV GOVERNADOR ROBERTO SILVEIRA, ,584.0,SUBURBIO,ABALROAMENTO TRANSVERSAL,1.0,2.0,1.0,1.0,1.0,1.0,1.0,1.0,1.0,0.0,1.0,Cruzamento,Bom,Não existe,Perfeito estado,Seca,Perfeito estado,Não há placas,40 km/h,Dupla," , AV GOVERNADOR ROBERTO SILVEIRA, Recife, Pernambuco, Brasil",-8.1368143,-34.9365865