,data_hora,natureza_acidente,bairro,endereco,numero,num_semaforo,sentido_via,tipo,auto,moto,ciclom,ciclista,pedestre,onibus,caminhao,viatura,outros,vitimas,vitimasfatais,acidente_verificado,tempo_clima,situacao_semaforo,sinalizacao,condicao_via,conservacao_via,situacao_placa,velocidade_max_via,mao_direcao,end,latitude,longitude
4301,2019-05-16 17:30:00,SEM VÍTIMA,JORDÃO,AV CENTENARIO ALBERTO SANTOS DUMONT, ,584.0,SUBURBIO,COLISÃO TRASEIRA,2.0,2.0,1.0,1.0,1.0,1.0,1.0,1.0,1.0,0.0,1.0,Longo da via,Bom,Não existe,Perfeito estado,Molhada,Mal conservada,Não há placas,40 km/h,Dupla," , AV CENTENARIO ALBERTO SANTOS DUMONT, Recife, Pernambuco, Brasil",-8.1416149,-34.9195316
12048,2019-12-30 17:48:00,COM VÍTIMA,JORDÃO,RUA EMILIO MONTEIRO FONSECA,1560,584.0,SUBURBIO,COLISÃO,2.0,1.0,1.0,1.0,1.0,1.0,1.0,1.0,1.0,1.0,1.0,Longo da via,Bom,Não existe,Perfeito estado,Molhada,Mal conservada,Não há placas,40 km/h,Dupla,"1560, RUA EMILIO MONTEIRO FONSECA, Recife, Pernambuco, Brasil",-8.1276255,-34.9386302
12047,2019-12-30 17:19:00,COM VÍTIMA,JORDÃO,RUA EMILIO MONTEIRO FONSECA,1560,584.0,BR 101,ABALROAMENTO LONGITUDINAL,2.0,1.0,1.0,1.0,1.0,1.0,1.0,1.0,1.0,1.0,1.0,Longo da via,Bom,Não existe,Perfeito estado,Seca,Perfeito estado,R-6a,30 km/h,Dupla,"1560, RUA EMILIO MONTEIRO FONSECA, Recife, Pernambuco, Brasil",-8.1276255,-34.9386302
4366,2019-05-18 15:51:00,SEM VÍTIMA,JORDÃO,AV MARECHAL MASCARENHAS DE MORAES,7935,584.0,SUBURBIO,COLISÃO TRASEIRA,2.0,1.0,1.0,1.0,1.0,1.0,1.0,1.0,1.0,0.0,1.0,Longo da via,Bom,Não existe,Perfeito estado,Seca,Perfeito estado,Outras,60 km/h,Única,"7935, AV MARECHAL MASCARENHAS DE MORAES, Recife, Pernambuco, Brasil",-8.1405317,-34.9171719
1678,2019-02-25 18:25:00,COM VÍTIMA,LINHA DO TIRO,RUA URIEL DE HOLANDA, ,584.0,CIDADE,COLISÃO FRONTAL,1.0,1.0,1.0,1.0,1.0,1.0,1.0,1.0,1.0,2.0,1.0,Longo da via,Bom,Não existe,Perfeito estado,Seca,Perfeito estado,Outras,30 km/h,Dupla," , RUA URIEL DE HOLANDA, Recife, Pernambuco, Brasil",-8.004764,-34.8997214
10263,2019-11-14 14:55:00,SEM VÍTIMA,LINHA DO TIRO,RUA URIEL DE HOLANDA,829,584.0,SUBURBIO,COLISÃO TRASEIRA,1.0,1.0,1.0,1.0,1.0,1.0,1.0,1.0,1.0,0.0,1.0,Longo da via,Bom,Não existe,Perfeito estado,Seca,Perfeito estado,Outras,30 km/h,Dupla,"829, RUA URIEL DE HOLANDA, Recife, Pernambuco, Brasil",-8.0075275,-34.9028698
2532,2019-03-22 14:54:00,SEM VÍTIMA,LINHA DO TIRO,RUA URIEL DE HOLANDA,526,584.0,CIDADE,ABALROAMENTO LONGITUDINAL,1.0,1.0,1.0,1.0,1.0,1.0,1.0,1.0,1.0,0.0,1.0,Longo da via,Bom,Não existe,Incompleta,Seca,Perfeito estado,R-6a,30 km/h,Dupla,"526, RUA URIEL DE HOLANDA, Recife, Pernambuco, Brasil",-8.0075275,-34.9028698
3058,2019-04-07 10:28:00,SEM VÍTIMA,LINHA DO TIRO,RUA URIEL DE HOLANDA,1733,584.0,SUBURBIO,COLISÃO TRASEIRA,2.0,1.0,1.0,1.0,1.0,1.0,1.0,1.0,1.0,0.0,1.0,Longo da via,Bom,Não existe,Perfeito estado,Seca,Perfeito estado,Não há placas,40 km/h,Dupla,"1733, RUA URIEL DE HOLANDA, Recife, Pernambuco, Brasil",-8.0075275,-34.9028698
1588,2019-02-23 08:13:00,SEM VÍTIMA,LINHA DO TIRO,RUA URIEL DE HOLANDA,1359,584.0,SUBURBIO,COLISÃO TRASEIRA,2.0,1.0,1.0,1.0,1.0,1.0,1.0,1.0,1.0,0.0,1.0,Longo da via,Bom,Não existe,Perfeito estado,Seca,Perfeito estado,Placas Pare,40 km/h,Dupla,"1359, RUA URIEL DE HOLANDA, Recife, Pernambuco, Brasil",-8.0075275,-34.9028698
11358,2019-12-11 14:12:00,SEM VÍTIMA,LINHA DO TIRO,RUA PROFESSOR JOSE AMARINO DOS REIS,112,584.0,SUBURBIO,ABALROAMENTO LONGITUDINAL,1.0,1.0,1.0,1.0,1.0,1.0,1.0,1.0,1.0,0.0,1.0,Longo da via,Bom,Não existe,Perfeito estado,Seca,Perfeito estado,Outras,40 km/h,Dupla,"112, RUA PROFESSOR JOSE AMARINO DOS REIS, Recife, Pernambuco, Brasil",-8.0105195,-34.9073316
4892,2019-06-04 20:39:00,SEM VÍTIMA,LINHA DO TIRO,RUA SODRELANDIA,50,584.0,CIDADE,ABALROAMENTO LONGITUDINAL,1.0,1.0,1.0,1.0,1.0,1.0,1.0,1.0,1.0,0.0,1.0,Longo da via,Bom,Não existe,Não existente,Seca,Mal conservada,Não há placas,40 km/h,Dupla,"50, RUA SODRELANDIA, Recife, Pernambuco, Brasil",-8.0119524,-34.9050812
2308,2019-03-16 21:16:00,SEM VÍTIMA,LINHA DO TIRO,RUA ALTO DOS COQUEIROS,76,584.0,CIDADE,ABALROAMENTO LONGITUDINAL,2.0,1.0,1.0,1.0,1.0,1.0,1.0,1.0,1.0,0.0,1.0,Longo da via,Bom,Não existe,Não existente,Seca,Mal iluminada,Não há placas,40 km/h,Dupla,"76, RUA ALTO DOS COQUEIROS, Recife, Pernambuco, Brasil",-8.0087607,-34.8985241
6534,2019-07-31 12:09:00,SEM VÍTIMA,LINHA DO TIRO,RUA URIEL DE HOLANDA,1650,584.0,CIDADE,COLISÃO,1.0,1.0,1.0,1.0,1.0,1.0,1.0,1.0,1.0,0.0,1.0,Longo da via,Bom,Não existe,Não existente,Seca,Mal iluminada,Não há placas,40 km/h,Dupla,"1650, RUA URIEL DE HOLANDA, Recife, Pernambuco, Brasil",-8.0075275,-34.9028698
10014,2019-11-08 18:24:00,SEM VÍTIMA,LINHA DO TIRO,RUA URIEL DE HOLANDA, ,584.0,SUBURBIO,ABALROAMENTO TRANSVERSAL,1.0,1.0,1.0,1.0,1.0,1.0,1.0,1.0,1.0,0.0,1.0,Longo da via,Bom,Não existe,Perfeito estado,Seca,Perfeito estado,Não há placas,40 km/h,Dupla," , RUA URIEL DE HOLANDA, Recife, Pernambuco, Brasil",-8.004764,-34.8997214
4725,2019-05-30 15:23:00,SEM VÍTIMA,LINHA DO TIRO,RUA CORREGO DO EUCLIDES,1828,584.0,SUBURBIO,ABALROAMENTO LONGITUDINAL,2.0,1.0,1.0,1.0,1.0,1.0,1.0,1.0,1.0,0.0,1.0,Longo da via,Bom,Não existe,Incompleta,Seca,Perfeito estado,Não há placas,40 km/h,Dupla,"1828, RUA CORREGO DO EUCLIDES, Recife, Pernambuco, Brasil",-8.0182872,-34.9115994
3720,2019-04-27 13:35:00,SEM VÍTIMA,LINHA DO TIRO,RUA URIEL DE HOLANDA,1378,584.0,SUBURBIO,ABALROAMENTO LONGITUDINAL,2.0,2.0,1.0,1.0,1.0,1.0,1.0,1.0,1.0,0.0,1.0,Longo da via,Bom,Não existe,Não existente,Seca,Mal conservada,Não há placas,40 km/h,Dupla,"1378, RUA URIEL DE HOLANDA, Recife, Pernambuco, Brasil",-8.0075275,-34.9028698
848,2019-02-01 16:35:00,COM VÍTIMA,LINHA DO TIRO,RUA URIEL DE HOLANDA,1650,584.0,SUBURBIO,COLISÃO COM CICLISTA,1.0,2.0,1.0,1.0,1.0,1.0,1.0,1.0,1.0,1.0,1.0,Longo da via,Bom,Não existe,Não existente,Seca,Perfeito estado,Não há placas,40 km/h,Dupla,"1650, RUA URIEL DE HOLANDA, Recife, Pernambuco, Brasil",-8.0075275,-34.9028698
5307,2019-06-17 19:36:00,COM VÍTIMA,LINHA DO TIRO,RUA URIEL DE HOLANDA, ,584.0,SUBURBIO,COLISÃO FRONTAL,1.0,1.0,1.0,1.0,1.0,1.0,1.0,1.0,1.0,1.0,1.0,Longo da via,Chuvoso,Não existe,Perfeito estado,Molhada,Perfeito estado,Não há placas,40 km/h,Dupla," , RUA URIEL DE HOLANDA, Recife, Pernambuco, Brasil",-8.004764,-34.8997214
9266,2019-10-18 22:41:00,SEM VÍTIMA,LINHA DO TIRO,RUA PROFESSOR JOSE AMARINO DOS REIS,931,584.0,SUBURBIO,COLISÃO,1.0,1.0,1.0,1.0,1.0,1.0,1.0,1.0,1.0,0.0,1.0,Longo da via,Chuvoso,Não existe,Perfeito estado,Molhada,Perfeito estado,Não há placas,40 km/h,Dupla,"931, RUA PROFESSOR JOSE AMARINO DOS REIS, Recife, Pernambuco, Brasil",-8.0105195,-34.9073316
5057,2019-06-09 18:59:00,SEM VÍTIMA,LINHA DO TIRO,RUA URIEL DE HOLANDA,88,584.0,CIDADE,COLISÃO TRASEIRA,1.0,1.0,1.0,1.0,1.0,1.0,1.0,1.0,1.0,0.0,1.0,Longo da via,Bom,Não existe,Perfeito estado,Seca,Perfeito estado,Não há placas,40 km/h,Dupla,"88, RUA URIEL DE HOLANDA, Recife, Pernambuco, Brasil",-8.0075275,-34.9028698
4093,2019-05-09 18:29:00,COM VÍTIMA,LINHA DO TIRO,RUA CORREGO DO EUCLIDES,1820,584.0,SUBURBIO,ABALROAMENTO TRANSVERSAL,1.0,1.0,1.0,1.0,1.0,1.0,1.0,1.0,1.0,1.0,1.0,Cruzamento,Bom,Não existe,Não existente,Seca,Mal iluminada,Placas Pare,40 km/h,Dupla,"1820, RUA CORREGO DO EUCLIDES, Recife, Pernambuco, Brasil",-8.0182872,-34.9115994
6442,2019-07-28 02:57:00,COM VÍTIMA,LINHA DO TIRO,RUA URIEL DE HOLANDA, ,584.0,SUBURBIO,CHOQUE OBJETO FIXO,1.0,1.0,1.0,1.0,1.0,1.0,1.0,1.0,1.0,2.0,1.0,Longo da via,Chuvoso,Não existe,Incompleta,Molhada,Perfeito estado,Outras,40 km/h,Dupla," , RUA URIEL DE HOLANDA, Recife, Pernambuco, Brasil",-8.004764,-34.8997214
7355,2019-08-25 10:21:00,SEM VÍTIMA,LINHA DO TIRO,RUA URIEL DE HOLANDA,186,584.0,SUBURBIO,COLISÃO,2.0,1.0,1.0,1.0,1.0,1.0,1.0,1.0,1.0,0.0,1.0,Longo da via,Chuvoso,Não existe,Incompleta,Molhada,Perfeito estado,Outras,40 km/h,Dupla,"186, RUA URIEL DE HOLANDA, Recife, Pernambuco, Brasil",-8.0075275,-34.9028698
6426,2019-07-27 09:35:00,SEM VÍTIMA,LINHA DO TIRO,RUA URIEL DE HOLANDA, ,584.0,SUBURBIO,COLISÃO,1.0,1.0,1.0,1.0,1.0,1.0,1.0,1.0,1.0,0.0,1.0,Longo da via,Chuvoso,Não existe,Incompleta,Molhada,Perfeito estado,Outras,40 km/h,Dupla," , RUA URIEL DE HOLANDA, Recife, Pernambuco, Brasil",-8.004764,-34.8997214
7943,2019-09-12 20:01:00,SEM VÍTIMA,LINHA DO TIRO,RUA URIEL DE HOLANDA,1683,584.0,SUBURBIO,COLISÃO,1.0,1.0,1.0,1.0,1.0,1.0,1.0,1.0,1.0,0.0,1.0,Longo da via,Chuvoso,Não existe,Incompleta,Molhada,Perfeito estado,Outras,40 km/h,Dupla,"1683, RUA URIEL DE HOLANDA, Recife, Pernambuco, Brasil",-8.0075275,-34.9028698
10296,2019-11-15 16:41:00,SEM VÍTIMA,LINHA DO TIRO,RUA URIEL DE HOLANDA,1235,584.0,SUBURBIO,COLISÃO TRASEIRA,1.0,1.0,1.0,1.0,1.0,1.0,1.0,1.0,1.0,0.0,1.0,Longo da via,Bom,Não existe,Perfeito estado,Seca,Perfeito estado,Outras,40 km/h,Dupla,"1235, RUA URIEL DE HOLANDA, Recife, Pernambuco, Brasil",-8.0075275,-34.9028698
9469,2019-10-25 11:33:00,SEM VÍTIMA,MACAXEIRA,AV NORTE, ,296.0,CIDADE,COLISÃO TRASEIRA,1.0,1.0,1.0,1.0,1.0,1.0,1.0,1.0,1.0,0.0,1.0,Longo da via,Bom,Não existe,Perfeito estado,Seca,Perfeito estado,Outras,40 km/h,Dupla," , AV NORTE, Recife, Pernambuco, Brasil",-8.027844,-34.903102
51,2019-01-03 07:54:00,COM VÍTIMA,MACAXEIRA,AV NORTE,82,296.0,CIDADE,CHOQUE OBJETO FIXO,1.0,1.0,1.0,1.0,1.0,1.0,1.0,1.0,1.0,1.0,1.0,Longo da via,Bom,Não existe,Perfeito estado,Seca,Perfeito estado,Não há placas,60 km/h,Dupla,"82, AV NORTE, Recife, Pernambuco, Brasil",-8.027844,-34.903102
9114,2019-10-15 10:29:00,SEM VÍTIMA,MACAXEIRA,RUA FLAVIO GUERRA,505,296.0,SUBURBIO,ABALROAMENTO LONGITUDINAL,1.0,1.0,1.0,1.0,1.0,1.0,1.0,1.0,1.0,0.0,1.0,Longo da via,Bom,Não existe,Incompleta,Seca,Mal conservada,Não há placas,60 km/h,Dupla,"505, RUA FLAVIO GUERRA, Recife, Pernambuco, Brasil",-8.0106364,-34.9331801
10336,2019-11-17 13:18:00,SEM VÍTIMA,MACAXEIRA,RUA CARLOS MARIGHELLA,567,296.0,SUBURBIO,COLISÃO FRONTAL,2.0,1.0,1.0,1.0,1.0,1.0,1.0,1.0,1.0,0.0,1.0,Cruzamento,Bom,Não existe,Perfeito estado,Seca,Perfeito estado,Não há placas,60 km/h,Dupla,"567, RUA CARLOS MARIGHELLA, Recife, Pernambuco, Brasil",-8.0075401,-34.9301679
4977,2019-06-07 05:32:00,COM VÍTIMA,MACAXEIRA,AV NORTE, ,671.0,CIDADE,COLISÃO,1.0,1.0,1.0,1.0,1.0,1.0,1.0,1.0,1.0,2.0,1.0,Longo da via,Bom,Sem defeito,Perfeito estado,Seca,Perfeito estado,R-6a,50 km/h,Dupla," , AV NORTE, Recife, Pernambuco, Brasil",-8.027844,-34.903102
2411,2019-03-19 15:30:00,SEM VÍTIMA,MACAXEIRA,AV NORTE, ,451.0,CIDADE,ABALROAMENTO LONGITUDINAL,1.0,1.0,1.0,1.0,1.0,1.0,2.0,1.0,1.0,0.0,1.0,Longo da via,Bom,Sem defeito,Perfeito estado,Seca,Perfeito estado,R-6a,50 km/h,Dupla," , AV NORTE, Recife, Pernambuco, Brasil",-8.027844,-34.903102
16,2019-01-02 07:38:00,SEM VÍTIMA,MACAXEIRA,RUA CARLOS MARIGHELLA,567,451.0,SUBURBIO,COLISÃO FRONTAL,1.0,1.0,1.0,1.0,1.0,1.0,2.0,1.0,1.0,0.0,1.0,Longo da via,Bom,Não existe,Incompleta,Seca,Perfeito estado,Placas Pare,50 km/h,Dupla,"567, RUA CARLOS MARIGHELLA, Recife, Pernambuco, Brasil",-8.0075401,-34.9301679
2539,2019-03-22 15:43:00,SEM VÍTIMA,MACAXEIRA,AV NORTE,7142,424.0,SUBURBIO,COLISÃO TRASEIRA,1.0,1.0,1.0,1.0,1.0,1.0,2.0,1.0,1.0,0.0,1.0,Longo da via,Bom,Sem defeito,Perfeito estado,Seca,Perfeito estado,Outras,50 km/h,Dupla,"7142, AV NORTE, Recife, Pernambuco, Brasil",-8.027844,-34.903102
9879,2019-11-05 16:21:00,SEM VÍTIMA,MACAXEIRA,AV NORTE, ,671.0,SUBURBIO,ABALROAMENTO LONGITUDINAL,1.0,1.0,1.0,1.0,1.0,1.0,1.0,1.0,1.0,0.0,1.0,Longo da via,Bom,Sem defeito,Perfeito estado,Seca,Perfeito estado,Outras,60 km/h,Dupla," , AV NORTE, Recife, Pernambuco, Brasil",-8.027844,-34.903102
666,2019-01-26 07:38:00,COM VÍTIMA,MACAXEIRA,AV NORTE,8227,671.0,CIDADE,COLISÃO TRASEIRA,1.0,1.0,1.0,1.0,1.0,1.0,1.0,1.0,1.0,1.0,1.0,Longo da via,Bom,Não existe,Perfeito estado,Seca,Perfeito estado,R-19,60 km/h,Dupla,"8227, AV NORTE, Recife, Pernambuco, Brasil",-8.027844,-34.903102
9449,2019-10-24 15:11:00,SEM VÍTIMA,MACAXEIRA,RUA MASSARANDUBA,50,671.0,CIDADE,COLISÃO,2.0,1.0,1.0,1.0,1.0,1.0,1.0,1.0,1.0,0.0,1.0,Longo da via,Bom,Não existe,Perfeito estado,Seca,Perfeito estado,R-19,60 km/h,Dupla,"50, RUA MASSARANDUBA, Recife, Pernambuco, Brasil",-7.8984531,-34.902779
5051,2019-06-09 16:22:00,SEM VÍTIMA,MACAXEIRA,AV NORTE, ,671.0,CIDADE,COLISÃO TRASEIRA,2.0,1.0,1.0,1.0,1.0,1.0,1.0,1.0,1.0,0.0,1.0,Longo da via,Bom,Sem defeito,Perfeito estado,Seca,Perfeito estado,R-6a,60 km/h,Dupla," , AV NORTE, Recife, Pernambuco, Brasil",-8.027844,-34.903102
4978,2019-06-07 06:47:00,SEM VÍTIMA,MACAXEIRA,AV NORTE, ,671.0,CIDADE,COLISÃO,1.0,1.0,1.0,1.0,1.0,1.0,1.0,1.0,1.0,0.0,1.0,Longo da via,Bom,Sem defeito,Perfeito estado,Seca,Perfeito estado,R-6a,60 km/h,Dupla," , AV NORTE, Recife, Pernambuco, Brasil",-8.027844,-34.903102
9852,2019-11-04 22:36:00,SEM VÍTIMA,MACAXEIRA,AV NORTE,7742,451.0,SUBURBIO,COLISÃO FRONTAL,1.0,1.0,1.0,1.0,1.0,1.0,1.0,1.0,1.0,0.0,1.0,Longo da via,Bom,Sem defeito,Perfeito estado,Seca,Perfeito estado,Não há placas,60 km/h,Única,"7742, AV NORTE, Recife, Pernambuco, Brasil",-8.027844,-34.903102
4434,2019-05-20 19:18:00,VÍTIMA FATAL,MACAXEIRA,RUA ANITA,9,451.0,SUBURBIO,ATROPELAMENTO,1.0,1.0,1.0,1.0,1.0,1.0,1.0,1.0,1.0,0.0,1.0,Longo da via,Chuvoso,Não existe,Não existente,Molhada,Mal conservada,Não há placas,60 km/h,Dupla,"9, RUA ANITA, Recife, Pernambuco, Brasil",-8.0081569,-34.9325538
5826,2019-07-05 12:53:00,SEM VÍTIMA,MACAXEIRA,AV NORTE, ,451.0,CIDADE,COLISÃO TRASEIRA,1.0,1.0,1.0,1.0,1.0,1.0,1.0,1.0,1.0,0.0,1.0,Longo da via,Bom,Não existe,Perfeito estado,Seca,Perfeito estado,R-6a,60 km/h,Dupla," , AV NORTE, Recife, Pernambuco, Brasil",-8.027844,-34.903102
4342,2019-05-17 19:04:00,SEM VÍTIMA,MACAXEIRA,AV NORTE, ,451.0,SUBURBIO,ABALROAMENTO LONGITUDINAL,1.0,1.0,1.0,1.0,1.0,1.0,1.0,1.0,1.0,0.0,1.0,Longo da via,Bom,Não existe,Perfeito estado,Seca,Perfeito estado,Não há placas,60 km/h,Única," , AV NORTE, Recife, Pernambuco, Brasil",-8.027844,-34.903102
380,2019-01-15 09:53:00,SEM VÍTIMA,MACAXEIRA,AV JOSE AMERICO DE ALMEIDA,79,451.0,SUBURBIO,COLISÃO,1.0,1.0,1.0,1.0,1.0,1.0,1.0,1.0,1.0,0.0,1.0,Longo da via,Bom,Não existe,Perfeito estado,Seca,Perfeito estado,Não há placas,60 km/h,Única,"79, AV JOSE AMERICO DE ALMEIDA, Recife, Pernambuco, Brasil",-8.009246,-34.9317442
7767,2019-09-08 05:41:00,SEM VÍTIMA,MACAXEIRA,AV NORTE, ,451.0,SUBURBIO,CHOQUE OBJETO FIXO,1.0,1.0,1.0,1.0,1.0,1.0,1.0,1.0,1.0,0.0,1.0,Longo da via,Bom,Sem defeito,Perfeito estado,Seca,Perfeito estado,Não há placas,60 km/h,Dupla," , AV NORTE, Recife, Pernambuco, Brasil",-8.027844,-34.903102
11850,2019-12-23 17:12:00,SEM VÍTIMA,MACAXEIRA,RUA DOIS IRMAOS, ,416.0,SUBURBIO,COLISÃO TRASEIRA,1.0,1.0,1.0,1.0,1.0,1.0,1.0,1.0,1.0,0.0,1.0,Viaduto,Bom,Sem defeito,Perfeito estado,Seca,Perfeito estado,Outras,60 km/h,Dupla," , RUA DOIS IRMAOS, Recife, Pernambuco, Brasil",-8.016803,-34.9409974
388,2019-01-15 13:20:00,SEM VÍTIMA,MACAXEIRA,AV NORTE, ,296.0,SUBURBIO,COLISÃO TRASEIRA,2.0,1.0,1.0,1.0,1.0,1.0,1.0,1.0,1.0,0.0,1.0,Longo da via,Bom,Sem defeito,Perfeito estado,Seca,Perfeito estado,Não há placas,60 km/h,Dupla," , AV NORTE, Recife, Pernambuco, Brasil",-8.027844,-34.903102
392,2019-01-15 16:34:00,SEM VÍTIMA,MACAXEIRA,AV NORTE, ,296.0,SUBURBIO,COLISÃO TRASEIRA,2.0,1.0,1.0,1.0,1.0,1.0,1.0,1.0,1.0,0.0,1.0,Longo da via,Bom,Não existe,Perfeito estado,Seca,Perfeito estado,Outras,60 km/h,Dupla," , AV NORTE, Recife, Pernambuco, Brasil",-8.027844,-34.903102
9609,2019-10-29 17:21:00,SEM VÍTIMA,MACAXEIRA,AV NORTE,7787,296.0,SUBURBIO,COLISÃO TRASEIRA,1.0,1.0,1.0,1.0,1.0,1.0,1.0,1.0,1.0,0.0,1.0,Longo da via,Bom,Sem defeito,Perfeito estado,Seca,Perfeito estado,Outras,60 km/h,Dupla,"7787, AV NORTE, Recife, Pernambuco, Brasil",-8.027844,-34.903102
4105,2019-05-10 10:32:00,SEM VÍTIMA,MACAXEIRA,AV NORTE,7057,296.0,CIDADE,ABALROAMENTO LONGITUDINAL,1.0,1.0,1.0,1.0,1.0,1.0,1.0,1.0,1.0,0.0,1.0,Longo da via,Bom,Não existe,Incompleta,Seca,Perfeito estado,Outras,60 km/h,Dupla,"7057, AV NORTE, Recife, Pernambuco, Brasil",-8.027844,-34.903102
10790,2019-11-29 11:55:00,SEM VÍTIMA,MACAXEIRA,AV NORTE, ,451.0,SUBURBIO,ABALROAMENTO TRANSVERSAL,2.0,1.0,1.0,1.0,1.0,1.0,1.0,1.0,1.0,0.0,1.0,Longo da via,Bom,Sem defeito,Perfeito estado,Seca,Perfeito estado,R-6a,60 km/h,Dupla," , AV NORTE, Recife, Pernambuco, Brasil",-8.027844,-34.903102
487,2019-01-20 02:08:00,SEM VÍTIMA,MACAXEIRA,AV NORTE, ,196.0,CIDADE,ABALROAMENTO LONGITUDINAL,2.0,1.0,1.0,1.0,1.0,1.0,1.0,1.0,1.0,0.0,1.0,Longo da via,Bom,Sem defeito,Perfeito estado,Seca,Mal iluminada,Não há placas,60 km/h,Única," , AV NORTE, Recife, Pernambuco, Brasil",-8.027844,-34.903102
7829,2019-09-10 06:02:00,COM VÍTIMA,MACAXEIRA,AV JOSE AMERICO DE ALMEIDA,QUADRA1/LOTE1,196.0,AV NORTE,COLISÃO,2.0,1.0,1.0,1.0,1.0,1.0,1.0,1.0,1.0,1.0,1.0,Longo da via,Bom,Sem defeito,Perfeito estado,Seca,Mal iluminada,Não há placas,60 km/h,Única,"QUADRA1/LOTE1, AV JOSE AMERICO DE ALMEIDA, Recife, Pernambuco, Brasil",-8.027844,-34.903102
9724,2019-11-01 10:03:00,SEM VÍTIMA,MACAXEIRA,AV NORTE, ,196.0,AV NORTE,COLISÃO,1.0,1.0,1.0,1.0,1.0,1.0,1.0,1.0,1.0,0.0,1.0,Longo da via,Bom,Sem defeito,Perfeito estado,Seca,Mal iluminada,Não há placas,60 km/h,Única," , AV NORTE, Recife, Pernambuco, Brasil",-8.027844,-34.903102
5730,2019-07-02 15:01:00,SEM VÍTIMA,MACAXEIRA,AV JOSE AMERICO DE ALMEIDA, ,196.0,AV NORTE,COLISÃO,2.0,1.0,1.0,1.0,1.0,1.0,1.0,1.0,1.0,0.0,1.0,Longo da via,Bom,Sem defeito,Perfeito estado,Seca,Mal iluminada,Não há placas,60 km/h,Única," , AV JOSE AMERICO DE ALMEIDA, Recife, Pernambuco, Brasil",-8.009246,-34.9317442
8452,2019-09-27 12:37:00,SEM VÍTIMA,MACAXEIRA,RUA CARLOS MARIGHELLA,440,196.0,SUBURBIO,COLISÃO,2.0,1.0,1.0,1.0,1.0,1.0,1.0,1.0,1.0,0.0,1.0,Longo da via,Bom,Não existe,Perfeito estado,Seca,Perfeito estado,Não há placas,60 km/h,Dupla,"440, RUA CARLOS MARIGHELLA, Recife, Pernambuco, Brasil",-8.0075401,-34.9301679
3951,2019-05-04 08:03:00,COM VÍTIMA,MACAXEIRA,AV JOSE AMERICO DE ALMEIDA,79,196.0,CIDADE,ABALROAMENTO TRANSVERSAL,1.0,1.0,1.0,1.0,1.0,1.0,1.0,1.0,1.0,1.0,1.0,Outros,Bom,Não existe,Perfeito estado,Seca,Perfeito estado,Não há placas,60 km/h,Dupla,"79, AV JOSE AMERICO DE ALMEIDA, Recife, Pernambuco, Brasil",-8.009246,-34.9317442
8526,2019-09-30 07:39:00,COM VÍTIMA,MACAXEIRA,AV NORTE,7487,451.0,CIDADE,COLISÃO TRASEIRA,2.0,1.0,1.0,1.0,1.0,1.0,1.0,1.0,1.0,1.0,1.0,Longo da via,Bom,Sem defeito,Perfeito estado,Seca,Perfeito estado,R-6a,60 km/h,Dupla,"7487, AV NORTE, Recife, Pernambuco, Brasil",-8.027844,-34.903102
3913,2019-05-03 09:56:00,SEM VÍTIMA,MACAXEIRA,AV NORTE,7742,451.0,SUBURBIO,ABALROAMENTO LONGITUDINAL,1.0,1.0,1.0,1.0,1.0,1.0,1.0,1.0,1.0,0.0,1.0,Longo da via,Bom,Sem defeito,Perfeito estado,Seca,Perfeito estado,Outras,60 km/h,Dupla,"7742, AV NORTE, Recife, Pernambuco, Brasil",-8.027844,-34.903102
4895,2019-06-05 00:50:00,SEM VÍTIMA,MACAXEIRA,AV DA RECUPERACAO, ,451.0,CIDADE,COLISÃO TRASEIRA,1.0,1.0,1.0,1.0,1.0,1.0,1.0,1.0,1.0,0.0,1.0,Longo da via,Bom,Não existe,Não existente,Seca,Perfeito estado,Não há placas,60 km/h,Única," , AV DA RECUPERACAO, Recife, Pernambuco, Brasil",-7.9931374,-34.9365563
2039,2019-03-09 10:37:00,SEM VÍTIMA,MACAXEIRA,AV NORTE, ,296.0,CIDADE,COLISÃO TRASEIRA,1.0,1.0,1.0,1.0,1.0,1.0,1.0,1.0,1.0,0.0,1.0,Longo da via,Bom,Sem defeito,Perfeito estado,Seca,Perfeito estado,Não há placas,60 km/h,Única," , AV NORTE, Recife, Pernambuco, Brasil",-8.027844,-34.903102
5718,2019-07-02 08:20:00,SEM VÍTIMA,MACAXEIRA,AV NORTE,7574,296.0,SUBURBIO,COLISÃO TRASEIRA,2.0,1.0,1.0,1.0,1.0,1.0,1.0,1.0,1.0,0.0,1.0,Longo da via,Bom,Não existe,Perfeito estado,Seca,Perfeito estado,R-6a,60 km/h,Dupla,"7574, AV NORTE, Recife, Pernambuco, Brasil",-8.027844,-34.903102
2324,2019-03-17 16:48:00,SEM VÍTIMA,MACAXEIRA,AV NORTE, ,296.0,SUBURBIO,COLISÃO,2.0,1.0,1.0,1.0,1.0,1.0,1.0,1.0,1.0,0.0,1.0,Longo da via,Bom,Não existe,Perfeito estado,Seca,Perfeito estado,R-6a,60 km/h,Dupla," , AV NORTE, Recife, Pernambuco, Brasil",-8.027844,-34.903102