,data_hora,natureza_acidente,bairro,endereco,numero,num_semaforo,sentido_via,tipo,auto,moto,ciclom,ciclista,pedestre,onibus,caminhao,viatura,outros,vitimas,vitimasfatais,acidente_verificado,tempo_clima,situacao_semaforo,sinalizacao,condicao_via,conservacao_via,situacao_placa,velocidade_max_via,mao_direcao,end,latitude,longitude
4671,2019-05-28 17:51:00,SEM VÍTIMA,MACAXEIRA,AV NORTE, ,296.0,CIDADE,ABALROAMENTO LONGITUDINAL,2.0,1.0,1.0,1.0,1.0,1.0,1.0,1.0,1.0,0.0,1.0,Longo da via,Bom,Não existe,Perfeito estado,Seca,Perfeito estado,Não há placas,60 km/h,Dupla," , AV NORTE, Recife, Pernambuco, Brasil",-8.027844,-34.903102
9327,2019-10-21 14:54:00,SEM VÍTIMA,MACAXEIRA,SUB DA UNIAO,491,296.0,SUBURBIO,ABALROAMENTO LONGITUDINAL,1.0,1.0,1.0,1.0,1.0,1.0,1.0,1.0,1.0,0.0,1.0,Longo da via,Bom,Não existe,Não existente,Seca,Perfeito estado,Não há placas,30 km/h,Dupla,"491, SUB DA UNIAO, Recife, Pernambuco, Brasil",-8.027844,-34.903102
10542,2019-11-22 12:27:00,COM VÍTIMA,MACAXEIRA,AV NORTE,7750,451.0,SUBURBIO,ABALROAMENTO TRANSVERSAL,1.0,1.0,1.0,1.0,1.0,1.0,1.0,1.0,1.0,2.0,1.0,Cruzamento,Bom,Sem defeito,Perfeito estado,Seca,Perfeito estado,Outras,30 km/h,Dupla,"7750, AV NORTE, Recife, Pernambuco, Brasil",-8.027844,-34.903102
4325,2019-05-17 10:03:00,COM VÍTIMA,MACAXEIRA,AV NORTE, ,451.0,SUBURBIO,ABALROAMENTO LONGITUDINAL,1.0,1.0,1.0,1.0,1.0,1.0,1.0,1.0,1.0,1.0,1.0,Longo da via,Bom,Não existe,Não existente,Seca,Perfeito estado,Não há placas,30 km/h,Dupla," , AV NORTE, Recife, Pernambuco, Brasil",-8.027844,-34.903102
10362,2019-11-18 10:08:00,SEM VÍTIMA,MACAXEIRA,AV NORTE,7750,451.0,SUBURBIO,COLISÃO TRASEIRA,3.0,1.0,1.0,1.0,1.0,1.0,1.0,1.0,1.0,0.0,1.0,Longo da via,Bom,Sem defeito,Perfeito estado,Seca,Perfeito estado,Não há placas,30 km/h,Dupla,"7750, AV NORTE, Recife, Pernambuco, Brasil",-8.027844,-34.903102
132,2019-01-06 20:48:00,SEM VÍTIMA,MACAXEIRA,RUA TEREZA CARNEIRO,4,451.0,SUBURBIO,COLISÃO,3.0,1.0,1.0,1.0,1.0,1.0,1.0,1.0,1.0,0.0,1.0,Longo da via,Bom,Sem defeito,Perfeito estado,Seca,Perfeito estado,Não há placas,30 km/h,Dupla,"4, RUA TEREZA CARNEIRO, Recife, Pernambuco, Brasil",-8.0066925,-34.9299141
10973,2019-12-03 14:08:00,SEM VÍTIMA,MACAXEIRA,AV NORTE,7487,451.0,CIDADE,ABALROAMENTO LONGITUDINAL,1.0,1.0,1.0,1.0,1.0,1.0,1.0,1.0,1.0,0.0,1.0,Longo da via,Bom,Sem defeito,Perfeito estado,Seca,Perfeito estado,R-6a,20 km/h,Dupla,"7487, AV NORTE, Recife, Pernambuco, Brasil",-8.027844,-34.903102
7146,2019-08-19 07:58:00,SEM VÍTIMA,MACAXEIRA,AV NORTE,7368,451.0,SUBURBIO,COLISÃO TRASEIRA,2.0,1.0,1.0,1.0,1.0,1.0,1.0,1.0,1.0,0.0,1.0,Longo da via,Bom,Não existe,Perfeito estado,Seca,Perfeito estado,Outras,60 km/h,Dupla,"7368, AV NORTE, Recife, Pernambuco, Brasil",-8.027844,-34.903102
11047,2019-12-04 18:41:00,SEM VÍTIMA,MACAXEIRA,AV NORTE,7136,424.0,SUBURBIO,COLISÃO TRASEIRA,2.0,1.0,1.0,1.0,1.0,1.0,1.0,1.0,1.0,0.0,1.0,Longo da via,Bom,Sem defeito,Perfeito estado,Seca,Perfeito estado,Não há placas,60 km/h,Dupla,"7136, AV NORTE, Recife, Pernambuco, Brasil",-8.027844,-34.903102
3255,2019-04-12 15:50:00,SEM VÍTIMA,MACAXEIRA,AV DA RECUPERACAO, ,424.0,CIDADE,ABALROAMENTO LONGITUDINAL,1.0,1.0,1.0,1.0,1.0,1.0,1.0,1.0,1.0,0.0,1.0,Longo da via,Chuvoso,Não existe,Perfeito estado,Seca,Perfeito estado,Outras,60 km/h,Dupla," , AV DA RECUPERACAO, Recife, Pernambuco, Brasil",-7.9931374,-34.9365563
11010,2019-12-04 09:34:00,SEM VÍTIMA,MACAXEIRA,AV NORTE,7750,451.0,CIDADE,COLISÃO TRASEIRA,2.0,1.0,1.0,1.0,1.0,1.0,1.0,1.0,1.0,0.0,1.0,Longo da via,Bom,Sem defeito,Perfeito estado,Seca,Perfeito estado,Outras,60 km/h,Dupla,"7750, AV NORTE, Recife, Pernambuco, Brasil",-8.027844,-34.903102
6335,2019-07-23 17:38:00,SEM VÍTIMA,MACAXEIRA,AV NORTE, ,451.0,SUBURBIO,ABALROAMENTO LONGITUDINAL,2.0,1.0,1.0,1.0,1.0,1.0,1.0,1.0,1.0,0.0,1.0,Longo da via,Chuvoso,Não existe,Perfeito estado,Molhada,Perfeito estado,Não há placas,60 km/h,Única," , AV NORTE, Recife, Pernambuco, Brasil",-8.027844,-34.903102
6594,2019-08-01 19:49:00,SEM VÍTIMA,MACAXEIRA,AV NORTE, ,451.0,SUBURBIO,ABALROAMENTO LONGITUDINAL,1.0,1.0,1.0,1.0,1.0,1.0,1.0,1.0,1.0,0.0,1.0,Longo da via,Chuvoso,Não existe,Incompleta,Molhada,Mal iluminada,Não há placas,60 km/h,Única," , AV NORTE, Recife, Pernambuco, Brasil",-8.027844,-34.903102
5591,2019-06-27 14:25:00,SEM VÍTIMA,MACAXEIRA,AV NORTE, ,451.0,SUBURBIO,COLISÃO,2.0,1.0,1.0,1.0,1.0,1.0,1.0,1.0,1.0,0.0,1.0,Longo da via,Chuvoso,Não existe,Incompleta,Molhada,Mal iluminada,Não há placas,60 km/h,Única," , AV NORTE, Recife, Pernambuco, Brasil",-8.027844,-34.903102
5590,2019-06-27 14:15:00,SEM VÍTIMA,MACAXEIRA,AV NORTE, ,296.0,SUBURBIO,COLISÃO TRASEIRA,2.0,1.0,1.0,1.0,1.0,1.0,1.0,1.0,1.0,0.0,1.0,Cruzamento,Bom,Sem defeito,Perfeito estado,Seca,Perfeito estado,R-6a,60 km/h,Dupla," , AV NORTE, Recife, Pernambuco, Brasil",-8.027844,-34.903102
6523,2019-07-31 09:38:00,SEM VÍTIMA,MACAXEIRA,AV NORTE, ,296.0,CIDADE,ABALROAMENTO LONGITUDINAL,2.0,1.0,1.0,1.0,1.0,1.0,1.0,1.0,1.0,0.0,1.0,Cruzamento,Chuvoso,Não existe,Perfeito estado,Molhada,Perfeito estado,Não há placas,60 km/h,Dupla," , AV NORTE, Recife, Pernambuco, Brasil",-8.027844,-34.903102
8815,2019-10-07 11:38:00,SEM VÍTIMA,MACAXEIRA,AV NORTE, ,296.0,SUBURBIO,COLISÃO TRASEIRA,2.0,1.0,1.0,1.0,1.0,1.0,2.0,1.0,1.0,0.0,1.0,Longo da via,Bom,Não existe,Perfeito estado,Seca,Perfeito estado,R-6a,60 km/h,Dupla," , AV NORTE, Recife, Pernambuco, Brasil",-8.027844,-34.903102
3069,2019-04-07 18:53:00,SEM VÍTIMA,MACAXEIRA,AV NORTE, ,296.0,SUBURBIO,COLISÃO TRASEIRA,1.0,1.0,1.0,1.0,1.0,1.0,2.0,1.0,1.0,0.0,1.0,Longo da via,Chuvoso,Não existe,Não existente,Molhada,Mal iluminada,Não há placas,50 km/h,Dupla," , AV NORTE, Recife, Pernambuco, Brasil",-8.027844,-34.903102
1469,2019-02-20 13:43:00,SEM VÍTIMA,MACAXEIRA,AV NORTE, ,296.0,SUBURBIO,COLISÃO TRASEIRA,1.0,1.0,1.0,1.0,1.0,1.0,1.0,1.0,1.0,0.0,1.0,Longo da via,Bom,Não existe,Incompleta,Seca,Perfeito estado,Não há placas,50 km/h,Dupla," , AV NORTE, Recife, Pernambuco, Brasil",-8.027844,-34.903102
6603,2019-08-02 08:21:00,SEM VÍTIMA,MACAXEIRA,AV NORTE, ,296.0,SUBURBIO,COLISÃO TRASEIRA,2.0,1.0,1.0,1.0,1.0,1.0,1.0,1.0,1.0,0.0,1.0,Longo da via,Bom,Não existe,Perfeito estado,Seca,Perfeito estado,R-6a,60 km/h,Dupla," , AV NORTE, Recife, Pernambuco, Brasil",-8.027844,-34.903102
1609,2019-02-23 15:36:00,SEM VÍTIMA,MACAXEIRA,RUA CORONEL JOAO BATISTA DO REGO BARROS,241,296.0,CIDADE,CHOQUE VEÍCULO PARADO,2.0,1.0,1.0,1.0,1.0,1.0,1.0,1.0,1.0,0.0,1.0,Longo da via,Bom,Não existe,Não existente,Seca,Perfeito estado,Outras,60 km/h,Dupla,"241, RUA CORONEL JOAO BATISTA DO REGO BARROS, Recife, Pernambuco, Brasil",-8.0176466,-34.9320972
3539,2019-04-22 18:18:00,SEM VÍTIMA,MACAXEIRA,AV NORTE, ,296.0,CIDADE,COLISÃO TRASEIRA,3.0,1.0,1.0,1.0,1.0,1.0,1.0,1.0,1.0,0.0,1.0,Longo da via,Bom,Não existe,Perfeito estado,Seca,Perfeito estado,Não há placas,60 km/h,Dupla," , AV NORTE, Recife, Pernambuco, Brasil",-8.027844,-34.903102
6429,2019-07-27 12:44:00,SEM VÍTIMA,MACAXEIRA,RUA DR ALTO CAETE,752,296.0,SUBURBIO,COLISÃO FRONTAL,2.0,1.0,1.0,1.0,1.0,1.0,1.0,1.0,1.0,0.0,1.0,Longo da via,Chuvoso,Não existe,Não existente,Molhada,Perfeito estado,Não há placas,30 km/h,Única,"752, RUA DR ALTO CAETE, Recife, Pernambuco, Brasil",-8.027844,-34.903102
3482,2019-04-20 09:36:00,SEM VÍTIMA,MACAXEIRA,AV NORTE, ,451.0,CIDADE,ABALROAMENTO LONGITUDINAL,1.0,1.0,1.0,1.0,1.0,1.0,1.0,1.0,1.0,0.0,1.0,Longo da via,Chuvoso,Intermitente,Incompleta,Molhada,Perfeito estado,Não há placas,30 km/h,Dupla," , AV NORTE, Recife, Pernambuco, Brasil",-8.027844,-34.903102
8869,2019-10-08 20:15:00,SEM VÍTIMA,MACAXEIRA,AV NORTE, ,671.0,SUBURBIO,COLISÃO TRASEIRA,2.0,1.0,1.0,1.0,1.0,1.0,1.0,1.0,1.0,0.0,1.0,Longo da via,Bom,Sem defeito,Perfeito estado,Seca,Perfeito estado,Outras,30 km/h,Dupla," , AV NORTE, Recife, Pernambuco, Brasil",-8.027844,-34.903102
11281,2019-12-09 22:12:00,SEM VÍTIMA,MACAXEIRA,AV NORTE,7134,424.0,SUBURBIO,COLISÃO TRASEIRA,2.0,1.0,1.0,1.0,1.0,1.0,1.0,1.0,1.0,0.0,1.0,Longo da via,Bom,Sem defeito,Perfeito estado,Seca,Perfeito estado,Não há placas,30 km/h,Dupla,"7134, AV NORTE, Recife, Pernambuco, Brasil",-8.027844,-34.903102
5462,2019-06-23 01:27:00,SEM VÍTIMA,MACAXEIRA,AV NORTE, ,296.0,SUBURBIO,COLISÃO,2.0,1.0,1.0,1.0,1.0,1.0,1.0,1.0,1.0,0.0,1.0,Longo da via,Bom,Sem defeito,Perfeito estado,Seca,Perfeito estado,Não há placas,30 km/h,Dupla," , AV NORTE, Recife, Pernambuco, Brasil",-8.027844,-34.903102
6458,2019-07-29 06:05:00,COM VÍTIMA,MACAXEIRA,AV NORTE,7696,296.0,SUBURBIO,CHOQUE OBJETO FIXO,1.0,1.0,1.0,1.0,1.0,1.0,1.0,1.0,1.0,1.0,1.0,Longo da via,Chuvoso,Não existe,Perfeito estado,Molhada,Perfeito estado,Outras,30 km/h,Dupla,"7696, AV NORTE, Recife, Pernambuco, Brasil",-8.027844,-34.903102
11303,2019-12-10 13:41:00,SEM VÍTIMA,MACAXEIRA,RUA FLAVIO GUERRA, ,296.0,SUBURBIO,CHOQUE VEÍCULO PARADO,2.0,1.0,1.0,1.0,1.0,1.0,1.0,1.0,1.0,0.0,1.0,Longo da via,Bom,Não existe,Não existente,Seca,Perfeito estado,Placas Pare,30 km/h,Dupla," , RUA FLAVIO GUERRA, Recife, Pernambuco, Brasil",-8.0106364,-34.9331801
11224,2019-12-08 15:10:00,SEM VÍTIMA,MACAXEIRA,AV NORTE,7368,296.0,SUBURBIO,ABALROAMENTO LONGITUDINAL,1.0,1.0,1.0,1.0,1.0,1.0,1.0,1.0,1.0,0.0,1.0,Longo da via,Bom,Não existe,Perfeito estado,Seca,Perfeito estado,Outras,30 km/h,Dupla,"7368, AV NORTE, Recife, Pernambuco, Brasil",-8.027844,-34.903102
11460,2019-12-13 15:05:00,SEM VÍTIMA,MACAXEIRA,AV NORTE, ,296.0,SUBURBIO,ABALROAMENTO LONGITUDINAL,1.0,1.0,1.0,1.0,1.0,1.0,1.0,1.0,1.0,0.0,1.0,Longo da via,Bom,Não existe,Incompleta,Seca,Perfeito estado,Não há placas,30 km/h,Dupla," , AV NORTE, Recife, Pernambuco, Brasil",-8.027844,-34.903102
6718,2019-08-06 08:05:00,SEM VÍTIMA,MACAXEIRA,AV NORTE, ,296.0,CIDADE,COLISÃO TRASEIRA,1.0,1.0,1.0,1.0,1.0,1.0,1.0,1.0,1.0,0.0,1.0,Longo da via,Nublado,Não existe,Perfeito estado,Molhada,Perfeito estado,Outras,30 km/h,Dupla," , AV NORTE, Recife, Pernambuco, Brasil",-8.027844,-34.903102
3274,2019-04-13 10:24:00,SEM VÍTIMA,MACAXEIRA,RUA TIJUCAL, ,451.0,CIDADE,COLISÃO,2.0,1.0,1.0,1.0,1.0,1.0,1.0,1.0,1.0,0.0,1.0,Longo da via,Nublado,Não existe,Perfeito estado,Molhada,Perfeito estado,Outras,30 km/h,Dupla," , RUA TIJUCAL, Recife, Pernambuco, Brasil",-8.0134597,-34.9310987
8361,2019-09-25 07:46:00,COM VÍTIMA,MACAXEIRA,AV NORTE, ,451.0,CIDADE,ENGAVETAMENTO,4.0,1.0,1.0,1.0,1.0,1.0,1.0,1.0,1.0,1.0,1.0,Longo da via,Nublado,Não existe,Perfeito estado,Molhada,Perfeito estado,Outras,30 km/h,Dupla," , AV NORTE, Recife, Pernambuco, Brasil",-8.027844,-34.903102
6565,2019-08-01 08:27:00,SEM VÍTIMA,MACAXEIRA,AV NORTE, ,451.0,CIDADE,ABALROAMENTO LONGITUDINAL,2.0,1.0,1.0,1.0,1.0,1.0,1.0,1.0,1.0,0.0,1.0,Longo da via,Bom,Não existe,Perfeito estado,Seca,Perfeito estado,Não há placas,30 km/h,Única," , nan, Recife, Pernambuco, Brasil",-8.0584933,-34.8848193
970,2019-02-06 06:14:00,SEM VÍTIMA,MACAXEIRA,AV NORTE,7142,424.0,SUBURBIO,COLISÃO TRASEIRA,1.0,1.0,1.0,1.0,1.0,1.0,1.0,1.0,1.0,0.0,1.0,Longo da via,Chuvoso,Sem defeito,Perfeito estado,Molhada,Perfeito estado,R-6a,30 km/h,Dupla,"7142, AV NORTE, Recife, Pernambuco, Brasil",-8.027844,-34.903102
11509,2019-12-14 23:34:00,SEM VÍTIMA,MACAXEIRA,AV JOSE AMERICO DE ALMEIDA, ,424.0,SUBURBIO,COLISÃO FRONTAL,1.0,1.0,1.0,1.0,1.0,1.0,1.0,1.0,1.0,0.0,1.0,Longo da via,Bom,Não existe,Perfeito estado,Seca,Perfeito estado,Não há placas,30 km/h,Dupla," , AV JOSE AMERICO DE ALMEIDA, Recife, Pernambuco, Brasil",-8.009246,-34.9317442
8363,2019-09-25 08:57:00,COM VÍTIMA,MACAXEIRA,AV NORTE, ,424.0,CIDADE,COLISÃO TRASEIRA,3.0,1.0,1.0,1.0,1.0,1.0,1.0,1.0,1.0,1.0,1.0,Longo da via,Bom,Não existe,Perfeito estado,Seca,Perfeito estado,Não há placas,60 km/h,Dupla," , AV NORTE, Recife, Pernambuco, Brasil",-8.027844,-34.903102
3308,2019-04-14 19:14:00,COM VÍTIMA,MADALENA,RUA MONSENHOR JULIO MARIA, ,424.0,CIDADE,ABALROAMENTO TRANSVERSAL,2.0,1.0,1.0,1.0,1.0,1.0,1.0,1.0,1.0,1.0,1.0,Cruzamento,Bom,Não existe,Perfeito estado,Seca,Perfeito estado,Placas Pare,60 km/h,Única," , RUA MONSENHOR JULIO MARIA, Recife, Pernambuco, Brasil",-8.058155,-34.9088906
10489,2019-11-21 10:02:00,SEM VÍTIMA,MADALENA,AV BEIRA MAR, ,424.0,SUBURBIO,ABALROAMENTO LONGITUDINAL,2.0,1.0,1.0,1.0,1.0,1.0,1.0,1.0,1.0,0.0,1.0,Longo da via,Bom,Não existe,Incompleta,Seca,Perfeito estado,R-6a,60 km/h,Dupla," , AV BEIRA MAR, Recife, Pernambuco, Brasil",-8.4944297,-35.0035474
9296,2019-10-20 10:26:00,SEM VÍTIMA,MADALENA,AV ENGENHEIRO ABDIAS DE CARVALHO, ,132.0,CIDADE,COLISÃO TRASEIRA,1.0,1.0,1.0,1.0,1.0,1.0,1.0,1.0,1.0,0.0,1.0,Cruzamento,Bom,Sem defeito,Perfeito estado,Seca,Perfeito estado,Outras,60 km/h,Dupla," , AV ENGENHEIRO ABDIAS DE CARVALHO, Recife, Pernambuco, Brasil",-8.0623704,-34.9319576
3174,2019-04-10 13:47:00,SEM VÍTIMA,MADALENA,RUA REAL DA TORRE, ,132.0,CIDADE,COLISÃO,2.0,1.0,1.0,1.0,1.0,1.0,1.0,1.0,1.0,0.0,1.0,Cruzamento,Bom,Sem defeito,Perfeito estado,Seca,Perfeito estado,Outras,60 km/h,Dupla," , RUA REAL DA TORRE, Recife, Pernambuco, Brasil",-8.0508853,-34.9082074
2480,2019-03-21 13:32:00,SEM VÍTIMA,MADALENA,EST DOS REMEDIOS,2287,132.0,SUBURBIO,COLISÃO TRASEIRA,2.0,1.0,1.0,1.0,1.0,1.0,1.0,1.0,1.0,0.0,1.0,Longo da via,Bom,Não existe,Perfeito estado,Seca,Perfeito estado,Não há placas,60 km/h,Única,"2287, EST DOS REMEDIOS, Recife, Pernambuco, Brasil",-8.0508853,-34.9082074
5333,2019-06-18 15:55:00,SEM VÍTIMA,MADALENA,AV CAXANGA,612,489.0,SUBURBIO,ABALROAMENTO LONGITUDINAL,1.0,1.0,1.0,1.0,1.0,1.0,1.0,1.0,1.0,0.0,1.0,Longo da via,Nublado,Sem defeito,Perfeito estado,Seca,Perfeito estado,R-25b,60 km/h,Dupla,"612, AV CAXANGA, Recife, Pernambuco, Brasil",-8.0539384,-34.9142075
4211,2019-05-14 07:36:00,SEM VÍTIMA,MADALENA,RUA JOSE BONIFACIO,25A,489.0,SUBURBIO,ABALROAMENTO TRANSVERSAL,1.0,1.0,1.0,1.0,1.0,1.0,1.0,1.0,1.0,0.0,1.0,Longo da via,Bom,Não existe,Perfeito estado,Seca,Perfeito estado,Outras,60 km/h,Única,"25A, RUA JOSE BONIFACIO, Recife, Pernambuco, Brasil",-8.1127711,-35.3044207
2658,2019-03-26 17:12:00,SEM VÍTIMA,MADALENA,RUA RENATO DE MEDEIROS,92,489.0,SUBURBIO,COLISÃO,2.0,1.0,1.0,1.0,1.0,1.0,1.0,1.0,1.0,0.0,1.0,Longo da via,Bom,Não existe,Perfeito estado,Seca,Perfeito estado,Outras,60 km/h,Única,"92, RUA RENATO DE MEDEIROS, Recife, Pernambuco, Brasil",-8.0552297,-34.9065885
3422,2019-04-17 13:37:00,SEM VÍTIMA,MADALENA,RUA BENFICA, ,489.0,SUBURBIO,COLISÃO,2.0,1.0,1.0,1.0,1.0,1.0,1.0,1.0,1.0,0.0,1.0,Longo da via,Bom,Não existe,Perfeito estado,Seca,Perfeito estado,Outras,60 km/h,Única," , RUA BENFICA, Recife, Pernambuco, Brasil",-8.0576866,-34.9086687
5346,2019-06-19 08:04:00,COM VÍTIMA,MADALENA,AV ENGENHEIRO ABDIAS DE CARVALHO,351,489.0,CIDADE,COLISÃO TRASEIRA,1.0,1.0,1.0,1.0,1.0,1.0,1.0,1.0,1.0,1.0,1.0,Longo da via,Bom,Não existe,Não existente,Seca,Perfeito estado,Não há placas,60 km/h,Única,"351, AV ENGENHEIRO ABDIAS DE CARVALHO, Recife, Pernambuco, Brasil",-8.0617202,-34.9304282
9598,2019-10-29 13:27:00,SEM VÍTIMA,MADALENA,RUA REAL DA TORRE,954,489.0,CIDADE,COLISÃO TRASEIRA,2.0,1.0,1.0,1.0,1.0,1.0,1.0,1.0,1.0,0.0,1.0,Longo da via,Bom,Não existe,Perfeito estado,Seca,Perfeito estado,R-6a,60 km/h,Única,"954, RUA REAL DA TORRE, Recife, Pernambuco, Brasil",-8.0485936,-34.9086041
9597,2019-10-29 13:14:00,SEM VÍTIMA,MADALENA,RUA REAL DA TORRE,522,489.0,CIDADE,COLISÃO TRASEIRA,2.0,1.0,1.0,1.0,1.0,1.0,1.0,1.0,1.0,0.0,1.0,Longo da via,Bom,Não existe,Perfeito estado,Seca,Perfeito estado,Outras,60 km/h,Única,"522, RUA REAL DA TORRE, Recife, Pernambuco, Brasil",-8.0524663,-34.9083572
2484,2019-03-21 14:27:00,SEM VÍTIMA,MADALENA,RUA ANTONIO CAMILO DIAS,25,489.0,CIDADE,COLISÃO,2.0,1.0,1.0,1.0,1.0,1.0,1.0,1.0,1.0,0.0,1.0,Longo da via,Bom,Não existe,Perfeito estado,Seca,Perfeito estado,Outras,60 km/h,Única,"25, RUA ANTONIO CAMILO DIAS, Recife, Pernambuco, Brasil",-8.0572046,-34.9048224
4224,2019-05-14 12:13:00,SEM VÍTIMA,MADALENA,RUA BENFICA,1059,489.0,CIDADE,COLISÃO TRASEIRA,2.0,1.0,1.0,1.0,1.0,1.0,1.0,1.0,1.0,0.0,1.0,Longo da via,Bom,Não existe,Perfeito estado,Seca,Perfeito estado,Não há placas,60 km/h,Única,"1059, RUA BENFICA, Recife, Pernambuco, Brasil",-8.0580747,-34.9085939
9595,2019-10-29 12:29:00,SEM VÍTIMA,MADALENA,RUA JOSE OSORIO,267,489.0,CIDADE,COLISÃO,2.0,1.0,1.0,1.0,1.0,1.0,1.0,1.0,1.0,0.0,1.0,Longo da via,Bom,Não existe,Perfeito estado,Seca,Perfeito estado,Não há placas,60 km/h,Única,"267, RUA JOSE OSORIO, Recife, Pernambuco, Brasil",-8.0534404,-34.9068931
3204,2019-04-11 11:53:00,SEM VÍTIMA,MADALENA,AV BEIRA RIO,192,489.0,SUBURBIO,COLISÃO TRASEIRA,3.0,1.0,1.0,1.0,1.0,1.0,1.0,1.0,1.0,0.0,1.0,Longo da via,Bom,Não existe,Perfeito estado,Seca,Perfeito estado,R-6a,60 km/h,Dupla,"192, AV BEIRA RIO, Recife, Pernambuco, Brasil",-8.0628031,-34.9017329
4246,2019-05-14 22:10:00,SEM VÍTIMA,MADALENA,RUA JOSE HIGINO, ,489.0,SUBURBIO,CHOQUE VEÍCULO PARADO,1.0,1.0,1.0,1.0,1.0,1.0,1.0,1.0,1.0,0.0,1.0,Longo da via,Bom,Não existe,Perfeito estado,Seca,Perfeito estado,Placas Pare,60 km/h,Única," , RUA JOSE HIGINO, Recife, Pernambuco, Brasil",-8.0508969,-34.9098739
2500,2019-03-21 19:07:00,SEM VÍTIMA,MADALENA,RUA JOSE BONIFACIO, ,193.0,SUBURBIO,ABALROAMENTO TRANSVERSAL,1.0,1.0,1.0,1.0,1.0,1.0,1.0,1.0,1.0,0.0,1.0,Cruzamento,Bom,Sem defeito,Perfeito estado,Seca,Perfeito estado,Não há placas,60 km/h,Única," , RUA JOSE BONIFACIO, Recife, Pernambuco, Brasil",-8.0441236,-34.9076816
9599,2019-10-29 14:05:00,SEM VÍTIMA,MADALENA,RUA REAL DA TORRE, ,193.0,SUBURBIO,COLISÃO TRASEIRA,1.0,1.0,1.0,1.0,1.0,1.0,1.0,1.0,1.0,0.0,1.0,Longo da via,Bom,Não existe,Perfeito estado,Seca,Perfeito estado,Outras,60 km/h,Única," , RUA REAL DA TORRE, Recife, Pernambuco, Brasil",-8.0508853,-34.9082074
10488,2019-11-21 09:49:00,COM VÍTIMA,MADALENA,RUA BENFICA,107,193.0,SUBURBIO,ABALROAMENTO TRANSVERSAL,1.0,1.0,1.0,1.0,1.0,1.0,1.0,1.0,1.0,1.0,1.0,Esquina,Bom,Não existe,Perfeito estado,Seca,Perfeito estado,Não há placas,60 km/h,Dupla,"107, RUA BENFICA, Recife, Pernambuco, Brasil",-8.0580139,-34.9082887
2688,2019-03-27 15:42:00,SEM VÍTIMA,MADALENA,EST DOS REMEDIOS,2416,353.0,CIDADE,COLISÃO TRASEIRA,1.0,1.0,1.0,1.0,1.0,1.0,1.0,1.0,1.0,0.0,1.0,Longo da via,Bom,Sem defeito,Perfeito estado,Seca,Perfeito estado,Outras,60 km/h,Única,"2416, EST DOS REMEDIOS, Recife, Pernambuco, Brasil",-8.0580139,-34.9082887
3424,2019-04-17 14:47:00,SEM VÍTIMA,MADALENA,RUA BENFICA, ,353.0,CIDADE,ABALROAMENTO LONGITUDINAL,2.0,1.0,1.0,1.0,1.0,1.0,1.0,1.0,1.0,0.0,1.0,Longo da via,Bom,Sem defeito,Perfeito estado,Seca,Perfeito estado,Outras,60 km/h,Dupla," , RUA BENFICA, Recife, Pernambuco, Brasil",-8.0576866,-34.9086687
10215,2019-11-13 19:29:00,SEM VÍTIMA,MADALENA,EST DOS REMEDIOS, ,51.0,SUBURBIO,ABALROAMENTO LONGITUDINAL,1.0,1.0,1.0,1.0,1.0,1.0,1.0,1.0,1.0,0.0,1.0,Cruzamento,Bom,Sem defeito,Perfeito estado,Seca,Perfeito estado,R-6a,60 km/h,Única," , EST DOS REMEDIOS, Recife, Pernambuco, Brasil",-8.0576866,-34.9086687
4152,2019-05-11 16:51:00,SEM VÍTIMA,MADALENA,RUA REAL DA TORRE,191,51.0,SUB/CID,ABALROAMENTO LONGITUDINAL,1.0,1.0,1.0,1.0,1.0,1.0,1.0,1.0,1.0,0.0,1.0,Longo da via,Bom,Não existe,Perfeito estado,Seca,Perfeito estado,Outras,50 km/h,Única,"191, RUA REAL DA TORRE, Recife, Pernambuco, Brasil",-8.0554558,-34.9091471
10212,2019-11-13 18:38:00,SEM VÍTIMA,MADALENA,RUA REAL DA TORRE,1309,51.0,SUB/CID,ABALROAMENTO LONGITUDINAL,2.0,1.0,1.0,1.0,1.0,1.0,1.0,1.0,1.0,0.0,1.0,Longo da via,Bom,Sem defeito,Perfeito estado,Seca,Perfeito estado,Não há placas,50 km/h,Única,"1309, RUA REAL DA TORRE, Recife, Pernambuco, Brasil",-8.0508853,-34.9082074
5301,2019-06-17 11:01:00,COM VÍTIMA,MADALENA,AV CAXANGA,3095,610.0,CIDADE,CHOQUE VEÍCULO PARADO,1.0,1.0,1.0,1.0,1.0,1.0,1.0,1.0,1.0,1.0,1.0,Longo da via,Chuvoso,Sem defeito,Perfeito estado,Molhada,Perfeito estado,Não há placas,60 km/h,Única,"3095, AV CAXANGA, Recife, Pernambuco, Brasil",-8.0435498,-34.9340492
8958,2019-10-11 05:50:00,VÍTIMA FATAL,MADALENA,EST DOS REMEDIOS, ,353.0,CIDADE,ABALROAMENTO TRANSVERSAL,1.0,1.0,1.0,1.0,1.0,1.0,1.0,1.0,1.0,1.0,1.0,Cruzamento,Bom,Sem defeito,Incompleta,Seca,Mal conservada,Não há placas,60 km/h,Dupla," , EST DOS REMEDIOS, Recife, Pernambuco, Brasil",-8.0435498,-34.9340492