,data_hora,natureza_acidente,bairro,endereco,numero,num_semaforo,sentido_via,tipo,auto,moto,ciclom,ciclista,pedestre,onibus,caminhao,viatura,outros,vitimas,vitimasfatais,acidente_verificado,tempo_clima,situacao_semaforo,sinalizacao,condicao_via,conservacao_via,situacao_placa,velocidade_max_via,mao_direcao,end,latitude,longitude
366,2019-01-14 18:50:00,SEM VÍTIMA,MADALENA,AV VISCONDE DE ALBUQUERQUE,123,629.0,SUBURBIO,ABALROAMENTO LONGITUDINAL,2.0,1.0,1.0,1.0,1.0,1.0,1.0,1.0,1.0,0.0,1.0,Longo da via,Bom,Não existe,Perfeito estado,Seca,Perfeito estado,R-6a,40 km/h,Única,"123, AV VISCONDE DE ALBUQUERQUE, Recife, Pernambuco, Brasil",-8.0553538,-34.9069421
11002,2019-12-04 07:51:00,SEM VÍTIMA,MADALENA,RUA GALVAO RAPOSO, ,629.0,SUBURBIO,ABALROAMENTO TRANSVERSAL,2.0,1.0,1.0,1.0,1.0,1.0,1.0,1.0,1.0,0.0,1.0,Cruzamento,Bom,Não existe,Perfeito estado,Seca,Perfeito estado,Placas Pare,40 km/h,Dupla," , RUA GALVAO RAPOSO, Recife, Pernambuco, Brasil",-8.0496269,-34.9122028
6318,2019-07-23 09:15:00,SEM VÍTIMA,MADALENA,RUA PESSOA DE MELO,199,629.0,SUBURBIO,COLISÃO,2.0,1.0,1.0,1.0,1.0,1.0,1.0,1.0,1.0,0.0,1.0,Cruzamento,Bom,Não existe,Perfeito estado,Seca,Perfeito estado,Placas Pare,40 km/h,Dupla,"199, RUA PESSOA DE MELO, Recife, Pernambuco, Brasil",-8.0515576,-34.9076282
11000,2019-12-04 07:06:00,SEM VÍTIMA,MADALENA,EST DOS REMEDIOS,2226,629.0,SUBURBIO,ABALROAMENTO LONGITUDINAL,1.0,1.0,1.0,1.0,1.0,1.0,1.0,1.0,1.0,0.0,1.0,Longo da via,Bom,Não existe,Perfeito estado,Seca,Perfeito estado,Outras,60 km/h,Única,"2226, EST DOS REMEDIOS, Recife, Pernambuco, Brasil",-8.0515576,-34.9076282
7216,2019-08-20 21:33:00,COM VÍTIMA,MADALENA,RUA DEMOCRITO DE SOUZA FILHO, ,629.0,CIDADE,ABALROAMENTO LONGITUDINAL,1.0,1.0,1.0,1.0,1.0,1.0,1.0,1.0,1.0,1.0,1.0,Cruzamento,Bom,Não existe,Perfeito estado,Seca,Perfeito estado,Placas Pare,60 km/h,Única," , RUA DEMOCRITO DE SOUZA FILHO, Recife, Pernambuco, Brasil",-8.0539208,-34.9055912
11197,2019-12-07 17:37:00,SEM VÍTIMA,MADALENA,RUA BENFICA, ,257.0,CIDADE,ABALROAMENTO LONGITUDINAL,1.0,1.0,1.0,1.0,1.0,1.0,1.0,1.0,1.0,0.0,1.0,Longo da via,Bom,Sem defeito,Perfeito estado,Seca,Perfeito estado,Outras,60 km/h,Única," , RUA BENFICA, Recife, Pernambuco, Brasil",-8.0576866,-34.9086687
8206,2019-09-20 10:34:00,SEM VÍTIMA,MADALENA,AV VISCONDE DE ALBUQUERQUE,732,257.0,SUBURBIO,ABALROAMENTO LONGITUDINAL,1.0,1.0,1.0,1.0,1.0,1.0,1.0,1.0,1.0,0.0,1.0,Longo da via,Bom,Não existe,Incompleta,Seca,Perfeito estado,R-6a,60 km/h,Única,"732, AV VISCONDE DE ALBUQUERQUE, Recife, Pernambuco, Brasil",-8.0517194,-34.9065322
11420,2019-12-12 17:30:00,SEM VÍTIMA,MADALENA,RUA LOPES DE CARVALHO,117,257.0,SUBURBIO,COLISÃO,1.0,1.0,1.0,1.0,1.0,1.0,1.0,1.0,1.0,0.0,1.0,Longo da via,Bom,Não existe,Incompleta,Seca,Perfeito estado,R-6a,60 km/h,Única,"117, RUA LOPES DE CARVALHO, Recife, Pernambuco, Brasil",-8.0548987,-34.9066477
7022,2019-08-15 05:34:00,SEM VÍTIMA,MADALENA,RUA BENFICA, ,51.0,CIDADE,ABALROAMENTO LONGITUDINAL,1.0,1.0,1.0,1.0,1.0,1.0,1.0,1.0,1.0,0.0,1.0,Longo da via,Chuvoso,Sem defeito,Perfeito estado,Molhada,Perfeito estado,Outras,60 km/h,Única," , RUA BENFICA, Recife, Pernambuco, Brasil",-8.0576866,-34.9086687
7027,2019-08-15 09:09:00,SEM VÍTIMA,MADALENA,RUA BENFICA, ,51.0,SUBURBIO,ABALROAMENTO LONGITUDINAL,1.0,1.0,1.0,1.0,1.0,1.0,1.0,1.0,1.0,0.0,1.0,Longo da via,Bom,Não existe,Perfeito estado,Seca,Perfeito estado,Não há placas,40 km/h,Única," , RUA BENFICA, Recife, Pernambuco, Brasil",-8.0576866,-34.9086687
1083,2019-02-08 17:02:00,SEM VÍTIMA,MADALENA,RUA REAL DA TORRE,218,51.0,CIDADE,ABALROAMENTO LONGITUDINAL,2.0,1.0,1.0,1.0,1.0,1.0,1.0,1.0,1.0,0.0,1.0,Longo da via,Bom,Não existe,Perfeito estado,Seca,Perfeito estado,Outras,40 km/h,Única,"218, RUA REAL DA TORRE, Recife, Pernambuco, Brasil",-8.0552354,-34.9088095
1092,2019-02-08 20:00:00,SEM VÍTIMA,MADALENA,AV CAXANGA, ,257.0,CIDADE,ABALROAMENTO LONGITUDINAL,1.0,1.0,1.0,1.0,1.0,1.0,1.0,1.0,1.0,0.0,1.0,Longo da via,Bom,Sem defeito,Incompleta,Seca,Perfeito estado,Não há placas,40 km/h,Dupla," , AV CAXANGA, Recife, Pernambuco, Brasil",-8.0311907,-34.956089
11578,2019-12-17 03:36:00,SEM VÍTIMA,MADALENA,AV ENGENHEIRO ABDIAS DE CARVALHO, ,132.0,SUBURBIO,ABALROAMENTO TRANSVERSAL,2.0,1.0,1.0,1.0,1.0,1.0,1.0,1.0,1.0,0.0,1.0,Cruzamento,Bom,Sem defeito,Perfeito estado,Seca,Perfeito estado,Outras,40 km/h,Dupla," , AV ENGENHEIRO ABDIAS DE CARVALHO, Recife, Pernambuco, Brasil",-8.0623704,-34.9319576
11582,2019-12-17 09:22:00,SEM VÍTIMA,MADALENA,RUA BENFICA, ,132.0,SUBURBIO,ABALROAMENTO LONGITUDINAL,2.0,1.0,1.0,1.0,1.0,1.0,1.0,1.0,1.0,0.0,1.0,Longo da via,Bom,Não existe,Não existente,Seca,Perfeito estado,Não há placas,60 km/h,Dupla," , RUA BENFICA, Recife, Pernambuco, Brasil",-8.0576866,-34.9086687
11399,2019-12-12 12:14:00,SEM VÍTIMA,MADALENA,RUA REAL DA TORRE,535,132.0,SUBURBIO,ABALROAMENTO TRANSVERSAL,2.0,1.0,1.0,1.0,1.0,1.0,1.0,1.0,1.0,0.0,1.0,Longo da via,Bom,Não existe,Perfeito estado,Seca,Perfeito estado,Não há placas,30 km/h,Única,"535, RUA REAL DA TORRE, Recife, Pernambuco, Brasil",-8.0522358,-34.9090144
5892,2019-07-08 08:17:00,SEM VÍTIMA,MADALENA,AV CAXANGA, ,132.0,SUBURBIO CIDADE,COLISÃO,2.0,1.0,1.0,1.0,1.0,1.0,1.0,1.0,1.0,0.0,1.0,Longo da via,Bom,Não existe,Perfeito estado,Seca,Perfeito estado,Não há placas,30 km/h,Única," , AV CAXANGA, Recife, Pernambuco, Brasil",-8.0311907,-34.956089
8076,2019-09-16 18:44:00,COM VÍTIMA,MADALENA,AV VISCONDE DE ALBUQUERQUE,401,132.0,SUBURBIO,COLISÃO,1.0,1.0,1.0,1.0,1.0,1.0,1.0,1.0,1.0,1.0,1.0,Cruzamento,Bom,Não existe,Perfeito estado,Seca,Perfeito estado,Placas Pare,30 km/h,Única,"401, AV VISCONDE DE ALBUQUERQUE, Recife, Pernambuco, Brasil",-8.0547077,-34.907069
720,2019-01-29 08:28:00,SEM VÍTIMA,MADALENA,AV CAXANGA,1110 A,132.0,SUBURBIO,COLISÃO,1.0,1.0,1.0,1.0,1.0,1.0,1.0,1.0,1.0,0.0,1.0,Cruzamento,Bom,Não existe,Perfeito estado,Seca,Perfeito estado,Placas Pare,30 km/h,Única,"1110 A, AV CAXANGA, Recife, Pernambuco, Brasil",-8.0311337,-34.9558536
11374,2019-12-11 18:59:00,SEM VÍTIMA,MADALENA,RUA JANUARIO BARBOSA, ,132.0,SUBURBIO,ABALROAMENTO TRANSVERSAL,2.0,1.0,1.0,1.0,1.0,1.0,1.0,1.0,1.0,0.0,1.0,Cruzamento,Bom,Não existe,Perfeito estado,Seca,Perfeito estado,Placas Pare,30 km/h,Dupla," , RUA JANUARIO BARBOSA, Recife, Pernambuco, Brasil",-8.0508435,-34.9050151
11594,2019-12-17 11:20:00,COM VÍTIMA,MADALENA,EST DOS REMEDIOS,2464,51.0,SUBURBIO,ABALROAMENTO LONGITUDINAL,2.0,1.0,1.0,1.0,1.0,1.0,1.0,1.0,1.0,1.0,1.0,Esquina,Bom,Sem defeito,Perfeito estado,Seca,Perfeito estado,R-4a,60 km/h,Única,"2464, EST DOS REMEDIOS, Recife, Pernambuco, Brasil",-8.0508435,-34.9050151
1161,2019-02-11 14:34:00,SEM VÍTIMA,MADALENA,RUA REAL DA TORRE,637,51.0,SUBURBIO,COLISÃO,2.0,1.0,1.0,1.0,1.0,1.0,1.0,1.0,1.0,0.0,1.0,Esquina,Bom,Sem defeito,Perfeito estado,Seca,Perfeito estado,R-4a,60 km/h,Única,"637, RUA REAL DA TORRE, Recife, Pernambuco, Brasil",-8.0512778,-34.9086457
702,2019-01-28 08:40:00,SEM VÍTIMA,MADALENA,RUA REAL DA TORRE, ,51.0,CIDADE,COLISÃO TRASEIRA,2.0,1.0,1.0,1.0,1.0,1.0,1.0,1.0,1.0,0.0,1.0,Longo da via,Chuvoso,Sem defeito,Perfeito estado,Molhada,Perfeito estado,Outras,60 km/h,Única," , RUA REAL DA TORRE, Recife, Pernambuco, Brasil",-8.0508853,-34.9082074
7098,2019-08-16 19:52:00,SEM VÍTIMA,MADALENA,RUA REAL DA TORRE, ,192.0,SUBURBIO,ABALROAMENTO TRANSVERSAL,2.0,1.0,1.0,1.0,1.0,1.0,1.0,1.0,1.0,0.0,1.0,Cruzamento,Bom,Sem defeito,Perfeito estado,Seca,Perfeito estado,R-6a,60 km/h,Única," , RUA REAL DA TORRE, Recife, Pernambuco, Brasil",-8.0508853,-34.9082074
1176,2019-02-11 18:35:00,SEM VÍTIMA,MADALENA,RUA BENFICA, ,257.0,CIDADE,ABALROAMENTO TRANSVERSAL,1.0,1.0,1.0,1.0,1.0,1.0,1.0,1.0,1.0,0.0,1.0,Cruzamento,Bom,Sem defeito,Perfeito estado,Seca,Perfeito estado,Placas Pare,60 km/h,Dupla," , RUA BENFICA, Recife, Pernambuco, Brasil",-8.0576866,-34.9086687
11423,2019-12-12 18:30:00,SEM VÍTIMA,MADALENA,AV ENGENHEIRO ABDIAS DE CARVALHO,252,257.0,CIDADE,COLISÃO,2.0,1.0,1.0,1.0,1.0,1.0,1.0,1.0,1.0,0.0,1.0,Cruzamento,Bom,Sem defeito,Perfeito estado,Seca,Perfeito estado,Placas Pare,60 km/h,Dupla,"252, AV ENGENHEIRO ABDIAS DE CARVALHO, Recife, Pernambuco, Brasil",-8.0617202,-34.9304282
1177,2019-02-11 18:59:00,SEM VÍTIMA,MADALENA,RUA BENFICA, ,257.0,CIDADE,ABALROAMENTO LONGITUDINAL,1.0,1.0,1.0,1.0,1.0,1.0,1.0,1.0,1.0,0.0,1.0,Longo da via,Bom,Não existe,Incompleta,Seca,Perfeito estado,Outras,40 km/h,Dupla," , RUA BENFICA, Recife, Pernambuco, Brasil",-8.0576866,-34.9086687
1049,2019-02-07 20:16:00,COM VÍTIMA,MADALENA,RUA REAL DA TORRE,730,257.0,SUBURBIO,COLISÃO COM CICLISTA,1.0,1.0,1.0,1.0,1.0,1.0,1.0,1.0,1.0,1.0,1.0,Esquina,Bom,Não existe,Incompleta,Seca,Perfeito estado,Não há placas,30 km/h,Dupla,"730, RUA REAL DA TORRE, Recife, Pernambuco, Brasil",-8.0505788,-34.9080418
998,2019-02-06 17:58:00,SEM VÍTIMA,MADALENA,RUA BENFICA,140,257.0,CIDADE,ABALROAMENTO LONGITUDINAL,1.0,1.0,1.0,1.0,1.0,1.0,1.0,1.0,1.0,0.0,1.0,Longo da via,Bom,Não existe,Perfeito estado,Seca,Perfeito estado,Não há placas,40 km/h,Única,"140, RUA BENFICA, Recife, Pernambuco, Brasil",-8.0608183,-34.9012037
880,2019-02-02 16:35:00,SEM VÍTIMA,MADALENA,AV BEIRA RIO, ,77.0,CIDADE,COLISÃO,2.0,1.0,1.0,1.0,1.0,1.0,1.0,1.0,1.0,0.0,1.0,Longo da via,Bom,Não existe,Perfeito estado,Seca,Perfeito estado,Não há placas,40 km/h,Única," , AV BEIRA RIO, Recife, Pernambuco, Brasil",-8.0428409,-34.9051443
6946,2019-08-13 07:16:00,SEM VÍTIMA,MADALENA,RUA BENFICA, ,515.0,CIDADE,ABALROAMENTO LONGITUDINAL,2.0,1.0,1.0,1.0,1.0,1.0,1.0,1.0,1.0,0.0,1.0,Longo da via,Bom,Sem defeito,Perfeito estado,Seca,Perfeito estado,Não há placas,40 km/h,Única," , RUA BENFICA, Recife, Pernambuco, Brasil",-8.0576866,-34.9086687
6949,2019-08-13 08:25:00,SEM VÍTIMA,MADALENA,RUA ENGENHEIRO LEONARDO ARCOVERDE,247,515.0,SUBURBIO,COLISÃO TRASEIRA,2.0,1.0,1.0,1.0,1.0,1.0,1.0,1.0,1.0,0.0,1.0,Longo da via,Bom,Não existe,Perfeito estado,Seca,Perfeito estado,Não há placas,40 km/h,Única,"247, RUA ENGENHEIRO LEONARDO ARCOVERDE, Recife, Pernambuco, Brasil",-8.0524427,-34.9125173
11469,2019-12-13 18:09:00,SEM VÍTIMA,MADALENA,AV BEIRA RIO,165,515.0,SUBURBIO,ABALROAMENTO LONGITUDINAL,2.0,1.0,1.0,1.0,1.0,1.0,1.0,1.0,1.0,0.0,1.0,Longo da via,Bom,Não existe,Perfeito estado,Seca,Perfeito estado,R-6a,40 km/h,Única,"165, AV BEIRA RIO, Recife, Pernambuco, Brasil",-8.0667355,-34.8967797
818,2019-01-31 18:34:00,COM VÍTIMA,MADALENA,RUA PROFESSOR BENEDITO MONTEIRO, ,481.0,CIDADE,ABALROAMENTO LONGITUDINAL,1.0,1.0,1.0,1.0,1.0,1.0,1.0,1.0,1.0,1.0,1.0,Longo da via,Bom,Não existe,Perfeito estado,Seca,Perfeito estado,Não há placas,40 km/h,Dupla," , RUA PROFESSOR BENEDITO MONTEIRO, Recife, Pernambuco, Brasil",-8.0592322,-34.9037018
6976,2019-08-13 18:51:00,SEM VÍTIMA,MADALENA,AV VISCONDE DE ALBUQUERQUE,474,481.0,CIDADE,COLISÃO,2.0,1.0,1.0,1.0,1.0,1.0,1.0,1.0,1.0,0.0,1.0,Longo da via,Bom,Não existe,Perfeito estado,Seca,Perfeito estado,Não há placas,40 km/h,Dupla,"474, AV VISCONDE DE ALBUQUERQUE, Recife, Pernambuco, Brasil",-8.0538462,-34.9066856
6985,2019-08-14 07:47:00,SEM VÍTIMA,MADALENA,AV JOSE GONCALVES DE MEDEIROS,107,481.0,CIDADE,ABALROAMENTO LONGITUDINAL,2.0,1.0,1.0,1.0,1.0,1.0,1.0,1.0,1.0,0.0,1.0,Longo da via,Bom,Não existe,Perfeito estado,Seca,Perfeito estado,R-6a,40 km/h,Dupla,"107, AV JOSE GONCALVES DE MEDEIROS, Recife, Pernambuco, Brasil",-8.0538462,-34.9066856
8015,2019-09-15 00:04:00,COM VÍTIMA,MADALENA,RUA BENFICA, ,257.0,CIDADE,COLISÃO,1.0,1.0,1.0,1.0,1.0,1.0,1.0,1.0,1.0,1.0,1.0,Longo da via,Bom,Sem defeito,Incompleta,Seca,Perfeito estado,Placas Dê a preferência,40 km/h,Dupla," , RUA BENFICA, Recife, Pernambuco, Brasil",-8.0576866,-34.9086687
973,2019-02-06 07:03:00,SEM VÍTIMA,MADALENA,RUA JOSE BONIFACIO,272,257.0,CID/SUB,ABALROAMENTO LONGITUDINAL,2.0,1.0,1.0,1.0,1.0,1.0,1.0,1.0,1.0,0.0,1.0,Longo da via,Chuvoso,Sem defeito,Perfeito estado,Molhada,Perfeito estado,Outras,40 km/h,Única,"272, RUA JOSE BONIFACIO, Recife, Pernambuco, Brasil",-8.0487517,-34.906271
799,2019-01-31 11:29:00,SEM VÍTIMA,MADALENA,RUA BENFICA,286,257.0,SUBURBIO,COLISÃO TRASEIRA,1.0,1.0,1.0,1.0,1.0,1.0,1.0,1.0,1.0,0.0,1.0,Longo da via,Bom,Não existe,Perfeito estado,Seca,Perfeito estado,Outras,40 km/h,Única,"286, RUA BENFICA, Recife, Pernambuco, Brasil",-8.0592972,-34.9018649
6991,2019-08-14 10:29:00,SEM VÍTIMA,MADALENA,AV JOSE GONCALVES DE MEDEIROS,997,257.0,CIDADE,ABALROAMENTO LONGITUDINAL,2.0,1.0,1.0,1.0,1.0,1.0,1.0,1.0,1.0,0.0,1.0,Longo da via,Bom,Não existe,Incompleta,Seca,Mal conservada,Não há placas,40 km/h,Única,"997, AV JOSE GONCALVES DE MEDEIROS, Recife, Pernambuco, Brasil",-8.0592972,-34.9018649
7008,2019-08-14 16:11:00,SEM VÍTIMA,MADALENA,RUA BENFICA, ,257.0,CIDADE,ABALROAMENTO LONGITUDINAL,1.0,1.0,1.0,1.0,1.0,1.0,1.0,1.0,1.0,0.0,1.0,Longo da via,Chuvoso,Sem defeito,Perfeito estado,Molhada,Perfeito estado,Outras,40 km/h,Única," , RUA BENFICA, Recife, Pernambuco, Brasil",-8.0576866,-34.9086687
783,2019-01-30 21:28:00,SEM VÍTIMA,MADALENA,RUA BEIRA RIO,651,387.0,SUBURBIO,ABALROAMENTO LONGITUDINAL,2.0,1.0,1.0,1.0,1.0,1.0,1.0,1.0,1.0,0.0,1.0,Longo da via,Bom,Sem defeito,Perfeito estado,Seca,Perfeito estado,R-6c,40 km/h,Única,"651, RUA BEIRA RIO, Recife, Pernambuco, Brasil",-8.0628049,-34.9003129
6879,2019-08-10 08:51:00,SEM VÍTIMA,MADALENA,EST DOS REMEDIOS, ,353.0,CIDADE,ABALROAMENTO LONGITUDINAL,2.0,1.0,1.0,1.0,1.0,1.0,1.0,1.0,1.0,0.0,1.0,Longo da via,Bom,Sem defeito,Perfeito estado,Seca,Perfeito estado,R-6c,40 km/h,Única," , EST DOS REMEDIOS, Recife, Pernambuco, Brasil",-8.0628049,-34.9003129
775,2019-01-30 18:09:00,COM VÍTIMA,MADALENA,AV VISCONDE DE ALBUQUERQUE,185,353.0,BEIRA RIO,ABALROAMENTO TRANSVERSAL,1.0,1.0,1.0,1.0,1.0,1.0,1.0,1.0,1.0,1.0,1.0,Esquina,Bom,Não existe,Perfeito estado,Seca,Perfeito estado,R-6c,40 km/h,Única,"185, AV VISCONDE DE ALBUQUERQUE, Recife, Pernambuco, Brasil",-8.0563983,-34.9072485
11446,2019-12-13 11:20:00,SEM VÍTIMA,MADALENA,RUA SPORT CLUBE DO RECIFE,2244,355.0,SUBURBIO,COLISÃO FRONTAL,1.0,1.0,1.0,1.0,1.0,1.0,1.0,1.0,1.0,0.0,1.0,Longo da via,Bom,Sem defeito,Perfeito estado,Seca,Perfeito estado,Não há placas,40 km/h,Única,"2244, RUA SPORT CLUBE DO RECIFE, Recife, Pernambuco, Brasil",-8.0563983,-34.9072485
8042,2019-09-16 07:19:00,COM VÍTIMA,MADALENA,AV VISCONDE DE ALBUQUERQUE,422,355.0,CIDADE,ABALROAMENTO LONGITUDINAL,1.0,1.0,1.0,1.0,1.0,1.0,1.0,1.0,1.0,1.0,1.0,Longo da via,Bom,Não existe,Perfeito estado,Seca,Perfeito estado,R-6a,40 km/h,Única,"422, AV VISCONDE DE ALBUQUERQUE, Recife, Pernambuco, Brasil",-8.054289,-34.9067401
1036,2019-02-07 17:39:00,COM VÍTIMA,MADALENA,RUA PADRE ANCHIETA, ,355.0,SUBURBIO,ATROPELAMENTO,1.0,1.0,1.0,1.0,1.0,1.0,1.0,1.0,1.0,1.0,1.0,Longo da via,Bom,Sem defeito,Perfeito estado,Seca,Perfeito estado,Não há placas,40 km/h,Única," , RUA PADRE ANCHIETA, Recife, Pernambuco, Brasil",-8.0474188,-34.9086507
8397,2019-09-26 07:25:00,SEM VÍTIMA,MADALENA,RUA DEMOCRITO DE SOUZA FILHO,271,355.0,CIDADE,ABALROAMENTO LONGITUDINAL,1.0,1.0,1.0,1.0,1.0,1.0,1.0,1.0,1.0,0.0,1.0,Longo da via,Bom,Não existe,Perfeito estado,Seca,Perfeito estado,Outras,40 km/h,Única,"271, RUA DEMOCRITO DE SOUZA FILHO, Recife, Pernambuco, Brasil",-8.0556576,-34.9058856
11344,2019-12-11 11:32:00,SEM VÍTIMA,MADALENA,AV VISCONDE DE ALBUQUERQUE,796,355.0,SUBURBIO,COLISÃO TRASEIRA,1.0,1.0,1.0,1.0,1.0,1.0,1.0,1.0,1.0,0.0,1.0,Longo da via,Bom,Não existe,Perfeito estado,Seca,Perfeito estado,R-6a,40 km/h,Única,"796, AV VISCONDE DE ALBUQUERQUE, Recife, Pernambuco, Brasil",-8.0511591,-34.9064821
1194,2019-02-12 09:24:00,SEM VÍTIMA,MADALENA,RUA BENFICA, ,629.0,CIDADE,ABALROAMENTO LONGITUDINAL,3.0,1.0,1.0,1.0,1.0,1.0,1.0,1.0,1.0,0.0,1.0,Longo da via,Bom,Sem defeito,Perfeito estado,Seca,Perfeito estado,R-6a,40 km/h,Única," , RUA BENFICA, Recife, Pernambuco, Brasil",-8.0576866,-34.9086687
8160,2019-09-18 20:39:00,SEM VÍTIMA,MADALENA,RUA BENFICA,133,629.0,CIDADE,ABALROAMENTO LONGITUDINAL,1.0,1.0,1.0,1.0,1.0,1.0,1.0,1.0,1.0,0.0,1.0,Longo da via,Bom,Não existe,Perfeito estado,Seca,Perfeito estado,Não há placas,40 km/h,Única,"133, RUA BENFICA, Recife, Pernambuco, Brasil",-8.0608377,-34.901659
1355,2019-02-16 11:55:00,SEM VÍTIMA,MADALENA,RUA CONS THEODORO, ,513.0,SUBURBIO,COLISÃO TRASEIRA,2.0,1.0,1.0,1.0,1.0,1.0,1.0,1.0,1.0,0.0,1.0,Longo da via,Bom,Sem defeito,Perfeito estado,Seca,Perfeito estado,Outras,40 km/h,Dupla," , RUA CONS THEODORO, Recife, Pernambuco, Brasil",-8.0608377,-34.901659
1368,2019-02-17 00:50:00,SEM VÍTIMA,MADALENA,AV CAXANGA,670,513.0,CIDADE,ABALROAMENTO LONGITUDINAL,2.0,1.0,1.0,1.0,1.0,1.0,1.0,1.0,1.0,0.0,1.0,Longo da via,Chuvoso,Não existe,Perfeito estado,Molhada,Perfeito estado,Outras,40 km/h,Única,"670, AV CAXANGA, Recife, Pernambuco, Brasil",-8.0535585,-34.9149229
6659,2019-08-03 17:36:00,SEM VÍTIMA,MADALENA,RUA DOM MANOEL DA COSTA,305,513.0,SUBURBIO,ABALROAMENTO LONGITUDINAL,2.0,1.0,1.0,1.0,1.0,1.0,1.0,1.0,1.0,0.0,1.0,Longo da via,Bom,Não existe,Perfeito estado,Seca,Perfeito estado,R-6a,40 km/h,Única,"305, RUA DOM MANOEL DA COSTA, Recife, Pernambuco, Brasil",-8.0481442,-34.9141538
11655,2019-12-18 17:12:00,SEM VÍTIMA,MADALENA,AV BEIRA RIO,879,513.0,SUBURBIO,ABALROAMENTO TRANSVERSAL,2.0,1.0,1.0,1.0,1.0,1.0,1.0,1.0,1.0,0.0,1.0,Cruzamento,Bom,Não existe,Perfeito estado,Seca,Perfeito estado,Placas Pare,40 km/h,Dupla,"879, AV BEIRA RIO, Recife, Pernambuco, Brasil",-8.0510181,-34.9051442
11659,2019-12-18 19:06:00,SEM VÍTIMA,MADALENA,AV ENGENHEIRO ABDIAS DE CARVALHO, ,132.0,CIDADE,ABALROAMENTO LONGITUDINAL,2.0,1.0,1.0,1.0,1.0,1.0,1.0,1.0,1.0,0.0,1.0,Longo da via,Bom,Sem defeito,Perfeito estado,Seca,Perfeito estado,Não há placas,60 km/h,Dupla," , AV ENGENHEIRO ABDIAS DE CARVALHO, Recife, Pernambuco, Brasil",-8.0623704,-34.9319576
11664,2019-12-18 20:44:00,COM VÍTIMA,MADALENA,RUA BENFICA,1103,132.0,SUBURBIO,COLISÃO COM CICLISTA,2.0,1.0,1.0,1.0,1.0,1.0,1.0,1.0,1.0,1.0,1.0,Longo da via,Bom,Não existe,Perfeito estado,Seca,Perfeito estado,Não há placas,60 km/h,Dupla,"1103, RUA BENFICA, Recife, Pernambuco, Brasil",-8.0578035,-34.908831
8179,2019-09-19 15:23:00,SEM VÍTIMA,MADALENA,RUA LOPES DE CARVALHO,411,132.0,SUBURBIO,ABALROAMENTO TRANSVERSAL,1.0,1.0,1.0,1.0,1.0,1.0,1.0,1.0,1.0,0.0,1.0,Longo da via,Bom,Não existe,Perfeito estado,Seca,Perfeito estado,Outras,60 km/h,Dupla,"411, RUA LOPES DE CARVALHO, Recife, Pernambuco, Brasil",-8.054686,-34.9055675
11668,2019-12-19 07:01:00,SEM VÍTIMA,MADALENA,EST DOS REMEDIOS,2162,132.0,CIDADE,ABALROAMENTO LONGITUDINAL,1.0,1.0,1.0,1.0,1.0,1.0,1.0,1.0,1.0,0.0,1.0,Longo da via,Bom,Não existe,Perfeito estado,Seca,Perfeito estado,Outras,60 km/h,Única,"2162, EST DOS REMEDIOS, Recife, Pernambuco, Brasil",-8.054686,-34.9055675
11227,2019-12-08 16:02:00,SEM VÍTIMA,MADALENA,RUA ENGENHEIRO LEONARDO ARCOVERDE,464,132.0,SUBURBIO,CHOQUE VEÍCULO PARADO,2.0,1.0,1.0,1.0,1.0,1.0,1.0,1.0,1.0,0.0,1.0,Cruzamento,Bom,Não existe,Perfeito estado,Seca,Perfeito estado,Outras,60 km/h,Única,"464, RUA ENGENHEIRO LEONARDO ARCOVERDE, Recife, Pernambuco, Brasil",-8.0549796,-34.9116939
594,2019-01-23 13:41:00,COM VÍTIMA,MADALENA,RUA MENEZES DRUMOND,333,132.0,SUBURBIO,COLISÃO,1.0,1.0,1.0,1.0,1.0,1.0,1.0,1.0,1.0,1.0,1.0,Cruzamento,Bom,Não existe,Perfeito estado,Seca,Perfeito estado,Outras,60 km/h,Única,"333, RUA MENEZES DRUMOND, Recife, Pernambuco, Brasil",-8.0510526,-34.9095511
575,2019-01-22 18:08:00,COM VÍTIMA,MADALENA,AV ENGENHEIRO ABDIAS DE CARVALHO, ,132.0,SUBURBIO,COLISÃO TRASEIRA,1.0,1.0,1.0,1.0,1.0,1.0,1.0,1.0,1.0,2.0,1.0,Longo da via,Bom,Sem defeito,Perfeito estado,Seca,Perfeito estado,R-6a,60 km/h,Dupla," , AV ENGENHEIRO ABDIAS DE CARVALHO, Recife, Pernambuco, Brasil",-8.0623704,-34.9319576
572,2019-01-22 16:46:00,SEM VÍTIMA,MADALENA,RUA BENFICA, ,132.0,CIDADE,ABALROAMENTO LONGITUDINAL,2.0,1.0,1.0,1.0,1.0,1.0,1.0,1.0,1.0,0.0,1.0,Longo da via,Bom,Não existe,Perfeito estado,Seca,Perfeito estado,Outras,60 km/h,Única," , RUA BENFICA, Recife, Pernambuco, Brasil",-8.0576866,-34.9086687