,data_hora,natureza_acidente,bairro,endereco,numero,num_semaforo,sentido_via,tipo,auto,moto,ciclom,ciclista,pedestre,onibus,caminhao,viatura,outros,vitimas,vitimasfatais,acidente_verificado,tempo_clima,situacao_semaforo,sinalizacao,condicao_via,conservacao_via,situacao_placa,velocidade_max_via,mao_direcao,end,latitude,longitude
6599,2019-08-02 07:06:00,SEM VÍTIMA,MADALENA,RUA DES LUIZ SALAZAR, ,132.0,CIDADE,ABALROAMENTO TRANSVERSAL,2.0,1.0,1.0,1.0,1.0,1.0,1.0,1.0,1.0,0.0,1.0,Cruzamento,Chuvoso,Não existe,Incompleta,Molhada,Perfeito estado,Não há placas,60 km/h,Única," , RUA DES LUIZ SALAZAR, Recife, Pernambuco, Brasil",-8.0576866,-34.9086687
6595,2019-08-01 20:39:00,SEM VÍTIMA,MADALENA,RUA JOSE OSORIO, ,132.0,SUBURBIO,COLISÃO TRASEIRA,2.0,1.0,1.0,1.0,1.0,1.0,1.0,1.0,1.0,0.0,1.0,Longo da via,Chuvoso,Sem defeito,Perfeito estado,Molhada,Perfeito estado,R-6a,40 km/h,Única," , RUA JOSE OSORIO, Recife, Pernambuco, Brasil",-8.0541365,-34.9140649
1455,2019-02-20 08:59:00,SEM VÍTIMA,MADALENA,RUA REAL DA TORRE, ,237.0,CIDADE,ABALROAMENTO LONGITUDINAL,2.0,1.0,1.0,1.0,1.0,1.0,1.0,1.0,1.0,0.0,1.0,Longo da via,Bom,Sem defeito,Perfeito estado,Seca,Perfeito estado,Não há placas,40 km/h,Única," , RUA REAL DA TORRE, Recife, Pernambuco, Brasil",-8.0508853,-34.9082074
7201,2019-08-20 13:14:00,SEM VÍTIMA,MADALENA,AV ENGENHEIRO ABDIAS DE CARVALHO,794,237.0,CIDADE,COLISÃO,2.0,1.0,1.0,1.0,1.0,1.0,1.0,1.0,1.0,0.0,1.0,Longo da via,Bom,Sem defeito,Perfeito estado,Seca,Perfeito estado,Não há placas,40 km/h,Única,"794, AV ENGENHEIRO ABDIAS DE CARVALHO, Recife, Pernambuco, Brasil",-8.0613756,-34.9204484
7888,2019-09-11 14:24:00,SEM VÍTIMA,MADALENA,RUA PADRE LANDIM,392,237.0,CIDADE,COLISÃO,2.0,1.0,1.0,1.0,1.0,1.0,1.0,1.0,1.0,0.0,1.0,Longo da via,Bom,Não existe,Perfeito estado,Seca,Perfeito estado,Não há placas,40 km/h,Dupla,"392, RUA PADRE LANDIM, Recife, Pernambuco, Brasil",-8.0474044,-34.9123746
7104,2019-08-17 07:33:00,COM VÍTIMA,MADALENA,RUA JOSE OSORIO, ,387.0,SUBURBIO,ABALROAMENTO TRANSVERSAL,2.0,1.0,1.0,1.0,1.0,1.0,1.0,1.0,1.0,1.0,1.0,Cruzamento,Bom,Sem defeito,Perfeito estado,Seca,Perfeito estado,Outras,40 km/h,Única," , RUA JOSE OSORIO, Recife, Pernambuco, Brasil",-8.0541365,-34.9140649
7159,2019-08-19 13:44:00,COM VÍTIMA,MADALENA,RUA PROFESSOR BENEDITO MONTEIRO,252,387.0,SUBURBIO,ABALROAMENTO LONGITUDINAL,1.0,1.0,1.0,1.0,1.0,1.0,1.0,1.0,1.0,1.0,1.0,Longo da via,Bom,Sem defeito,Perfeito estado,Seca,Perfeito estado,Outras,40 km/h,Dupla,"252, RUA PROFESSOR BENEDITO MONTEIRO, Recife, Pernambuco, Brasil",-8.060750299999999,-34.90347289424003
11644,2019-12-18 14:31:00,SEM VÍTIMA,MADALENA,AV BEIRA RIO,879,387.0,SUBURBIO,ABALROAMENTO LONGITUDINAL,2.0,1.0,1.0,1.0,1.0,1.0,1.0,1.0,1.0,0.0,1.0,Longo da via,Bom,Não existe,Perfeito estado,Seca,Perfeito estado,Não há placas,40 km/h,Dupla,"879, AV BEIRA RIO, Recife, Pernambuco, Brasil",-8.0510181,-34.9051442
1202,2019-02-12 12:25:00,SEM VÍTIMA,MADALENA,RUA PADRE ANCHIETA, ,387.0,SUBURBIO,COLISÃO,2.0,1.0,1.0,1.0,1.0,1.0,1.0,1.0,1.0,0.0,1.0,Longo da via,Bom,Não existe,Perfeito estado,Seca,Perfeito estado,Não há placas,40 km/h,Dupla," , RUA PADRE ANCHIETA, Recife, Pernambuco, Brasil",-8.0474188,-34.9086507
7920,2019-09-12 09:35:00,SEM VÍTIMA,MADALENA,RUA REAL DA TORRE,375,387.0,CID/SUB,ABALROAMENTO LONGITUDINAL,2.0,1.0,1.0,1.0,1.0,1.0,1.0,1.0,1.0,0.0,1.0,Longo da via,Bom,Sem defeito,Perfeito estado,Seca,Perfeito estado,R-6a,60 km/h,Única,"375, RUA REAL DA TORRE, Recife, Pernambuco, Brasil",-8.0537915,-34.9090941
6757,2019-08-07 07:42:00,SEM VÍTIMA,MADALENA,RUA BENFICA, ,257.0,CIDADE,ABALROAMENTO LONGITUDINAL,1.0,1.0,1.0,1.0,1.0,1.0,1.0,1.0,1.0,0.0,1.0,Longo da via,Bom,Sem defeito,Perfeito estado,Seca,Perfeito estado,Outras,60 km/h,Dupla," , RUA BENFICA, Recife, Pernambuco, Brasil",-8.0576866,-34.9086687
6755,2019-08-07 07:08:00,SEM VÍTIMA,MADALENA,RUA DEMOSTENES DE OLINDA, ,257.0,SUBURBIO,COLISÃO TRASEIRA,2.0,1.0,1.0,1.0,1.0,1.0,1.0,1.0,1.0,0.0,1.0,Longo da via,Bom,Não existe,Perfeito estado,Seca,Perfeito estado,R-6a,60 km/h,Única," , RUA DEMOSTENES DE OLINDA, Recife, Pernambuco, Brasil",-8.049337,-34.9062762
11615,2019-12-17 16:30:00,COM VÍTIMA,MADALENA,RUA JOSE OSORIO,680,257.0,SUBURBIO,ABALROAMENTO LONGITUDINAL,2.0,2.0,1.0,1.0,1.0,1.0,1.0,1.0,1.0,2.0,1.0,Esquina,Bom,Não existe,Perfeito estado,Seca,Perfeito estado,Placas Pare,30 e 40 km/h,Dupla,"680, RUA JOSE OSORIO, Recife, Pernambuco, Brasil",-8.053471,-34.9107108
1210,2019-02-12 15:37:00,SEM VÍTIMA,MADALENA,RUA JOSE OSORIO,364,257.0,SUBURBIO,CHOQUE OBJETO FIXO,2.0,2.0,1.0,1.0,1.0,1.0,1.0,1.0,1.0,0.0,1.0,Longo da via,Bom,Não existe,Perfeito estado,Seca,Perfeito estado,R-6a,30 e 40 km/h,Única,"364, RUA JOSE OSORIO, Recife, Pernambuco, Brasil",-8.053231,-34.9080206
670,2019-01-26 10:55:00,COM VÍTIMA,MADALENA,RUA REAL DA TORRE,682,257.0,CIDADE,ABALROAMENTO TRANSVERSAL,1.0,1.0,1.0,1.0,1.0,1.0,1.0,1.0,1.0,2.0,1.0,Longo da via,Bom,Não existe,Perfeito estado,Seca,Perfeito estado,R-6a,30 e 40 km/h,Única,"682, RUA REAL DA TORRE, Recife, Pernambuco, Brasil",-8.0510875,-34.9081069
7118,2019-08-17 15:00:00,SEM VÍTIMA,MADALENA,RUA BENFICA,929,257.0,CIDADE,ABALROAMENTO LONGITUDINAL,1.0,1.0,1.0,1.0,1.0,1.0,1.0,1.0,1.0,0.0,1.0,Longo da via,Bom,Não existe,Perfeito estado,Seca,Perfeito estado,R-6a,60 km/h,Dupla,"929, RUA BENFICA, Recife, Pernambuco, Brasil",-8.0580139,-34.9082887
7120,2019-08-17 16:15:00,SEM VÍTIMA,MADALENA,RUA REAL DA TORRE,773,257.0,CIDADE,ABALROAMENTO LONGITUDINAL,2.0,1.0,1.0,1.0,1.0,1.0,1.0,1.0,1.0,0.0,1.0,Longo da via,Bom,Não existe,Perfeito estado,Seca,Perfeito estado,Não há placas,60 km/h,Única,"773, RUA REAL DA TORRE, Recife, Pernambuco, Brasil",-8.050243,-34.9084517
1221,2019-02-12 18:29:00,SEM VÍTIMA,MADALENA,RUA JOSE OSORIO,298,257.0,SUBURBIO,ABALROAMENTO LONGITUDINAL,1.0,1.0,1.0,1.0,1.0,1.0,1.0,1.0,1.0,0.0,1.0,Longo da via,Bom,Não existe,Perfeito estado,Seca,Perfeito estado,Não há placas,60 km/h,Única,"298, RUA JOSE OSORIO, Recife, Pernambuco, Brasil",-8.0531652,-34.9072338
1223,2019-02-12 19:29:00,SEM VÍTIMA,MADALENA,AV CAXANGA, ,257.0,CIDADE,ABALROAMENTO LONGITUDINAL,1.0,1.0,1.0,1.0,1.0,1.0,1.0,1.0,1.0,0.0,1.0,Longo da via,Bom,Sem defeito,Perfeito estado,Seca,Perfeito estado,R-6a,60 km/h,Dupla," , AV CAXANGA, Recife, Pernambuco, Brasil",-8.0311907,-34.956089
8128,2019-09-17 21:20:00,COM VÍTIMA,MADALENA,RUA JOSE OSORIO,401,257.0,SUBURBIO,ABALROAMENTO LONGITUDINAL,1.0,1.0,1.0,1.0,1.0,1.0,1.0,1.0,1.0,1.0,1.0,Longo da via,Chuvoso,Não existe,Perfeito estado,Molhada,Perfeito estado,Não há placas,60 km/h,Única,"401, RUA JOSE OSORIO, Recife, Pernambuco, Brasil",-8.0536119,-34.9080961
6724,2019-08-06 09:43:00,SEM VÍTIMA,MADALENA,AV BEIRA RIO,650,257.0,CIDADE,ABALROAMENTO LONGITUDINAL,1.0,1.0,1.0,1.0,1.0,1.0,1.0,1.0,1.0,0.0,1.0,Longo da via,Chuvoso,Não existe,Perfeito estado,Molhada,Perfeito estado,Outras,60 km/h,Única,"650, AV BEIRA RIO, Recife, Pernambuco, Brasil",-8.0507552,-34.90516
630,2019-01-24 18:56:00,SEM VÍTIMA,MADALENA,AV BEIRA RIO,650,257.0,SUBURBIO,ABALROAMENTO LONGITUDINAL,2.0,1.0,1.0,1.0,1.0,1.0,1.0,1.0,1.0,0.0,1.0,Longo da via,Bom,Não existe,Perfeito estado,Seca,Perfeito estado,R-6a,60 km/h,Dupla,"650, AV BEIRA RIO, Recife, Pernambuco, Brasil",-8.0507552,-34.90516
7899,2019-09-11 16:40:00,SEM VÍTIMA,MADALENA,RUA ANTONIO VIEIRA,176,257.0,SUBURBIO,ABALROAMENTO TRANSVERSAL,2.0,1.0,1.0,1.0,1.0,1.0,1.0,1.0,1.0,0.0,1.0,Cruzamento,Bom,Não existe,Perfeito estado,Seca,Perfeito estado,Placas Pare,60 km/h,Dupla,"176, RUA ANTONIO VIEIRA, Recife, Pernambuco, Brasil",-8.048584,-34.9113429
11306,2019-12-10 14:19:00,SEM VÍTIMA,MADALENA,RUA LOPES DE CARVALHO, ,257.0,SUBURBIO,COLISÃO,2.0,1.0,1.0,1.0,1.0,1.0,1.0,1.0,1.0,0.0,1.0,Cruzamento,Bom,Não existe,Perfeito estado,Seca,Perfeito estado,Placas Pare,60 km/h,Dupla," , RUA LOPES DE CARVALHO, Recife, Pernambuco, Brasil",-8.054686,-34.9055675
7155,2019-08-19 12:30:00,SEM VÍTIMA,MADALENA,AV CAXANGA,1015,257.0,SUBURBIO,COLISÃO,1.0,1.0,1.0,1.0,1.0,1.0,1.0,1.0,1.0,0.0,1.0,Cruzamento,Bom,Não existe,Perfeito estado,Seca,Perfeito estado,Placas Pare,60 km/h,Dupla,"1015, AV CAXANGA, Recife, Pernambuco, Brasil",-8.0311337,-34.9558536
8149,2019-09-18 15:58:00,SEM VÍTIMA,MADALENA,AV JOSE GONCALVES DE MEDEIROS, ,257.0,SUBURBIO,COLISÃO,2.0,1.0,1.0,1.0,1.0,1.0,1.0,1.0,1.0,0.0,1.0,Cruzamento,Bom,Não existe,Perfeito estado,Seca,Perfeito estado,Placas Pare,60 km/h,Dupla," , AV JOSE GONCALVES DE MEDEIROS, Recife, Pernambuco, Brasil",-8.0311337,-34.9558536
7398,2019-08-27 08:54:00,SEM VÍTIMA,MADALENA,RUA ARNALDO BASTOS, ,257.0,SUBURBIO,ABALROAMENTO TRANSVERSAL,2.0,1.0,1.0,1.0,1.0,1.0,1.0,1.0,1.0,0.0,1.0,Longo da via,Bom,Não existe,Perfeito estado,Seca,Perfeito estado,R-6a,60 km/h,Única," , RUA ARNALDO BASTOS, Recife, Pernambuco, Brasil",-8.0564538,-34.9058535
8320,2019-09-24 07:51:00,SEM VÍTIMA,MADALENA,RUA BENFICA,92,257.0,SUBURBIO,ABALROAMENTO LONGITUDINAL,2.0,1.0,1.0,1.0,1.0,1.0,1.0,1.0,1.0,0.0,1.0,Longo da via,Bom,Não existe,Perfeito estado,Seca,Perfeito estado,Não há placas,40 km/h,Única,"92, RUA BENFICA, Recife, Pernambuco, Brasil",-8.0580139,-34.9082887
1854,2019-03-02 02:14:00,SEM VÍTIMA,MADALENA,AV JOSE GONCALVES DE MEDEIROS, ,257.0,CIDADE,ABALROAMENTO TRANSVERSAL,2.0,1.0,1.0,1.0,1.0,1.0,1.0,1.0,1.0,0.0,1.0,Longo da via,Chuvoso,Não existe,Perfeito estado,Molhada,Perfeito estado,Não há placas,40 km/h,Dupla," , AV JOSE GONCALVES DE MEDEIROS, Recife, Pernambuco, Brasil",-8.0580139,-34.9082887
112,2019-01-05 11:36:00,SEM VÍTIMA,MADALENA,AV ENGENHEIRO ABDIAS DE CARVALHO, ,52.0,SUBURBIO,COLISÃO TRASEIRA,1.0,1.0,1.0,1.0,1.0,1.0,1.0,1.0,1.0,0.0,1.0,Longo da via,Bom,Sem defeito,Perfeito estado,Seca,Perfeito estado,Outras,60 km/h,Dupla," , AV ENGENHEIRO ABDIAS DE CARVALHO, Recife, Pernambuco, Brasil",-8.0623704,-34.9319576
11980,2019-12-27 17:53:00,SEM VÍTIMA,MADALENA,PRC DO INTERNACIONAL, ,515.0,CIDADE,ABALROAMENTO LONGITUDINAL,2.0,1.0,1.0,1.0,1.0,1.0,1.0,1.0,1.0,0.0,1.0,Longo da via,Bom,Sem defeito,Perfeito estado,Seca,Perfeito estado,Não há placas,60 km/h,Única," , PRC DO INTERNACIONAL, Recife, Pernambuco, Brasil",-8.0623704,-34.9319576
8520,2019-09-29 21:30:00,COM VÍTIMA,MADALENA,RUA REAL DA TORRE,292,515.0,SUBURBIO,COLISÃO TRASEIRA,1.0,1.0,1.0,1.0,1.0,1.0,1.0,1.0,1.0,1.0,1.0,Longo da via,Bom,Não existe,Perfeito estado,Seca,Perfeito estado,Outras,50 km/h,Única,"292, RUA REAL DA TORRE, Recife, Pernambuco, Brasil",-8.0545608,-34.9087157
10712,2019-11-27 10:42:00,SEM VÍTIMA,MADALENA,AV ENGENHEIRO ABDIAS DE CARVALHO,64,515.0,SUBURBIO,COLISÃO TRASEIRA,3.0,1.0,1.0,1.0,1.0,1.0,1.0,1.0,1.0,0.0,1.0,Longo da via,Bom,Não existe,Perfeito estado,Seca,Perfeito estado,R-6a,50 km/h,Dupla,"64, AV ENGENHEIRO ABDIAS DE CARVALHO, Recife, Pernambuco, Brasil",-8.061601,-34.9083839
6038,2019-07-12 20:42:00,SEM VÍTIMA,MADALENA,RUA DEMOCRITO DE SOUZA FILHO, ,515.0,CIDADE,COLISÃO TRASEIRA,2.0,1.0,1.0,1.0,1.0,1.0,1.0,1.0,1.0,0.0,1.0,Longo da via,Bom,Não existe,Incompleta,Seca,Perfeito estado,R-6a,50 km/h,Única," , RUA DEMOCRITO DE SOUZA FILHO, Recife, Pernambuco, Brasil",-8.0539208,-34.9055912
10719,2019-11-27 13:24:00,SEM VÍTIMA,MADALENA,AV ENGENHEIRO ABDIAS DE CARVALHO,1055,515.0,CIDADE,COLISÃO TRASEIRA,3.0,1.0,1.0,1.0,1.0,1.0,1.0,1.0,1.0,0.0,1.0,Longo da via,Bom,Sem defeito,Perfeito estado,Seca,Perfeito estado,Não há placas,60 km/h,Dupla,"1055, AV ENGENHEIRO ABDIAS DE CARVALHO, Recife, Pernambuco, Brasil",-8.0617202,-34.9304282
7646,2019-09-04 07:47:00,SEM VÍTIMA,MADALENA,RUA PESSOA DE MELO, ,515.0,CIDADE,ABALROAMENTO LONGITUDINAL,1.0,1.0,1.0,1.0,1.0,1.0,1.0,1.0,1.0,0.0,1.0,Longo da via,Chuvoso,Não existe,Não existente,Molhada,Perfeito estado,Não há placas,40 km/h,Dupla," , RUA PESSOA DE MELO, Recife, Pernambuco, Brasil",-8.0523201,-34.9075435
2279,2019-03-15 19:58:00,SEM VÍTIMA,MADALENA,RUA BENFICA, ,515.0,SUBURBIO,ABALROAMENTO LONGITUDINAL,2.0,1.0,1.0,1.0,1.0,1.0,1.0,1.0,1.0,0.0,1.0,Longo da via,Bom,Não existe,Perfeito estado,Seca,Perfeito estado,R-6a,40 km/h,Dupla," , RUA BENFICA, Recife, Pernambuco, Brasil",-8.0576866,-34.9086687
7649,2019-09-04 08:25:00,COM VÍTIMA,MADALENA,RUA JOSE OSORIO,654,515.0,SUBURBIO,ABALROAMENTO TRANSVERSAL,1.0,1.0,1.0,1.0,1.0,1.0,1.0,1.0,1.0,1.0,1.0,Cruzamento,Bom,Não existe,Perfeito estado,Seca,Perfeito estado,R-6a,40 km/h,Dupla,"654, RUA JOSE OSORIO, Recife, Pernambuco, Brasil",-8.0536011,-34.9104402
10728,2019-11-27 17:00:00,SEM VÍTIMA,MADALENA,RUA REAL DA TORRE,955,515.0,SUBURBIO,COLISÃO TRASEIRA,2.0,1.0,1.0,1.0,1.0,1.0,1.0,1.0,1.0,0.0,1.0,Longo da via,Bom,Não existe,Perfeito estado,Seca,Perfeito estado,Outras,40 km/h,Única,"955, RUA REAL DA TORRE, Recife, Pernambuco, Brasil",-8.0508853,-34.9082074
125,2019-01-06 02:40:00,SEM VÍTIMA,MADALENA,EST DOS REMEDIOS, ,52.0,CIDADE,ABALROAMENTO LONGITUDINAL,2.0,1.0,1.0,1.0,1.0,1.0,1.0,1.0,1.0,0.0,1.0,Cruzamento,Bom,Sem defeito,Perfeito estado,Seca,Perfeito estado,Não há placas,60 km/h,Única," , EST DOS REMEDIOS, Recife, Pernambuco, Brasil",-8.0508853,-34.9082074
135,2019-01-07 08:19:00,SEM VÍTIMA,MADALENA,AV JOSE GONCALVES DE MEDEIROS, ,52.0,CIDADE,CHOQUE OBJETO FIXO,1.0,1.0,1.0,1.0,1.0,1.0,1.0,1.0,1.0,0.0,1.0,Longo da via,Chuvoso,Não existe,Perfeito estado,Molhada,Perfeito estado,Outras,60 km/h,Dupla," , AV JOSE GONCALVES DE MEDEIROS, Recife, Pernambuco, Brasil",-8.0508853,-34.9082074
11964,2019-12-27 12:54:00,SEM VÍTIMA,MADALENA,RUA JOAQUIM NABUCO, ,387.0,SUBURBIO,COLISÃO TRASEIRA,2.0,1.0,1.0,1.0,1.0,1.0,1.0,1.0,1.0,0.0,1.0,Ponte,Bom,Sem defeito,Perfeito estado,Seca,Perfeito estado,Outras,60 km/h,Dupla," , RUA JOAQUIM NABUCO, Recife, Pernambuco, Brasil",-8.0524615,-34.8995139
11963,2019-12-27 12:01:00,SEM VÍTIMA,MADALENA,EST DOS REMEDIOS,2416,353.0,SUBURBIO,ABALROAMENTO LONGITUDINAL,2.0,1.0,1.0,1.0,1.0,1.0,1.0,1.0,1.0,0.0,1.0,Longo da via,Bom,Sem defeito,Perfeito estado,Seca,Perfeito estado,R-6a,60 km/h,Única,"2416, EST DOS REMEDIOS, Recife, Pernambuco, Brasil",-8.0524615,-34.8995139
7664,2019-09-04 15:17:00,SEM VÍTIMA,MADALENA,RUA JANUARIO BARBOSA,232,353.0,SUBURBIO,ABALROAMENTO LONGITUDINAL,2.0,1.0,1.0,1.0,1.0,1.0,1.0,1.0,1.0,0.0,1.0,Longo da via,Chuvoso,Não existe,Incompleta,Molhada,Perfeito estado,Não há placas,60 km/h,Única,"232, RUA JANUARIO BARBOSA, Recife, Pernambuco, Brasil",-8.0508435,-34.9050151
10751,2019-11-28 10:52:00,SEM VÍTIMA,MADALENA,RUA JOSE OSORIO, ,487.0,SUBURBIO,COLISÃO TRASEIRA,2.0,1.0,1.0,1.0,1.0,1.0,1.0,1.0,1.0,0.0,1.0,Longo da via,Bom,Sem defeito,Perfeito estado,Seca,Perfeito estado,Não há placas,60 km/h,Dupla," , RUA JOSE OSORIO, Recife, Pernambuco, Brasil",-8.0541365,-34.9140649
10753,2019-11-28 12:14:00,COM VÍTIMA,MADALENA,RUA DEMOCRITO DE SOUZA FILHO,17,487.0,SUBURBIO,ABALROAMENTO TRANSVERSAL,1.0,1.0,1.0,1.0,1.0,1.0,1.0,1.0,1.0,1.0,1.0,Cruzamento,Bom,Não existe,Perfeito estado,Seca,Perfeito estado,Placas Pare,40 km/h,Única,"17, RUA DEMOCRITO DE SOUZA FILHO, Recife, Pernambuco, Brasil",-8.0080268,-35.0268395
8461,2019-09-27 14:31:00,COM VÍTIMA,MADALENA,AV BEIRA RIO,1059,487.0,SUBURBIO,ABALROAMENTO LONGITUDINAL,1.0,1.0,1.0,1.0,1.0,1.0,1.0,1.0,1.0,1.0,1.0,Longo da via,Bom,Não existe,Perfeito estado,Seca,Perfeito estado,R-6c,40 km/h,Única,"1059, AV BEIRA RIO, Recife, Pernambuco, Brasil",-8.0489188,-34.904657
2096,2019-03-11 14:30:00,SEM VÍTIMA,MADALENA,RUA DR SEVERINO PINHEIRO, ,487.0,SUBURBIO,COLISÃO,2.0,1.0,1.0,1.0,1.0,1.0,1.0,1.0,1.0,0.0,1.0,Longo da via,Bom,Não existe,Perfeito estado,Seca,Perfeito estado,R-6c,40 km/h,Única," , RUA DR SEVERINO PINHEIRO, Recife, Pernambuco, Brasil",-8.0489188,-34.904657
10801,2019-11-29 14:27:00,SEM VÍTIMA,MADALENA,RUA JOSE OSORIO,88,487.0,SUBURBIO,COLISÃO TRASEIRA,3.0,1.0,1.0,1.0,1.0,1.0,1.0,1.0,1.0,0.0,1.0,Longo da via,Bom,Não existe,Perfeito estado,Seca,Perfeito estado,Não há placas,40 km/h,Única,"88, RUA JOSE OSORIO, Recife, Pernambuco, Brasil",-8.0529872,-34.9052087
10799,2019-11-29 13:33:00,SEM VÍTIMA,MADALENA,RUA REAL DA TORRE,1022,487.0,CIDADE,ABALROAMENTO LONGITUDINAL,2.0,1.0,1.0,1.0,1.0,1.0,1.0,1.0,1.0,0.0,1.0,Longo da via,Bom,Não existe,Incompleta,Seca,Perfeito estado,R-6a,40 km/h,Única,"1022, RUA REAL DA TORRE, Recife, Pernambuco, Brasil",-8.0480296,-34.9088476
6106,2019-07-15 15:15:00,SEM VÍTIMA,MADALENA,RUA BENFICA,140,487.0,CIDADE,TOMBAMENTO,1.0,1.0,1.0,1.0,1.0,1.0,1.0,1.0,1.0,0.0,1.0,Longo da via,Bom,Não existe,Perfeito estado,Seca,Perfeito estado,Não há placas,40 km/h,Única,"140, RUA BENFICA, Recife, Pernambuco, Brasil",-8.0608183,-34.9012037
151,2019-01-07 14:21:00,SEM VÍTIMA,MADALENA,RUA BENFICA, ,629.0,SUBURBIO,ABALROAMENTO LONGITUDINAL,1.0,1.0,1.0,1.0,1.0,1.0,1.0,1.0,1.0,0.0,1.0,Cruzamento,Bom,Sem defeito,Perfeito estado,Seca,Perfeito estado,Não há placas,40 km/h,Única," , RUA BENFICA, Recife, Pernambuco, Brasil",-8.0576866,-34.9086687
102,2019-01-05 06:30:00,COM VÍTIMA,MADALENA,RUA REAL DA TORRE, ,629.0,CIDADE,CHOQUE OBJETO FIXO,1.0,1.0,1.0,1.0,1.0,1.0,1.0,1.0,1.0,1.0,1.0,Longo da via,Bom,Sem defeito,Perfeito estado,Seca,Outros,R-6a,40 km/h,Única," , RUA REAL DA TORRE, Recife, Pernambuco, Brasil",-8.0508853,-34.9082074
8480,2019-09-28 11:59:00,SEM VÍTIMA,MADALENA,RUA JOSE OSORIO, ,179.0,SUBURBIO,ABALROAMENTO LONGITUDINAL,2.0,1.0,1.0,1.0,1.0,1.0,1.0,1.0,1.0,0.0,1.0,Longo da via,Bom,Sem defeito,Perfeito estado,Seca,Perfeito estado,R-6a,40 km/h,Única," , RUA JOSE OSORIO, Recife, Pernambuco, Brasil",-8.0541365,-34.9140649
11956,2019-12-27 09:14:00,SEM VÍTIMA,MADALENA,RUA ERNANI BRAGA, ,179.0,SUBURBIO,ABALROAMENTO TRANSVERSAL,2.0,1.0,1.0,1.0,1.0,1.0,1.0,1.0,1.0,0.0,1.0,Cruzamento,Bom,Não existe,Perfeito estado,Seca,Perfeito estado,Placas Pare,40 km/h,Dupla," , RUA ERNANI BRAGA, Recife, Pernambuco, Brasil",-8.0530901,-34.9104909
6078,2019-07-14 12:52:00,SEM VÍTIMA,MADALENA,AV VISCONDE DE ALBUQUERQUE,836,179.0,SUBURBIO,CHOQUE OBJETO FIXO,1.0,1.0,1.0,1.0,1.0,1.0,1.0,1.0,1.0,0.0,1.0,Longo da via,Chuvoso,Não existe,Perfeito estado,Seca,Perfeito estado,Não há placas,40 km/h,Única,"836, AV VISCONDE DE ALBUQUERQUE, Recife, Pernambuco, Brasil",-8.0507748,-34.906461
143,2019-01-07 12:02:00,SEM VÍTIMA,MADALENA,RUA JANUARIO BARBOSA,862,179.0,SUBURBIO,ABALROAMENTO LONGITUDINAL,1.0,1.0,1.0,1.0,1.0,1.0,1.0,1.0,1.0,0.0,1.0,Longo da via,Bom,Não existe,Perfeito estado,Seca,Perfeito estado,Não há placas,40 km/h,Dupla,"862, RUA JANUARIO BARBOSA, Recife, Pernambuco, Brasil",-8.0508435,-34.9050151
2193,2019-03-13 21:30:00,SEM VÍTIMA,MADALENA,AV ENGENHEIRO ABDIAS DE CARVALHO, ,52.0,SUBURBIO,ABALROAMENTO LONGITUDINAL,2.0,1.0,1.0,1.0,1.0,1.0,1.0,1.0,1.0,0.0,1.0,Longo da via,Bom,Sem defeito,Perfeito estado,Seca,Perfeito estado,Não há placas,40 km/h,Dupla," , AV ENGENHEIRO ABDIAS DE CARVALHO, Recife, Pernambuco, Brasil",-8.0623704,-34.9319576
10764,2019-11-28 16:47:00,COM VÍTIMA,MADALENA,AV VISCONDE DE ALBUQUERQUE,205,52.0,SUBURBIO,COLISÃO,1.0,1.0,1.0,1.0,1.0,1.0,1.0,1.0,1.0,2.0,1.0,Longo da via,Bom,Sem defeito,Perfeito estado,Seca,Perfeito estado,Outras,40 km/h,Única,"205, AV VISCONDE DE ALBUQUERQUE, Recife, Pernambuco, Brasil",-8.0562645,-34.907238
2203,2019-03-14 12:14:00,SEM VÍTIMA,MADALENA,AV CAXANGA,460,52.0,SUBURBIO,CHOQUE VEÍCULO PARADO,2.0,1.0,1.0,1.0,1.0,1.0,1.0,1.0,1.0,0.0,1.0,Longo da via,Bom,Sem defeito,Perfeito estado,Seca,Perfeito estado,Não há placas,40 km/h,Dupla,"460, AV CAXANGA, Recife, Pernambuco, Brasil",-8.0546774,-34.9129749
6080,2019-07-14 15:21:00,SEM VÍTIMA,MADALENA,RUA BENFICA,1008,52.0,CIDADE,ABALROAMENTO LONGITUDINAL,2.0,1.0,1.0,1.0,1.0,1.0,1.0,1.0,1.0,0.0,1.0,Longo da via,Chuvoso,Não existe,Perfeito estado,Molhada,Mal conservada,R-6a,40 km/h,Dupla,"1008, RUA BENFICA, Recife, Pernambuco, Brasil",-8.0578544,-34.908135555996125
6020,2019-07-12 13:52:00,SEM VÍTIMA,MADALENA,RUA BENFICA, ,52.0,SUBURBIO,ABALROAMENTO LONGITUDINAL,2.0,1.0,1.0,1.0,1.0,1.0,1.0,1.0,1.0,0.0,1.0,Longo da via,Bom,Não existe,Perfeito estado,Seca,Perfeito estado,Não há placas,40 km/h,Única," , RUA BENFICA, Recife, Pernambuco, Brasil",-8.0576866,-34.9086687