,data_hora,natureza_acidente,bairro,endereco,numero,num_semaforo,sentido_via,tipo,auto,moto,ciclom,ciclista,pedestre,onibus,caminhao,viatura,outros,vitimas,vitimasfatais,acidente_verificado,tempo_clima,situacao_semaforo,sinalizacao,condicao_via,conservacao_via,situacao_placa,velocidade_max_via,mao_direcao,end,latitude,longitude
10700,2019-11-27 07:13:00,SEM VÍTIMA,MADALENA,RUA BENFICA,352,52.0,CIDADE,COLISÃO TRASEIRA,1.0,1.0,1.0,1.0,1.0,1.0,1.0,1.0,1.0,0.0,1.0,Longo da via,Bom,Não existe,Perfeito estado,Seca,Perfeito estado,Placas Pare,40 km/h,Única,"352, RUA BENFICA, Recife, Pernambuco, Brasil",-8.0587013,-34.9020739
7518,2019-08-30 18:11:00,COM VÍTIMA,MADALENA,RUA JOSE OSORIO,744,52.0,CIDADE,COLISÃO,1.0,1.0,1.0,1.0,1.0,1.0,1.0,1.0,1.0,1.0,1.0,Longo da via,Bom,Não existe,Perfeito estado,Seca,Perfeito estado,Placas Pare,40 km/h,Única,"744, RUA JOSE OSORIO, Recife, Pernambuco, Brasil",-8.0534039,-34.9076885
2400,2019-03-19 12:16:00,SEM VÍTIMA,MADALENA,RUA JOAQUIM NABUCO,747,52.0,SUBURBIO,COLISÃO TRASEIRA,2.0,1.0,1.0,1.0,1.0,1.0,1.0,1.0,1.0,0.0,1.0,Longo da via,Bom,Não existe,Perfeito estado,Seca,Perfeito estado,Outras,40 km/h,Dupla,"747, RUA JOAQUIM NABUCO, Recife, Pernambuco, Brasil",-8.0532648,-34.8965122
5960,2019-07-10 15:46:00,COM VÍTIMA,MADALENA,RUA JOSE OSORIO, ,52.0,CID/SUB,ABALROAMENTO LONGITUDINAL,1.0,1.0,1.0,1.0,1.0,1.0,1.0,1.0,1.0,1.0,1.0,Longo da via,Bom,Não existe,Perfeito estado,Seca,Perfeito estado,R-6a,50 km/h,Única," , RUA JOSE OSORIO, Recife, Pernambuco, Brasil",-8.0541365,-34.9140649
5959,2019-07-10 15:42:00,COM VÍTIMA,MADALENA,RUA BENFICA, ,257.0,SUBURBIO,COLISÃO COM CICLISTA,1.0,1.0,1.0,1.0,1.0,1.0,1.0,1.0,1.0,1.0,1.0,Longo da via,Bom,Sem defeito,Perfeito estado,Seca,Perfeito estado,Não há placas,50 km/h,Dupla," , RUA BENFICA, Recife, Pernambuco, Brasil",-8.0576866,-34.9086687
8571,2019-10-01 09:04:00,SEM VÍTIMA,MADALENA,RUA JOSE OSORIO,76,257.0,SUBURBIO,ABALROAMENTO TRANSVERSAL,2.0,1.0,1.0,1.0,1.0,1.0,1.0,1.0,1.0,0.0,1.0,Longo da via,Bom,Sem defeito,Perfeito estado,Seca,Perfeito estado,Outras,50 km/h,Única,"76, RUA JOSE OSORIO, Recife, Pernambuco, Brasil",-8.0529483,-34.905192
10658,2019-11-25 21:43:00,SEM VÍTIMA,MADALENA,RUA BENFICA,715,628.0,SUBURBIO,ABALROAMENTO LONGITUDINAL,1.0,1.0,1.0,1.0,1.0,1.0,1.0,1.0,1.0,0.0,1.0,Longo da via,Bom,Sem defeito,Perfeito estado,Seca,Perfeito estado,Outras,50 km/h,Única,"715, RUA BENFICA, Recife, Pernambuco, Brasil",-8.0587577,-34.9053773
10656,2019-11-25 20:08:00,SEM VÍTIMA,MADALENA,AV BEIRA RIO,1059,628.0,SUBURBIO,COLISÃO TRASEIRA,2.0,1.0,1.0,1.0,1.0,1.0,1.0,1.0,1.0,0.0,1.0,Longo da via,Bom,Não existe,Perfeito estado,Seca,Perfeito estado,R-6c,50 km/h,Dupla,"1059, AV BEIRA RIO, Recife, Pernambuco, Brasil",-8.0489188,-34.904657
7572,2019-09-02 08:55:00,SEM VÍTIMA,MADALENA,RUA CARLOS GOMES,50,57.0,CIDADE,COLISÃO,2.0,1.0,1.0,1.0,1.0,1.0,1.0,1.0,1.0,0.0,1.0,Longo da via,Bom,Não existe,Perfeito estado,Seca,Perfeito estado,R-6c,50 km/h,Dupla,"50, RUA CARLOS GOMES, Recife, Pernambuco, Brasil",-8.0569903,-34.9099036
23,2019-01-02 09:16:00,SEM VÍTIMA,MADALENA,RUA JOSE OSORIO, ,57.0,CID/SUB,ABALROAMENTO LONGITUDINAL,2.0,1.0,1.0,1.0,1.0,1.0,1.0,1.0,1.0,0.0,1.0,Longo da via,Bom,Sem defeito,Perfeito estado,Seca,Perfeito estado,Não há placas,50 km/h,Única," , RUA JOSE OSORIO, Recife, Pernambuco, Brasil",-8.0541365,-34.9140649
8579,2019-10-01 11:22:00,SEM VÍTIMA,MADALENA,RUA BENFICA,505,57.0,CIDADE,ABALROAMENTO LONGITUDINAL,1.0,1.0,1.0,1.0,1.0,1.0,1.0,1.0,1.0,0.0,1.0,Longo da via,Bom,Não existe,Perfeito estado,Seca,Perfeito estado,Não há placas,50 km/h,Dupla,"505, RUA BENFICA, Recife, Pernambuco, Brasil",-8.0586107,-34.904133
5940,2019-07-10 08:33:00,SEM VÍTIMA,MADALENA,RUA REAL DA TORRE,191,57.0,CIDADE,COLISÃO,1.0,1.0,1.0,1.0,1.0,1.0,1.0,1.0,1.0,0.0,1.0,Longo da via,Bom,Não existe,Perfeito estado,Seca,Perfeito estado,Não há placas,50 km/h,Dupla,"191, RUA REAL DA TORRE, Recife, Pernambuco, Brasil",-8.0554558,-34.9091471
5915,2019-07-09 08:48:00,SEM VÍTIMA,MADALENA,AV ENGENHEIRO ABDIAS DE CARVALHO, ,57.0,CIDADE,ABALROAMENTO LONGITUDINAL,1.0,1.0,1.0,1.0,1.0,1.0,1.0,1.0,1.0,0.0,1.0,Longo da via,Bom,Sem defeito,Perfeito estado,Seca,Perfeito estado,Outras,60 km/h,Única," , AV ENGENHEIRO ABDIAS DE CARVALHO, Recife, Pernambuco, Brasil",-8.0623704,-34.9319576
8,2019-01-01 15:50:00,SEM VÍTIMA,MADALENA,EST DOS REMEDIOS,2360,353.0,CIDADE,COLISÃO TRASEIRA,2.0,1.0,1.0,1.0,1.0,1.0,1.0,1.0,1.0,0.0,1.0,Longo da via,Bom,Sem defeito,Perfeito estado,Seca,Perfeito estado,Não há placas,60 km/h,Única,"2360, EST DOS REMEDIOS, Recife, Pernambuco, Brasil",-8.0623704,-34.9319576
2433,2019-03-20 11:06:00,SEM VÍTIMA,MADALENA,RUA REAL DA TORRE,167A,353.0,SUBURBIO,ABALROAMENTO LONGITUDINAL,1.0,1.0,1.0,1.0,1.0,1.0,1.0,1.0,1.0,0.0,1.0,Longo da via,Bom,Não existe,Perfeito estado,Seca,Perfeito estado,R-6a,60 km/h,Única,"167A, RUA REAL DA TORRE, Recife, Pernambuco, Brasil",-8.0508853,-34.9082074
7590,2019-09-02 15:57:00,SEM VÍTIMA,MADALENA,RUA BELARMINO CARNEIRO,74,353.0,SUBURBIO,COLISÃO TRASEIRA,2.0,1.0,1.0,1.0,1.0,1.0,1.0,1.0,1.0,0.0,1.0,Longo da via,Bom,Não existe,Incompleta,Seca,Perfeito estado,Não há placas,60 km/h,Dupla,"74, RUA BELARMINO CARNEIRO, Recife, Pernambuco, Brasil",-8.0482101,-34.9097855
2412,2019-03-19 16:00:00,SEM VÍTIMA,MADALENA,RUA BENFICA, ,628.0,CIDADE,COLISÃO TRASEIRA,2.0,1.0,1.0,1.0,1.0,1.0,1.0,1.0,1.0,0.0,1.0,Longo da via,Bom,Sem defeito,Perfeito estado,Seca,Perfeito estado,R-6a,60 km/h,Dupla," , RUA BENFICA, Recife, Pernambuco, Brasil",-8.0576866,-34.9086687
10810,2019-11-29 16:54:00,COM VÍTIMA,MADALENA,RUA LOPES DE CARVALHO,400,628.0,SUBURBIO,ABALROAMENTO TRANSVERSAL,1.0,1.0,1.0,1.0,1.0,1.0,1.0,1.0,1.0,1.0,1.0,Cruzamento,Bom,Não existe,Perfeito estado,Seca,Perfeito estado,R-24a,60 km/h,Única,"400, RUA LOPES DE CARVALHO, Recife, Pernambuco, Brasil",-8.054686,-34.9055675
2393,2019-03-19 10:44:00,SEM VÍTIMA,MADALENA,EST DOS REMEDIOS,2216,628.0,SUBURBIO,CHOQUE VEÍCULO PARADO,1.0,1.0,1.0,1.0,1.0,1.0,1.0,1.0,1.0,0.0,1.0,Longo da via,Bom,Não existe,Perfeito estado,Seca,Perfeito estado,Outras,60 km/h,Única,"2216, EST DOS REMEDIOS, Recife, Pernambuco, Brasil",-8.054686,-34.9055675
5969,2019-07-10 21:45:00,SEM VÍTIMA,MADALENA,AV BEIRA RIO,591,628.0,CIDADE,COLISÃO TRASEIRA,2.0,1.0,1.0,1.0,1.0,1.0,1.0,1.0,1.0,0.0,1.0,Longo da via,Chuvoso,Não existe,Perfeito estado,Molhada,Perfeito estado,R-6a,40 km/h,Dupla,"591, AV BEIRA RIO, Recife, Pernambuco, Brasil",-8.0513214,-34.9051726
11993,2019-12-28 08:10:00,SEM VÍTIMA,MADALENA,RUA BELARMINO CARNEIRO,215,628.0,CIDADE,COLISÃO,2.0,1.0,1.0,1.0,1.0,1.0,1.0,1.0,1.0,0.0,1.0,Longo da via,Chuvoso,Não existe,Perfeito estado,Molhada,Perfeito estado,R-6a,40 km/h,Dupla,"215, RUA BELARMINO CARNEIRO, Recife, Pernambuco, Brasil",-8.0493577,-34.9092673
89,2019-01-04 17:37:00,SEM VÍTIMA,MADALENA,AV BEIRA RIO,26,628.0,CIDADE,CHOQUE OBJETO FIXO,1.0,1.0,1.0,1.0,1.0,1.0,1.0,1.0,1.0,0.0,1.0,Cruzamento,Bom,Não existe,Perfeito estado,Seca,Perfeito estado,Outras,60 km/h,Única,"26, AV BEIRA RIO, Recife, Pernambuco, Brasil",-8.0667355,-34.8967797
8539,2019-09-30 13:58:00,SEM VÍTIMA,MADALENA,AV CAXANGA,459,628.0,CIDADE,ABALROAMENTO LONGITUDINAL,1.0,1.0,1.0,1.0,1.0,1.0,1.0,1.0,1.0,0.0,1.0,Longo da via,Bom,Não existe,Perfeito estado,Seca,Perfeito estado,R-6a,60 km/h,Dupla,"459, AV CAXANGA, Recife, Pernambuco, Brasil",-8.0550656,-34.9131859
5994,2019-07-11 14:23:00,COM VÍTIMA,MADALENA,RUA JOSE OSORIO,919,628.0,SUBURBIO,ABALROAMENTO TRANSVERSAL,1.0,1.0,1.0,1.0,1.0,1.0,1.0,1.0,1.0,1.0,1.0,Longo da via,Bom,Não existe,Perfeito estado,Seca,Perfeito estado,Outras,60 km/h,Dupla,"919, RUA JOSE OSORIO, Recife, Pernambuco, Brasil",-8.0541759,-34.9129393
10692,2019-11-26 16:45:00,SEM VÍTIMA,MADALENA,AV VISCONDE DE ALBUQUERQUE, ,51.0,SUBURBIO,ABALROAMENTO LONGITUDINAL,1.0,1.0,1.0,1.0,1.0,1.0,1.0,1.0,1.0,0.0,1.0,Longo da via,Bom,Sem defeito,Perfeito estado,Seca,Perfeito estado,Outras,60 km/h,Única," , AV VISCONDE DE ALBUQUERQUE, Recife, Pernambuco, Brasil",-8.0581295,-34.9071394
12005,2019-12-28 14:37:00,SEM VÍTIMA,MADALENA,RUA JOSE OSORIO,193,51.0,SUBURBIO,COLISÃO TRASEIRA,2.0,1.0,1.0,1.0,1.0,1.0,1.0,1.0,1.0,0.0,1.0,Longo da via,Bom,Sem defeito,Perfeito estado,Seca,Perfeito estado,Outras,60 km/h,Única,"193, RUA JOSE OSORIO, Recife, Pernambuco, Brasil",-8.0533956,-34.9062134
2374,2019-03-18 19:04:00,SEM VÍTIMA,MADALENA,RUA PADRE ANCHIETA, ,193.0,CIDADE,ABALROAMENTO LONGITUDINAL,1.0,1.0,1.0,1.0,1.0,1.0,1.0,1.0,1.0,0.0,1.0,Longo da via,Bom,Sem defeito,Perfeito estado,Seca,Perfeito estado,R-6a,60 km/h,Única," , RUA PADRE ANCHIETA, Recife, Pernambuco, Brasil",-8.0474188,-34.9086507
12006,2019-12-28 15:34:00,SEM VÍTIMA,MADALENA,AV JOSE GONCALVES DE MEDEIROS,118,193.0,CIDADE,ABALROAMENTO LONGITUDINAL,2.0,1.0,1.0,1.0,1.0,1.0,1.0,1.0,1.0,0.0,1.0,Longo da via,Bom,Não existe,Perfeito estado,Seca,Perfeito estado,R-6a,40 km/h,Dupla,"118, AV JOSE GONCALVES DE MEDEIROS, Recife, Pernambuco, Brasil",-8.0474188,-34.9086507
2337,2019-03-18 07:34:00,SEM VÍTIMA,MADALENA,RUA JOAO IVO DA SILVA,294,193.0,CIDADE,COLISÃO TRASEIRA,1.0,1.0,1.0,1.0,1.0,1.0,1.0,1.0,1.0,0.0,1.0,Longo da via,Chuvoso,Não existe,Perfeito estado,Molhada,Perfeito estado,R-6a,40 km/h,Única,"294, RUA JOAO IVO DA SILVA, Recife, Pernambuco, Brasil",-8.0591116,-34.909632
34,2019-01-02 14:41:00,SEM VÍTIMA,MADALENA,AV VISCONDE DE ALBUQUERQUE,439,193.0,CIDADE,ABALROAMENTO TRANSVERSAL,2.0,1.0,1.0,1.0,1.0,1.0,1.0,1.0,1.0,0.0,1.0,Cruzamento,Bom,Não existe,Perfeito estado,Seca,Perfeito estado,Não há placas,40 km/h,Única,"439, AV VISCONDE DE ALBUQUERQUE, Recife, Pernambuco, Brasil",-8.0542137,-34.9070454
5976,2019-07-11 07:26:00,SEM VÍTIMA,MADALENA,AV VISCONDE DE ALBUQUERQUE,205,193.0,SUBURBIO,CHOQUE OBJETO FIXO,1.0,1.0,1.0,1.0,1.0,1.0,1.0,1.0,1.0,0.0,1.0,Cruzamento,Bom,Não existe,Perfeito estado,Molhada,Perfeito estado,R-6a,40 km/h,Dupla,"205, AV VISCONDE DE ALBUQUERQUE, Recife, Pernambuco, Brasil",-8.0562645,-34.907238
7612,2019-09-03 08:14:00,SEM VÍTIMA,MADALENA,AV ENGENHEIRO ABDIAS DE CARVALHO,1801,193.0,SUBURBIO,ABALROAMENTO TRANSVERSAL,3.0,1.0,1.0,1.0,1.0,1.0,1.0,1.0,1.0,0.0,1.0,Longo da via,Bom,Não existe,Perfeito estado,Seca,Perfeito estado,Não há placas,40 km/h,Única,"1801, AV ENGENHEIRO ABDIAS DE CARVALHO, Recife, Pernambuco, Brasil",-8.0617202,-34.9304282
5974,2019-07-11 07:12:00,COM VÍTIMA,MADALENA,RUA JOAO IVO DA SILVA,1117,193.0,SUBURBIO,COLISÃO TRASEIRA,2.0,1.0,1.0,1.0,1.0,1.0,1.0,1.0,1.0,1.0,1.0,Longo da via,Bom,Não existe,Perfeito estado,Seca,Perfeito estado,Não há placas,30 km/h,Única,"1117, RUA JOAO IVO DA SILVA, Recife, Pernambuco, Brasil",-8.0591116,-34.909632
7565,2019-09-02 07:59:00,SEM VÍTIMA,MADALENA,EST DOS REMEDIOS,2416,193.0,SUBURBIO,COLISÃO,2.0,1.0,1.0,1.0,1.0,1.0,1.0,1.0,1.0,0.0,1.0,Longo da via,Bom,Não existe,Perfeito estado,Seca,Perfeito estado,Não há placas,30 km/h,Única,"2416, EST DOS REMEDIOS, Recife, Pernambuco, Brasil",-8.0591116,-34.909632
7547,2019-09-01 11:33:00,SEM VÍTIMA,MADALENA,RUA JOSE OSORIO,522,193.0,SUBURBIO,COLISÃO,2.0,1.0,1.0,1.0,1.0,1.0,1.0,1.0,1.0,0.0,1.0,Longo da via,Bom,Não existe,Perfeito estado,Seca,Perfeito estado,Não há placas,30 km/h,Única,"522, RUA JOSE OSORIO, Recife, Pernambuco, Brasil",-8.0534039,-34.9076885
2087,2019-03-11 12:35:00,SEM VÍTIMA,MADALENA,AV CAXANGA,898,193.0,SUBURBIO,COLISÃO TRASEIRA,2.0,1.0,1.0,1.0,1.0,1.0,1.0,1.0,1.0,0.0,1.0,Longo da via,Bom,Não existe,Perfeito estado,Seca,Perfeito estado,R-6a,30 km/h,Dupla,"898, AV CAXANGA, Recife, Pernambuco, Brasil",-8.0527557,-34.9165013
2259,2019-03-15 13:34:00,COM VÍTIMA,MADALENA,RUA BENFICA, ,193.0,CIDADE,ABALROAMENTO LONGITUDINAL,1.0,1.0,1.0,1.0,1.0,1.0,1.0,1.0,1.0,1.0,1.0,Cruzamento,Bom,Sem defeito,Perfeito estado,Seca,Perfeito estado,Placas Pare,30 km/h,Única," , RUA BENFICA, Recife, Pernambuco, Brasil",-8.0576866,-34.9086687
6146,2019-07-17 10:44:00,SEM VÍTIMA,MADALENA,AV ENGENHEIRO ABDIAS DE CARVALHO,1771,193.0,CIDADE,COLISÃO,2.0,1.0,1.0,1.0,1.0,1.0,1.0,1.0,1.0,0.0,1.0,Cruzamento,Bom,Sem defeito,Perfeito estado,Seca,Perfeito estado,Placas Pare,30 km/h,Única,"1771, AV ENGENHEIRO ABDIAS DE CARVALHO, Recife, Pernambuco, Brasil",-8.0626657,-34.9172703
10894,2019-12-02 08:03:00,COM VÍTIMA,MADALENA,EST DOS REMEDIOS, ,51.0,CIDADE,COLISÃO COM CICLISTA,2.0,1.0,1.0,1.0,1.0,1.0,1.0,1.0,1.0,1.0,1.0,Cruzamento,Bom,Sem defeito,Perfeito estado,Seca,Perfeito estado,R-4a,60 km/h,Dupla," , EST DOS REMEDIOS, Recife, Pernambuco, Brasil",-8.0626657,-34.9172703
2038,2019-03-09 10:15:00,SEM VÍTIMA,MADALENA,RUA MENEZES DRUMOND, ,51.0,CIDADE,ABALROAMENTO LONGITUDINAL,2.0,1.0,1.0,1.0,1.0,1.0,1.0,1.0,1.0,0.0,1.0,Longo da via,Bom,Não existe,Perfeito estado,Seca,Perfeito estado,Não há placas,30 km/h,Única," , RUA MENEZES DRUMOND, Recife, Pernambuco, Brasil",-8.0510526,-34.9095511
10874,2019-12-01 17:24:00,SEM VÍTIMA,MADALENA,RUA BENFICA,1059,51.0,SUBURBIO,COLISÃO FRONTAL,1.0,1.0,1.0,1.0,1.0,1.0,1.0,1.0,1.0,0.0,1.0,Longo da via,Bom,Não existe,Perfeito estado,Seca,Perfeito estado,Não há placas,40 km/h,Dupla,"1059, RUA BENFICA, Recife, Pernambuco, Brasil",-8.0580747,-34.9085939
7437,2019-08-28 13:43:00,COM VÍTIMA,MADALENA,EST DOS REMEDIOS,2416,313.0,TORRE,ABALROAMENTO LONGITUDINAL,1.0,1.0,1.0,1.0,1.0,1.0,1.0,1.0,1.0,1.0,1.0,Cruzamento,Bom,Não existe,Perfeito estado,Seca,Perfeito estado,Não há placas,40 km/h,Única,"2416, EST DOS REMEDIOS, Recife, Pernambuco, Brasil",-8.0580747,-34.9085939
7702,2019-09-05 17:42:00,SEM VÍTIMA,MADALENA,RUA MANUEL BEZERRA, ,313.0,SUBURBIO,ABALROAMENTO TRANSVERSAL,2.0,1.0,1.0,1.0,1.0,1.0,1.0,1.0,1.0,0.0,1.0,Longo da via,Bom,Não existe,Perfeito estado,Seca,Perfeito estado,Outras,40 km/h,Única," , RUA MANUEL BEZERRA, Recife, Pernambuco, Brasil",-8.0550229,-34.9102432
6203,2019-07-18 17:15:00,SEM VÍTIMA,MADALENA,AV ENGENHEIRO ABDIAS DE CARVALHO, ,132.0,SUBURBIO,COLISÃO,2.0,1.0,1.0,1.0,1.0,1.0,1.0,1.0,1.0,0.0,1.0,Longo da via,Bom,Não existe,Perfeito estado,Seca,Perfeito estado,Outras,40 km/h,Única," , AV ENGENHEIRO ABDIAS DE CARVALHO, Recife, Pernambuco, Brasil",-8.0623704,-34.9319576
1974,2019-03-07 20:30:00,SEM VÍTIMA,MADALENA,RUA ALIADOS,57,132.0,SUBURBIO,CHOQUE VEÍCULO PARADO,2.0,1.0,1.0,1.0,1.0,1.0,1.0,1.0,1.0,0.0,1.0,Longo da via,Bom,Não existe,Perfeito estado,Seca,Perfeito estado,Outras,40 km/h,Dupla,"57, RUA ALIADOS, Recife, Pernambuco, Brasil",-8.0503063,-34.9143335
11928,2019-12-26 12:44:00,SEM VÍTIMA,MADALENA,AV CAXANGA,731,274.0,CIDADE,COLISÃO TRASEIRA,2.0,1.0,1.0,1.0,1.0,1.0,1.0,1.0,1.0,0.0,1.0,Longo da via,Bom,Sem defeito,Perfeito estado,Seca,Perfeito estado,Outras,40 km/h,Única,"731, AV CAXANGA, Recife, Pernambuco, Brasil",-8.0538867,-34.9153603
253,2019-01-10 16:34:00,SEM VÍTIMA,MADALENA,RUA JOSE BONIFACIO, ,193.0,CIDADE,ABALROAMENTO LONGITUDINAL,1.0,1.0,1.0,1.0,1.0,1.0,1.0,1.0,1.0,0.0,1.0,Longo da via,Bom,Sem defeito,Perfeito estado,Seca,Perfeito estado,Outras,40 km/h,Única," , RUA JOSE BONIFACIO, Recife, Pernambuco, Brasil",-8.0441236,-34.9076816
10900,2019-12-02 10:24:00,SEM VÍTIMA,MADALENA,RUA BENFICA,411,193.0,CIDADE,ABALROAMENTO LONGITUDINAL,2.0,1.0,1.0,1.0,1.0,1.0,1.0,1.0,1.0,0.0,1.0,Longo da via,Bom,Não existe,Perfeito estado,Seca,Perfeito estado,Não há placas,40 km/h,Única,"411, RUA BENFICA, Recife, Pernambuco, Brasil",-8.0590253,-34.9029935
8410,2019-09-26 11:49:00,SEM VÍTIMA,MADALENA,RUA BENFICA, ,193.0,CIDADE,ABALROAMENTO LONGITUDINAL,1.0,1.0,1.0,1.0,1.0,1.0,1.0,1.0,1.0,0.0,1.0,Longo da via,Bom,Não existe,Perfeito estado,Seca,Perfeito estado,Não há placas,40 km/h,Dupla," , RUA BENFICA, Recife, Pernambuco, Brasil",-8.0576866,-34.9086687
2025,2019-03-08 22:18:00,COM VÍTIMA,MADALENA,AV BEIRA RIO,825,193.0,SUBURBIO,ABALROAMENTO LONGITUDINAL,1.0,1.0,1.0,1.0,1.0,1.0,1.0,1.0,1.0,1.0,1.0,Longo da via,Bom,Não existe,Perfeito estado,Seca,Perfeito estado,Placas Pare,40 km/h,Dupla,"825, AV BEIRA RIO, Recife, Pernambuco, Brasil",-8.0519292,-34.9051408
6177,2019-07-18 07:33:00,SEM VÍTIMA,MADALENA,RUA BENFICA,352,193.0,CIDADE,ABALROAMENTO LONGITUDINAL,1.0,1.0,1.0,1.0,1.0,1.0,1.0,1.0,1.0,0.0,1.0,Longo da via,Bom,Não existe,Perfeito estado,Seca,Perfeito estado,R-6a,40 km/h,Única,"352, RUA BENFICA, Recife, Pernambuco, Brasil",-8.0587013,-34.9020739
258,2019-01-10 17:06:00,COM VÍTIMA,MADALENA,RUA BENFICA, ,257.0,CIDADE,ABALROAMENTO TRANSVERSAL,1.0,1.0,1.0,1.0,1.0,1.0,1.0,1.0,1.0,1.0,1.0,Cruzamento,Bom,Sem defeito,Perfeito estado,Seca,Perfeito estado,Outras,60 km/h,Única," , RUA BENFICA, Recife, Pernambuco, Brasil",-8.0576866,-34.9086687
1972,2019-03-07 19:21:00,SEM VÍTIMA,MADALENA,EST DOS REMEDIOS, ,353.0,CIDADE,ABALROAMENTO TRANSVERSAL,2.0,1.0,1.0,1.0,1.0,1.0,1.0,1.0,1.0,0.0,1.0,Longo da via,Bom,Sem defeito,Perfeito estado,Seca,Perfeito estado,Outras,60 km/h,Única," , EST DOS REMEDIOS, Recife, Pernambuco, Brasil",-8.0576866,-34.9086687
7458,2019-08-29 11:25:00,SEM VÍTIMA,MADALENA,RUA DES LUIZ SALAZAR, ,353.0,CIDADE,ABALROAMENTO LONGITUDINAL,2.0,1.0,1.0,1.0,1.0,1.0,1.0,1.0,1.0,0.0,1.0,Longo da via,Bom,Não existe,Não existente,Seca,Mal conservada,Não há placas,60 km/h,Dupla," , RUA DES LUIZ SALAZAR, Recife, Pernambuco, Brasil",-8.0576866,-34.9086687
7436,2019-08-28 13:40:00,SEM VÍTIMA,MADALENA,EST DOS REMEDIOS,2416,353.0,SUBURBIO,COLISÃO TRASEIRA,1.0,1.0,1.0,1.0,1.0,1.0,1.0,1.0,1.0,0.0,1.0,Cruzamento,Bom,Sem defeito,Perfeito estado,Seca,Perfeito estado,Não há placas,60 km/h,Única,"2416, EST DOS REMEDIOS, Recife, Pernambuco, Brasil",-8.0576866,-34.9086687
193,2019-01-08 13:31:00,SEM VÍTIMA,MADALENA,AV VISCONDE DE ALBUQUERQUE,81,353.0,CIDADE,COLISÃO TRASEIRA,2.0,1.0,1.0,1.0,1.0,1.0,1.0,1.0,1.0,0.0,1.0,Longo da via,Bom,Sem defeito,Perfeito estado,Seca,Perfeito estado,R-6a,60 km/h,Única,"81, AV VISCONDE DE ALBUQUERQUE, Recife, Pernambuco, Brasil",-8.0573561,-34.9073238
1961,2019-03-07 15:43:00,SEM VÍTIMA,MADALENA,RUA BENFICA,1108,257.0,CIDADE,ABALROAMENTO LONGITUDINAL,1.0,1.0,1.0,1.0,1.0,1.0,1.0,1.0,1.0,0.0,1.0,Cruzamento,Bom,Sem defeito,Perfeito estado,Seca,Perfeito estado,Outras,60 km/h,Dupla,"1108, RUA BENFICA, Recife, Pernambuco, Brasil",-8.0574276,-34.9085999
10203,2019-11-13 12:48:00,SEM VÍTIMA,MANGABEIRA,AV NORTE,4544,96.0,SUBURBIO,COLISÃO TRASEIRA,1.0,1.0,1.0,1.0,1.0,1.0,1.0,1.0,1.0,0.0,1.0,Longo da via,Bom,Sem defeito,Perfeito estado,Seca,Perfeito estado,Outras,60 km/h,Dupla,"4544, AV NORTE, Recife, Pernambuco, Brasil",-8.027844,-34.903102
5815,2019-07-05 05:35:00,SEM VÍTIMA,MANGABEIRA,AV NORTE, ,364.0,SUBURBIO,COLISÃO FRONTAL,1.0,1.0,1.0,1.0,1.0,1.0,1.0,1.0,1.0,0.0,1.0,Cruzamento,Bom,Sem defeito,Perfeito estado,Seca,Perfeito estado,Outras,60 km/h,Dupla," , AV NORTE, Recife, Pernambuco, Brasil",-8.027844,-34.903102
11060,2019-12-05 08:12:00,SEM VÍTIMA,MANGABEIRA,AV NORTE,4664,364.0,SUBURBIO,COLISÃO TRASEIRA,4.0,1.0,1.0,1.0,1.0,1.0,1.0,1.0,1.0,0.0,1.0,Longo da via,Bom,Não existe,Perfeito estado,Seca,Perfeito estado,Outras,60 km/h,Dupla,"4664, AV NORTE, Recife, Pernambuco, Brasil",-8.027844,-34.903102
9692,2019-10-31 13:57:00,SEM VÍTIMA,MANGABEIRA,AV PROFESSOR JOSE DOS ANJOS, ,364.0,SUBURBIO,ABALROAMENTO LONGITUDINAL,1.0,1.0,1.0,1.0,1.0,1.0,1.0,1.0,1.0,0.0,1.0,Longo da via,Bom,Sem defeito,Perfeito estado,Seca,Perfeito estado,Outras,60 km/h,Única," , AV PROFESSOR JOSE DOS ANJOS, Recife, Pernambuco, Brasil",-8.0274596,-34.8891438
10406,2019-11-19 08:34:00,SEM VÍTIMA,MANGABEIRA,RUA DA MANGABEIRA,103,364.0,SUBURBIO,COLISÃO,1.0,1.0,1.0,1.0,1.0,1.0,1.0,1.0,1.0,0.0,1.0,Longo da via,Bom,Sem defeito,Perfeito estado,Seca,Perfeito estado,Outras,60 km/h,Única,"103, RUA DA MANGABEIRA, Recife, Pernambuco, Brasil",-8.0248313,-34.9049418
1367,2019-02-17 00:16:00,SEM VÍTIMA,MANGABEIRA,AV NORTE, ,364.0,SUBURBIO,ABALROAMENTO TRANSVERSAL,2.0,1.0,1.0,1.0,1.0,1.0,1.0,1.0,1.0,0.0,1.0,Longo da via,Bom,Sem defeito,Perfeito estado,Seca,Perfeito estado,Não há placas,60 km/h,Dupla," , AV NORTE, Recife, Pernambuco, Brasil",-8.027844,-34.903102