,data_hora,natureza_acidente,bairro,endereco,numero,num_semaforo,sentido_via,tipo,auto,moto,ciclom,ciclista,pedestre,onibus,caminhao,viatura,outros,vitimas,vitimasfatais,acidente_verificado,tempo_clima,situacao_semaforo,sinalizacao,condicao_via,conservacao_via,situacao_placa,velocidade_max_via,mao_direcao,end,latitude,longitude
9701,2019-10-31 18:24:00,SEM VÍTIMA,NOVA DESCOBERTA,RUA JORNALISTA WALDETE AGRA,211,328.0,SUBURBIO,COLISÃO,1.0,1.0,1.0,1.0,1.0,1.0,1.0,1.0,1.0,0.0,1.0,Longo da via,Bom,Não existe,Perfeito estado,Seca,Perfeito estado,Outras,30 km/h,Dupla,"211, RUA JORNALISTA WALDETE AGRA, Recife, Pernambuco, Brasil",-7.9869727,-34.9303776
8892,2019-10-09 12:36:00,SEM VÍTIMA,NOVA DESCOBERTA,AV VEREADOR OTACILIO AZEVEDO, ,328.0,SUBURBIO,ABALROAMENTO LONGITUDINAL,1.0,1.0,1.0,1.0,1.0,1.0,1.0,1.0,1.0,0.0,1.0,Longo da via,Bom,Não existe,Perfeito estado,Seca,Perfeito estado,R-6c,30 km/h,Dupla," , AV VEREADOR OTACILIO AZEVEDO, Recife, Pernambuco, Brasil",-8.0074204,-34.9117445
4189,2019-05-13 13:21:00,COM VÍTIMA,NOVA DESCOBERTA,AV VEREADOR OTACILIO AZEVEDO, ,328.0,SUBURBIO,ABALROAMENTO TRANSVERSAL,1.0,1.0,1.0,1.0,1.0,1.0,1.0,1.0,1.0,1.0,1.0,Longo da via,Bom,Não existe,Perfeito estado,Seca,Perfeito estado,Não há placas,40 km/h,Dupla," , AV VEREADOR OTACILIO AZEVEDO, Recife, Pernambuco, Brasil",-8.0074204,-34.9117445
7126,2019-08-18 02:48:00,SEM VÍTIMA,NOVA DESCOBERTA,RUA CORREGO DA AREIA,140,328.0,CIDADE,CHOQUE VEÍCULO PARADO,1.0,1.0,1.0,1.0,1.0,1.0,1.0,1.0,2.0,0.0,1.0,Longo da via,Bom,Não existe,Perfeito estado,Molhada,Perfeito estado,Não há placas,40 km/h,Dupla,"140, RUA CORREGO DA AREIA, Recife, Pernambuco, Brasil",-8.0056483,-34.9319771
2227,2019-03-15 02:04:00,SEM VÍTIMA,NOVA DESCOBERTA,RUA BETINHA, ,328.0,CIDADE,CHOQUE VEÍCULO PARADO,2.0,1.0,1.0,1.0,1.0,1.0,1.0,1.0,2.0,0.0,1.0,Longo da via,Bom,Não existe,Perfeito estado,Molhada,Perfeito estado,Não há placas,40 km/h,Dupla," , RUA BETINHA, Recife, Pernambuco, Brasil",-8.0023644,-34.9254888
1543,2019-02-22 07:24:00,SEM VÍTIMA,NOVA DESCOBERTA,RUA NOVA DESCOBERTA,144,328.0,CIDADE,CHOQUE,2.0,1.0,1.0,1.0,1.0,1.0,1.0,1.0,2.0,0.0,1.0,Longo da via,Bom,Não existe,Perfeito estado,Molhada,Perfeito estado,Não há placas,40 km/h,Dupla,"144, RUA NOVA DESCOBERTA, Recife, Pernambuco, Brasil",-8.0186666,-34.926006
10376,2019-11-18 14:41:00,SEM VÍTIMA,NOVA DESCOBERTA,AV VEREADOR OTACILIO AZEVEDO,2609,328.0,SUBURBIO,COLISÃO TRASEIRA,2.0,1.0,1.0,1.0,1.0,1.0,1.0,1.0,2.0,0.0,1.0,Longo da via,Bom,Não existe,Perfeito estado,Seca,Perfeito estado,Outras,40 km/h,Dupla,"2609, AV VEREADOR OTACILIO AZEVEDO, Recife, Pernambuco, Brasil",-8.0049828,-34.9158141
2706,2019-03-28 07:07:00,SEM VÍTIMA,NOVA DESCOBERTA,AV VEREADOR OTACILIO AZEVEDO, ,328.0,SUBURBIO,COLISÃO,1.0,1.0,1.0,1.0,1.0,1.0,1.0,1.0,2.0,0.0,1.0,Longo da via,Bom,Não existe,Perfeito estado,Seca,Perfeito estado,Outras,40 km/h,Dupla," , AV VEREADOR OTACILIO AZEVEDO, Recife, Pernambuco, Brasil",-8.0074204,-34.9117445
9801,2019-11-03 22:32:00,SEM VÍTIMA,NOVA DESCOBERTA,RUA NOVA DESCOBERTA,99,328.0,SUBURBIO,CHOQUE VEÍCULO PARADO,1.0,1.0,1.0,1.0,1.0,1.0,1.0,1.0,2.0,0.0,1.0,Longo da via,Bom,Não existe,Incompleta,Seca,Perfeito estado,Não há placas,40 km/h,Dupla,"99, RUA NOVA DESCOBERTA, Recife, Pernambuco, Brasil",-8.0011125,-34.9235438
5366,2019-06-19 13:19:00,COM VÍTIMA,NOVA DESCOBERTA,RUA NOVA DESCOBERTA,2276,328.0,CIDADE,ABALROAMENTO LONGITUDINAL,1.0,1.0,1.0,1.0,1.0,2.0,1.0,1.0,2.0,1.0,1.0,Longo da via,Bom,Não existe,Perfeito estado,Seca,Perfeito estado,R-19,30 km/h,Dupla,"2276, RUA NOVA DESCOBERTA, Recife, Pernambuco, Brasil",-8.0011125,-34.9235438
2021,2019-03-08 18:48:00,SEM VÍTIMA,NOVA DESCOBERTA,RUA NOVA DESCOBERTA,368,328.0,SUBURBIO,ABALROAMENTO LONGITUDINAL,1.0,1.0,1.0,1.0,1.0,1.0,1.0,1.0,1.0,0.0,1.0,Longo da via,Bom,Não existe,Incompleta,Seca,Perfeito estado,R-6a,30 km/h,Dupla,"368, RUA NOVA DESCOBERTA, Recife, Pernambuco, Brasil",-8.0011125,-34.9235438
11679,2019-12-19 10:44:00,SEM VÍTIMA,NOVA DESCOBERTA,RUA TEREZA CARNEIRO,23,328.0,SUBURBIO,CHOQUE VEÍCULO PARADO,2.0,1.0,1.0,1.0,1.0,1.0,1.0,1.0,1.0,0.0,1.0,Longo da via,Bom,Não existe,Não existente,Seca,Perfeito estado,Não há placas,20 km/h,Dupla,"23, RUA TEREZA CARNEIRO, Recife, Pernambuco, Brasil",-8.0066925,-34.9299141
101,2019-01-05 05:44:00,SEM VÍTIMA,NOVA DESCOBERTA,RUA NOVA DESCOBERTA,0940 A,328.0,SUBURBIO,CHOQUE VEÍCULO PARADO,2.0,1.0,1.0,1.0,1.0,1.0,1.0,1.0,1.0,0.0,1.0,Longo da via,Bom,Não existe,Perfeito estado,Seca,Perfeito estado,Não há placas,40 km/h,Dupla,"0940 A, RUA NOVA DESCOBERTA, Recife, Pernambuco, Brasil",-7.9998035,-34.9217713
8189,2019-09-19 19:05:00,SEM VÍTIMA,NOVA DESCOBERTA,RUA CARLOS MARIGHELLA, ,328.0,SUBURBIO,ABALROAMENTO LONGITUDINAL,1.0,1.0,1.0,1.0,1.0,1.0,1.0,1.0,1.0,0.0,1.0,Longo da via,Bom,Não existe,Não existente,Seca,Mal conservada,Não há placas,40 km/h,Dupla," , RUA CARLOS MARIGHELLA, Recife, Pernambuco, Brasil",-8.0076443,-34.929419
8735,2019-10-04 23:47:00,SEM VÍTIMA,NOVA DESCOBERTA,AV VEREADOR OTACILIO AZEVEDO, ,328.0,SUBURBIO,COLISÃO,1.0,1.0,1.0,1.0,1.0,1.0,1.0,1.0,1.0,0.0,1.0,Longo da via,Bom,Não existe,Não existente,Seca,Mal conservada,Não há placas,40 km/h,Dupla," , AV VEREADOR OTACILIO AZEVEDO, Recife, Pernambuco, Brasil",-8.0074204,-34.9117445
8737,2019-10-05 02:39:00,SEM VÍTIMA,NOVA DESCOBERTA,RUA NAGE, ,328.0,SUBURBIO,CHOQUE OBJETO FIXO,1.0,1.0,1.0,1.0,1.0,1.0,1.0,1.0,1.0,0.0,1.0,Longo da via,Bom,Não existe,Não existente,Seca,Perfeito estado,Não há placas,20 km/h,Dupla," , RUA NAGE, Recife, Pernambuco, Brasil",-8.0183665,-34.9272572
1378,2019-02-17 15:15:00,SEM VÍTIMA,NOVA DESCOBERTA,RUA CORREGO DO JOAQUIM, ,328.0,SUBURBIO,ABALROAMENTO LONGITUDINAL,1.0,1.0,1.0,1.0,1.0,1.0,1.0,1.0,1.0,0.0,1.0,Longo da via,Bom,Não existe,Perfeito estado,Seca,Perfeito estado,Não há placas,20 km/h,Dupla," , RUA CORREGO DO JOAQUIM, Recife, Pernambuco, Brasil",-7.9993175,-34.9326664
3057,2019-04-07 10:15:00,SEM VÍTIMA,NOVA DESCOBERTA,RUA NOVA DESCOBERTA, ,328.0,SUBURBIO,COLISÃO,2.0,1.0,1.0,1.0,1.0,1.0,1.0,1.0,1.0,0.0,1.0,Longo da via,Bom,Não existe,Perfeito estado,Seca,Perfeito estado,Não há placas,20 km/h,Dupla," , RUA NOVA DESCOBERTA, Recife, Pernambuco, Brasil",-8.010732,-34.9244676
10836,2019-11-30 10:04:00,SEM VÍTIMA,NOVA DESCOBERTA,AV VEREADOR OTACILIO AZEVEDO, ,328.0,SUBURBIO,COLISÃO TRASEIRA,1.0,1.0,1.0,1.0,1.0,1.0,1.0,1.0,1.0,0.0,1.0,Longo da via,Bom,Não existe,Perfeito estado,Seca,Perfeito estado,Não há placas,20 km/h,Dupla," , AV VEREADOR OTACILIO AZEVEDO, Recife, Pernambuco, Brasil",-8.0074204,-34.9117445
5392,2019-06-20 10:07:00,SEM VÍTIMA,NOVA DESCOBERTA,AV VEREADOR OTACILIO AZEVEDO,3002,328.0,SUBURBIO,ABALROAMENTO LONGITUDINAL,1.0,1.0,1.0,1.0,1.0,1.0,1.0,1.0,1.0,0.0,1.0,Longo da via,Bom,Não existe,Não existente,Seca,Perfeito estado,Não há placas,20 km/h,Dupla,"3002, AV VEREADOR OTACILIO AZEVEDO, Recife, Pernambuco, Brasil",-8.0049828,-34.9158141
905,2019-02-04 10:04:00,SEM VÍTIMA,NOVA DESCOBERTA,RUA ALTO DO RESERVATORIO,951,328.0,SUBURBIO,ABALROAMENTO LONGITUDINAL,1.0,1.0,1.0,1.0,1.0,1.0,1.0,1.0,1.0,0.0,1.0,Longo da via,Chuvoso,Não existe,Não existente,Seca,Perfeito estado,Não há placas,20 km/h,Dupla,"951, RUA ALTO DO RESERVATORIO, Recife, Pernambuco, Brasil",-7.9951706,-34.9313562
2065,2019-03-10 13:47:00,SEM VÍTIMA,NOVA DESCOBERTA,RUA CORREGO DA BICA,4822A,328.0,SUBURBIO,COLISÃO,1.0,1.0,1.0,1.0,1.0,1.0,1.0,1.0,1.0,0.0,1.0,Longo da via,Chuvoso,Não existe,Não existente,Seca,Perfeito estado,Não há placas,20 km/h,Dupla,"4822A, RUA CORREGO DA BICA, Recife, Pernambuco, Brasil",-7.9847498,-34.9273677
2619,2019-03-25 21:27:00,SEM VÍTIMA,NOVA DESCOBERTA,AV VEREADOR OTACILIO AZEVEDO,54,328.0,SUBURBIO,COLISÃO,2.0,1.0,1.0,1.0,1.0,1.0,1.0,1.0,1.0,0.0,1.0,Longo da via,Chuvoso,Não existe,Não existente,Seca,Perfeito estado,Não há placas,20 km/h,Dupla,"54, AV VEREADOR OTACILIO AZEVEDO, Recife, Pernambuco, Brasil",-8.0049828,-34.9158141
9530,2019-10-27 15:20:00,COM VÍTIMA,NOVA DESCOBERTA,RUA NOVA DESCOBERTA,1838,328.0,SUBURBIO,ABALROAMENTO LONGITUDINAL,2.0,2.0,1.0,1.0,1.0,1.0,1.0,1.0,1.0,3.0,1.0,Longo da via,Chuvoso,Não existe,Ilegível,Seca,Perfeito estado,Outras,20 km/h,Dupla,"1838, RUA NOVA DESCOBERTA, Recife, Pernambuco, Brasil",-8.0011125,-34.9235438
5981,2019-07-11 09:42:00,SEM VÍTIMA,NOVA DESCOBERTA,RUA CORREGO DA AREIA,569,328.0,SUBURBIO,CHOQUE VEÍCULO PARADO,2.0,1.0,1.0,1.0,1.0,1.0,1.0,1.0,1.0,0.0,1.0,Longo da via,Bom,Não existe,Não existente,Seca,Mal conservada,Não há placas,20 km/h,Dupla,"569, RUA CORREGO DA AREIA, Recife, Pernambuco, Brasil",-8.0056483,-34.9319771
3510,2019-04-21 18:51:00,SEM VÍTIMA,NOVA DESCOBERTA,RUA NOVA DESCOBERTA,43,65.0,CIDADE,COLISÃO TRASEIRA,2.0,1.0,1.0,1.0,1.0,1.0,1.0,1.0,1.0,0.0,1.0,Longo da via,Bom,Sem defeito,Incompleta,Seca,Perfeito estado,Não há placas,20 km/h,Dupla,"43, RUA NOVA DESCOBERTA, Recife, Pernambuco, Brasil",-8.0193967,-34.9264905
4198,2019-05-13 17:03:00,COM VÍTIMA,NOVA DESCOBERTA,AV VEREADOR OTACILIO AZEVEDO,2480,65.0,SUBURBIO,ATROPELAMENTO,2.0,1.0,1.0,1.0,1.0,1.0,1.0,1.0,1.0,1.0,1.0,Esquina,Bom,Não existe,Perfeito estado,Seca,Perfeito estado,Outras,20 km/h,Dupla,"2480, AV VEREADOR OTACILIO AZEVEDO, Recife, Pernambuco, Brasil",-8.0049828,-34.9158141
1519,2019-02-21 13:25:00,SEM VÍTIMA,NOVA DESCOBERTA,RUA NOVA DESCOBERTA,124,65.0,SUBURBIO,COLISÃO TRASEIRA,2.0,1.0,1.0,1.0,1.0,1.0,1.0,1.0,1.0,0.0,1.0,Longo da via,Bom,Não existe,Perfeito estado,Seca,Perfeito estado,R-6a,30 km/h,Dupla,"124, RUA NOVA DESCOBERTA, Recife, Pernambuco, Brasil",-8.0189057,-34.9260861
11905,2019-12-25 21:06:00,SEM VÍTIMA,NOVA DESCOBERTA,AV VEREADOR OTACILIO AZEVEDO, ,65.0,SUBURBIO,ABALROAMENTO LONGITUDINAL,1.0,1.0,1.0,1.0,1.0,1.0,1.0,1.0,1.0,0.0,1.0,Longo da via,Bom,Não existe,Ilegível,Seca,Perfeito estado,Não há placas,30 km/h,Dupla," , AV VEREADOR OTACILIO AZEVEDO, Recife, Pernambuco, Brasil",-8.0074204,-34.9117445
6376,2019-07-25 12:28:00,SEM VÍTIMA,NOVA DESCOBERTA,RUA SANTA TEREZA, ,65.0,SUBURBIO,ABALROAMENTO LONGITUDINAL,1.0,1.0,1.0,1.0,1.0,1.0,1.0,1.0,1.0,0.0,1.0,Cruzamento,Bom,Não existe,Perfeito estado,Seca,Perfeito estado,Não há placas,30 km/h,Dupla," , RUA SANTA TEREZA, Recife, Pernambuco, Brasil",-7.9888144,-34.9300928
4249,2019-05-15 07:18:00,SEM VÍTIMA,PAISSANDU,AV GOVERNADOR AGAMENON MAGALHAES,4318,65.0,SUBURBIO,ABALROAMENTO LONGITUDINAL,2.0,1.0,1.0,1.0,1.0,1.0,1.0,1.0,1.0,0.0,1.0,Longo da via,Bom,Não existe,Perfeito estado,Seca,Perfeito estado,Não há placas,60 km/h,Dupla,"4318, AV GOVERNADOR AGAMENON MAGALHAES, Recife, Pernambuco, Brasil",-8.0555157,-34.8982845
4899,2019-06-05 08:40:00,SEM VÍTIMA,PAISSANDU,AV GOVERNADOR AGAMENON MAGALHAES, ,65.0,SUBURBIO,COLISÃO TRASEIRA,1.0,1.0,1.0,1.0,1.0,1.0,1.0,1.0,1.0,0.0,1.0,Longo da via,Chuvoso,Não existe,Perfeito estado,Molhada,Perfeito estado,Não há placas,60 km/h,Dupla," , AV GOVERNADOR AGAMENON MAGALHAES, Recife, Pernambuco, Brasil",-8.0615339,-34.8974443
420,2019-01-17 07:46:00,COM VÍTIMA,PAISSANDU,RUA PAISSANDU,550,69.0,SUBURBIO,ATROPELAMENTO,1.0,1.0,1.0,1.0,1.0,1.0,1.0,1.0,1.0,1.0,1.0,Longo da via,Bom,Sem defeito,Perfeito estado,Seca,Perfeito estado,R-6a,60 km/h,Dupla,"550, RUA PAISSANDU, Recife, Pernambuco, Brasil",-8.062132,-34.8980141
9532,2019-10-27 17:48:00,SEM VÍTIMA,PAISSANDU,TUNEL CHICO SCIENCE, ,69.0,CIDADE,ABALROAMENTO LONGITUDINAL,2.0,1.0,1.0,1.0,1.0,1.0,1.0,1.0,1.0,0.0,1.0,Longo da via,Bom,Não existe,Perfeito estado,Seca,Perfeito estado,Não há placas,60 km/h,Única," , TUNEL CHICO SCIENCE, Recife, Pernambuco, Brasil",-8.0615471,-34.9013057
4446,2019-05-21 11:16:00,SEM VÍTIMA,PAISSANDU,AV GOVERNADOR AGAMENON MAGALHAES,141,69.0,CIDADE,COLISÃO TRASEIRA,3.0,1.0,1.0,1.0,1.0,1.0,1.0,1.0,1.0,0.0,1.0,Longo da via,Chuvoso,Com defeito,Perfeito estado,Molhada,Perfeito estado,Outras,60 km/h,Dupla,"141, AV GOVERNADOR AGAMENON MAGALHAES, Recife, Pernambuco, Brasil",-8.0603778,-34.8980782
3902,2019-05-03 08:29:00,COM VÍTIMA,PAISSANDU,AV GOVERNADOR AGAMENON MAGALHAES,S/N,350.0,BOA VIAGEM,COLISÃO TRASEIRA,1.0,1.0,1.0,1.0,1.0,1.0,1.0,1.0,1.0,1.0,1.0,Longo da via,Bom,Sem defeito,Perfeito estado,Seca,Perfeito estado,Outras,60 km/h,Única,"S/N, AV GOVERNADOR AGAMENON MAGALHAES, Recife, Pernambuco, Brasil",-8.0603778,-34.8980782
7925,2019-09-12 10:28:00,SEM VÍTIMA,PAISSANDU,AV BEIRA RIO, ,350.0,BOA VIAGEM,COLISÃO TRASEIRA,2.0,1.0,1.0,1.0,1.0,1.0,1.0,1.0,1.0,0.0,1.0,Longo da via,Bom,Não existe,Perfeito estado,Seca,Perfeito estado,Outras,60 km/h,Única," , AV BEIRA RIO, Recife, Pernambuco, Brasil",-8.0428409,-34.9051443
9274,2019-10-19 11:43:00,SEM VÍTIMA,PAISSANDU,RUA GENERAL JOAQUIM INACIO, ,69.0,SUBURBIO,ABALROAMENTO LONGITUDINAL,2.0,1.0,1.0,1.0,1.0,1.0,1.0,1.0,1.0,0.0,1.0,Longo da via,Bom,Sem defeito,Perfeito estado,Seca,Perfeito estado,Outras,60 km/h,Única," , RUA GENERAL JOAQUIM INACIO, Recife, Pernambuco, Brasil",-8.0428409,-34.9051443
9766,2019-11-02 08:48:00,SEM VÍTIMA,PAISSANDU,AV GOVERNADOR AGAMENON MAGALHAES,4318,69.0,SUBURBIO,COLISÃO TRASEIRA,1.0,1.0,1.0,1.0,1.0,1.0,1.0,1.0,1.0,0.0,1.0,Longo da via,Bom,Sem defeito,Perfeito estado,Seca,Perfeito estado,R-4a,60 km/h,Dupla,"4318, AV GOVERNADOR AGAMENON MAGALHAES, Recife, Pernambuco, Brasil",-8.0555157,-34.8982845
5108,2019-06-11 15:11:00,SEM VÍTIMA,PAISSANDU,AV GOVERNADOR AGAMENON MAGALHAES, ,69.0,SUBURBIO,ABALROAMENTO LONGITUDINAL,1.0,1.0,1.0,1.0,1.0,1.0,1.0,1.0,1.0,0.0,1.0,Longo da via,Bom,Não existe,Perfeito estado,Seca,Perfeito estado,Não há placas,60 km/h,Única," , AV GOVERNADOR AGAMENON MAGALHAES, Recife, Pernambuco, Brasil",-8.0615339,-34.8974443
4490,2019-05-22 18:51:00,SEM VÍTIMA,PAISSANDU,AV GOVERNADOR AGAMENON MAGALHAES, ,69.0,SUBURBIO,COLISÃO TRASEIRA,1.0,2.0,1.0,1.0,1.0,1.0,1.0,1.0,1.0,0.0,1.0,Longo da via,Bom,Sem defeito,Perfeito estado,Seca,Perfeito estado,Outras,60 km/h,Dupla," , AV GOVERNADOR AGAMENON MAGALHAES, Recife, Pernambuco, Brasil",-8.0615339,-34.8974443
4305,2019-05-16 19:09:00,COM VÍTIMA,PAISSANDU,AV GOVERNADOR AGAMENON MAGALHAES, ,69.0,SUBURBIO,COLISÃO,1.0,1.0,1.0,1.0,1.0,1.0,1.0,1.0,1.0,1.0,1.0,Longo da via,Bom,Sem defeito,Perfeito estado,Seca,Perfeito estado,Outras,60 km/h,Dupla," , AV GOVERNADOR AGAMENON MAGALHAES, Recife, Pernambuco, Brasil",-8.0615339,-34.8974443
270,2019-01-11 03:01:00,SEM VÍTIMA,PAISSANDU,AV GOVERNADOR AGAMENON MAGALHAES, ,69.0,CIDADE,ABALROAMENTO TRANSVERSAL,2.0,1.0,1.0,1.0,1.0,1.0,1.0,1.0,1.0,0.0,1.0,Cruzamento,Chuvoso,Sem defeito,Perfeito estado,Molhada,Perfeito estado,Outras,60 km/h,Dupla," , AV GOVERNADOR AGAMENON MAGALHAES, Recife, Pernambuco, Brasil",-8.0615339,-34.8974443
7464,2019-08-29 12:47:00,SEM VÍTIMA,PAISSANDU,AV GOVERNADOR AGAMENON MAGALHAES, ,69.0,SUBURBIO,COLISÃO TRASEIRA,2.0,1.0,1.0,1.0,1.0,1.0,1.0,1.0,1.0,0.0,1.0,Longo da via,Bom,Sem defeito,Perfeito estado,Seca,Perfeito estado,Outras,60 km/h,Dupla," , AV GOVERNADOR AGAMENON MAGALHAES, Recife, Pernambuco, Brasil",-8.0615339,-34.8974443
9105,2019-10-15 08:06:00,SEM VÍTIMA,PAISSANDU,AV GOVERNADOR AGAMENON MAGALHAES,141,69.0,SUBURBIO,ABALROAMENTO LONGITUDINAL,1.0,1.0,1.0,1.0,1.0,1.0,1.0,1.0,1.0,0.0,1.0,Longo da via,Bom,Sem defeito,Perfeito estado,Seca,Perfeito estado,Não há placas,60 km/h,Dupla,"141, AV GOVERNADOR AGAMENON MAGALHAES, Recife, Pernambuco, Brasil",-8.0603778,-34.8980782
4574,2019-05-25 11:20:00,SEM VÍTIMA,PAISSANDU,RUA DONA BENVINDA,830,69.0,SUBURBIO,COLISÃO,2.0,1.0,1.0,1.0,1.0,1.0,1.0,1.0,1.0,0.0,1.0,Longo da via,Bom,Sem defeito,Perfeito estado,Seca,Perfeito estado,Não há placas,60 km/h,Dupla,"830, RUA DONA BENVINDA, Recife, Pernambuco, Brasil",-8.0622629,-34.89615865369174
7455,2019-08-29 10:05:00,SEM VÍTIMA,PAISSANDU,AV GOVERNADOR AGAMENON MAGALHAES, ,69.0,SUBURBIO,COLISÃO TRASEIRA,2.0,1.0,1.0,1.0,1.0,1.0,1.0,1.0,1.0,0.0,1.0,Longo da via,Bom,Sem defeito,Perfeito estado,Seca,Perfeito estado,Não há placas,60 km/h,Dupla," , AV GOVERNADOR AGAMENON MAGALHAES, Recife, Pernambuco, Brasil",-8.0615339,-34.8974443
9408,2019-10-23 15:52:00,SEM VÍTIMA,PAISSANDU,RUA SPORT CLUBE DO RECIFE, ,69.0,SUBURBIO,COLISÃO,2.0,1.0,1.0,1.0,1.0,1.0,1.0,1.0,1.0,0.0,1.0,Longo da via,Bom,Sem defeito,Perfeito estado,Seca,Perfeito estado,Não há placas,60 km/h,Dupla," , RUA SPORT CLUBE DO RECIFE, Recife, Pernambuco, Brasil",-8.0615339,-34.8974443
3785,2019-04-29 14:03:00,COM VÍTIMA,PAISSANDU,RUA SPORT CLUBE DO RECIFE, ,69.0,SUBURBIO,COLISÃO TRASEIRA,2.0,1.0,1.0,1.0,1.0,1.0,1.0,1.0,1.0,1.0,1.0,Ponte,Bom,Sem defeito,Perfeito estado,Seca,Perfeito estado,R-6a,60 km/h,Dupla," , RUA SPORT CLUBE DO RECIFE, Recife, Pernambuco, Brasil",-8.0615339,-34.8974443
7575,2019-09-02 09:34:00,SEM VÍTIMA,PAISSANDU,AV ENGENHEIRO AGAMENON DE MAGALHAES MELO, ,69.0,SUBURBIO,ABALROAMENTO LONGITUDINAL,1.0,1.0,1.0,1.0,1.0,1.0,1.0,1.0,1.0,0.0,1.0,Longo da via,Chuvoso,Sem defeito,Perfeito estado,Molhada,Perfeito estado,R-6a,60 km/h,Dupla," , AV ENGENHEIRO AGAMENON DE MAGALHAES MELO, Recife, Pernambuco, Brasil",-8.0282901,-34.8954276
4003,2019-05-07 06:31:00,SEM VÍTIMA,PAISSANDU,RUA PAISSANDU,581,69.0,CIDADE,ABALROAMENTO LONGITUDINAL,1.0,1.0,1.0,1.0,1.0,1.0,1.0,1.0,1.0,0.0,1.0,Longo da via,Bom,Não existe,Perfeito estado,Seca,Perfeito estado,Não há placas,60 km/h,Dupla,"581, RUA PAISSANDU, Recife, Pernambuco, Brasil",-8.0593916,-34.894114
11753,2019-12-20 18:58:00,SEM VÍTIMA,PAISSANDU,AV GOVERNADOR AGAMENON MAGALHAES, ,69.0,CIDADE,COLISÃO TRASEIRA,2.0,1.0,1.0,1.0,1.0,1.0,1.0,1.0,1.0,0.0,1.0,Longo da via,Bom,Não existe,Perfeito estado,Seca,Perfeito estado,Não há placas,60 km/h,Dupla," , AV GOVERNADOR AGAMENON MAGALHAES, Recife, Pernambuco, Brasil",-8.0615339,-34.8974443
3782,2019-04-29 13:08:00,SEM VÍTIMA,PAISSANDU,AV GOVERNADOR AGAMENON MAGALHAES, ,69.0,SUBURBIO,COLISÃO TRASEIRA,3.0,1.0,1.0,1.0,1.0,1.0,1.0,1.0,1.0,0.0,1.0,Longo da via,Bom,Não existe,Perfeito estado,Seca,Perfeito estado,Não há placas,60 km/h,Única," , AV GOVERNADOR AGAMENON MAGALHAES, Recife, Pernambuco, Brasil",-8.0615339,-34.8974443
9559,2019-10-28 15:26:00,SEM VÍTIMA,PAISSANDU,RUA GENERAL JOAQUIM INACIO, ,653.0,SUBURBIO,ABALROAMENTO TRANSVERSAL,2.0,1.0,1.0,1.0,1.0,1.0,1.0,1.0,1.0,0.0,1.0,Longo da via,Bom,Sem defeito,Perfeito estado,Seca,Perfeito estado,R-6a,60 km/h,Dupla," , RUA GENERAL JOAQUIM INACIO, Recife, Pernambuco, Brasil",-8.0615339,-34.8974443
4349,2019-05-18 03:34:00,SEM VÍTIMA,PAISSANDU,AV GOVERNADOR AGAMENON MAGALHAES, ,653.0,CIDADE,ABALROAMENTO LONGITUDINAL,3.0,1.0,1.0,1.0,1.0,1.0,1.0,1.0,1.0,0.0,1.0,Longo da via,Bom,Sem defeito,Perfeito estado,Seca,Perfeito estado,Outras,60 km/h,Dupla," , AV GOVERNADOR AGAMENON MAGALHAES, Recife, Pernambuco, Brasil",-8.0615339,-34.8974443
4397,2019-05-20 07:16:00,SEM VÍTIMA,PAISSANDU,AV GOVERNADOR AGAMENON MAGALHAES, ,653.0,SUBURBIO,ABALROAMENTO LONGITUDINAL,2.0,1.0,1.0,1.0,1.0,1.0,1.0,1.0,1.0,0.0,1.0,Longo da via,Bom,Não existe,Perfeito estado,Seca,Perfeito estado,Placas Pare,60 km/h,Única," , AV GOVERNADOR AGAMENON MAGALHAES, Recife, Pernambuco, Brasil",-8.0615339,-34.8974443
3937,2019-05-03 15:54:00,SEM VÍTIMA,PAISSANDU,RUA PAISSANDU,414,653.0,SUBURBIO,COLISÃO,2.0,1.0,1.0,1.0,1.0,1.0,1.0,1.0,1.0,0.0,1.0,Longo da via,Bom,Não existe,Perfeito estado,Seca,Perfeito estado,Placas Pare,60 km/h,Única,"414, RUA PAISSANDU, Recife, Pernambuco, Brasil",-8.0593916,-34.894114
7449,2019-08-28 20:21:00,SEM VÍTIMA,PAISSANDU,AV GOVERNADOR AGAMENON MAGALHAES, ,69.0,SUBURBIO,COLISÃO TRASEIRA,4.0,1.0,1.0,1.0,1.0,1.0,1.0,1.0,1.0,0.0,1.0,Longo da via,Bom,Sem defeito,Perfeito estado,Seca,Perfeito estado,Outras,60 km/h,Dupla," , AV GOVERNADOR AGAMENON MAGALHAES, Recife, Pernambuco, Brasil",-8.0615339,-34.8974443
176,2019-01-08 07:53:00,SEM VÍTIMA,PAISSANDU,RUA PAISSANDU, ,69.0,CIDADE,ABALROAMENTO LONGITUDINAL,1.0,1.0,1.0,1.0,1.0,1.0,1.0,1.0,1.0,0.0,1.0,Longo da via,Bom,Não existe,Perfeito estado,Seca,Perfeito estado,Não há placas,60 km/h,Dupla," , RUA PAISSANDU, Recife, Pernambuco, Brasil",-8.0593916,-34.894114