,data_hora,natureza_acidente,bairro,endereco,numero,num_semaforo,sentido_via,tipo,auto,moto,ciclom,ciclista,pedestre,onibus,caminhao,viatura,outros,vitimas,vitimasfatais,acidente_verificado,tempo_clima,situacao_semaforo,sinalizacao,condicao_via,conservacao_via,situacao_placa,velocidade_max_via,mao_direcao,end,latitude,longitude
623,2019-01-24 14:13:00,SEM VÍTIMA,PARNAMIRIM,AV DEZESSETE DE AGOSTO,969,389.0,SUBURBIO,COLISÃO,1.0,1.0,1.0,1.0,1.0,1.0,1.0,1.0,1.0,0.0,1.0,Cruzamento,Bom,Sem defeito,Perfeito estado,Seca,Perfeito estado,R-6a,40 km/h,Dupla,"969, AV DEZESSETE DE AGOSTO, Recife, Pernambuco, Brasil",-8.0373612,-34.9148676
10975,2019-12-03 15:36:00,SEM VÍTIMA,PARNAMIRIM,AV DEZESSETE DE AGOSTO,335,614.0,CIDADE,ABALROAMENTO LONGITUDINAL,2.0,1.0,1.0,1.0,1.0,1.0,1.0,1.0,1.0,0.0,1.0,Longo da via,Bom,Sem defeito,Perfeito estado,Seca,Perfeito estado,R-6a,40 km/h,Dupla,"335, AV DEZESSETE DE AGOSTO, Recife, Pernambuco, Brasil",-8.0312285,-34.9242366
7362,2019-08-25 18:07:00,SEM VÍTIMA,PARNAMIRIM,AV PARNAMIRIM, ,10.0,CIDADE,COLISÃO TRASEIRA,2.0,1.0,1.0,1.0,1.0,1.0,1.0,1.0,1.0,0.0,1.0,Longo da via,Bom,Sem defeito,Perfeito estado,Seca,Perfeito estado,R-6a,60 km/h,Única," , AV PARNAMIRIM, Recife, Pernambuco, Brasil",-8.0352636,-34.9075716
7244,2019-08-21 18:28:00,SEM VÍTIMA,PARNAMIRIM,AV PARNAMIRIM, ,10.0,SUBURBIO,ABALROAMENTO LONGITUDINAL,2.0,1.0,1.0,1.0,1.0,1.0,1.0,1.0,1.0,0.0,1.0,Longo da via,Bom,Sem defeito,Perfeito estado,Seca,Perfeito estado,Não há placas,40 km/h,Única," , AV PARNAMIRIM, Recife, Pernambuco, Brasil",-8.0352636,-34.9075716
5663,2019-06-30 03:46:00,SEM VÍTIMA,PARNAMIRIM,EST DO ENCANAMENTO, ,435.0,CIDADE,ABALROAMENTO LONGITUDINAL,2.0,1.0,1.0,1.0,1.0,1.0,1.0,1.0,1.0,0.0,1.0,Cruzamento,Chuvoso,Intermitente,Perfeito estado,Molhada,Perfeito estado,Não há placas,40 km/h,Única," , EST DO ENCANAMENTO, Recife, Pernambuco, Brasil",-8.0352636,-34.9075716
3038,2019-04-06 12:55:00,SEM VÍTIMA,PARNAMIRIM,AV PARNAMIRIM, ,435.0,SUBURBIO,ABALROAMENTO LONGITUDINAL,1.0,1.0,1.0,1.0,1.0,1.0,1.0,1.0,1.0,0.0,1.0,Longo da via,Bom,Não existe,Perfeito estado,Seca,Perfeito estado,R-6a,40 km/h,Dupla," , AV PARNAMIRIM, Recife, Pernambuco, Brasil",-8.0352636,-34.9075716
9767,2019-11-02 09:27:00,COM VÍTIMA,PARNAMIRIM,AV FLOR DE SANTANA,153,435.0,SUBURBIO,ABALROAMENTO LONGITUDINAL,2.0,1.0,1.0,1.0,1.0,1.0,1.0,1.0,1.0,1.0,1.0,Longo da via,Bom,Não existe,Perfeito estado,Seca,Perfeito estado,Não há placas,40 km/h,Dupla,"153, AV FLOR DE SANTANA, Recife, Pernambuco, Brasil",-8.0347153,-34.9134524
6571,2019-08-01 11:46:00,SEM VÍTIMA,PARNAMIRIM,AV RUI BARBOSA,380,435.0,SUBURBIO,COLISÃO,2.0,1.0,1.0,1.0,1.0,1.0,1.0,1.0,1.0,0.0,1.0,Longo da via,Bom,Não existe,Perfeito estado,Seca,Perfeito estado,Não há placas,40 km/h,Dupla,"380, AV RUI BARBOSA, Recife, Pernambuco, Brasil",-8.0478949,-34.8994741
10136,2019-11-12 07:10:00,SEM VÍTIMA,PARNAMIRIM,RUA SEBASTIAO MALTA ARCOVERDE,50,435.0,CIDADE,COLISÃO FRONTAL,3.0,1.0,1.0,1.0,1.0,1.0,1.0,1.0,1.0,0.0,1.0,Longo da via,Bom,Não existe,Perfeito estado,Seca,Perfeito estado,Outras,40 km/h,Única,"50, RUA SEBASTIAO MALTA ARCOVERDE, Recife, Pernambuco, Brasil",-8.0335303,-34.9078008
5510,2019-06-25 14:41:00,SEM VÍTIMA,PARNAMIRIM,RUA SEBASTIAO MALTA ARCOVERDE, ,10.0,CIDADE,ABALROAMENTO LONGITUDINAL,2.0,1.0,1.0,1.0,1.0,1.0,1.0,1.0,1.0,0.0,1.0,Cruzamento,Bom,Sem defeito,Perfeito estado,Seca,Perfeito estado,R-6a,40 km/h,Única," , RUA SEBASTIAO MALTA ARCOVERDE, Recife, Pernambuco, Brasil",-8.0335303,-34.9078008
4773,2019-05-31 23:49:00,SEM VÍTIMA,PARNAMIRIM,AV PARNAMIRIM, ,10.0,CIDADE,COLISÃO,2.0,1.0,1.0,1.0,1.0,1.0,1.0,1.0,1.0,0.0,1.0,Cruzamento,Bom,Sem defeito,Perfeito estado,Seca,Perfeito estado,R-6a,40 km/h,Única," , AV PARNAMIRIM, Recife, Pernambuco, Brasil",-8.0352636,-34.9075716
7213,2019-08-20 19:28:00,SEM VÍTIMA,PARNAMIRIM,AV FLOR DE SANTANA, ,10.0,SUBURBIO,ABALROAMENTO LONGITUDINAL,2.0,1.0,1.0,1.0,1.0,1.0,1.0,1.0,1.0,0.0,1.0,Cruzamento,Bom,Não existe,Incompleta,Seca,Perfeito estado,Não há placas,40 km/h,Dupla," , AV FLOR DE SANTANA, Recife, Pernambuco, Brasil",-8.0347153,-34.9134524
1465,2019-02-20 11:57:00,SEM VÍTIMA,PARNAMIRIM,AV PARNAMIRIM,417,10.0,CIDADE,ABALROAMENTO LONGITUDINAL,2.0,1.0,1.0,1.0,1.0,1.0,1.0,1.0,1.0,0.0,1.0,Longo da via,Bom,Não existe,Perfeito estado,Seca,Perfeito estado,Não há placas,40 km/h,Única,"417, AV PARNAMIRIM, Recife, Pernambuco, Brasil",-8.0352636,-34.9075716
3315,2019-04-15 05:20:00,SEM VÍTIMA,PARNAMIRIM,RUA TITO ROSAS, ,10.0,CIDADE,ABALROAMENTO LONGITUDINAL,2.0,1.0,1.0,1.0,1.0,1.0,1.0,1.0,1.0,0.0,1.0,Longo da via,Bom,Sem defeito,Perfeito estado,Seca,Perfeito estado,Outras,40 km/h,Única," , RUA TITO ROSAS, Recife, Pernambuco, Brasil",-8.0343363,-34.9074744
7209,2019-08-20 17:47:00,SEM VÍTIMA,PARNAMIRIM,RUA PADRE ROMA,566,10.0,SUBURBIO,ABALROAMENTO LONGITUDINAL,2.0,1.0,1.0,1.0,1.0,1.0,1.0,1.0,1.0,0.0,1.0,Longo da via,Bom,Não existe,Perfeito estado,Seca,Perfeito estado,Placas Pare,40 km/h,Única,"566, RUA PADRE ROMA, Recife, Pernambuco, Brasil",-8.0339264,-34.905851
11704,2019-12-19 19:07:00,SEM VÍTIMA,PARNAMIRIM,RUA SEBASTIAO MALTA ARCOVERDE,173,10.0,CIDADE,ABALROAMENTO LONGITUDINAL,1.0,1.0,1.0,1.0,1.0,1.0,1.0,1.0,1.0,0.0,1.0,Longo da via,Bom,Não existe,Não existente,Seca,Perfeito estado,Não há placas,40 km/h,Única,"173, RUA SEBASTIAO MALTA ARCOVERDE, Recife, Pernambuco, Brasil",-8.0335303,-34.9078008
3108,2019-04-08 21:35:00,SEM VÍTIMA,PARNAMIRIM,AV PARNAMIRIM,295,10.0,CIDADE,ABALROAMENTO LONGITUDINAL,2.0,1.0,1.0,1.0,1.0,1.0,1.0,1.0,1.0,0.0,1.0,Longo da via,Bom,Não existe,Perfeito estado,Seca,Perfeito estado,Não há placas,40 km/h,Única,"295, AV PARNAMIRIM, Recife, Pernambuco, Brasil",-8.0350004,-34.90933716247386
4772,2019-05-31 22:22:00,SEM VÍTIMA,PARNAMIRIM,RUA FERREIRA LOPES,313,10.0,CIDADE,ABALROAMENTO TRANSVERSAL,2.0,1.0,1.0,1.0,1.0,1.0,1.0,1.0,1.0,0.0,1.0,Longo da via,Bom,Não existe,Não existente,Seca,Perfeito estado,R-6a,40 km/h,Dupla,"313, RUA FERREIRA LOPES, Recife, Pernambuco, Brasil",-8.0308332,-34.91198
7198,2019-08-20 12:33:00,SEM VÍTIMA,PARNAMIRIM,RUA SEBASTIAO MALTA ARCOVERDE, ,10.0,SUBURBIO,ABALROAMENTO LONGITUDINAL,2.0,1.0,1.0,1.0,1.0,1.0,1.0,1.0,1.0,0.0,1.0,Cruzamento,Bom,Sem defeito,Perfeito estado,Seca,Perfeito estado,R-6a,40 km/h,Única," , RUA SEBASTIAO MALTA ARCOVERDE, Recife, Pernambuco, Brasil",-8.0335303,-34.9078008
1836,2019-03-01 17:23:00,SEM VÍTIMA,PARNAMIRIM,RUA PADRE ROMA,273,10.0,SUBURBIO,ABALROAMENTO LONGITUDINAL,2.0,1.0,1.0,1.0,1.0,1.0,1.0,1.0,1.0,0.0,1.0,Longo da via,Bom,Não existe,Perfeito estado,Seca,Perfeito estado,R-6a,20 km/h,Única,"273, RUA PADRE ROMA, Recife, Pernambuco, Brasil",-8.0339264,-34.905851
5440,2019-06-21 18:43:00,SEM VÍTIMA,PARNAMIRIM,AV DEZESSETE DE AGOSTO, ,10.0,CIDADE,COLISÃO TRASEIRA,2.0,1.0,1.0,1.0,1.0,1.0,1.0,1.0,1.0,0.0,1.0,Longo da via,Bom,Não existe,Perfeito estado,Seca,Perfeito estado,Não há placas,20 km/h,Única," , AV DEZESSETE DE AGOSTO, Recife, Pernambuco, Brasil",-8.0332267,-34.9105754
9755,2019-11-01 18:57:00,SEM VÍTIMA,PARNAMIRIM,RUA JOAO TUDE DE MELO, ,10.0,SUBURBIO,COLISÃO TRASEIRA,2.0,1.0,1.0,1.0,1.0,1.0,1.0,1.0,1.0,0.0,1.0,Longo da via,Bom,Não existe,Perfeito estado,Seca,Perfeito estado,Outras,20 km/h,Única," , RUA JOAO TUDE DE MELO, Recife, Pernambuco, Brasil",-8.0354138,-34.9090523
6441,2019-07-27 21:51:00,SEM VÍTIMA,PARNAMIRIM,AV FLOR DE SANTANA, ,10.0,CIDADE,ABALROAMENTO LONGITUDINAL,2.0,1.0,1.0,1.0,1.0,1.0,1.0,1.0,1.0,0.0,1.0,Longo da via,Chuvoso,Não existe,Perfeito estado,Molhada,Perfeito estado,Outras,20 km/h,Dupla," , AV FLOR DE SANTANA, Recife, Pernambuco, Brasil",-8.0347153,-34.9134524
404,2019-01-16 11:18:00,SEM VÍTIMA,PARNAMIRIM,RUA TITO ROSAS, ,10.0,SUBURBIO,COLISÃO TRASEIRA,2.0,1.0,1.0,1.0,1.0,1.0,1.0,1.0,1.0,0.0,1.0,Longo da via,Bom,Não existe,Perfeito estado,Seca,Perfeito estado,R-6a,20 km/h,Única," , RUA TITO ROSAS, Recife, Pernambuco, Brasil",-8.0343363,-34.9074744
8924,2019-10-10 06:57:00,SEM VÍTIMA,PARNAMIRIM,RUA PADRE ROMA,291,10.0,SUBURBIO,COLISÃO,2.0,1.0,1.0,1.0,1.0,1.0,1.0,1.0,1.0,0.0,1.0,Longo da via,Bom,Não existe,Perfeito estado,Seca,Perfeito estado,R-6a,20 km/h,Única,"291, RUA PADRE ROMA, Recife, Pernambuco, Brasil",-8.0339264,-34.905851
4754,2019-05-31 13:07:00,SEM VÍTIMA,PARNAMIRIM,AV DEZESSETE DE AGOSTO, ,10.0,SUBURBIO,COLISÃO,1.0,1.0,1.0,1.0,1.0,1.0,1.0,1.0,1.0,0.0,1.0,Longo da via,Bom,Não existe,Perfeito estado,Seca,Perfeito estado,R-6a,20 km/h,Única," , AV DEZESSETE DE AGOSTO, Recife, Pernambuco, Brasil",-8.0332267,-34.9105754
9715,2019-11-01 06:31:00,SEM VÍTIMA,PARNAMIRIM,AV DEZESSETE DE AGOSTO,2369,10.0,CIDADE,ABALROAMENTO TRANSVERSAL,2.0,1.0,1.0,1.0,1.0,1.0,1.0,1.0,1.0,0.0,1.0,Longo da via,Bom,Não existe,Perfeito estado,Seca,Perfeito estado,Outras,20 km/h,Dupla,"2369, AV DEZESSETE DE AGOSTO, Recife, Pernambuco, Brasil",-8.0295517,-34.9266739
6556,2019-07-31 21:40:00,SEM VÍTIMA,PARNAMIRIM,RUA JOAO TUDE DE MELO, ,649.0,CIDADE,COLISÃO TRASEIRA,2.0,1.0,1.0,1.0,1.0,1.0,1.0,1.0,1.0,0.0,1.0,Longo da via,Chuvoso,Sem defeito,Perfeito estado,Molhada,Perfeito estado,Não há placas,20 km/h,Única," , RUA JOAO TUDE DE MELO, Recife, Pernambuco, Brasil",-8.0354138,-34.9090523
8194,2019-09-19 20:52:00,SEM VÍTIMA,PARNAMIRIM,AV PARNAMIRIM, ,649.0,CIDADE,COLISÃO,2.0,1.0,1.0,1.0,1.0,1.0,1.0,1.0,1.0,0.0,1.0,Longo da via,Chuvoso,Sem defeito,Perfeito estado,Molhada,Perfeito estado,Não há placas,20 km/h,Única," , AV PARNAMIRIM, Recife, Pernambuco, Brasil",-8.0352636,-34.9075716
425,2019-01-17 09:37:00,SEM VÍTIMA,PARNAMIRIM,RUA LEONARDO BEZERRA CAVALCANTE,240,649.0,CIDADE,COLISÃO TRASEIRA,2.0,1.0,1.0,1.0,1.0,1.0,1.0,1.0,1.0,0.0,1.0,Longo da via,Bom,Não existe,Perfeito estado,Seca,Perfeito estado,Não há placas,20 km/h,Dupla,"240, RUA LEONARDO BEZERRA CAVALCANTE, Recife, Pernambuco, Brasil",-8.0367962,-34.9085835
10103,2019-11-11 12:16:00,COM VÍTIMA,PARNAMIRIM,RUA TITO ROSAS, ,10.0,SUBURBIO,ATROPELAMENTO,1.0,1.0,1.0,1.0,1.0,1.0,1.0,1.0,1.0,1.0,1.0,Longo da via,Bom,Sem defeito,Perfeito estado,Seca,Perfeito estado,Outras,40 km/h,Única," , RUA TITO ROSAS, Recife, Pernambuco, Brasil",-8.0343363,-34.9074744
1681,2019-02-25 19:06:00,SEM VÍTIMA,PARNAMIRIM,AV DEZESSETE DE AGOSTO,2483,10.0,SUBURBIO,COLISÃO,2.0,1.0,1.0,1.0,1.0,1.0,1.0,1.0,1.0,0.0,1.0,Longo da via,Bom,Sem defeito,Perfeito estado,Seca,Perfeito estado,Outras,40 km/h,Única,"2483, AV DEZESSETE DE AGOSTO, Recife, Pernambuco, Brasil",-8.0293379,-34.9272357
1655,2019-02-25 10:29:00,SEM VÍTIMA,PARNAMIRIM,AV DEZESSETE DE AGOSTO,99,10.0,CIDADE,COLISÃO TRASEIRA,1.0,1.0,1.0,1.0,1.0,1.0,1.0,1.0,1.0,0.0,1.0,Longo da via,Bom,Não existe,Perfeito estado,Seca,Perfeito estado,R-6a,40 km/h,Dupla,"99, AV DEZESSETE DE AGOSTO, Recife, Pernambuco, Brasil",-8.0373612,-34.9148676
3922,2019-05-03 12:55:00,SEM VÍTIMA,PARNAMIRIM,RUA JOAO TUDE DE MELO, ,10.0,SUBURBIO,COLISÃO TRASEIRA,3.0,1.0,1.0,1.0,1.0,1.0,1.0,1.0,1.0,0.0,1.0,Longo da via,Bom,Não existe,Perfeito estado,Seca,Perfeito estado,Não há placas,60 km/h,Única," , RUA JOAO TUDE DE MELO, Recife, Pernambuco, Brasil",-8.0354138,-34.9090523
8235,2019-09-21 00:38:00,COM VÍTIMA,PARNAMIRIM,RUA DR JOSE DE GOES, ,10.0,SUBURBIO,COLISÃO,1.0,1.0,1.0,1.0,1.0,1.0,1.0,1.0,1.0,1.0,1.0,Longo da via,Bom,Não existe,Perfeito estado,Seca,Perfeito estado,Não há placas,60 km/h,Única," , RUA DR JOSE DE GOES, Recife, Pernambuco, Brasil",-8.0354138,-34.9090523
7697,2019-09-05 14:46:00,SEM VÍTIMA,PARNAMIRIM,RUA SEBASTIAO MALTA ARCOVERDE,50,10.0,SUBURBIO,COLISÃO TRASEIRA,3.0,1.0,1.0,1.0,1.0,1.0,1.0,1.0,1.0,0.0,1.0,Longo da via,Bom,Sem defeito,Perfeito estado,Seca,Perfeito estado,R-6a,40 km/h,Única,"50, RUA SEBASTIAO MALTA ARCOVERDE, Recife, Pernambuco, Brasil",-8.0335303,-34.9078008
4952,2019-06-06 11:21:00,SEM VÍTIMA,PARNAMIRIM,RUA ANDRE CAVALCANTE,178,10.0,CIDADE,ABALROAMENTO LONGITUDINAL,3.0,1.0,1.0,1.0,1.0,1.0,1.0,1.0,1.0,0.0,1.0,Longo da via,Bom,Não existe,Perfeito estado,Seca,Perfeito estado,Placas Pare,40 km/h,Única,"178, RUA ANDRE CAVALCANTE, Recife, Pernambuco, Brasil",-8.0334357,-34.9089223
10735,2019-11-27 22:09:00,SEM VÍTIMA,PARNAMIRIM,AV DEZESSETE DE AGOSTO, ,10.0,SUBURBIO,ABALROAMENTO LONGITUDINAL,2.0,1.0,1.0,1.0,1.0,1.0,1.0,1.0,1.0,0.0,1.0,Longo da via,Bom,Sem defeito,Perfeito estado,Seca,Perfeito estado,R-6a,50 km/h,Única," , AV DEZESSETE DE AGOSTO, Recife, Pernambuco, Brasil",-8.0332267,-34.9105754
7650,2019-09-04 08:50:00,SEM VÍTIMA,PARNAMIRIM,RUA DA ESTRELA,100,10.0,SUBURBIO,ABALROAMENTO LONGITUDINAL,2.0,1.0,1.0,1.0,1.0,1.0,1.0,1.0,1.0,0.0,1.0,Longo da via,Nublado,Não existe,Perfeito estado,Seca,Perfeito estado,Outras,30 km/h,Dupla,"100, RUA DA ESTRELA, Recife, Pernambuco, Brasil",-7.5617238,-34.9952357
11448,2019-12-13 11:53:00,SEM VÍTIMA,PARNAMIRIM,AV RUI BARBOSA, ,10.0,SUBURBIO,COLISÃO,2.0,1.0,1.0,1.0,1.0,1.0,1.0,1.0,1.0,0.0,1.0,Longo da via,Nublado,Não existe,Perfeito estado,Seca,Perfeito estado,Outras,30 km/h,Dupla," , AV RUI BARBOSA, Recife, Pernambuco, Brasil",-8.0460464,-34.9018773
11564,2019-12-16 16:35:00,SEM VÍTIMA,PARNAMIRIM,AV PARNAMIRIM,448,10.0,CIDADE,COLISÃO TRASEIRA,2.0,1.0,1.0,1.0,1.0,1.0,1.0,1.0,1.0,0.0,1.0,Longo da via,Bom,Não existe,Perfeito estado,Seca,Perfeito estado,Outras,40 km/h,Única,"448, AV PARNAMIRIM, Recife, Pernambuco, Brasil",-8.0352636,-34.9075716
9865,2019-11-05 11:49:00,SEM VÍTIMA,PARNAMIRIM,AV PARNAMIRIM, ,10.0,CIDADE,ABALROAMENTO LONGITUDINAL,1.0,1.0,1.0,1.0,1.0,1.0,1.0,1.0,1.0,0.0,1.0,Longo da via,Bom,Não existe,Perfeito estado,Seca,Perfeito estado,Não há placas,40 km/h,Única," , AV PARNAMIRIM, Recife, Pernambuco, Brasil",-8.0352636,-34.9075716
10472,2019-11-20 23:56:00,SEM VÍTIMA,PARNAMIRIM,RUA JOAO TUDE DE MELO, ,10.0,CIDADE,COLISÃO,1.0,1.0,1.0,1.0,1.0,1.0,1.0,1.0,1.0,0.0,1.0,Longo da via,Bom,Não existe,Perfeito estado,Seca,Perfeito estado,Não há placas,40 km/h,Única," , RUA JOAO TUDE DE MELO, Recife, Pernambuco, Brasil",-8.0354138,-34.9090523
2682,2019-03-27 12:55:00,SEM VÍTIMA,PARNAMIRIM,AV PARNAMIRIM, ,10.0,CIDADE,COLISÃO TRASEIRA,2.0,1.0,1.0,1.0,1.0,1.0,1.0,1.0,1.0,0.0,1.0,Longo da via,Bom,Sem defeito,Perfeito estado,Seca,Perfeito estado,R-6a,40 km/h,Única," , AV PARNAMIRIM, Recife, Pernambuco, Brasil",-8.0352636,-34.9075716
9950,2019-11-07 14:49:00,SEM VÍTIMA,PARNAMIRIM,"EST DAS UBAIAS,",311,10.0,SUBURBIO,ABALROAMENTO TRANSVERSAL,2.0,1.0,1.0,1.0,1.0,1.0,1.0,1.0,1.0,0.0,1.0,Longo da via,Bom,Sem defeito,Ilegível,Seca,Perfeito estado,Outras,30 km/h,Dupla,"311, EST DAS UBAIAS,, Recife, Pernambuco, Brasil",-8.0352636,-34.9075716
2318,2019-03-17 12:22:00,SEM VÍTIMA,PARNAMIRIM,AV PARNAMIRIM, ,10.0,SUBURBIO,ABALROAMENTO LONGITUDINAL,2.0,1.0,1.0,1.0,1.0,1.0,1.0,1.0,1.0,0.0,1.0,Longo da via,Bom,Não existe,Perfeito estado,Seca,Perfeito estado,Outras,40 km/h,Única," , AV PARNAMIRIM, Recife, Pernambuco, Brasil",-8.0352636,-34.9075716
8533,2019-09-30 12:01:00,SEM VÍTIMA,PARNAMIRIM,RUA JOAO TUDE DE MELO, ,649.0,SUBURBIO,COLISÃO TRASEIRA,2.0,1.0,1.0,1.0,1.0,1.0,1.0,1.0,1.0,0.0,1.0,Longo da via,Bom,Sem defeito,Perfeito estado,Seca,Perfeito estado,Outras,40 km/h,Dupla," , RUA JOAO TUDE DE MELO, Recife, Pernambuco, Brasil",-8.0354138,-34.9090523
9486,2019-10-25 18:55:00,SEM VÍTIMA,PARNAMIRIM,AV PARNAMIRIM,380,649.0,SUBURBIO,ABALROAMENTO LONGITUDINAL,1.0,1.0,1.0,1.0,1.0,1.0,1.0,1.0,1.0,0.0,1.0,Longo da via,Bom,Não existe,Perfeito estado,Seca,Perfeito estado,R-6a,40 km/h,Única,"380, AV PARNAMIRIM, Recife, Pernambuco, Brasil",-8.0335574,-34.909441559923664
9088,2019-10-14 16:16:00,SEM VÍTIMA,PARNAMIRIM,AV DEZESSETE DE AGOSTO,125,649.0,CIDADE,ABALROAMENTO LONGITUDINAL,1.0,1.0,1.0,1.0,1.0,1.0,1.0,1.0,1.0,0.0,1.0,Longo da via,Bom,Não existe,Perfeito estado,Seca,Perfeito estado,Outras,40 km/h,Dupla,"125, AV DEZESSETE DE AGOSTO, Recife, Pernambuco, Brasil",-8.0373612,-34.9148676
83,2019-01-04 12:51:00,SEM VÍTIMA,PARNAMIRIM,AV PARNAMIRIM,31,649.0,CIDADE,ABALROAMENTO LONGITUDINAL,1.0,1.0,1.0,1.0,1.0,1.0,1.0,1.0,1.0,0.0,1.0,Não informado,Bom,Não existe,Perfeito estado,Seca,Perfeito estado,R-6a,60 km/h,Única,"31, AV PARNAMIRIM, Recife, Pernambuco, Brasil",-8.0352636,-34.9075716
8645,2019-10-03 09:11:00,SEM VÍTIMA,PARNAMIRIM,AV DEZESSETE DE AGOSTO,30,358.0,CIDADE,COLISÃO,1.0,1.0,1.0,1.0,1.0,1.0,1.0,1.0,1.0,0.0,1.0,Não informado,Bom,Não existe,Perfeito estado,Seca,Perfeito estado,R-6a,60 km/h,Única,"30, AV DEZESSETE DE AGOSTO, Recife, Pernambuco, Brasil",-8.0373612,-34.9148676
2618,2019-03-25 20:42:00,COM VÍTIMA,PARNAMIRIM,AV PARNAMIRIM, ,358.0,CIDADE,COLISÃO COM CICLISTA,1.0,1.0,1.0,1.0,1.0,1.0,1.0,1.0,1.0,1.0,1.0,Longo da via,Bom,Sem defeito,Perfeito estado,Seca,Perfeito estado,R-6a,60 km/h,Única," , AV PARNAMIRIM, Recife, Pernambuco, Brasil",-8.0352636,-34.9075716
10533,2019-11-22 10:20:00,SEM VÍTIMA,PARNAMIRIM,AV DEZESSETE DE AGOSTO,675,358.0,CIDADE,ABALROAMENTO LONGITUDINAL,2.0,1.0,1.0,1.0,1.0,1.0,1.0,1.0,1.0,0.0,1.0,Longo da via,Bom,Não existe,Perfeito estado,Seca,Perfeito estado,Não há placas,60 km/h,Dupla,"675, AV DEZESSETE DE AGOSTO, Recife, Pernambuco, Brasil",-8.0376023,-34.91473783798744
8013,2019-09-14 22:19:00,SEM VÍTIMA,PARNAMIRIM,RUA TITO ROSAS,143,358.0,SUBURBIO,ABALROAMENTO LONGITUDINAL,2.0,1.0,1.0,1.0,1.0,1.0,1.0,1.0,1.0,0.0,1.0,Longo da via,Bom,Não existe,Perfeito estado,Seca,Mal iluminada,Outras,60 km/h,Única,"143, RUA TITO ROSAS, Recife, Pernambuco, Brasil",-8.0343363,-34.9074744
943,2019-02-05 10:12:00,SEM VÍTIMA,PARNAMIRIM,PRC PROFESSOR FLEMING, ,358.0,SUBURBIO,ABALROAMENTO LONGITUDINAL,2.0,1.0,1.0,1.0,1.0,1.0,1.0,1.0,1.0,0.0,1.0,Longo da via,Bom,Não existe,Perfeito estado,Seca,Perfeito estado,R-6c,60 km/h,Única," , PRC PROFESSOR FLEMING, Recife, Pernambuco, Brasil",-8.0343363,-34.9074744
894,2019-02-03 22:11:00,COM VÍTIMA,PARNAMIRIM,EST DO ENCANAMENTO, ,462.0,CIDADE,ABALROAMENTO LONGITUDINAL,1.0,1.0,1.0,1.0,1.0,1.0,1.0,1.0,1.0,1.0,1.0,Cruzamento,Chuvoso,Sem defeito,Perfeito estado,Molhada,Perfeito estado,R-6a,60 km/h,Única," , EST DO ENCANAMENTO, Recife, Pernambuco, Brasil",-8.0343363,-34.9074744
3716,2019-04-27 12:43:00,COM VÍTIMA,PARNAMIRIM,RUA JOAO TUDE DE MELO, ,462.0,CIDADE,COLISÃO,1.0,1.0,1.0,1.0,1.0,1.0,1.0,1.0,1.0,1.0,1.0,Cruzamento,Chuvoso,Sem defeito,Perfeito estado,Molhada,Perfeito estado,R-6a,60 km/h,Única," , RUA JOAO TUDE DE MELO, Recife, Pernambuco, Brasil",-8.0354138,-34.9090523
3703,2019-04-27 08:21:00,COM VÍTIMA,PARNAMIRIM,RUA SEBASTIAO MALTA ARCOVERDE,129,462.0,CIDADE,CHOQUE OBJETO FIXO,1.0,1.0,1.0,1.0,1.0,1.0,1.0,1.0,1.0,1.0,1.0,Cruzamento,Chuvoso,Sem defeito,Perfeito estado,Molhada,Perfeito estado,R-6a,60 km/h,Única,"129, RUA SEBASTIAO MALTA ARCOVERDE, Recife, Pernambuco, Brasil",-8.0335303,-34.9078008
2491,2019-03-21 17:23:00,SEM VÍTIMA,PARNAMIRIM,AV DEZESSETE DE AGOSTO, ,462.0,SUBURBIO,ABALROAMENTO LONGITUDINAL,2.0,1.0,1.0,1.0,1.0,1.0,1.0,1.0,1.0,0.0,1.0,Longo da via,Bom,Não existe,Perfeito estado,Seca,Perfeito estado,R-6a,60 km/h,Dupla," , AV DEZESSETE DE AGOSTO, Recife, Pernambuco, Brasil",-8.0332267,-34.9105754
3698,2019-04-27 07:38:00,COM VÍTIMA,PARNAMIRIM,RUA SEBASTIAO MALTA ARCOVERDE,129,462.0,SUBURBIO,CHOQUE OBJETO FIXO,1.0,1.0,1.0,1.0,1.0,1.0,1.0,1.0,1.0,1.0,1.0,Longo da via,Chuvoso,Não existe,Perfeito estado,Molhada,Perfeito estado,Outras,60 km/h,Única,"129, RUA SEBASTIAO MALTA ARCOVERDE, Recife, Pernambuco, Brasil",-8.0335303,-34.9078008
10333,2019-11-17 12:10:00,SEM VÍTIMA,PARNAMIRIM,AV PARNAMIRIM,327,462.0,SUBURBIO,COLISÃO,2.0,1.0,1.0,1.0,1.0,1.0,1.0,1.0,1.0,0.0,1.0,Longo da via,Chuvoso,Não existe,Perfeito estado,Molhada,Perfeito estado,Outras,60 km/h,Única,"327, AV PARNAMIRIM, Recife, Pernambuco, Brasil",-8.0352636,-34.9075716
4478,2019-05-22 13:01:00,SEM VÍTIMA,PARNAMIRIM,AV RUI BARBOSA, ,460.0,CIDADE,COLISÃO TRASEIRA,2.0,1.0,1.0,1.0,1.0,1.0,1.0,1.0,1.0,0.0,1.0,Longo da via,Bom,Sem defeito,Perfeito estado,Seca,Perfeito estado,Outras,60 km/h,Única," , AV RUI BARBOSA, Recife, Pernambuco, Brasil",-8.0460464,-34.9018773