,data_hora,natureza_acidente,bairro,endereco,numero,num_semaforo,sentido_via,tipo,auto,moto,ciclom,ciclista,pedestre,onibus,caminhao,viatura,outros,vitimas,vitimasfatais,acidente_verificado,tempo_clima,situacao_semaforo,sinalizacao,condicao_via,conservacao_via,situacao_placa,velocidade_max_via,mao_direcao,end,latitude,longitude
765,2019-01-30 12:55:00,SEM VÍTIMA,PINA,PTE GOVERNADOR PAULO GUERRA, ,656.0,SUBURBIO,COLISÃO,2.0,1.0,1.0,1.0,1.0,1.0,1.0,1.0,1.0,0.0,1.0,Longo da via,Bom,Não existe,Perfeito estado,Seca,Perfeito estado,Placas Pare,60 km/h,Única," , PTE GOVERNADOR PAULO GUERRA, Recife, Pernambuco, Brasil",-7.9617717,-34.8581131
4354,2019-05-18 10:51:00,SEM VÍTIMA,PINA,PTE GOVERNADOR PAULO GUERRA, ,656.0,PINA,COLISÃO,2.0,1.0,1.0,1.0,1.0,1.0,1.0,1.0,1.0,0.0,1.0,Longo da via,Bom,Não existe,Perfeito estado,Seca,Perfeito estado,Placas Pare,60 km/h,Única," , PTE GOVERNADOR PAULO GUERRA, Recife, Pernambuco, Brasil",-7.9617717,-34.8581131
9867,2019-11-05 13:23:00,COM VÍTIMA,PINA,AV ANTONIO DE GOES,275,656.0,CIDADE,COLISÃO TRASEIRA,3.0,1.0,1.0,1.0,1.0,1.0,1.0,1.0,1.0,1.0,1.0,Longo da via,Bom,Sem defeito,Perfeito estado,Seca,Perfeito estado,Outras,60 km/h,Única,"275, AV ANTONIO DE GOES, Recife, Pernambuco, Brasil",-8.0883932,-34.8841855
2683,2019-03-27 13:42:00,SEM VÍTIMA,PINA,RUA CACILDA IOLANDA PORCIUNCULA, ,656.0,CIDADE,COLISÃO TRASEIRA,2.0,1.0,1.0,1.0,1.0,1.0,1.0,1.0,1.0,0.0,1.0,Longo da via,Bom,Não existe,Incompleta,Seca,Perfeito estado,Placas Pare,60 km/h,Única," , RUA CACILDA IOLANDA PORCIUNCULA, Recife, Pernambuco, Brasil",-8.0838859,-34.8878702
988,2019-02-06 12:33:00,SEM VÍTIMA,PINA,AV ANTONIO DE GOES, ,103.0,CIDADE,COLISÃO TRASEIRA,2.0,1.0,1.0,1.0,1.0,1.0,1.0,1.0,1.0,0.0,1.0,Cruzamento,Nublado,Sem defeito,Perfeito estado,Seca,Perfeito estado,Outras,60 km/h,Única," , AV ANTONIO DE GOES, Recife, Pernambuco, Brasil",-8.0868807,-34.8853409
2666,2019-03-26 22:53:00,SEM VÍTIMA,PINA,RUA ARQUITETO AUGUSTO REINALDO, ,103.0,SUBURBIO,ABALROAMENTO LONGITUDINAL,2.0,1.0,1.0,1.0,1.0,1.0,1.0,1.0,1.0,0.0,1.0,Cruzamento,Bom,Não existe,Incompleta,Seca,Perfeito estado,Não há placas,60 km/h,Única," , RUA ARQUITETO AUGUSTO REINALDO, Recife, Pernambuco, Brasil",-8.0853523,-34.8884743
10706,2019-11-27 08:22:00,COM VÍTIMA,PINA,AV HERCULANO BANDEIRA,480,137.0,SUBURBIO,COLISÃO TRASEIRA,1.0,1.0,1.0,1.0,1.0,1.0,1.0,1.0,1.0,1.0,1.0,Longo da via,Bom,Sem defeito,Perfeito estado,Seca,Perfeito estado,Outras,60 km/h,Única,"480, AV HERCULANO BANDEIRA, Recife, Pernambuco, Brasil",-8.0908689,-34.8831924
2214,2019-03-14 14:50:00,SEM VÍTIMA,PINA,AV BRASILIA FORMOSA, ,137.0,SUBURBIO,ABALROAMENTO TRANSVERSAL,1.0,1.0,1.0,1.0,1.0,1.0,1.0,1.0,1.0,0.0,1.0,Longo da via,Bom,Não existe,Perfeito estado,Seca,Perfeito estado,Não há placas,60 km/h,Dupla," , AV BRASILIA FORMOSA, Recife, Pernambuco, Brasil",-8.0888046,-34.8804239
9518,2019-10-26 22:20:00,SEM VÍTIMA,PINA,AV ANTONIO DE GOES, ,137.0,SUBURBIO,ABALROAMENTO LONGITUDINAL,2.0,1.0,1.0,1.0,1.0,1.0,1.0,1.0,1.0,0.0,1.0,Longo da via,Bom,Sem defeito,Perfeito estado,Seca,Perfeito estado,Não há placas,60 km/h,Única," , AV ANTONIO DE GOES, Recife, Pernambuco, Brasil",-8.0868807,-34.8853409
9841,2019-11-04 17:05:00,SEM VÍTIMA,PINA,AV BOA VIAGEM, ,104.0,CIDADE,COLISÃO TRASEIRA,1.0,1.0,1.0,1.0,1.0,1.0,1.0,1.0,1.0,0.0,1.0,Longo da via,Bom,Sem defeito,Perfeito estado,Seca,Perfeito estado,Não há placas,60 km/h,Única," , AV BOA VIAGEM, Recife, Pernambuco, Brasil",-8.0906381,-34.8817684
2761,2019-03-29 10:09:00,SEM VÍTIMA,PINA,AV CONSELHEIRO AGUIAR,1015,104.0,CIDADE,COLISÃO,2.0,1.0,1.0,1.0,1.0,1.0,1.0,1.0,1.0,0.0,1.0,Longo da via,Bom,Sem defeito,Perfeito estado,Seca,Perfeito estado,Não há placas,60 km/h,Única,"1015, AV CONSELHEIRO AGUIAR, Recife, Pernambuco, Brasil",-8.0994596,-34.8857967
10392,2019-11-18 18:24:00,SEM VÍTIMA,PINA,AV ANTONIO DE GOES,170,226.0,CIDADE,ABALROAMENTO LONGITUDINAL,1.0,1.0,1.0,1.0,1.0,1.0,1.0,1.0,1.0,0.0,1.0,Longo da via,Bom,Sem defeito,Perfeito estado,Seca,Perfeito estado,R-6a,60 km/h,Única,"170, AV ANTONIO DE GOES, Recife, Pernambuco, Brasil",-8.0868807,-34.8853409
1212,2019-02-12 16:44:00,SEM VÍTIMA,PINA,RUA CARNEIRO PESSOA,56,226.0,CIDADE,ABALROAMENTO LONGITUDINAL,1.0,1.0,1.0,1.0,1.0,1.0,1.0,1.0,1.0,0.0,1.0,Longo da via,Bom,Não existe,Perfeito estado,Seca,Perfeito estado,R-6a,40 km/h,Dupla,"56, RUA CARNEIRO PESSOA, Recife, Pernambuco, Brasil",-8.0894686,-34.885427
3831,2019-04-30 16:30:00,SEM VÍTIMA,PINA,AV BRASILIA FORMOSA,51,226.0,CIDADE,ABALROAMENTO LONGITUDINAL,1.0,1.0,1.0,1.0,1.0,1.0,1.0,1.0,1.0,0.0,1.0,Longo da via,Bom,Não existe,Perfeito estado,Seca,Perfeito estado,R-6a,40 km/h,Dupla,"51, AV BRASILIA FORMOSA, Recife, Pernambuco, Brasil",-8.0804235,-34.8767767
11626,2019-12-17 22:06:00,SEM VÍTIMA,PINA,RUA ARQUITETO AUGUSTO REINALDO, ,226.0,SUBURBIO,COLISÃO TRASEIRA,1.0,1.0,1.0,1.0,1.0,1.0,1.0,1.0,1.0,0.0,1.0,Longo da via,Bom,Não existe,Perfeito estado,Seca,Perfeito estado,Outras,40 km/h,Única," , RUA ARQUITETO AUGUSTO REINALDO, Recife, Pernambuco, Brasil",-8.0853523,-34.8884743
3500,2019-04-21 07:25:00,SEM VÍTIMA,PINA,RUA JOSE RODRIGUES, ,226.0,SUBURBIO,COLISÃO,1.0,1.0,1.0,1.0,1.0,1.0,1.0,1.0,1.0,0.0,1.0,Longo da via,Bom,Não existe,Perfeito estado,Seca,Perfeito estado,Outras,40 km/h,Única," , RUA JOSE RODRIGUES, Recife, Pernambuco, Brasil",-8.0909081,-34.8925818
11927,2019-12-26 12:24:00,SEM VÍTIMA,PINA,AV ANTONIO DE GOES,820,226.0,CIDADE,ABALROAMENTO LONGITUDINAL,2.0,1.0,1.0,1.0,1.0,1.0,1.0,1.0,1.0,0.0,1.0,Longo da via,Bom,Sem defeito,Perfeito estado,Seca,Perfeito estado,Não há placas,60 km/h,Única,"820, AV ANTONIO DE GOES, Recife, Pernambuco, Brasil",-8.0868807,-34.8853409
11335,2019-12-11 09:34:00,SEM VÍTIMA,PINA,AVENIDA CELSO FURTADO (VIA MANGUE), ,226.0,CIDADE,COLISÃO FRONTAL,3.0,1.0,1.0,1.0,1.0,1.0,1.0,1.0,1.0,0.0,1.0,Longo da via,Bom,Não existe,Não existente,Seca,Perfeito estado,Não há placas,60 km/h,Única," , AVENIDA CELSO FURTADO (VIA MANGUE), Recife, Pernambuco, Brasil",-8.0868807,-34.8853409
2820,2019-03-30 19:56:00,SEM VÍTIMA,PINA,AV ANTONIO DE GOES, ,103.0,CIDADE,ABALROAMENTO TRANSVERSAL,2.0,1.0,1.0,1.0,1.0,1.0,1.0,1.0,1.0,0.0,1.0,Longo da via,Chuvoso,Sem defeito,Não existente,Molhada,Perfeito estado,Não há placas,60 km/h,Única," , AV ANTONIO DE GOES, Recife, Pernambuco, Brasil",-8.0868807,-34.8853409
2817,2019-03-30 16:24:00,COM VÍTIMA,PINA,RUA MANOEL DE BRITO, ,659.0,SUBURBIO,ATROPELAMENTO,2.0,1.0,1.0,1.0,1.0,1.0,1.0,1.0,1.0,1.0,1.0,Longo da via,Bom,Não existe,Perfeito estado,Seca,Perfeito estado,Outras,60 km/h,Única," , RUA MANOEL DE BRITO, Recife, Pernambuco, Brasil",-8.0881016,-34.8894949
10818,2019-11-29 17:54:00,SEM VÍTIMA,PINA,AV ANTONIO DE GOES, ,659.0,CIDADE,COLISÃO TRASEIRA,3.0,1.0,1.0,1.0,1.0,1.0,1.0,1.0,1.0,0.0,1.0,Longo da via,Bom,Não existe,Não existente,Seca,Perfeito estado,Não há placas,60 km/h,Única," , AV ANTONIO DE GOES, Recife, Pernambuco, Brasil",-8.0868807,-34.8853409
674,2019-01-26 15:54:00,COM VÍTIMA,PINA,AV BOA VIAGEM,360,119.0,CIDADE,ATROPELAMENTO,3.0,1.0,1.0,1.0,1.0,1.0,1.0,1.0,1.0,1.0,1.0,Longo da via,Bom,Sem defeito,Perfeito estado,Seca,Perfeito estado,R-6b,60 km/h,Única,"360, AV BOA VIAGEM, Recife, Pernambuco, Brasil",-8.09484065,-34.88311299716749
9550,2019-10-28 12:48:00,COM VÍTIMA,PINA,AV CONSELHEIRO AGUIAR,1212,119.0,CIDADE,ABALROAMENTO TRANSVERSAL,1.0,1.0,1.0,1.0,1.0,1.0,1.0,1.0,1.0,1.0,1.0,Cruzamento,Bom,Sem defeito,Perfeito estado,Seca,Perfeito estado,Outras,60 km/h,Única,"1212, AV CONSELHEIRO AGUIAR, Recife, Pernambuco, Brasil",-8.1008878,-34.8869334
11609,2019-12-17 14:46:00,SEM VÍTIMA,PINA,RUA FREIRE DE ANDRADE, ,119.0,CIDADE,TOMBAMENTO,0.0,1.0,1.0,1.0,1.0,1.0,1.0,1.0,1.0,0.0,1.0,Cruzamento,Bom,Sem defeito,Perfeito estado,Seca,Perfeito estado,Outras,60 km/h,Única," , RUA FREIRE DE ANDRADE, Recife, Pernambuco, Brasil",-8.1008878,-34.8869334
11341,2019-12-11 10:45:00,SEM VÍTIMA,PINA,RUA ONDINA,51 A,119.0,CIDADE,ABALROAMENTO LONGITUDINAL,2.0,1.0,1.0,1.0,1.0,1.0,1.0,1.0,1.0,0.0,1.0,Cruzamento,Bom,Não existe,Perfeito estado,Seca,Perfeito estado,Não há placas,20 km/h,Única,"51 A, RUA ONDINA, Recife, Pernambuco, Brasil",-8.0938985,-34.8836843
11939,2019-12-26 16:30:00,SEM VÍTIMA,PINA,AV HERCULANO BANDEIRA, ,119.0,CIDADE,CHOQUE,3.0,1.0,1.0,1.0,1.0,1.0,1.0,1.0,1.0,0.0,1.0,Cruzamento,Bom,Não existe,Perfeito estado,Seca,Perfeito estado,Não há placas,20 km/h,Única," , AV HERCULANO BANDEIRA, Recife, Pernambuco, Brasil",-8.0908689,-34.8831924
698,2019-01-28 06:42:00,SEM VÍTIMA,PINA,AV HERCULANO BANDEIRA,990,660.0,SUBURBIO,ABALROAMENTO TRANSVERSAL,1.0,1.0,1.0,1.0,1.0,1.0,1.0,1.0,1.0,0.0,1.0,Cruzamento,Chuvoso,Sem defeito,Perfeito estado,Molhada,Perfeito estado,Outras,60 km/h,Única,"990, AV HERCULANO BANDEIRA, Recife, Pernambuco, Brasil",-8.0851705,-34.8884462
11356,2019-12-11 14:03:00,SEM VÍTIMA,PINA,AV HERCULANO BANDEIRA, ,660.0,SUBURBIO,ABALROAMENTO LONGITUDINAL,1.0,1.0,1.0,1.0,1.0,1.0,1.0,1.0,1.0,0.0,1.0,Cruzamento,Bom,Sem defeito,Perfeito estado,Seca,Perfeito estado,Outras,60 km/h,Única," , AV HERCULANO BANDEIRA, Recife, Pernambuco, Brasil",-8.0908689,-34.8831924
2132,2019-03-12 13:26:00,SEM VÍTIMA,PINA,RUA SAO LUIZ, ,660.0,SUBURBIO,COLISÃO,1.0,1.0,1.0,1.0,1.0,1.0,1.0,1.0,1.0,0.0,1.0,Cruzamento,Bom,Sem defeito,Perfeito estado,Seca,Perfeito estado,Outras,60 km/h,Única," , RUA SAO LUIZ, Recife, Pernambuco, Brasil",-7.9617717,-34.8581131
4328,2019-05-17 12:04:00,COM VÍTIMA,PINA,RUA MANOEL DE BRITO, ,659.0,CIDADE,COLISÃO TRASEIRA,1.0,1.0,1.0,1.0,1.0,1.0,1.0,1.0,1.0,1.0,1.0,Longo da via,Bom,Sem defeito,Perfeito estado,Seca,Perfeito estado,Outras,60 km/h,Única," , RUA MANOEL DE BRITO, Recife, Pernambuco, Brasil",-8.0881016,-34.8894949
10493,2019-11-21 11:27:00,SEM VÍTIMA,PINA,AV ANTONIO DE GOES, ,538.0,CIDADE,COLISÃO TRASEIRA,2.0,1.0,1.0,1.0,1.0,1.0,1.0,1.0,1.0,0.0,1.0,Longo da via,Bom,Sem defeito,Perfeito estado,Seca,Perfeito estado,Outras,60 km/h,Única," , AV ANTONIO DE GOES, Recife, Pernambuco, Brasil",-8.0868807,-34.8853409
2659,2019-03-26 17:29:00,SEM VÍTIMA,PINA,AV DR DIRCEU VELLOSO TOSCANO DE BRITO,294,538.0,SUBURBIO,ABALROAMENTO LONGITUDINAL,2.0,1.0,1.0,1.0,1.0,1.0,1.0,1.0,1.0,0.0,1.0,Longo da via,Bom,Não existe,Ilegível,Seca,Perfeito estado,Não há placas,60 km/h,Única,"294, AV DR DIRCEU VELLOSO TOSCANO DE BRITO, Recife, Pernambuco, Brasil",-8.0868807,-34.8853409
4382,2019-05-19 08:19:00,SEM VÍTIMA,PINA,RUA MANOEL DE BRITO,311,659.0,SUBURBIO,COLISÃO,2.0,1.0,1.0,1.0,1.0,1.0,1.0,1.0,1.0,0.0,1.0,Longo da via,Bom,Não existe,Ilegível,Seca,Perfeito estado,Não há placas,60 km/h,Única,"311, RUA MANOEL DE BRITO, Recife, Pernambuco, Brasil",-8.0870984,-34.8877204
198,2019-01-08 15:42:00,SEM VÍTIMA,PINA,AV ANTONIO DE GOES,500,659.0,CIDADE,COLISÃO TRASEIRA,3.0,1.0,1.0,1.0,1.0,1.0,1.0,1.0,1.0,0.0,1.0,Longo da via,Bom,Sem defeito,Perfeito estado,Seca,Perfeito estado,Não há placas,60 km/h,Única,"500, AV ANTONIO DE GOES, Recife, Pernambuco, Brasil",-8.0868807,-34.8853409
3688,2019-04-26 17:59:00,SEM VÍTIMA,PINA,AV ENGENHEIRO DOMINGOS FERREIRA, ,200.0,SUBURBIO,COLISÃO TRASEIRA,1.0,1.0,1.0,1.0,1.0,1.0,1.0,1.0,1.0,0.0,1.0,Cruzamento,Bom,Sem defeito,Perfeito estado,Seca,Perfeito estado,Não há placas,60 km/h,Única," , AV ENGENHEIRO DOMINGOS FERREIRA, Recife, Pernambuco, Brasil",-8.1155752,-34.8954699
9888,2019-11-05 18:27:00,COM VÍTIMA,PINA,PTE GOVERNADOR PAULO GUERRA, ,200.0,SUBURBIO,ABALROAMENTO LONGITUDINAL,1.0,1.0,1.0,1.0,1.0,1.0,1.0,1.0,1.0,1.0,1.0,Ponte,Bom,Não existe,Perfeito estado,Seca,Perfeito estado,Outras,60 km/h,Única," , PTE GOVERNADOR PAULO GUERRA, Recife, Pernambuco, Brasil",-8.1155752,-34.8954699
10682,2019-11-26 13:02:00,COM VÍTIMA,PINA,AV ANTONIO DE GOES,565,200.0,CIDADE,COLISÃO TRASEIRA,1.0,1.0,1.0,1.0,1.0,1.0,1.0,1.0,1.0,1.0,1.0,Longo da via,Bom,Sem defeito,Perfeito estado,Seca,Perfeito estado,Outras,60 km/h,Única,"565, AV ANTONIO DE GOES, Recife, Pernambuco, Brasil",-8.0868807,-34.8853409
2357,2019-03-18 12:21:00,SEM VÍTIMA,PINA,AV ANTONIO DE GOES,60,200.0,CIDADE,COLISÃO TRASEIRA,2.0,1.0,1.0,1.0,1.0,1.0,1.0,1.0,1.0,0.0,1.0,Longo da via,Bom,Não existe,Perfeito estado,Seca,Perfeito estado,R-6a,60 km/h,Única,"60, AV ANTONIO DE GOES, Recife, Pernambuco, Brasil",-8.0892773,-34.8819626
2568,2019-03-23 19:21:00,SEM VÍTIMA,PINA,RUA ELIAS GOMES,68,200.0,SUBURBIO,ABALROAMENTO LONGITUDINAL,2.0,1.0,1.0,1.0,1.0,1.0,1.0,1.0,1.0,0.0,1.0,Longo da via,Bom,Não existe,Incompleta,Seca,Perfeito estado,Outras,60 km/h,Dupla,"68, RUA ELIAS GOMES, Recife, Pernambuco, Brasil",-8.0960747,-34.8885199
10561,2019-11-22 18:28:00,SEM VÍTIMA,PINA,AV ANTONIO DE GOES, ,200.0,SUBURBIO,COLISÃO,2.0,1.0,1.0,1.0,1.0,1.0,1.0,1.0,1.0,0.0,1.0,Longo da via,Bom,Não existe,Incompleta,Seca,Perfeito estado,Outras,60 km/h,Dupla," , AV ANTONIO DE GOES, Recife, Pernambuco, Brasil",-8.0868807,-34.8853409
2561,2019-03-23 12:18:00,COM VÍTIMA,PINA,RUA JOSE RODRIGUES,54,200.0,SUBURBIO,ABALROAMENTO LONGITUDINAL,2.0,1.0,1.0,1.0,1.0,1.0,1.0,1.0,1.0,1.0,1.0,Longo da via,Bom,Não existe,Não existente,Seca,Mal conservada,Não há placas,60 km/h,Dupla,"54, RUA JOSE RODRIGUES, Recife, Pernambuco, Brasil",-7.6008756,-35.2285047
9445,2019-10-24 13:57:00,SEM VÍTIMA,PINA,RUA AMADOR BUENO,209,200.0,CIDADE,ABALROAMENTO LONGITUDINAL,1.0,1.0,1.0,1.0,1.0,1.0,1.0,1.0,1.0,0.0,1.0,Longo da via,Bom,Não existe,Incompleta,Seca,Mal conservada,Outras,60 km/h,Dupla,"209, RUA AMADOR BUENO, Recife, Pernambuco, Brasil",-8.0871171,-34.8962344
9889,2019-11-05 18:34:00,SEM VÍTIMA,PINA,RUA MANOEL DE BRITO, ,200.0,CIDADE,COLISÃO TRASEIRA,3.0,1.0,1.0,1.0,1.0,1.0,1.0,1.0,1.0,0.0,1.0,Longo da via,Bom,Não existe,Perfeito estado,Seca,Mal iluminada,Outras,60 km/h,Única," , RUA MANOEL DE BRITO, Recife, Pernambuco, Brasil",-8.0881016,-34.8894949
12034,2019-12-30 09:52:00,SEM VÍTIMA,PINA,AV ENCANTA MOCA,11,200.0,SUBURBIO,ABALROAMENTO LONGITUDINAL,1.0,1.0,1.0,1.0,1.0,1.0,1.0,1.0,1.0,0.0,1.0,Cruzamento,Bom,Não existe,Não existente,Seca,Perfeito estado,Não há placas,60 km/h,Dupla,"11, AV ENCANTA MOCA, Recife, Pernambuco, Brasil",-8.0889553,-34.8861583
839,2019-02-01 12:45:00,SEM VÍTIMA,PINA,AV ANTONIO DE GOES,449,277.0,CIDADE,COLISÃO TRASEIRA,4.0,1.0,1.0,1.0,1.0,1.0,1.0,1.0,1.0,0.0,1.0,Longo da via,Bom,Sem defeito,Perfeito estado,Seca,Perfeito estado,Outras,60 km/h,Única,"449, AV ANTONIO DE GOES, Recife, Pernambuco, Brasil",-8.0868807,-34.8853409
11516,2019-12-15 12:56:00,COM VÍTIMA,PINA,RUA MANOEL DE BRITO, ,277.0,CIDADE,COLISÃO TRASEIRA,1.0,1.0,1.0,1.0,1.0,1.0,1.0,1.0,1.0,1.0,1.0,Outros,Bom,Não existe,Perfeito estado,Seca,Perfeito estado,Não há placas,60 km/h,Única," , RUA MANOEL DE BRITO, Recife, Pernambuco, Brasil",-8.0881016,-34.8894949
2536,2019-03-22 15:18:00,SEM VÍTIMA,PINA,RUA SAO LUIZ, ,277.0,SUBURBIO,ABALROAMENTO LONGITUDINAL,1.0,1.0,1.0,1.0,1.0,1.0,1.0,1.0,1.0,0.0,1.0,Outros,Bom,Não existe,Perfeito estado,Seca,Mal conservada,Placas Pare,60 km/h,Dupla," , RUA SAO LUIZ, Recife, Pernambuco, Brasil",-7.9617717,-34.8581131
949,2019-02-05 14:19:00,SEM VÍTIMA,PINA,AVENIDA CELSO FURTADO (VIA MANGUE), ,277.0,CIDADE,ABALROAMENTO LONGITUDINAL,2.0,1.0,1.0,1.0,1.0,1.0,1.0,1.0,1.0,0.0,1.0,Longo da via,Bom,Não existe,Incompleta,Seca,Perfeito estado,Não há placas,60 km/h,Dupla," , AVENIDA CELSO FURTADO (VIA MANGUE), Recife, Pernambuco, Brasil",-7.9617717,-34.8581131
947,2019-02-05 12:33:00,SEM VÍTIMA,PINA,RUA BARAO DE SANTO ANGELO,55,277.0,SUBURBIO,COLISÃO TRASEIRA,3.0,1.0,1.0,1.0,1.0,1.0,1.0,1.0,1.0,0.0,1.0,Longo da via,Bom,Não existe,Incompleta,Seca,Perfeito estado,R-6a,60 km/h,Única,"55, RUA BARAO DE SANTO ANGELO, Recife, Pernambuco, Brasil",-8.0871132,-34.8906478
9897,2019-11-06 08:21:00,SEM VÍTIMA,PINA,AV ANTONIO DE GOES, ,277.0,CIDADE,COLISÃO FRONTAL,4.0,1.0,1.0,1.0,1.0,1.0,1.0,1.0,1.0,0.0,1.0,Longo da via,Bom,Sem defeito,Perfeito estado,Seca,Perfeito estado,Não há placas,60 km/h,Única," , AV ANTONIO DE GOES, Recife, Pernambuco, Brasil",-8.0868807,-34.8853409
2515,2019-03-22 11:02:00,SEM VÍTIMA,PINA,AV ENGENHEIRO DOMINGOS FERREIRA,604,142.0,SUBURBIO,ABALROAMENTO LONGITUDINAL,2.0,1.0,1.0,1.0,1.0,1.0,1.0,1.0,1.0,0.0,1.0,Cruzamento,Bom,Sem defeito,Perfeito estado,Seca,Perfeito estado,Não há placas,60 km/h,Única,"604, AV ENGENHEIRO DOMINGOS FERREIRA, Recife, Pernambuco, Brasil",-8.118197,-34.8970498
2430,2019-03-20 10:34:00,COM VÍTIMA,PINA,AV HERCULANO BANDEIRA,636,142.0,SUBURBIO,ABALROAMENTO LONGITUDINAL,1.0,1.0,1.0,1.0,1.0,1.0,1.0,1.0,1.0,1.0,1.0,Cruzamento,Bom,Não existe,Perfeito estado,Seca,Perfeito estado,R-6a,60 km/h,Única,"636, AV HERCULANO BANDEIRA, Recife, Pernambuco, Brasil",-8.0908689,-34.8831924
11476,2019-12-13 23:45:00,SEM VÍTIMA,PINA,AV ANTONIO DE GOES, ,142.0,CIDADE,ABALROAMENTO LONGITUDINAL,1.0,1.0,1.0,1.0,1.0,1.0,1.0,1.0,1.0,0.0,1.0,Longo da via,Bom,Sem defeito,Perfeito estado,Seca,Perfeito estado,Outras,60 km/h,Única," , AV ANTONIO DE GOES, Recife, Pernambuco, Brasil",-8.0868807,-34.8853409
2434,2019-03-20 11:36:00,SEM VÍTIMA,PINA,AV ANTONIO DE GOES, ,538.0,CIDADE,COLISÃO TRASEIRA,2.0,1.0,1.0,1.0,1.0,1.0,1.0,1.0,1.0,0.0,1.0,Longo da via,Bom,Sem defeito,Perfeito estado,Seca,Perfeito estado,Outras,60 km/h,Única," , AV ANTONIO DE GOES, Recife, Pernambuco, Brasil",-8.0868807,-34.8853409
2406,2019-03-19 13:36:00,SEM VÍTIMA,PINA,AV HERCULANO BANDEIRA,360,538.0,SUBURBIO,COLISÃO TRASEIRA,2.0,1.0,1.0,1.0,1.0,1.0,1.0,1.0,1.0,0.0,1.0,Longo da via,Bom,Não existe,Perfeito estado,Seca,Perfeito estado,Outras,60 km/h,Única,"360, AV HERCULANO BANDEIRA, Recife, Pernambuco, Brasil",-8.0894742,-34.8843622
10705,2019-11-27 08:18:00,SEM VÍTIMA,PINA,RUA JOSE MARIANO FILHO,534,538.0,CIDADE,COLISÃO TRASEIRA,1.0,1.0,1.0,1.0,1.0,1.0,1.0,1.0,1.0,0.0,1.0,Longo da via,Bom,Sem defeito,Perfeito estado,Seca,Perfeito estado,Outras,60 km/h,Única,"534, RUA JOSE MARIANO FILHO, Recife, Pernambuco, Brasil",-8.0866072,-34.8849546
2591,2019-03-25 10:44:00,SEM VÍTIMA,PINA,AV ENGENHEIRO DOMINGOS FERREIRA, ,538.0,SUBURBIO,ABALROAMENTO LONGITUDINAL,1.0,1.0,1.0,1.0,1.0,1.0,1.0,1.0,1.0,0.0,1.0,Longo da via,Bom,Não existe,Não existente,Seca,Perfeito estado,Não há placas,60 km/h,Única," , AV ENGENHEIRO DOMINGOS FERREIRA, Recife, Pernambuco, Brasil",-8.1155752,-34.8954699
3669,2019-04-26 12:52:00,SEM VÍTIMA,PINA,PTE GOVERNADOR PAULO GUERRA, ,538.0,SUBURBIO,ABALROAMENTO LONGITUDINAL,2.0,1.0,1.0,1.0,1.0,1.0,1.0,1.0,1.0,0.0,1.0,Viaduto,Bom,Não existe,Perfeito estado,Seca,Perfeito estado,Outras,60 km/h,Dupla," , PTE GOVERNADOR PAULO GUERRA, Recife, Pernambuco, Brasil",-8.1155752,-34.8954699
2657,2019-03-26 17:05:00,SEM VÍTIMA,PINA,AV CONSELHEIRO AGUIAR,857,538.0,CIDADE,ABALROAMENTO LONGITUDINAL,2.0,1.0,1.0,1.0,1.0,1.0,1.0,1.0,1.0,0.0,1.0,Cruzamento,Bom,Não existe,Perfeito estado,Seca,Perfeito estado,R-6a,60 km/h,Única,"857, AV CONSELHEIRO AGUIAR, Recife, Pernambuco, Brasil",-8.1141184,-34.8933999
777,2019-01-30 18:34:00,SEM VÍTIMA,PINA,PTE GOVERNADOR PAULO GUERRA, ,538.0,SUBURBIO,COLISÃO TRASEIRA,4.0,1.0,1.0,1.0,1.0,1.0,1.0,1.0,1.0,0.0,1.0,Ponte,Bom,Não existe,Incompleta,Seca,Perfeito estado,Não há placas,60 km/h,Única," , PTE GOVERNADOR PAULO GUERRA, Recife, Pernambuco, Brasil",-8.1141184,-34.8933999
981,2019-02-06 09:33:00,SEM VÍTIMA,PINA,AV HERCULANO BANDEIRA,627,538.0,SUBURBIO,COLISÃO TRASEIRA,2.0,1.0,1.0,1.0,1.0,1.0,1.0,1.0,1.0,0.0,1.0,Longo da via,Chuvoso,Não existe,Perfeito estado,Molhada,Mal conservada,Outras,60 km/h,Única,"627, AV HERCULANO BANDEIRA, Recife, Pernambuco, Brasil",-8.0879556,-34.8863134
4392,2019-05-19 19:32:00,SEM VÍTIMA,PINA,RUA TOME GIBSON, ,538.0,SUBURBIO,ABALROAMENTO TRANSVERSAL,1.0,1.0,1.0,1.0,1.0,1.0,1.0,1.0,1.0,0.0,1.0,Cruzamento,Bom,Não existe,Incompleta,Seca,Perfeito estado,Placas Pare,60 km/h,Dupla," , RUA TOME GIBSON, Recife, Pernambuco, Brasil",-8.0969421,-34.8906426
99,2019-01-05 01:06:00,SEM VÍTIMA,PINA,RUA PEREIRA DA COSTA,550,140.0,CIDADE,ABALROAMENTO LONGITUDINAL,2.0,1.0,1.0,1.0,1.0,1.0,1.0,1.0,1.0,0.0,1.0,Cruzamento,Bom,Sem defeito,Perfeito estado,Seca,Perfeito estado,Outras,60 km/h,Única,"550, RUA PEREIRA DA COSTA, Recife, Pernambuco, Brasil",-8.0954697,-34.8846501