,data_hora,natureza_acidente,bairro,endereco,numero,num_semaforo,sentido_via,tipo,auto,moto,ciclom,ciclista,pedestre,onibus,caminhao,viatura,outros,vitimas,vitimasfatais,acidente_verificado,tempo_clima,situacao_semaforo,sinalizacao,condicao_via,conservacao_via,situacao_placa,velocidade_max_via,mao_direcao,end,latitude,longitude
980,2019-02-06 08:47:00,SEM VÍTIMA,PINA,RUA MANOEL DE BRITO,209,659.0,CIDADE,COLISÃO TRASEIRA,2.0,1.0,1.0,1.0,1.0,1.0,1.0,1.0,1.0,0.0,1.0,Longo da via,Chuvoso,Sem defeito,Perfeito estado,Molhada,Perfeito estado,Não há placas,60 km/h,Única,"209, RUA MANOEL DE BRITO, Recife, Pernambuco, Brasil",-8.0881016,-34.8894949
2320,2019-03-17 14:43:00,SEM VÍTIMA,PINA,AV ANTONIO DE GOES, ,659.0,CIDADE,CHOQUE VEÍCULO PARADO,2.0,1.0,1.0,1.0,1.0,1.0,1.0,1.0,1.0,0.0,1.0,Longo da via,Bom,Sem defeito,Perfeito estado,Seca,Perfeito estado,Não há placas,40 km/h,Única," , AV ANTONIO DE GOES, Recife, Pernambuco, Brasil",-8.0868807,-34.8853409
2332,2019-03-18 00:15:00,SEM VÍTIMA,PINA,AV HERCULANO BANDEIRA, ,660.0,SUBURBIO,CHOQUE VEÍCULO PARADO,1.0,1.0,1.0,1.0,1.0,1.0,1.0,1.0,1.0,0.0,1.0,Longo da via,Bom,Sem defeito,Perfeito estado,Seca,Perfeito estado,Não há placas,40 km/h,Única," , AV HERCULANO BANDEIRA, Recife, Pernambuco, Brasil",-8.0908689,-34.8831924
2648,2019-03-26 13:58:00,SEM VÍTIMA,PINA,AV HERCULANO BANDEIRA,1001,660.0,SUBURBIO,ABALROAMENTO LONGITUDINAL,2.0,1.0,1.0,1.0,1.0,1.0,1.0,1.0,1.0,0.0,1.0,Longo da via,Chuvoso,Não existe,Perfeito estado,Molhada,Perfeito estado,Não há placas,40 km/h,Única,"1001, AV HERCULANO BANDEIRA, Recife, Pernambuco, Brasil",-8.0852014,-34.8889953
3673,2019-04-26 13:31:00,SEM VÍTIMA,PINA,AV ANTONIO DE GOES, ,660.0,CIDADE,ABALROAMENTO LONGITUDINAL,1.0,1.0,1.0,1.0,1.0,1.0,1.0,1.0,1.0,0.0,1.0,Longo da via,Bom,Sem defeito,Perfeito estado,Seca,Perfeito estado,Não há placas,40 km/h,Dupla," , AV ANTONIO DE GOES, Recife, Pernambuco, Brasil",-8.0868807,-34.8853409
11552,2019-12-16 11:34:00,SEM VÍTIMA,PINA,AV ANTONIO DE GOES,534,660.0,CIDADE,COLISÃO,1.0,1.0,1.0,1.0,1.0,1.0,1.0,1.0,1.0,0.0,1.0,Longo da via,Bom,Sem defeito,Perfeito estado,Seca,Perfeito estado,Não há placas,40 km/h,Dupla,"534, AV ANTONIO DE GOES, Recife, Pernambuco, Brasil",-8.0868807,-34.8853409
9477,2019-10-25 13:54:00,SEM VÍTIMA,PINA,AV ANTONIO DE GOES,340,277.0,CIDADE,COLISÃO TRASEIRA,1.0,1.0,1.0,1.0,1.0,1.0,1.0,1.0,1.0,0.0,1.0,Longo da via,Bom,Sem defeito,Perfeito estado,Seca,Perfeito estado,Não há placas,60 km/h,Única,"340, AV ANTONIO DE GOES, Recife, Pernambuco, Brasil",-8.0868807,-34.8853409
73,2019-01-03 16:20:00,SEM VÍTIMA,PINA,RUA MANOEL DE BRITO, ,659.0,CIDADE,ABALROAMENTO LONGITUDINAL,2.0,1.0,1.0,1.0,1.0,1.0,1.0,1.0,1.0,0.0,1.0,Não informado,Bom,Sem defeito,Perfeito estado,Seca,Perfeito estado,Outras,60 km/h,Única," , RUA MANOEL DE BRITO, Recife, Pernambuco, Brasil",-8.0881016,-34.8894949
4410,2019-05-20 11:49:00,SEM VÍTIMA,PINA,RUA ATLANTICO, ,659.0,CIDADE,COLISÃO,1.0,1.0,1.0,1.0,1.0,1.0,1.0,1.0,1.0,0.0,1.0,Não informado,Bom,Sem defeito,Perfeito estado,Seca,Perfeito estado,Outras,60 km/h,Única," , RUA ATLANTICO, Recife, Pernambuco, Brasil",-8.0974653,-34.8859274
4415,2019-05-20 13:14:00,SEM VÍTIMA,PINA,AV ANTONIO DE GOES, ,226.0,CIDADE,ABALROAMENTO LONGITUDINAL,1.0,1.0,1.0,1.0,1.0,1.0,1.0,1.0,1.0,0.0,1.0,Cruzamento,Bom,Sem defeito,Perfeito estado,Seca,Perfeito estado,Outras,60 km/h,Única," , AV ANTONIO DE GOES, Recife, Pernambuco, Brasil",-8.0868807,-34.8853409
978,2019-02-06 08:29:00,SEM VÍTIMA,PINA,AV CONSELHEIRO AGUIAR,786,226.0,SUBURBIO,ABALROAMENTO LONGITUDINAL,1.0,1.0,1.0,1.0,1.0,1.0,1.0,1.0,1.0,0.0,1.0,Longo da via,Chuvoso,Não existe,Perfeito estado,Molhada,Perfeito estado,Outras,60 km/h,Dupla,"786, AV CONSELHEIRO AGUIAR, Recife, Pernambuco, Brasil",-8.0973506,-34.885332
2640,2019-03-26 11:18:00,SEM VÍTIMA,PINA,AV HERCULANO BANDEIRA,840,226.0,SUBURBIO,COLISÃO TRASEIRA,2.0,1.0,1.0,1.0,1.0,1.0,1.0,1.0,1.0,0.0,1.0,Longo da via,Bom,Não existe,Perfeito estado,Seca,Perfeito estado,Não há placas,60 km/h,Única,"840, AV HERCULANO BANDEIRA, Recife, Pernambuco, Brasil",-8.0866544,-34.8876661
10523,2019-11-22 07:30:00,SEM VÍTIMA,PINA,RUA TOME GIBSON,146,226.0,CIDADE,CHOQUE VEÍCULO PARADO,2.0,1.0,1.0,1.0,1.0,1.0,1.0,1.0,1.0,0.0,1.0,Longo da via,Bom,Não existe,Perfeito estado,Seca,Perfeito estado,Não há placas,30 km/h,Dupla,"146, RUA TOME GIBSON, Recife, Pernambuco, Brasil",-8.0969421,-34.8906426
3659,2019-04-26 08:32:00,SEM VÍTIMA,PINA,AV ANTONIO DE GOES, ,226.0,CIDADE,COLISÃO,2.0,1.0,1.0,1.0,1.0,1.0,1.0,1.0,1.0,0.0,1.0,Longo da via,Bom,Não existe,Perfeito estado,Seca,Perfeito estado,Não há placas,30 km/h,Dupla," , AV ANTONIO DE GOES, Recife, Pernambuco, Brasil",-8.0868807,-34.8853409
806,2019-01-31 14:42:00,SEM VÍTIMA,PINA,RUA TOME GIBSON, ,226.0,CIDADE,ABALROAMENTO TRANSVERSAL,2.0,1.0,1.0,1.0,1.0,1.0,1.0,1.0,1.0,0.0,1.0,Cruzamento,Bom,Não existe,Ilegível,Seca,Perfeito estado,Placas Pare,30 km/h,Dupla," , RUA TOME GIBSON, Recife, Pernambuco, Brasil",-8.0969421,-34.8906426
74,2019-01-03 17:29:00,COM VÍTIMA,PINA,TUNEL MANOEL DE BRITO, ,226.0,CIDADE,COLISÃO,2.0,2.0,1.0,1.0,1.0,1.0,1.0,1.0,1.0,1.0,1.0,Cruzamento,Bom,Não existe,Ilegível,Seca,Perfeito estado,Placas Pare,30 km/h,Dupla," , TUNEL MANOEL DE BRITO, Recife, Pernambuco, Brasil",-8.0969421,-34.8906426
2844,2019-04-01 08:35:00,COM VÍTIMA,PINA,AV HERCULANO BANDEIRA,949,660.0,SUBURBIO,ABALROAMENTO TRANSVERSAL,1.0,1.0,1.0,1.0,1.0,1.0,1.0,1.0,1.0,1.0,1.0,Cruzamento,Bom,Sem defeito,Perfeito estado,Seca,Perfeito estado,Não há placas,60 km/h,Única,"949, AV HERCULANO BANDEIRA, Recife, Pernambuco, Brasil",-8.0856317,-34.8885277
4293,2019-05-16 12:29:00,SEM VÍTIMA,PINA,RUA MANOEL DE BRITO, ,103.0,SUBURBIO,COLISÃO TRASEIRA,2.0,1.0,1.0,1.0,1.0,1.0,1.0,1.0,1.0,0.0,1.0,Cruzamento,Bom,Sem defeito,Perfeito estado,Seca,Perfeito estado,Não há placas,60 km/h,Única," , RUA MANOEL DE BRITO, Recife, Pernambuco, Brasil",-8.0881016,-34.8894949
1611,2019-02-23 16:39:00,SEM VÍTIMA,PINA,AV HERCULANO BANDEIRA, ,660.0,SUBURBIO,COLISÃO TRASEIRA,2.0,1.0,1.0,1.0,1.0,1.0,1.0,1.0,1.0,0.0,1.0,Cruzamento,Bom,Sem defeito,Perfeito estado,Seca,Perfeito estado,Outras,60 km/h,Única," , AV HERCULANO BANDEIRA, Recife, Pernambuco, Brasil",-8.0908689,-34.8831924
4129,2019-05-10 20:43:00,SEM VÍTIMA,PINA,AV HERCULANO BANDEIRA,1001,660.0,SUBURBIO,ABALROAMENTO LONGITUDINAL,1.0,1.0,1.0,1.0,1.0,1.0,1.0,1.0,1.0,0.0,1.0,Cruzamento,Chuvoso,Sem defeito,Perfeito estado,Seca,Perfeito estado,Outras,60 km/h,Única,"1001, AV HERCULANO BANDEIRA, Recife, Pernambuco, Brasil",-8.0852014,-34.8889953
11689,2019-12-19 13:48:00,SEM VÍTIMA,PINA,AV HERCULANO BANDEIRA, ,660.0,SUBURBIO,COLISÃO,2.0,1.0,1.0,1.0,1.0,1.0,1.0,1.0,1.0,0.0,1.0,Cruzamento,Chuvoso,Sem defeito,Perfeito estado,Seca,Perfeito estado,Outras,60 km/h,Única," , AV HERCULANO BANDEIRA, Recife, Pernambuco, Brasil",-8.0908689,-34.8831924
3093,2019-04-08 14:41:00,SEM VÍTIMA,PINA,AV ANTONIO DE GOES,72,660.0,CIDADE,COLISÃO TRASEIRA,3.0,1.0,1.0,1.0,1.0,1.0,1.0,1.0,1.0,0.0,1.0,Longo da via,Bom,Não existe,Perfeito estado,Seca,Perfeito estado,Outras,60 km/h,Única,"72, AV ANTONIO DE GOES, Recife, Pernambuco, Brasil",-8.0868807,-34.8853409
1440,2019-02-19 16:16:00,SEM VÍTIMA,PINA,PTE GOVERNADOR PAULO GUERRA, ,660.0,SUBURBIO,ABALROAMENTO LONGITUDINAL,1.0,1.0,1.0,1.0,1.0,1.0,1.0,1.0,1.0,0.0,1.0,Ponte,Bom,Não existe,Perfeito estado,Seca,Perfeito estado,Não há placas,60 km/h,Única," , PTE GOVERNADOR PAULO GUERRA, Recife, Pernambuco, Brasil",-8.0868807,-34.8853409
3375,2019-04-16 12:21:00,SEM VÍTIMA,PINA,AV HERCULANO BANDEIRA, ,660.0,SUBURBIO,ABALROAMENTO LONGITUDINAL,2.0,1.0,1.0,1.0,1.0,1.0,1.0,1.0,1.0,0.0,1.0,Longo da via,Bom,Não existe,Perfeito estado,Seca,Perfeito estado,Não há placas,60 km/h,Única," , AV HERCULANO BANDEIRA, Recife, Pernambuco, Brasil",-8.0908689,-34.8831924
585,2019-01-23 09:25:00,SEM VÍTIMA,PINA,RUA ARQUITETO AUGUSTO REINALDO,193,660.0,SUBURBIO,ABALROAMENTO LONGITUDINAL,1.0,1.0,1.0,1.0,1.0,1.0,1.0,1.0,1.0,0.0,1.0,Longo da via,Bom,Sem defeito,Perfeito estado,Seca,Perfeito estado,Não há placas,60 km/h,Única,"193, RUA ARQUITETO AUGUSTO REINALDO, Recife, Pernambuco, Brasil",-8.0858668,-34.8888681
11798,2019-12-22 07:36:00,SEM VÍTIMA,PINA,RUA MANOEL DE BRITO, ,659.0,SUBURBIO,ABALROAMENTO TRANSVERSAL,2.0,1.0,1.0,1.0,1.0,1.0,1.0,1.0,1.0,0.0,1.0,Longo da via,Bom,Sem defeito,Perfeito estado,Seca,Perfeito estado,Outras,60 km/h,Única," , RUA MANOEL DE BRITO, Recife, Pernambuco, Brasil",-8.0881016,-34.8894949
9769,2019-11-02 11:37:00,SEM VÍTIMA,PINA,AV ANTONIO DE GOES,222,659.0,CIDADE,COLISÃO TRASEIRA,4.0,1.0,1.0,1.0,1.0,1.0,1.0,1.0,1.0,0.0,1.0,Longo da via,Bom,Sem defeito,Perfeito estado,Seca,Perfeito estado,Não há placas,60 km/h,Única,"222, AV ANTONIO DE GOES, Recife, Pernambuco, Brasil",-8.0868807,-34.8853409
11057,2019-12-05 08:03:00,SEM VÍTIMA,PINA,AV ANTONIO DE GOES,109,538.0,CIDADE,ABALROAMENTO TRANSVERSAL,1.0,1.0,1.0,1.0,1.0,1.0,1.0,1.0,1.0,0.0,1.0,Longo da via,Bom,Sem defeito,Perfeito estado,Seca,Perfeito estado,Não há placas,60 km/h,Única,"109, AV ANTONIO DE GOES, Recife, Pernambuco, Brasil",-8.0868807,-34.8853409
4144,2019-05-11 13:24:00,SEM VÍTIMA,PINA,RUA MANOEL DE BRITO, ,538.0,CIDADE,ABALROAMENTO TRANSVERSAL,1.0,1.0,1.0,1.0,1.0,1.0,1.0,1.0,1.0,0.0,1.0,Longo da via,Bom,Não existe,Perfeito estado,Seca,Perfeito estado,Não há placas,60 km/h,Única," , RUA MANOEL DE BRITO, Recife, Pernambuco, Brasil",-8.0881016,-34.8894949
11805,2019-12-22 15:52:00,COM VÍTIMA,PINA,AV HERCULANO BANDEIRA,399,538.0,SUBURBIO,ATROPELAMENTO,1.0,1.0,1.0,1.0,1.0,1.0,1.0,1.0,1.0,1.0,1.0,Longo da via,Bom,Não existe,Perfeito estado,Seca,Perfeito estado,Não há placas,60 km/h,Única,"399, AV HERCULANO BANDEIRA, Recife, Pernambuco, Brasil",-8.0894701,-34.8848749
9641,2019-10-30 09:06:00,SEM VÍTIMA,PINA,AV ANTONIO DE GOES, ,538.0,CIDADE,COLISÃO TRASEIRA,2.0,1.0,1.0,1.0,1.0,1.0,1.0,1.0,1.0,0.0,1.0,Longo da via,Bom,Não existe,Perfeito estado,Seca,Perfeito estado,Não há placas,60 km/h,Única," , AV ANTONIO DE GOES, Recife, Pernambuco, Brasil",-8.0868807,-34.8853409
10276,2019-11-14 17:29:00,SEM VÍTIMA,PINA,AV ENGENHEIRO DOMINGOS FERREIRA,890,538.0,SUBURBIO,ABALROAMENTO LONGITUDINAL,2.0,1.0,1.0,1.0,1.0,1.0,1.0,1.0,1.0,0.0,1.0,Longo da via,Bom,Não existe,Perfeito estado,Seca,Perfeito estado,Não há placas,60 km/h,Única,"890, AV ENGENHEIRO DOMINGOS FERREIRA, Recife, Pernambuco, Brasil",-8.0974889,-34.8865625
11041,2019-12-04 17:17:00,SEM VÍTIMA,PINA,AV ANTONIO DE GOES, ,103.0,CIDADE,ABALROAMENTO LONGITUDINAL,1.0,1.0,1.0,1.0,1.0,1.0,1.0,1.0,1.0,0.0,1.0,Longo da via,Bom,Sem defeito,Perfeito estado,Seca,Perfeito estado,Não há placas,60 km/h,Única," , AV ANTONIO DE GOES, Recife, Pernambuco, Brasil",-8.0868807,-34.8853409
1715,2019-02-26 21:41:00,SEM VÍTIMA,PINA,AV ANTONIO DE GOES, ,103.0,CIDADE,ABALROAMENTO LONGITUDINAL,2.0,1.0,1.0,1.0,1.0,1.0,1.0,1.0,1.0,0.0,1.0,Longo da via,Bom,Sem defeito,Perfeito estado,Seca,Perfeito estado,Não há placas,60 km/h,Única," , AV ANTONIO DE GOES, Recife, Pernambuco, Brasil",-8.0868807,-34.8853409
384,2019-01-15 10:49:00,SEM VÍTIMA,PINA,AV ANTONIO DE GOES,220,103.0,CIDADE,COLISÃO TRASEIRA,2.0,1.0,1.0,1.0,1.0,1.0,1.0,1.0,1.0,0.0,1.0,Longo da via,Bom,Não existe,Perfeito estado,Seca,Perfeito estado,Não há placas,60 km/h,Única,"220, AV ANTONIO DE GOES, Recife, Pernambuco, Brasil",-8.0868807,-34.8853409
11231,2019-12-08 19:16:00,SEM VÍTIMA,PINA,AV REPUBLICA DO LIBANO, ,103.0,SUBURBIO,ABALROAMENTO LONGITUDINAL,1.0,1.0,1.0,1.0,1.0,1.0,1.0,1.0,1.0,0.0,1.0,Longo da via,Bom,Não existe,Perfeito estado,Seca,Perfeito estado,Não há placas,60 km/h,Única," , AV REPUBLICA DO LIBANO, Recife, Pernambuco, Brasil",-8.0885683,-34.8917004
11022,2019-12-04 12:53:00,SEM VÍTIMA,PINA,AV ENCANTA MOCA,540A,103.0,SUBURBIO,COLISÃO,1.0,1.0,1.0,1.0,1.0,1.0,1.0,1.0,1.0,0.0,1.0,Longo da via,Bom,Não existe,Perfeito estado,Seca,Perfeito estado,Não há placas,60 km/h,Única,"540A, AV ENCANTA MOCA, Recife, Pernambuco, Brasil",-8.0889553,-34.8861583
600,2019-01-23 16:34:00,SEM VÍTIMA,PINA,AV REPUBLICA ARABE UNIDA, ,103.0,SUBURBIO,COLISÃO,1.0,1.0,1.0,1.0,1.0,1.0,1.0,1.0,1.0,0.0,1.0,Longo da via,Bom,Não existe,Perfeito estado,Seca,Perfeito estado,Não há placas,60 km/h,Única," , AV REPUBLICA ARABE UNIDA, Recife, Pernambuco, Brasil",-8.0871924,-34.8886755
9752,2019-11-01 17:44:00,SEM VÍTIMA,PINA,AV HERCULANO BANDEIRA,773,103.0,SUBURBIO,COLISÃO TRASEIRA,2.0,1.0,1.0,1.0,1.0,1.0,1.0,1.0,1.0,0.0,1.0,Longo da via,Bom,Não existe,Perfeito estado,Seca,Perfeito estado,Não há placas,60 km/h,Única,"773, AV HERCULANO BANDEIRA, Recife, Pernambuco, Brasil",-8.0874021,-34.8874058
10245,2019-11-14 12:03:00,SEM VÍTIMA,PINA,PTE GOVERNADOR PAULO GUERRA, ,103.0,SUBURBIO,COLISÃO,1.0,1.0,1.0,1.0,1.0,1.0,1.0,1.0,1.0,0.0,1.0,Ponte,Bom,Não existe,Perfeito estado,Seca,Perfeito estado,Não há placas,60 km/h,Única," , PTE GOVERNADOR PAULO GUERRA, Recife, Pernambuco, Brasil",-8.0874021,-34.8874058
409,2019-01-16 14:59:00,SEM VÍTIMA,PINA,AV CONSUL JOSEPH NOUJAIM,146,103.0,SUBURBIO,COLISÃO,1.0,1.0,1.0,1.0,1.0,1.0,1.0,1.0,1.0,0.0,1.0,Ponte,Bom,Não existe,Perfeito estado,Seca,Perfeito estado,Não há placas,60 km/h,Única,"146, AV CONSUL JOSEPH NOUJAIM, Recife, Pernambuco, Brasil",-8.0874021,-34.8874058
3328,2019-04-15 10:56:00,SEM VÍTIMA,PINA,AV HERCULANO BANDEIRA, ,103.0,SUBURBIO,ABALROAMENTO LONGITUDINAL,2.0,1.0,1.0,1.0,1.0,1.0,1.0,1.0,1.0,0.0,1.0,Longo da via,Bom,Não existe,Perfeito estado,Seca,Perfeito estado,Não há placas,60 km/h,Única," , AV HERCULANO BANDEIRA, Recife, Pernambuco, Brasil",-8.0908689,-34.8831924
1601,2019-02-23 12:23:00,SEM VÍTIMA,PINA,RUA MANOEL DE BRITO,243,103.0,SUBURBIO,COLISÃO TRASEIRA,3.0,1.0,1.0,1.0,1.0,1.0,1.0,1.0,1.0,0.0,1.0,Longo da via,Bom,Não existe,Perfeito estado,Seca,Perfeito estado,R-6a,60 km/h,Única,"243, RUA MANOEL DE BRITO, Recife, Pernambuco, Brasil",-8.0881016,-34.8894949
11754,2019-12-20 19:01:00,COM VÍTIMA,PINA,AV ENGENHEIRO DOMINGOS FERREIRA,890,103.0,SUBURBIO,ATROPELAMENTO,3.0,1.0,1.0,1.0,3.0,1.0,1.0,1.0,1.0,4.0,1.0,Longo da via,Bom,Não existe,Perfeito estado,Seca,Perfeito estado,Não há placas,60 km/h,Única,"890, AV ENGENHEIRO DOMINGOS FERREIRA, Recife, Pernambuco, Brasil",-8.0974889,-34.8865625
10214,2019-11-13 19:08:00,SEM VÍTIMA,PINA,PTE GOVERNADOR PAULO GUERRA, ,103.0,SUBURBIO,ABALROAMENTO LONGITUDINAL,2.0,1.0,1.0,1.0,3.0,1.0,1.0,1.0,1.0,0.0,1.0,Longo da via,Bom,Não existe,Perfeito estado,Seca,Perfeito estado,Não há placas,60 km/h,Única," , PTE GOVERNADOR PAULO GUERRA, Recife, Pernambuco, Brasil",-8.0974889,-34.8865625
10217,2019-11-13 19:40:00,COM VÍTIMA,PINA,PTE GOVERNADOR PAULO GUERRA, ,103.0,SUBURBIO,COLISÃO COM CICLISTA,1.0,1.0,1.0,1.0,3.0,1.0,1.0,1.0,1.0,1.0,1.0,Ponte,Bom,Não existe,Perfeito estado,Seca,Perfeito estado,Não há placas,60 km/h,Única," , PTE GOVERNADOR PAULO GUERRA, Recife, Pernambuco, Brasil",-8.0974889,-34.8865625
4043,2019-05-08 11:54:00,COM VÍTIMA,PINA,AV HERCULANO BANDEIRA,591,103.0,SUBURBIO,COLISÃO COM CICLISTA,1.0,1.0,1.0,1.0,3.0,1.0,1.0,1.0,1.0,1.0,1.0,Longo da via,Chuvoso,Sem defeito,Perfeito estado,Molhada,Perfeito estado,Outras,60 km/h,Única,"591, AV HERCULANO BANDEIRA, Recife, Pernambuco, Brasil",-8.0881764,-34.8861069
1652,2019-02-25 09:21:00,SEM VÍTIMA,PINA,RUA CACILDA IOLANDA PORCIUNCULA, ,103.0,CIDADE,COLISÃO TRASEIRA,2.0,1.0,1.0,1.0,3.0,1.0,1.0,1.0,1.0,0.0,1.0,Longo da via,Bom,Não existe,Perfeito estado,Seca,Perfeito estado,Placas Pare,60 km/h,Única," , RUA CACILDA IOLANDA PORCIUNCULA, Recife, Pernambuco, Brasil",-8.0838859,-34.8878702
3141,2019-04-09 17:04:00,SEM VÍTIMA,PINA,AV HERCULANO BANDEIRA,742,103.0,SUBURBIO,ABALROAMENTO LONGITUDINAL,2.0,1.0,1.0,1.0,3.0,1.0,1.0,1.0,1.0,0.0,1.0,Longo da via,Bom,Não existe,Perfeito estado,Seca,Perfeito estado,Outras,60 km/h,Única,"742, AV HERCULANO BANDEIRA, Recife, Pernambuco, Brasil",-8.0869326,-34.8868041
1582,2019-02-22 23:22:00,SEM VÍTIMA,PINA,AV HERCULANO BANDEIRA, ,103.0,SUBURBIO,COLISÃO,2.0,1.0,1.0,1.0,3.0,1.0,1.0,1.0,1.0,0.0,1.0,Longo da via,Bom,Não existe,Perfeito estado,Seca,Perfeito estado,Outras,60 km/h,Única," , AV HERCULANO BANDEIRA, Recife, Pernambuco, Brasil",-8.0908689,-34.8831924
443,2019-01-17 19:55:00,SEM VÍTIMA,PINA,AV HERCULANO BANDEIRA,1001,660.0,SUBURBIO,COLISÃO TRASEIRA,1.0,1.0,1.0,1.0,3.0,1.0,1.0,1.0,1.0,0.0,1.0,Longo da via,Bom,Sem defeito,Perfeito estado,Seca,Perfeito estado,Outras,60 km/h,Única,"1001, AV HERCULANO BANDEIRA, Recife, Pernambuco, Brasil",-8.0852014,-34.8889953
1726,2019-02-27 10:52:00,SEM VÍTIMA,PINA,RUA PEREIRA DA COSTA, ,140.0,CIDADE,COLISÃO TRASEIRA,2.0,1.0,1.0,1.0,3.0,1.0,1.0,1.0,1.0,0.0,1.0,Longo da via,Bom,Sem defeito,Perfeito estado,Seca,Perfeito estado,Outras,60 km/h,Única," , RUA PEREIRA DA COSTA, Recife, Pernambuco, Brasil",-8.0954697,-34.8846501
3232,2019-04-12 08:29:00,COM VÍTIMA,PINA,AV ANTONIO DE GOES, ,140.0,CIDADE,TOMBAMENTO,2.0,1.0,1.0,1.0,3.0,1.0,1.0,1.0,1.0,1.0,1.0,Longo da via,Chuvoso,Desligado,Perfeito estado,Molhada,Perfeito estado,Não há placas,60 km/h,Única," , AV ANTONIO DE GOES, Recife, Pernambuco, Brasil",-8.0868807,-34.8853409
427,2019-01-17 09:59:00,SEM VÍTIMA,PINA,AVENIDA CELSO FURTADO (VIA MANGUE), ,140.0,SUBURBIO,COLISÃO TRASEIRA,2.0,1.0,1.0,1.0,3.0,1.0,1.0,1.0,1.0,0.0,1.0,Longo da via,Bom,Não existe,Perfeito estado,Seca,Perfeito estado,Placas Pare,60 km/h,Dupla," , AVENIDA CELSO FURTADO (VIA MANGUE), Recife, Pernambuco, Brasil",-8.0868807,-34.8853409
11175,2019-12-07 11:17:00,SEM VÍTIMA,PINA,AV ENGENHEIRO DOMINGOS FERREIRA, ,200.0,SUBURBIO,ABALROAMENTO TRANSVERSAL,1.0,1.0,1.0,1.0,3.0,1.0,1.0,1.0,1.0,0.0,1.0,Cruzamento,Bom,Sem defeito,Perfeito estado,Seca,Perfeito estado,Não há placas,60 km/h,Única," , AV ENGENHEIRO DOMINGOS FERREIRA, Recife, Pernambuco, Brasil",-8.1155752,-34.8954699
10143,2019-11-12 10:04:00,SEM VÍTIMA,PINA,AV ENCANTA MOCA,260,200.0,SUBURBIO,CHOQUE VEÍCULO PARADO,2.0,1.0,1.0,1.0,3.0,1.0,1.0,1.0,1.0,0.0,1.0,Longo da via,Bom,Não existe,Não existente,Seca,Perfeito estado,Não há placas,30 km/h,Dupla,"260, AV ENCANTA MOCA, Recife, Pernambuco, Brasil",-8.0889553,-34.8861583
3114,2019-04-09 08:29:00,SEM VÍTIMA,PINA,RUA PROFESSOR JOSUE DE CASTRO, ,200.0,CIDADE,COLISÃO TRASEIRA,4.0,1.0,1.0,1.0,3.0,1.0,1.0,1.0,1.0,0.0,1.0,Longo da via,Bom,Sem defeito,Perfeito estado,Seca,Perfeito estado,Não há placas,60 km/h,Única," , RUA PROFESSOR JOSUE DE CASTRO, Recife, Pernambuco, Brasil",-8.0301949,-34.9521151
526,2019-01-21 14:44:00,SEM VÍTIMA,PINA,AV CONSELHEIRO AGUIAR,355,200.0,CIDADE,ABALROAMENTO LONGITUDINAL,1.0,1.0,1.0,1.0,3.0,1.0,1.0,1.0,1.0,0.0,1.0,Longo da via,Bom,Não existe,Perfeito estado,Seca,Perfeito estado,Outras,60 km/h,Única,"355, AV CONSELHEIRO AGUIAR, Recife, Pernambuco, Brasil",-8.1141184,-34.8933999
527,2019-01-21 15:07:00,SEM VÍTIMA,PINA,AV CONSELHEIRO AGUIAR,138,200.0,CIDADE,COLISÃO TRASEIRA,2.0,1.0,1.0,1.0,3.0,1.0,1.0,1.0,1.0,0.0,1.0,Longo da via,Bom,Não existe,Perfeito estado,Seca,Perfeito estado,R-6b,60 km/h,Única,"138, AV CONSELHEIRO AGUIAR, Recife, Pernambuco, Brasil",-8.0916487,-34.8839576
4112,2019-05-10 14:06:00,SEM VÍTIMA,PINA,AV BOA VIAGEM,178,200.0,CIDADE,ABALROAMENTO LONGITUDINAL,2.0,1.0,1.0,1.0,3.0,1.0,1.0,1.0,1.0,0.0,1.0,Longo da via,Bom,Não existe,Perfeito estado,Seca,Perfeito estado,Não há placas,60 km/h,Única,"178, AV BOA VIAGEM, Recife, Pernambuco, Brasil",-8.092948,-34.8834319
11711,2019-12-19 23:33:00,SEM VÍTIMA,PINA,RUA ARQUITETO AUGUSTO REINALDO, ,200.0,CIDADE,COLISÃO,2.0,1.0,1.0,1.0,3.0,1.0,1.0,1.0,1.0,0.0,1.0,Longo da via,Bom,Não existe,Perfeito estado,Seca,Perfeito estado,Não há placas,60 km/h,Única," , RUA ARQUITETO AUGUSTO REINALDO, Recife, Pernambuco, Brasil",-8.0853523,-34.8884743
1457,2019-02-20 09:10:00,SEM VÍTIMA,PINA,AV HERCULANO BANDEIRA,252,200.0,SUBURBIO,COLISÃO TRASEIRA,3.0,1.0,1.0,1.0,3.0,1.0,1.0,1.0,1.0,0.0,1.0,Longo da via,Bom,Sem defeito,Perfeito estado,Seca,Perfeito estado,Não há placas,60 km/h,Única,"252, AV HERCULANO BANDEIRA, Recife, Pernambuco, Brasil",-8.0908689,-34.8831924