,data_hora,natureza_acidente,bairro,endereco,numero,num_semaforo,sentido_via,tipo,auto,moto,ciclom,ciclista,pedestre,onibus,caminhao,viatura,outros,vitimas,vitimasfatais,acidente_verificado,tempo_clima,situacao_semaforo,sinalizacao,condicao_via,conservacao_via,situacao_placa,velocidade_max_via,mao_direcao,end,latitude,longitude
5817,2019-07-05 08:26:00,SEM VÍTIMA,PINA,RUA SAO LUIZ, ,104.0,CIDADE,COLISÃO,1.0,1.0,1.0,1.0,1.0,1.0,1.0,1.0,1.0,0.0,1.0,Longo da via,Bom,Sem defeito,Perfeito estado,Seca,Perfeito estado,Outras,60 km/h,Única," , RUA SAO LUIZ, Recife, Pernambuco, Brasil",-7.9617717,-34.8581131
5813,2019-07-04 22:02:00,SEM VÍTIMA,PINA,AV ANTONIO DE GOES, ,104.0,CIDADE,ENGAVETAMENTO,2.0,1.0,1.0,1.0,1.0,1.0,1.0,1.0,1.0,0.0,1.0,Longo da via,Bom,Sem defeito,Perfeito estado,Seca,Perfeito estado,Outras,60 km/h,Única," , AV ANTONIO DE GOES, Recife, Pernambuco, Brasil",-8.0868807,-34.8853409
5768,2019-07-03 18:19:00,SEM VÍTIMA,PINA,AV REPUBLICA DO LIBANO, ,104.0,SUBURBIO,COLISÃO TRASEIRA,3.0,1.0,1.0,1.0,1.0,1.0,1.0,1.0,1.0,0.0,1.0,Longo da via,Bom,Não existe,Perfeito estado,Seca,Perfeito estado,Não há placas,60 km/h,Única," , AV REPUBLICA DO LIBANO, Recife, Pernambuco, Brasil",-8.0885683,-34.8917004
8707,2019-10-04 14:17:00,SEM VÍTIMA,PINA,AV REPUBLICA ARABE UNIDA, ,104.0,SUBURBIO,ABALROAMENTO LONGITUDINAL,2.0,1.0,1.0,1.0,1.0,1.0,1.0,1.0,1.0,0.0,1.0,Longo da via,Bom,Não existe,Perfeito estado,Seca,Perfeito estado,Outras,60 km/h,Única," , AV REPUBLICA ARABE UNIDA, Recife, Pernambuco, Brasil",-8.0871924,-34.8886755
5740,2019-07-02 17:17:00,SEM VÍTIMA,PINA,AV ANTONIO DE GOES, ,103.0,CIDADE,COLISÃO TRASEIRA,1.0,1.0,1.0,1.0,1.0,1.0,1.0,1.0,1.0,0.0,1.0,Longo da via,Bom,Sem defeito,Perfeito estado,Seca,Perfeito estado,R-6a,60 km/h,Única," , AV ANTONIO DE GOES, Recife, Pernambuco, Brasil",-8.0868807,-34.8853409
6023,2019-07-12 15:27:00,SEM VÍTIMA,PINA,AV ANTONIO DE GOES,222,103.0,CIDADE,COLISÃO TRASEIRA,2.0,1.0,1.0,1.0,1.0,1.0,1.0,1.0,1.0,0.0,1.0,Longo da via,Bom,Não existe,Perfeito estado,Seca,Perfeito estado,Não há placas,60 km/h,Única,"222, AV ANTONIO DE GOES, Recife, Pernambuco, Brasil",-8.0868807,-34.8853409
6028,2019-07-12 17:16:00,SEM VÍTIMA,PINA,RUA CAPITAO REBELINHO, ,103.0,SUBURBIO,ABALROAMENTO LONGITUDINAL,3.0,1.0,1.0,1.0,1.0,1.0,1.0,1.0,1.0,0.0,1.0,Longo da via,Bom,Não existe,Perfeito estado,Seca,Perfeito estado,Outras,60 km/h,Única," , RUA CAPITAO REBELINHO, Recife, Pernambuco, Brasil",-8.0966505,-34.8843925
4501,2019-05-23 10:08:00,SEM VÍTIMA,PINA,RUA VINTE E SEIS DE JANEIRO,88,103.0,CIDADE,COLISÃO TRASEIRA,2.0,1.0,1.0,1.0,1.0,1.0,1.0,1.0,1.0,0.0,1.0,Longo da via,Bom,Não existe,Não existente,Seca,Mal conservada,Não há placas,60 km/h,Dupla,"88, RUA VINTE E SEIS DE JANEIRO, Recife, Pernambuco, Brasil",-8.0944861,-34.8846301
6074,2019-07-14 07:48:00,SEM VÍTIMA,PINA,AV HERCULANO BANDEIRA,949,660.0,SUBURBIO,ABALROAMENTO LONGITUDINAL,2.0,1.0,1.0,1.0,1.0,1.0,1.0,1.0,1.0,0.0,1.0,Cruzamento,Chuvoso,Desligado,Perfeito estado,Molhada,Perfeito estado,Outras,60 km/h,Única,"949, AV HERCULANO BANDEIRA, Recife, Pernambuco, Brasil",-8.0856317,-34.8885277
6314,2019-07-23 07:35:00,SEM VÍTIMA,PINA,RUA MANOEL DE BRITO, ,660.0,CIDADE,COLISÃO TRASEIRA,2.0,1.0,1.0,1.0,1.0,1.0,1.0,1.0,1.0,0.0,1.0,Longo da via,Chuvoso,Não existe,Perfeito estado,Molhada,Perfeito estado,Outras,60 km/h,Única," , RUA MANOEL DE BRITO, Recife, Pernambuco, Brasil",-8.0881016,-34.8894949
8370,2019-09-25 10:48:00,SEM VÍTIMA,PINA,RUA CACILDA IOLANDA PORCIUNCULA, ,660.0,CIDADE,COLISÃO TRASEIRA,2.0,1.0,1.0,1.0,1.0,1.0,1.0,1.0,1.0,0.0,1.0,Longo da via,Bom,Não existe,Perfeito estado,Seca,Perfeito estado,Placas Pare,60 km/h,Única," , RUA CACILDA IOLANDA PORCIUNCULA, Recife, Pernambuco, Brasil",-8.0838859,-34.8878702
6275,2019-07-21 19:01:00,SEM VÍTIMA,PINA,AV ANTONIO DE GOES, ,660.0,CIDADE,CHOQUE OBJETO FIXO,1.0,1.0,1.0,1.0,1.0,1.0,1.0,1.0,1.0,0.0,1.0,Longo da via,Bom,Não existe,Perfeito estado,Seca,Perfeito estado,Não há placas,60 km/h,Única," , AV ANTONIO DE GOES, Recife, Pernambuco, Brasil",-8.0868807,-34.8853409
6266,2019-07-21 10:15:00,COM VÍTIMA,PINA,AV HERCULANO BANDEIRA,825,660.0,SUBURBIO,ABALROAMENTO TRANSVERSAL,1.0,1.0,1.0,1.0,1.0,1.0,1.0,1.0,1.0,1.0,1.0,Longo da via,Bom,Sem defeito,Perfeito estado,Seca,Perfeito estado,Outras,60 km/h,Única,"825, AV HERCULANO BANDEIRA, Recife, Pernambuco, Brasil",-8.0867495,-34.8875751
9290,2019-10-20 07:14:00,COM VÍTIMA,PINA,AV ANTONIO DE GOES,340,277.0,CIDADE,ABALROAMENTO LONGITUDINAL,2.0,1.0,1.0,1.0,1.0,1.0,1.0,1.0,1.0,1.0,1.0,Longo da via,Bom,Sem defeito,Perfeito estado,Seca,Perfeito estado,Outras,60 km/h,Única,"340, AV ANTONIO DE GOES, Recife, Pernambuco, Brasil",-8.0868807,-34.8853409
8401,2019-09-26 08:18:00,COM VÍTIMA,PINA,AV ENGENHEIRO DOMINGOS FERREIRA,40,277.0,SUBURBIO,ABALROAMENTO LONGITUDINAL,1.0,1.0,1.0,1.0,1.0,1.0,1.0,1.0,1.0,1.0,1.0,Longo da via,Bom,Sem defeito,Perfeito estado,Seca,Perfeito estado,Não há placas,60 km/h,Única,"40, AV ENGENHEIRO DOMINGOS FERREIRA, Recife, Pernambuco, Brasil",-8.0902314,-34.8842944
6216,2019-07-19 09:41:00,SEM VÍTIMA,PINA,RUA PEREIRA DA COSTA,576,277.0,SUBURBIO,COLISÃO,2.0,1.0,1.0,1.0,1.0,1.0,1.0,1.0,1.0,0.0,1.0,Longo da via,Bom,Sem defeito,Perfeito estado,Seca,Perfeito estado,Não há placas,60 km/h,Única,"576, RUA PEREIRA DA COSTA, Recife, Pernambuco, Brasil",-8.0954697,-34.8846501
8715,2019-10-04 16:38:00,SEM VÍTIMA,PINA,AV ANTONIO DE GOES, ,226.0,CIDADE,ABALROAMENTO LONGITUDINAL,1.0,1.0,1.0,1.0,1.0,1.0,1.0,1.0,1.0,0.0,1.0,Longo da via,Bom,Sem defeito,Perfeito estado,Seca,Perfeito estado,Não há placas,60 km/h,Única," , AV ANTONIO DE GOES, Recife, Pernambuco, Brasil",-8.0868807,-34.8853409
6202,2019-07-18 16:10:00,SEM VÍTIMA,PINA,AV ANTONIO DE GOES, ,226.0,CIDADE,COLISÃO,1.0,1.0,1.0,1.0,1.0,1.0,1.0,1.0,1.0,0.0,1.0,Longo da via,Bom,Sem defeito,Perfeito estado,Seca,Perfeito estado,Não há placas,60 km/h,Única," , AV ANTONIO DE GOES, Recife, Pernambuco, Brasil",-8.0868807,-34.8853409
8418,2019-09-26 15:06:00,SEM VÍTIMA,PINA,AV HERCULANO BANDEIRA, ,226.0,SUBURBIO,ABALROAMENTO TRANSVERSAL,2.0,1.0,1.0,1.0,1.0,1.0,1.0,1.0,1.0,0.0,1.0,Longo da via,Bom,Não existe,Incompleta,Seca,Mal conservada,Outras,60 km/h,Única," , AV HERCULANO BANDEIRA, Recife, Pernambuco, Brasil",-8.0908689,-34.8831924
8423,2019-09-26 16:11:00,SEM VÍTIMA,PINA,AV HERCULANO BANDEIRA,598,226.0,SUBURBIO,COLISÃO TRASEIRA,2.0,1.0,1.0,1.0,1.0,1.0,1.0,1.0,1.0,0.0,1.0,Longo da via,Bom,Não existe,Perfeito estado,Seca,Perfeito estado,Outras,60 km/h,Única,"598, AV HERCULANO BANDEIRA, Recife, Pernambuco, Brasil",-8.0908689,-34.8831924
6151,2019-07-17 13:07:00,COM VÍTIMA,PINA,AV ENGENHEIRO DOMINGOS FERREIRA,636,226.0,SUBURBIO,ATROPELAMENTO,1.0,1.0,1.0,1.0,1.0,1.0,1.0,1.0,1.0,1.0,1.0,Longo da via,Bom,Não existe,Perfeito estado,Seca,Perfeito estado,R-6a,60 km/h,Dupla,"636, AV ENGENHEIRO DOMINGOS FERREIRA, Recife, Pernambuco, Brasil",-8.0956647,-34.8861119
6138,2019-07-17 08:35:00,COM VÍTIMA,PINA,AV ANTONIO DE GOES, ,226.0,CIDADE,COLISÃO TRASEIRA,4.0,1.0,1.0,1.0,1.0,1.0,1.0,1.0,1.0,1.0,1.0,Longo da via,Bom,Não existe,Perfeito estado,Seca,Perfeito estado,Não há placas,60 km/h,Única," , AV ANTONIO DE GOES, Recife, Pernambuco, Brasil",-8.0868807,-34.8853409
4599,2019-05-26 12:11:00,SEM VÍTIMA,PINA,AV ENGENHEIRO DOMINGOS FERREIRA, ,226.0,SUBURBIO,ABALROAMENTO LONGITUDINAL,2.0,1.0,1.0,1.0,1.0,1.0,1.0,1.0,1.0,0.0,1.0,Outros,Bom,Sem defeito,Perfeito estado,Seca,Perfeito estado,Não há placas,60 km/h,Dupla," , AV ENGENHEIRO DOMINGOS FERREIRA, Recife, Pernambuco, Brasil",-8.1155752,-34.8954699
6093,2019-07-15 08:19:00,SEM VÍTIMA,PINA,RUA PROFESSOR JOSUE DE CASTRO, ,226.0,SUBURBIO,ABALROAMENTO LONGITUDINAL,2.0,1.0,1.0,1.0,1.0,1.0,1.0,1.0,1.0,0.0,1.0,Outros,Bom,Sem defeito,Perfeito estado,Seca,Perfeito estado,R-6a,60 km/h,Única," , RUA PROFESSOR JOSUE DE CASTRO, Recife, Pernambuco, Brasil",-8.0301949,-34.9521151
4600,2019-05-26 13:50:00,SEM VÍTIMA,PINA,RUA ARQUITETO AUGUSTO REINALDO, ,660.0,SUBURBIO,ABALROAMENTO LONGITUDINAL,1.0,1.0,1.0,1.0,1.0,1.0,1.0,1.0,1.0,0.0,1.0,Cruzamento,Bom,Sem defeito,Perfeito estado,Seca,Perfeito estado,R-6a,60 km/h,Única," , RUA ARQUITETO AUGUSTO REINALDO, Recife, Pernambuco, Brasil",-8.0853523,-34.8884743
8417,2019-09-26 14:59:00,SEM VÍTIMA,PINA,AV HERCULANO BANDEIRA,563,660.0,SUBURBIO,COLISÃO,1.0,1.0,1.0,1.0,1.0,1.0,1.0,1.0,1.0,0.0,1.0,Cruzamento,Bom,Sem defeito,Perfeito estado,Seca,Perfeito estado,R-6a,60 km/h,Única,"563, AV HERCULANO BANDEIRA, Recife, Pernambuco, Brasil",-8.0883422,-34.8859518
8352,2019-09-24 18:25:00,SEM VÍTIMA,PINA,AV ANTONIO DE GOES, ,226.0,CIDADE,ABALROAMENTO LONGITUDINAL,1.0,1.0,1.0,1.0,1.0,1.0,1.0,1.0,1.0,0.0,1.0,Cruzamento,Bom,Sem defeito,Perfeito estado,Seca,Perfeito estado,R-6a,60 km/h,Única," , AV ANTONIO DE GOES, Recife, Pernambuco, Brasil",-8.0868807,-34.8853409
5733,2019-07-02 15:10:00,SEM VÍTIMA,PINA,AV HERCULANO BANDEIRA,785,226.0,SUBURBIO,COLISÃO TRASEIRA,1.0,1.0,1.0,1.0,1.0,1.0,1.0,1.0,1.0,0.0,1.0,Longo da via,Bom,Não existe,Perfeito estado,Seca,Perfeito estado,R-6a,60 km/h,Única,"785, AV HERCULANO BANDEIRA, Recife, Pernambuco, Brasil",-8.0869848,-34.8873557
5625,2019-06-28 18:00:00,SEM VÍTIMA,PINA,RUA CAPITAO REBELINHO, ,226.0,SUBURBIO,ABALROAMENTO TRANSVERSAL,2.0,1.0,1.0,1.0,1.0,1.0,1.0,1.0,1.0,0.0,1.0,Longo da via,Bom,Não existe,Perfeito estado,Seca,Perfeito estado,Não há placas,60 km/h,Dupla," , RUA CAPITAO REBELINHO, Recife, Pernambuco, Brasil",-8.0966505,-34.8843925
5117,2019-06-11 18:43:00,SEM VÍTIMA,PINA,PTE GOVERNADOR PAULO GUERRA, ,226.0,SUBURBIO,ABALROAMENTO LONGITUDINAL,1.0,1.0,1.0,1.0,1.0,1.0,1.0,1.0,1.0,0.0,1.0,Ponte,Bom,Não existe,Perfeito estado,Seca,Perfeito estado,Não há placas,60 km/h,Única," , PTE GOVERNADOR PAULO GUERRA, Recife, Pernambuco, Brasil",-8.0966505,-34.8843925
5100,2019-06-11 11:35:00,SEM VÍTIMA,PINA,AV HERCULANO BANDEIRA,949,226.0,SUBURBIO,COLISÃO,1.0,1.0,1.0,1.0,1.0,1.0,1.0,1.0,1.0,0.0,1.0,Ponte,Bom,Não existe,Perfeito estado,Seca,Perfeito estado,Não há placas,60 km/h,Única,"949, AV HERCULANO BANDEIRA, Recife, Pernambuco, Brasil",-8.0856317,-34.8885277
4961,2019-06-06 14:23:00,SEM VÍTIMA,PINA,AV ANTONIO DE GOES,62,226.0,CIDADE,COLISÃO TRASEIRA,3.0,1.0,1.0,1.0,1.0,1.0,1.0,1.0,1.0,0.0,1.0,Longo da via,Bom,Não existe,Perfeito estado,Seca,Perfeito estado,Não há placas,60 km/h,Única,"62, AV ANTONIO DE GOES, Recife, Pernambuco, Brasil",-8.0868807,-34.8853409
4949,2019-06-06 09:57:00,SEM VÍTIMA,PINA,RUA CARNEIRO PESSOA,92,226.0,SUBURBIO,COLISÃO TRASEIRA,2.0,1.0,1.0,1.0,1.0,1.0,1.0,1.0,1.0,0.0,1.0,Cruzamento,Bom,Não existe,Incompleta,Seca,Perfeito estado,Não há placas,20 km/h,Única,"92, RUA CARNEIRO PESSOA, Recife, Pernambuco, Brasil",-8.0897997,-34.885522
9157,2019-10-16 09:51:00,SEM VÍTIMA,PINA,RUA CARNEIRO PESSOA,290,226.0,SUBURBIO,ABALROAMENTO LONGITUDINAL,1.0,1.0,1.0,1.0,1.0,1.0,1.0,1.0,1.0,0.0,1.0,Longo da via,Bom,Não existe,Perfeito estado,Seca,Perfeito estado,Não há placas,60 km/h,Única,"290, nan, Recife, Pernambuco, Brasil",-8.0584933,-34.8848193
4894,2019-06-04 22:00:00,SEM VÍTIMA,PINA,AVENIDA CELSO FURTADO (VIA MANGUE), ,226.0,SUBURBIO,ABALROAMENTO LONGITUDINAL,2.0,1.0,1.0,1.0,1.0,1.0,1.0,1.0,1.0,0.0,1.0,Longo da via,Bom,Não existe,Perfeito estado,Seca,Perfeito estado,Não há placas,60 km/h,Dupla," , AVENIDA CELSO FURTADO (VIA MANGUE), Recife, Pernambuco, Brasil",-8.0584933,-34.8848193
9216,2019-10-17 20:02:00,COM VÍTIMA,PINA,AV ENGENHEIRO DOMINGOS FERREIRA, ,226.0,SUBURBIO,ABALROAMENTO LONGITUDINAL,1.0,1.0,1.0,1.0,1.0,1.0,1.0,1.0,1.0,1.0,1.0,Longo da via,Bom,Não existe,Perfeito estado,Seca,Perfeito estado,Outras,60 km/h,Única," , AV ENGENHEIRO DOMINGOS FERREIRA, Recife, Pernambuco, Brasil",-8.1155752,-34.8954699
4842,2019-06-03 20:28:00,SEM VÍTIMA,PINA,AV ANTONIO DE GOES, ,226.0,CIDADE,ABALROAMENTO LONGITUDINAL,2.0,1.0,1.0,1.0,1.0,1.0,1.0,1.0,1.0,0.0,1.0,Cruzamento,Bom,Sem defeito,Perfeito estado,Seca,Perfeito estado,Outras,60 km/h,Única," , AV ANTONIO DE GOES, Recife, Pernambuco, Brasil",-8.0868807,-34.8853409
9229,2019-10-18 08:30:00,SEM VÍTIMA,PINA,AVENIDA CELSO FURTADO (VIA MANGUE), ,226.0,CIDADE,COLISÃO TRASEIRA,2.0,1.0,1.0,1.0,1.0,1.0,1.0,1.0,1.0,0.0,1.0,Longo da via,Bom,Não existe,Perfeito estado,Seca,Perfeito estado,Outras,60 km/h,Dupla," , AVENIDA CELSO FURTADO (VIA MANGUE), Recife, Pernambuco, Brasil",-8.0868807,-34.8853409
4774,2019-06-01 00:11:00,SEM VÍTIMA,PINA,AV ANTONIO DE GOES, ,226.0,CIDADE,ABALROAMENTO LONGITUDINAL,2.0,1.0,1.0,1.0,1.0,1.0,1.0,1.0,1.0,0.0,1.0,Cruzamento,Chuvoso,Sem defeito,Perfeito estado,Molhada,Perfeito estado,Outras,60 km/h,Única," , AV ANTONIO DE GOES, Recife, Pernambuco, Brasil",-8.0868807,-34.8853409
4767,2019-05-31 18:14:00,SEM VÍTIMA,PINA,AV ANTONIO DE GOES, ,226.0,CIDADE,COLISÃO,2.0,1.0,1.0,1.0,1.0,1.0,1.0,1.0,1.0,0.0,1.0,Cruzamento,Chuvoso,Sem defeito,Perfeito estado,Molhada,Perfeito estado,Outras,60 km/h,Única," , AV ANTONIO DE GOES, Recife, Pernambuco, Brasil",-8.0868807,-34.8853409
9310,2019-10-21 07:16:00,SEM VÍTIMA,PINA,AV HERCULANO BANDEIRA,1001,226.0,SUBURBIO,ABALROAMENTO LONGITUDINAL,1.0,1.0,1.0,1.0,1.0,1.0,1.0,1.0,1.0,0.0,1.0,Longo da via,Bom,Sem defeito,Perfeito estado,Seca,Perfeito estado,R-6a,60 km/h,Única,"1001, AV HERCULANO BANDEIRA, Recife, Pernambuco, Brasil",-8.0852014,-34.8889953
4685,2019-05-29 09:29:00,SEM VÍTIMA,PINA,AV CONSELHEIRO AGUIAR, ,138.0,CIDADE,ABALROAMENTO LONGITUDINAL,1.0,1.0,1.0,1.0,1.0,1.0,1.0,1.0,1.0,0.0,1.0,Longo da via,Chuvoso,Sem defeito,Perfeito estado,Molhada,Perfeito estado,R-6a,60 km/h,Única," , AV CONSELHEIRO AGUIAR, Recife, Pernambuco, Brasil",-8.1017679,-34.8870824
9272,2019-10-19 10:20:00,SEM VÍTIMA,PINA,AV CONSUL JOSEPH NOUJAIM, ,658.0,SUBURBIO,ABALROAMENTO TRANSVERSAL,2.0,1.0,1.0,1.0,1.0,1.0,1.0,1.0,1.0,0.0,1.0,Cruzamento,Bom,Sem defeito,Perfeito estado,Seca,Perfeito estado,R-6a,60 km/h,Única," , AV CONSUL JOSEPH NOUJAIM, Recife, Pernambuco, Brasil",-8.1017679,-34.8870824
4717,2019-05-30 12:00:00,COM VÍTIMA,PINA,RUA MANOEL DE BRITO, ,659.0,CIDADE,ABALROAMENTO LONGITUDINAL,1.0,1.0,1.0,1.0,1.0,1.0,1.0,1.0,1.0,1.0,1.0,Longo da via,Chuvoso,Sem defeito,Perfeito estado,Molhada,Perfeito estado,Outras,60 km/h,Única," , RUA MANOEL DE BRITO, Recife, Pernambuco, Brasil",-8.0881016,-34.8894949
5120,2019-06-11 20:17:00,SEM VÍTIMA,PINA,AV ANTONIO DE GOES, ,659.0,SUBURBIO,ABALROAMENTO LONGITUDINAL,1.0,1.0,1.0,1.0,1.0,1.0,1.0,1.0,1.0,0.0,1.0,Longo da via,Bom,Sem defeito,Perfeito estado,Seca,Perfeito estado,Outras,60 km/h,Única," , AV ANTONIO DE GOES, Recife, Pernambuco, Brasil",-8.0868807,-34.8853409
5121,2019-06-11 20:33:00,SEM VÍTIMA,PINA,AV ANTONIO DE GOES, ,659.0,CIDADE,COLISÃO TRASEIRA,2.0,1.0,1.0,1.0,1.0,1.0,1.0,1.0,1.0,0.0,1.0,Longo da via,Bom,Não existe,Perfeito estado,Seca,Perfeito estado,Não há placas,60 km/h,Única," , AV ANTONIO DE GOES, Recife, Pernambuco, Brasil",-8.0868807,-34.8853409
9055,2019-10-14 07:10:00,COM VÍTIMA,PINA,AV HERCULANO BANDEIRA, ,104.0,CIDADE,COLISÃO TRASEIRA,1.0,1.0,1.0,1.0,1.0,1.0,1.0,1.0,1.0,1.0,1.0,Longo da via,Bom,Sem defeito,Perfeito estado,Seca,Perfeito estado,Outras,60 km/h,Única," , AV HERCULANO BANDEIRA, Recife, Pernambuco, Brasil",-8.0908689,-34.8831924
5147,2019-06-12 14:25:00,SEM VÍTIMA,PINA,AV ANTONIO DE GOES,275,104.0,CIDADE,ABALROAMENTO TRANSVERSAL,1.0,2.0,1.0,1.0,1.0,1.0,1.0,1.0,1.0,0.0,1.0,Longo da via,Bom,Sem defeito,Perfeito estado,Seca,Perfeito estado,Não há placas,60 km/h,Única,"275, AV ANTONIO DE GOES, Recife, Pernambuco, Brasil",-8.0883932,-34.8841855
5617,2019-06-28 14:45:00,SEM VÍTIMA,PINA,PTE GOVERNADOR PAULO GUERRA, ,104.0,PINA,COLISÃO,2.0,2.0,1.0,1.0,1.0,1.0,1.0,1.0,1.0,0.0,1.0,Longo da via,Bom,Sem defeito,Perfeito estado,Seca,Perfeito estado,Não há placas,60 km/h,Única," , PTE GOVERNADOR PAULO GUERRA, Recife, Pernambuco, Brasil",-8.0883932,-34.8841855
8825,2019-10-07 15:15:00,SEM VÍTIMA,PINA,AV HERCULANO BANDEIRA,376,104.0,SUBURBIO,ABALROAMENTO LONGITUDINAL,2.0,2.0,1.0,1.0,1.0,1.0,1.0,1.0,1.0,0.0,1.0,Longo da via,Bom,Não existe,Perfeito estado,Seca,Perfeito estado,Não há placas,60 km/h,Única,"376, AV HERCULANO BANDEIRA, Recife, Pernambuco, Brasil",-8.0893442,-34.8844834
5508,2019-06-25 13:22:00,SEM VÍTIMA,PINA,RUA DOM PAULO II, ,104.0,SUBURBIO,COLISÃO TRASEIRA,3.0,2.0,1.0,1.0,1.0,1.0,1.0,1.0,1.0,0.0,1.0,Longo da via,Bom,Não existe,Perfeito estado,Seca,Perfeito estado,Não há placas,60 km/h,Única," , RUA DOM PAULO II, Recife, Pernambuco, Brasil",-8.074425,-34.8938154
5467,2019-06-23 07:44:00,SEM VÍTIMA,PINA,AVENIDA CELSO FURTADO (VIA MANGUE), ,104.0,SUBURBIO,CHOQUE OBJETO FIXO,1.0,2.0,1.0,1.0,1.0,1.0,1.0,1.0,1.0,0.0,1.0,Longo da via,Bom,Não existe,Perfeito estado,Seca,Perfeito estado,Outras,60 km/h,Única," , AVENIDA CELSO FURTADO (VIA MANGUE), Recife, Pernambuco, Brasil",-8.074425,-34.8938154
8881,2019-10-09 07:37:00,SEM VÍTIMA,PINA,AV ANTONIO DE GOES, ,103.0,CIDADE,ABALROAMENTO TRANSVERSAL,1.0,1.0,1.0,1.0,1.0,1.0,1.0,1.0,1.0,0.0,1.0,Longo da via,Chuvoso,Sem defeito,Perfeito estado,Molhada,Perfeito estado,Não há placas,60 km/h,Única," , AV ANTONIO DE GOES, Recife, Pernambuco, Brasil",-8.0868807,-34.8853409
5414,2019-06-21 00:38:00,SEM VÍTIMA,PINA,AV ANTONIO DE GOES, ,103.0,CIDADE,CHOQUE OBJETO FIXO,1.0,1.0,1.0,1.0,1.0,1.0,1.0,1.0,1.0,0.0,1.0,Longo da via,Bom,Não existe,Perfeito estado,Seca,Perfeito estado,Não há placas,60 km/h,Única," , AV ANTONIO DE GOES, Recife, Pernambuco, Brasil",-8.0868807,-34.8853409
5363,2019-06-19 12:12:00,SEM VÍTIMA,PINA,RUA CARNEIRO PESSOA,645,103.0,SUBURBIO,CHOQUE VEÍCULO PARADO,1.0,1.0,1.0,1.0,1.0,1.0,1.0,1.0,1.0,0.0,1.0,Longo da via,Bom,Não existe,Não existente,Seca,Mal conservada,Não há placas,60 km/h,Dupla,"645, RUA CARNEIRO PESSOA, Recife, Pernambuco, Brasil",-8.0895395,-34.8852987
5685,2019-07-01 08:10:00,COM VÍTIMA,PINA,AV ANTONIO DE GOES, ,103.0,CIDADE,COLISÃO TRASEIRA,1.0,1.0,1.0,1.0,1.0,2.0,1.0,1.0,1.0,1.0,1.0,Longo da via,Chuvoso,Não existe,Perfeito estado,Molhada,Perfeito estado,Outras,60 km/h,Única," , AV ANTONIO DE GOES, Recife, Pernambuco, Brasil",-8.0868807,-34.8853409
5362,2019-06-19 12:10:00,SEM VÍTIMA,PINA,AV ANTONIO DE GOES,534,103.0,CIDADE,COLISÃO TRASEIRA,1.0,1.0,1.0,1.0,1.0,2.0,1.0,1.0,1.0,0.0,1.0,Longo da via,Bom,Sem defeito,Perfeito estado,Seca,Perfeito estado,Outras,60 km/h,Única,"534, AV ANTONIO DE GOES, Recife, Pernambuco, Brasil",-8.0868807,-34.8853409
8966,2019-10-11 10:48:00,SEM VÍTIMA,PINA,AV ANTONIO DE GOES,275,103.0,CIDADE,ABALROAMENTO LONGITUDINAL,1.0,1.0,1.0,1.0,1.0,1.0,1.0,1.0,1.0,0.0,1.0,Longo da via,Bom,Não existe,Perfeito estado,Seca,Perfeito estado,Não há placas,60 km/h,Única,"275, AV ANTONIO DE GOES, Recife, Pernambuco, Brasil",-8.0883932,-34.8841855
5240,2019-06-14 19:41:00,SEM VÍTIMA,PINA,RUA MANOEL DE BRITO, ,103.0,CIDADE,COLISÃO,1.0,1.0,1.0,1.0,1.0,1.0,1.0,1.0,1.0,0.0,1.0,Longo da via,Bom,Não existe,Perfeito estado,Seca,Perfeito estado,Não há placas,60 km/h,Única," , RUA MANOEL DE BRITO, Recife, Pernambuco, Brasil",-8.0881016,-34.8894949
5232,2019-06-14 17:41:00,SEM VÍTIMA,PINA,AV DR DIRCEU VELLOSO TOSCANO DE BRITO,85,103.0,SUBURBIO,ABALROAMENTO LONGITUDINAL,1.0,1.0,1.0,1.0,1.0,1.0,1.0,1.0,1.0,0.0,1.0,Longo da via,Bom,Não existe,Incompleta,Seca,Mal conservada,R-6a,60 km/h,Única,"85, AV DR DIRCEU VELLOSO TOSCANO DE BRITO, Recife, Pernambuco, Brasil",-8.0881016,-34.8894949
9014,2019-10-12 13:03:00,SEM VÍTIMA,PINA,AV ENCANTA MOCA,63,103.0,SUBURBIO,COLISÃO,2.0,1.0,1.0,1.0,1.0,1.0,1.0,1.0,1.0,0.0,1.0,Longo da via,Bom,Não existe,Incompleta,Seca,Mal conservada,R-6a,60 km/h,Única,"63, AV ENCANTA MOCA, Recife, Pernambuco, Brasil",-8.0889553,-34.8861583
9016,2019-10-12 14:22:00,SEM VÍTIMA,PINA,AV ANTONIO DE GOES,340,277.0,CIDADE,COLISÃO TRASEIRA,2.0,1.0,1.0,1.0,1.0,1.0,1.0,1.0,1.0,0.0,1.0,Longo da via,Bom,Sem defeito,Perfeito estado,Seca,Perfeito estado,R-6a,60 km/h,Única,"340, AV ANTONIO DE GOES, Recife, Pernambuco, Brasil",-8.0868807,-34.8853409