,data_hora,natureza_acidente,bairro,endereco,numero,num_semaforo,sentido_via,tipo,auto,moto,ciclom,ciclista,pedestre,onibus,caminhao,viatura,outros,vitimas,vitimasfatais,acidente_verificado,tempo_clima,situacao_semaforo,sinalizacao,condicao_via,conservacao_via,situacao_placa,velocidade_max_via,mao_direcao,end,latitude,longitude
5185,2019-06-13 18:26:00,SEM VÍTIMA,PINA,AV ANTONIO DE GOES, ,277.0,CIDADE,ABALROAMENTO LONGITUDINAL,1.0,1.0,1.0,1.0,1.0,1.0,1.0,1.0,1.0,0.0,1.0,Longo da via,Chuvoso,Não existe,Perfeito estado,Molhada,Perfeito estado,Outras,60 km/h,Única," , AV ANTONIO DE GOES, Recife, Pernambuco, Brasil",-8.0868807,-34.8853409
5149,2019-06-12 14:30:00,SEM VÍTIMA,PINA,RUA PEREIRA DA COSTA, ,277.0,SUBURBIO,ABALROAMENTO TRANSVERSAL,2.0,1.0,1.0,1.0,1.0,1.0,1.0,1.0,1.0,0.0,1.0,Cruzamento,Chuvoso,Não existe,Incompleta,Seca,Mal conservada,Não há placas,60 km/h,Única," , RUA PEREIRA DA COSTA, Recife, Pernambuco, Brasil",-8.0954697,-34.8846501
8963,2019-10-11 09:33:00,SEM VÍTIMA,PINA,AV BOA VIAGEM, ,119.0,CIDADE,ABALROAMENTO LONGITUDINAL,1.0,1.0,1.0,1.0,1.0,1.0,1.0,1.0,1.0,0.0,1.0,Longo da via,Bom,Sem defeito,Perfeito estado,Seca,Perfeito estado,Outras,60 km/h,Única," , AV BOA VIAGEM, Recife, Pernambuco, Brasil",-8.0906381,-34.8817684
6315,2019-07-23 07:56:00,SEM VÍTIMA,PINA,AV ANTONIO DE GOES, ,119.0,CIDADE,COLISÃO TRASEIRA,2.0,1.0,1.0,1.0,1.0,1.0,1.0,1.0,1.0,0.0,1.0,Longo da via,Chuvoso,Não existe,Perfeito estado,Molhada,Perfeito estado,Não há placas,60 km/h,Única," , AV ANTONIO DE GOES, Recife, Pernambuco, Brasil",-8.0868807,-34.8853409
4715,2019-05-30 11:14:00,SEM VÍTIMA,PINA,AVENIDA CELSO FURTADO (VIA MANGUE), ,119.0,SUBURBIO,ABALROAMENTO LONGITUDINAL,2.0,1.0,1.0,1.0,1.0,1.0,1.0,1.0,1.0,0.0,1.0,Longo da via,Bom,Não existe,Perfeito estado,Seca,Perfeito estado,Outras,60 km/h,Dupla," , AVENIDA CELSO FURTADO (VIA MANGUE), Recife, Pernambuco, Brasil",-8.0868807,-34.8853409
4580,2019-05-25 15:26:00,SEM VÍTIMA,PINA,AV HERCULANO BANDEIRA,543,119.0,PINA,COLISÃO,1.0,1.0,1.0,1.0,1.0,1.0,1.0,1.0,1.0,0.0,1.0,Longo da via,Bom,Não existe,Perfeito estado,Seca,Perfeito estado,Outras,60 km/h,Dupla,"543, AV HERCULANO BANDEIRA, Recife, Pernambuco, Brasil",-8.0885118,-34.8857931
7307,2019-08-23 12:51:00,SEM VÍTIMA,PINA,AV ANTONIO DE GOES,820,103.0,CIDADE,COLISÃO TRASEIRA,2.0,1.0,1.0,1.0,1.0,1.0,1.0,1.0,1.0,0.0,1.0,Longo da via,Bom,Sem defeito,Perfeito estado,Seca,Perfeito estado,Outras,60 km/h,Única,"820, AV ANTONIO DE GOES, Recife, Pernambuco, Brasil",-8.0868807,-34.8853409
8052,2019-09-16 11:12:00,SEM VÍTIMA,PINA,AV ENGENHEIRO DOMINGOS FERREIRA,1045,200.0,SUBURBIO,ABALROAMENTO TRANSVERSAL,1.0,1.0,1.0,1.0,1.0,1.0,1.0,1.0,1.0,0.0,1.0,Cruzamento,Bom,Sem defeito,Perfeito estado,Seca,Perfeito estado,Não há placas,60 km/h,Única,"1045, AV ENGENHEIRO DOMINGOS FERREIRA, Recife, Pernambuco, Brasil",-8.0985684,-34.8862035
6861,2019-08-09 16:49:00,SEM VÍTIMA,PINA,AV ANTONIO DE GOES,500,200.0,SUBURBIO,COLISÃO,2.0,1.0,1.0,1.0,1.0,1.0,1.0,1.0,1.0,0.0,1.0,Cruzamento,Bom,Sem defeito,Perfeito estado,Seca,Perfeito estado,Não há placas,60 km/h,Única,"500, AV ANTONIO DE GOES, Recife, Pernambuco, Brasil",-8.0868807,-34.8853409
8047,2019-09-16 08:59:00,SEM VÍTIMA,PINA,RUA MANOEL DE BRITO, ,659.0,CIDADE,ABALROAMENTO LONGITUDINAL,2.0,1.0,1.0,1.0,1.0,1.0,1.0,1.0,1.0,0.0,1.0,Cruzamento,Bom,Sem defeito,Perfeito estado,Seca,Perfeito estado,Outras,60 km/h,Única," , RUA MANOEL DE BRITO, Recife, Pernambuco, Brasil",-8.0881016,-34.8894949
6863,2019-08-09 17:09:00,COM VÍTIMA,PINA,AV CONSELHEIRO AGUIAR,600,659.0,CIDADE,COLISÃO TRASEIRA,1.0,1.0,1.0,1.0,1.0,1.0,1.0,1.0,1.0,1.0,1.0,Longo da via,Bom,Sem defeito,Perfeito estado,Seca,Perfeito estado,Não há placas,60 km/h,Única,"600, AV CONSELHEIRO AGUIAR, Recife, Pernambuco, Brasil",-8.0957502,-34.8849013
8029,2019-09-15 14:57:00,SEM VÍTIMA,PINA,AV ANTONIO DE GOES, ,659.0,CIDADE,COLISÃO,3.0,1.0,1.0,1.0,1.0,1.0,1.0,1.0,1.0,0.0,1.0,Longo da via,Bom,Sem defeito,Perfeito estado,Seca,Perfeito estado,Não há placas,60 km/h,Única," , AV ANTONIO DE GOES, Recife, Pernambuco, Brasil",-8.0868807,-34.8853409
7294,2019-08-23 06:21:00,COM VÍTIMA,PINA,AV BOA VIAGEM,100,659.0,CIDADE,ABALROAMENTO LONGITUDINAL,1.0,1.0,1.0,1.0,1.0,1.0,1.0,1.0,1.0,1.0,1.0,Longo da via,Bom,Não existe,Perfeito estado,Seca,Perfeito estado,Outras,60 km/h,Única,"100, AV BOA VIAGEM, Recife, Pernambuco, Brasil",-8.0923445,-34.88270902397002
6958,2019-08-13 11:31:00,SEM VÍTIMA,PINA,AV ENCANTA MOCA,1011,659.0,CIDADE,ABALROAMENTO TRANSVERSAL,2.0,1.0,1.0,1.0,1.0,1.0,1.0,1.0,1.0,0.0,1.0,Longo da via,Bom,Não existe,Perfeito estado,Seca,Perfeito estado,Não há placas,60 km/h,Dupla,"1011, AV ENCANTA MOCA, Recife, Pernambuco, Brasil",-8.0889553,-34.8861583
7293,2019-08-23 01:28:00,SEM VÍTIMA,PINA,AV ENGENHEIRO DOMINGOS FERREIRA, ,142.0,SUBURBIO,ABALROAMENTO TRANSVERSAL,2.0,1.0,1.0,1.0,1.0,1.0,1.0,1.0,1.0,0.0,1.0,Cruzamento,Chuvoso,Sem defeito,Perfeito estado,Molhada,Perfeito estado,Outras,60 km/h,Dupla," , AV ENGENHEIRO DOMINGOS FERREIRA, Recife, Pernambuco, Brasil",-8.1155752,-34.8954699
7978,2019-09-13 16:18:00,COM VÍTIMA,PINA,PTE GOVERNADOR PAULO GUERRA, ,142.0,SUBURBIO,COLISÃO,1.0,1.0,1.0,1.0,1.0,1.0,1.0,1.0,1.0,1.0,1.0,Ponte,Bom,Não existe,Perfeito estado,Seca,Perfeito estado,Não há placas,60 km/h,Única," , PTE GOVERNADOR PAULO GUERRA, Recife, Pernambuco, Brasil",-8.1155752,-34.8954699
7958,2019-09-13 08:54:00,SEM VÍTIMA,PINA,AVENIDA CELSO FURTADO (VIA MANGUE), ,142.0,SUBURBIO,COLISÃO TRASEIRA,2.0,1.0,1.0,1.0,1.0,1.0,1.0,1.0,1.0,0.0,1.0,Longo da via,Bom,Não existe,Perfeito estado,Seca,Perfeito estado,R-6a,60 km/h,Dupla," , AVENIDA CELSO FURTADO (VIA MANGUE), Recife, Pernambuco, Brasil",-8.1155752,-34.8954699
6338,2019-07-23 19:14:00,SEM VÍTIMA,PINA,AV ENGENHEIRO DOMINGOS FERREIRA,133,142.0,SUBURBIO,COLISÃO,2.0,1.0,1.0,1.0,1.0,1.0,1.0,1.0,1.0,0.0,1.0,Longo da via,Bom,Não existe,Perfeito estado,Seca,Perfeito estado,R-6a,60 km/h,Dupla,"133, AV ENGENHEIRO DOMINGOS FERREIRA, Recife, Pernambuco, Brasil",-8.118197,-34.8970498
7020,2019-08-14 22:35:00,SEM VÍTIMA,PINA,RUA CONSUL JOSEPH NOUJAIM, ,658.0,CIDADE,ABALROAMENTO TRANSVERSAL,2.0,1.0,1.0,1.0,1.0,1.0,1.0,1.0,1.0,0.0,1.0,Cruzamento,Chuvoso,Sem defeito,Perfeito estado,Molhada,Perfeito estado,R-6a,60 km/h,Única," , RUA CONSUL JOSEPH NOUJAIM, Recife, Pernambuco, Brasil",-8.118197,-34.8970498
7955,2019-09-13 07:39:00,COM VÍTIMA,PINA,AVENIDA CELSO FURTADO (VIA MANGUE), ,658.0,CIDADE,CHOQUE,2.0,1.0,1.0,1.0,1.0,1.0,1.0,1.0,1.0,1.0,1.0,Longo da via,Bom,Não existe,Perfeito estado,Seca,Perfeito estado,Não há placas,60 km/h,Dupla," , AVENIDA CELSO FURTADO (VIA MANGUE), Recife, Pernambuco, Brasil",-8.118197,-34.8970498
7035,2019-08-15 12:14:00,COM VÍTIMA,PINA,AVENIDA CELSO FURTADO (VIA MANGUE), ,658.0,CIDADE,COLISÃO TRASEIRA,1.0,1.0,1.0,1.0,1.0,1.0,1.0,1.0,1.0,1.0,1.0,Longo da via,Bom,Não existe,Perfeito estado,Seca,Perfeito estado,Não há placas,60 km/h,Dupla," , AVENIDA CELSO FURTADO (VIA MANGUE), Recife, Pernambuco, Brasil",-8.118197,-34.8970498
7044,2019-08-15 14:43:00,SEM VÍTIMA,PINA,AV HERCULANO BANDEIRA,563,658.0,SUBURBIO,ABALROAMENTO LONGITUDINAL,1.0,1.0,1.0,1.0,1.0,1.0,1.0,1.0,1.0,0.0,1.0,Longo da via,Bom,Não existe,Perfeito estado,Seca,Perfeito estado,Não há placas,60 km/h,Única,"563, AV HERCULANO BANDEIRA, Recife, Pernambuco, Brasil",-8.0883422,-34.8859518
7055,2019-08-15 19:38:00,SEM VÍTIMA,PINA,AV CONSELHEIRO AGUIAR, ,140.0,CIDADE,COLISÃO TRASEIRA,2.0,1.0,1.0,1.0,1.0,1.0,1.0,1.0,1.0,0.0,1.0,Longo da via,Bom,Com defeito,Perfeito estado,Seca,Perfeito estado,R-6a,60 km/h,Única," , AV CONSELHEIRO AGUIAR, Recife, Pernambuco, Brasil",-8.1017679,-34.8870824
7286,2019-08-22 19:56:00,SEM VÍTIMA,PINA,VIADUTO CAPITAO TEMUDO, ,140.0,SUBURBIO,COLISÃO,2.0,1.0,1.0,1.0,1.0,1.0,1.0,1.0,1.0,0.0,1.0,Longo da via,Bom,Com defeito,Perfeito estado,Seca,Perfeito estado,R-6a,60 km/h,Única," , VIADUTO CAPITAO TEMUDO, Recife, Pernambuco, Brasil",-8.075106,-34.8934944
7255,2019-08-22 07:58:00,SEM VÍTIMA,PINA,AV REPUBLICA DO LIBANO, ,140.0,SUBURBIO,COLISÃO,1.0,1.0,1.0,1.0,1.0,1.0,1.0,1.0,1.0,0.0,1.0,Longo da via,Bom,Com defeito,Perfeito estado,Seca,Perfeito estado,R-6a,60 km/h,Única," , AV REPUBLICA DO LIBANO, Recife, Pernambuco, Brasil",-8.0885683,-34.8917004
7847,2019-09-10 12:06:00,SEM VÍTIMA,PINA,AV ANTONIO DE GOES,131,140.0,CIDADE,ABALROAMENTO LONGITUDINAL,1.0,1.0,1.0,1.0,1.0,1.0,1.0,1.0,1.0,0.0,1.0,Longo da via,Bom,Sem defeito,Perfeito estado,Seca,Perfeito estado,R-6a,60 km/h,Única,"131, AV ANTONIO DE GOES, Recife, Pernambuco, Brasil",-8.0868807,-34.8853409
7057,2019-08-15 20:18:00,COM VÍTIMA,PINA,AV CONSELHEIRO AGUIAR,550,140.0,CIDADE,ABALROAMENTO TRANSVERSAL,1.0,1.0,1.0,1.0,1.0,1.0,1.0,1.0,1.0,1.0,1.0,Cruzamento,Bom,Com defeito,Perfeito estado,Seca,Perfeito estado,R-6a,60 km/h,Única,"550, AV CONSELHEIRO AGUIAR, Recife, Pernambuco, Brasil",-8.0952976,-34.8847261
7068,2019-08-16 09:17:00,SEM VÍTIMA,PINA,AV HERCULANO BANDEIRA, ,140.0,SUBURBIO,ABALROAMENTO LONGITUDINAL,1.0,1.0,1.0,1.0,1.0,1.0,1.0,1.0,1.0,0.0,1.0,Longo da via,Bom,Não existe,Perfeito estado,Seca,Perfeito estado,Placas Pare,60 km/h,Única," , AV HERCULANO BANDEIRA, Recife, Pernambuco, Brasil",-8.0908689,-34.8831924
7921,2019-09-12 09:44:00,COM VÍTIMA,PINA,AV ENGENHEIRO DOMINGOS FERREIRA, ,140.0,SUBURBIO,COLISÃO,1.0,1.0,1.0,1.0,1.0,1.0,1.0,1.0,1.0,1.0,1.0,Longo da via,Bom,Sem defeito,Perfeito estado,Seca,Perfeito estado,Não há placas,60 km/h,Única," , AV ENGENHEIRO DOMINGOS FERREIRA, Recife, Pernambuco, Brasil",-8.1155752,-34.8954699
7902,2019-09-11 18:18:00,SEM VÍTIMA,PINA,AV ANTONIO DE GOES, ,103.0,CIDADE,ABALROAMENTO LONGITUDINAL,1.0,1.0,1.0,1.0,1.0,1.0,1.0,1.0,1.0,0.0,1.0,Cruzamento,Bom,Sem defeito,Perfeito estado,Seca,Perfeito estado,Não há placas,60 km/h,Única," , AV ANTONIO DE GOES, Recife, Pernambuco, Brasil",-8.0868807,-34.8853409
7867,2019-09-11 07:09:00,SEM VÍTIMA,PINA,AV HERCULANO BANDEIRA,949,660.0,SUBURBIO,ABALROAMENTO TRANSVERSAL,2.0,1.0,1.0,1.0,1.0,1.0,1.0,1.0,1.0,0.0,1.0,Cruzamento,Bom,Sem defeito,Perfeito estado,Seca,Perfeito estado,Não há placas,60 km/h,Única,"949, AV HERCULANO BANDEIRA, Recife, Pernambuco, Brasil",-8.0856317,-34.8885277
7757,2019-09-07 16:06:00,SEM VÍTIMA,PINA,RUA BEM TE VI,1,660.0,SUBURBIO,COLISÃO TRASEIRA,2.0,1.0,1.0,1.0,1.0,1.0,1.0,1.0,1.0,0.0,1.0,Longo da via,Bom,Não existe,Perfeito estado,Seca,Perfeito estado,Não há placas,40 km/h,Dupla,"1, RUA BEM TE VI, Recife, Pernambuco, Brasil",-7.9811759,-34.9181557
7851,2019-09-10 13:43:00,SEM VÍTIMA,PINA,AV HERCULANO BANDEIRA, ,657.0,SUBURBIO,ABALROAMENTO LONGITUDINAL,2.0,1.0,1.0,1.0,1.0,1.0,1.0,1.0,1.0,0.0,1.0,Cruzamento,Bom,Sem defeito,Perfeito estado,Seca,Perfeito estado,Não há placas,40 km/h,Única," , AV HERCULANO BANDEIRA, Recife, Pernambuco, Brasil",-8.0908689,-34.8831924
6788,2019-08-08 08:00:00,SEM VÍTIMA,PINA,AV ANTONIO DE GOES, ,657.0,CIDADE,COLISÃO TRASEIRA,2.0,1.0,1.0,1.0,1.0,1.0,1.0,1.0,1.0,0.0,1.0,Longo da via,Chuvoso,Sem defeito,Perfeito estado,Molhada,Perfeito estado,Outras,60 km/h,Única," , AV ANTONIO DE GOES, Recife, Pernambuco, Brasil",-8.0868807,-34.8853409
7371,2019-08-26 09:35:00,COM VÍTIMA,PINA,AVENIDA CELSO FURTADO (VIA MANGUE), ,657.0,SUBURBIO,TOMBAMENTO,2.0,1.0,1.0,1.0,1.0,1.0,1.0,1.0,1.0,1.0,1.0,Longo da via,Bom,Não existe,Perfeito estado,Seca,Perfeito estado,Outras,60 km/h,Dupla," , AVENIDA CELSO FURTADO (VIA MANGUE), Recife, Pernambuco, Brasil",-8.0868807,-34.8853409
7579,2019-09-02 11:07:00,SEM VÍTIMA,PINA,RUA PROFESSOR JOSUE DE CASTRO, ,103.0,SUBURBIO,COLISÃO TRASEIRA,2.0,1.0,1.0,1.0,1.0,1.0,1.0,1.0,1.0,0.0,1.0,Longo da via,Bom,Sem defeito,Perfeito estado,Seca,Perfeito estado,Não há placas,60 km/h,Única," , RUA PROFESSOR JOSUE DE CASTRO, Recife, Pernambuco, Brasil",-8.0301949,-34.9521151
4579,2019-05-25 14:37:00,SEM VÍTIMA,PINA,RUA SAO LUIZ,591,103.0,SUBURBIO,CHOQUE VEÍCULO PARADO,1.0,1.0,1.0,1.0,1.0,1.0,1.0,1.0,1.0,0.0,1.0,Longo da via,Bom,Não existe,Não existente,Seca,Perfeito estado,Não há placas,30 km/h,Dupla,"591, RUA SAO LUIZ, Recife, Pernambuco, Brasil",-7.9617717,-34.8581131
6360,2019-07-24 17:23:00,COM VÍTIMA,PINA,AV HERCULANO BANDEIRA, ,103.0,SUBURBIO,COLISÃO FRONTAL,1.0,1.0,1.0,1.0,1.0,1.0,1.0,1.0,1.0,1.0,1.0,Cruzamento,Bom,Não existe,Perfeito estado,Seca,Perfeito estado,Não há placas,30 km/h,Dupla," , AV HERCULANO BANDEIRA, Recife, Pernambuco, Brasil",-8.0908689,-34.8831924
8332,2019-09-24 11:30:00,COM VÍTIMA,PINA,AVENIDA CELSO FURTADO (VIA MANGUE), ,103.0,SUBURBIO,ABALROAMENTO LONGITUDINAL,1.0,1.0,1.0,1.0,1.0,1.0,1.0,1.0,1.0,1.0,1.0,Ponte,Bom,Não existe,Perfeito estado,Seca,Perfeito estado,Não há placas,30 km/h,Única," , AVENIDA CELSO FURTADO (VIA MANGUE), Recife, Pernambuco, Brasil",-8.0908689,-34.8831924
8308,2019-09-23 15:14:00,SEM VÍTIMA,PINA,AV ENGENHEIRO DOMINGOS FERREIRA, ,142.0,SUBURBIO,COLISÃO TRASEIRA,2.0,1.0,1.0,1.0,1.0,1.0,1.0,1.0,1.0,0.0,1.0,Longo da via,Bom,Sem defeito,Perfeito estado,Seca,Perfeito estado,R-6a,60 km/h,Dupla," , AV ENGENHEIRO DOMINGOS FERREIRA, Recife, Pernambuco, Brasil",-8.1155752,-34.8954699
6455,2019-07-28 21:38:00,SEM VÍTIMA,PINA,AV REPUBLICA DO LIBANO, ,142.0,SUBURBIO,COLISÃO TRASEIRA,2.0,1.0,1.0,1.0,1.0,1.0,1.0,1.0,1.0,0.0,1.0,Longo da via,Bom,Não existe,Perfeito estado,Seca,Perfeito estado,Outras,60 km/h,Única," , AV REPUBLICA DO LIBANO, Recife, Pernambuco, Brasil",-8.0885683,-34.8917004
6479,2019-07-29 15:12:00,SEM VÍTIMA,PINA,AV ANTONIO DE GOES, ,142.0,CIDADE,COLISÃO TRASEIRA,2.0,1.0,1.0,1.0,1.0,1.0,1.0,1.0,1.0,0.0,1.0,Longo da via,Bom,Não existe,Perfeito estado,Seca,Perfeito estado,Placas Pare,60 km/h,Única," , AV ANTONIO DE GOES, Recife, Pernambuco, Brasil",-8.0868807,-34.8853409
7596,2019-09-02 18:50:00,SEM VÍTIMA,PINA,RUA TOME GIBSON, ,142.0,CIDADE,COLISÃO TRASEIRA,2.0,1.0,1.0,1.0,1.0,1.0,1.0,1.0,1.0,0.0,1.0,Longo da via,Bom,Não existe,Ilegível,Seca,Perfeito estado,Não há placas,60 km/h,Dupla," , RUA TOME GIBSON, Recife, Pernambuco, Brasil",-8.0969421,-34.8906426
7552,2019-09-01 15:25:00,SEM VÍTIMA,PINA,AV ANTONIO DE GOES,194,142.0,CIDADE,ABALROAMENTO LONGITUDINAL,2.0,1.0,1.0,1.0,1.0,1.0,1.0,1.0,1.0,0.0,1.0,Longo da via,Bom,Sem defeito,Perfeito estado,Seca,Perfeito estado,Não há placas,60 km/h,Única,"194, AV ANTONIO DE GOES, Recife, Pernambuco, Brasil",-8.0868807,-34.8853409
6498,2019-07-30 13:24:00,SEM VÍTIMA,PINA,AV ANTONIO DE GOES, ,142.0,OLINDA,COLISÃO,3.0,1.0,1.0,1.0,1.0,1.0,1.0,1.0,1.0,0.0,1.0,Longo da via,Bom,Sem defeito,Perfeito estado,Seca,Perfeito estado,Não há placas,60 km/h,Única," , AV ANTONIO DE GOES, Recife, Pernambuco, Brasil",-8.0868807,-34.8853409
8246,2019-09-21 10:09:00,SEM VÍTIMA,PINA,AV HERCULANO BANDEIRA, ,142.0,CIDADE,ABALROAMENTO LONGITUDINAL,1.0,1.0,1.0,1.0,1.0,1.0,1.0,1.0,1.0,0.0,1.0,Cruzamento,Bom,Sem defeito,Perfeito estado,Seca,Perfeito estado,Outras,60 km/h,Única," , AV HERCULANO BANDEIRA, Recife, Pernambuco, Brasil",-8.0908689,-34.8831924
4572,2019-05-25 10:25:00,SEM VÍTIMA,PINA,AV ENGENHEIRO DOMINGOS FERREIRA,112,142.0,SUBURBIO,ABALROAMENTO LONGITUDINAL,2.0,1.0,1.0,1.0,1.0,1.0,1.0,1.0,1.0,0.0,1.0,Longo da via,Bom,Não existe,Perfeito estado,Seca,Perfeito estado,Outras,60 km/h,Única,"112, AV ENGENHEIRO DOMINGOS FERREIRA, Recife, Pernambuco, Brasil",-8.0912063,-34.8847207
7356,2019-08-25 10:32:00,SEM VÍTIMA,PINA,RUA TOME GIBSON, ,200.0,SUBURBIO,COLISÃO TRASEIRA,2.0,1.0,1.0,1.0,1.0,1.0,1.0,1.0,1.0,0.0,1.0,Longo da via,Bom,Sem defeito,Perfeito estado,Seca,Perfeito estado,Não há placas,60 km/h,Dupla," , RUA TOME GIBSON, Recife, Pernambuco, Brasil",-8.0969421,-34.8906426
4570,2019-05-25 09:32:00,SEM VÍTIMA,PINA,AV ENGENHEIRO DOMINGOS FERREIRA,90,200.0,SUBURBIO,ABALROAMENTO LONGITUDINAL,1.0,1.0,1.0,1.0,1.0,1.0,1.0,1.0,1.0,0.0,1.0,Longo da via,Bom,Não existe,Perfeito estado,Seca,Perfeito estado,Não há placas,60 km/h,Única,"90, AV ENGENHEIRO DOMINGOS FERREIRA, Recife, Pernambuco, Brasil",-8.1289251,-34.9019489
8236,2019-09-21 01:22:00,SEM VÍTIMA,PINA,AV CONSELHEIRO AGUIAR,204,200.0,SUBURBIO,COLISÃO TRASEIRA,2.0,1.0,1.0,1.0,1.0,1.0,1.0,1.0,1.0,0.0,1.0,Longo da via,Bom,Sem defeito,Perfeito estado,Seca,Perfeito estado,Não há placas,60 km/h,Única,"204, AV CONSELHEIRO AGUIAR, Recife, Pernambuco, Brasil",-8.1141184,-34.8933999
7524,2019-08-30 23:22:00,SEM VÍTIMA,PINA,AV HERCULANO BANDEIRA, ,200.0,SUBURBIO,ABALROAMENTO LONGITUDINAL,1.0,1.0,1.0,1.0,1.0,1.0,1.0,1.0,1.0,0.0,1.0,Longo da via,Bom,Não existe,Perfeito estado,Seca,Perfeito estado,Não há placas,60 km/h,Dupla," , AV HERCULANO BANDEIRA, Recife, Pernambuco, Brasil",-8.0908689,-34.8831924
8209,2019-09-20 11:16:00,SEM VÍTIMA,PINA,AV HERCULANO BANDEIRA,543,200.0,SUBURBIO,ABALROAMENTO LONGITUDINAL,1.0,1.0,1.0,1.0,1.0,1.0,1.0,1.0,1.0,0.0,1.0,Longo da via,Chuvoso,Não existe,Perfeito estado,Molhada,Perfeito estado,R-6a,60 km/h,Única,"543, AV HERCULANO BANDEIRA, Recife, Pernambuco, Brasil",-8.0885118,-34.8857931
7473,2019-08-29 14:33:00,SEM VÍTIMA,PINA,RUA HENRIQUETA TORREIRO, ,200.0,SUBURBIO,ABALROAMENTO TRANSVERSAL,2.0,1.0,1.0,1.0,1.0,1.0,1.0,1.0,1.0,0.0,1.0,Longo da via,Bom,Não existe,Perfeito estado,Seca,Perfeito estado,Não há placas,60 km/h,Dupla," , RUA HENRIQUETA TORREIRO, Recife, Pernambuco, Brasil",-8.087849,-34.8944801
8186,2019-09-19 17:31:00,COM VÍTIMA,PINA,AV ANTONIO DE GOES,434,277.0,CIDADE,COLISÃO TRASEIRA,1.0,1.0,1.0,1.0,1.0,1.0,1.0,1.0,1.0,1.0,1.0,Longo da via,Bom,Sem defeito,Perfeito estado,Seca,Perfeito estado,Não há placas,60 km/h,Dupla,"434, AV ANTONIO DE GOES, Recife, Pernambuco, Brasil",-8.0868807,-34.8853409
7403,2019-08-27 11:24:00,COM VÍTIMA,PINA,AV ANTONIO DE GOES,60,277.0,CIDADE,ATROPELAMENTO,1.0,1.0,1.0,1.0,1.0,1.0,1.0,1.0,1.0,1.0,1.0,Longo da via,Bom,Não existe,Perfeito estado,Seca,Perfeito estado,Não há placas,60 km/h,Única,"60, AV ANTONIO DE GOES, Recife, Pernambuco, Brasil",-8.0892773,-34.8819626
8174,2019-09-19 11:44:00,SEM VÍTIMA,PINA,AV REPUBLICA ARABE UNIDA, ,277.0,CIDADE,COLISÃO,2.0,1.0,1.0,1.0,1.0,1.0,1.0,1.0,1.0,0.0,1.0,Longo da via,Bom,Não existe,Perfeito estado,Seca,Perfeito estado,Não há placas,60 km/h,Única," , AV REPUBLICA ARABE UNIDA, Recife, Pernambuco, Brasil",-8.0871924,-34.8886755
4558,2019-05-24 16:41:00,SEM VÍTIMA,PINA,RUA JOSE MARIANO FILHO,253,277.0,CIDADE,ABALROAMENTO LONGITUDINAL,1.0,1.0,1.0,1.0,1.0,1.0,1.0,1.0,1.0,0.0,1.0,Longo da via,Bom,Não existe,Não existente,Seca,Perfeito estado,R-6a,60 km/h,Única,"253, RUA JOSE MARIANO FILHO, Recife, Pernambuco, Brasil",-8.0868864,-34.8848058
7400,2019-08-27 09:12:00,SEM VÍTIMA,PINA,RUA IVONETE FERREIRA DA SILVA,4,277.0,CIDADE,COLISÃO TRASEIRA,2.0,1.0,1.0,1.0,1.0,1.0,1.0,1.0,1.0,0.0,1.0,Longo da via,Bom,Não existe,Perfeito estado,Seca,Perfeito estado,Não há placas,60 km/h,Dupla,"4, RUA IVONETE FERREIRA DA SILVA, Recife, Pernambuco, Brasil",-8.0868864,-34.8848058
8245,2019-09-21 09:48:00,SEM VÍTIMA,PINA,RUA CAPITAO REBELINHO,123,277.0,CIDADE,ABALROAMENTO LONGITUDINAL,1.0,1.0,1.0,1.0,1.0,1.0,1.0,1.0,1.0,0.0,1.0,Longo da via,Bom,Sem defeito,Perfeito estado,Seca,Perfeito estado,Outras,30 km/h,Única,"123, RUA CAPITAO REBELINHO, Recife, Pernambuco, Brasil",-8.0966505,-34.8843925
7858,2019-09-10 16:18:00,SEM VÍTIMA,PINA,AV REPUBLICA DO LIBANO, ,277.0,CIDADE,ABALROAMENTO LONGITUDINAL,2.0,1.0,1.0,1.0,1.0,1.0,1.0,1.0,1.0,0.0,1.0,Longo da via,Bom,Não existe,Perfeito estado,Seca,Perfeito estado,Outras,30 km/h,Única," , AV REPUBLICA DO LIBANO, Recife, Pernambuco, Brasil",-8.0885683,-34.8917004
12019,2019-12-29 12:23:00,SEM VÍTIMA,PONTO DE PARADA,RUA FREDERICO,10,238.0,CIDADE,ABALROAMENTO LONGITUDINAL,3.0,1.0,1.0,1.0,1.0,1.0,1.0,1.0,1.0,0.0,1.0,Longo da via,Bom,Sem defeito,Perfeito estado,Seca,Perfeito estado,Não há placas,30 km/h,Única,"10, RUA FREDERICO, Recife, Pernambuco, Brasil",-8.0343908,-34.8914014
140,2019-01-07 10:44:00,COM VÍTIMA,PONTO DE PARADA,AV BEBERIBE, ,63.0,CIDADE,ABALROAMENTO TRANSVERSAL,3.0,3.0,1.0,1.0,1.0,1.0,1.0,1.0,1.0,2.0,1.0,Cruzamento,Bom,Sem defeito,Perfeito estado,Seca,Perfeito estado,Outras,50 km/h,Dupla," , AV BEBERIBE, Recife, Pernambuco, Brasil",-8.013146,-34.8893491