,data_hora,natureza_acidente,bairro,endereco,numero,num_semaforo,sentido_via,tipo,auto,moto,ciclom,ciclista,pedestre,onibus,caminhao,viatura,outros,vitimas,vitimasfatais,acidente_verificado,tempo_clima,situacao_semaforo,sinalizacao,condicao_via,conservacao_via,situacao_placa,velocidade_max_via,mao_direcao,end,latitude,longitude
9577,2019-10-29 08:22:00,SEM VÍTIMA,PONTO DE PARADA,RUA DONA JULIETA, ,63.0,CIDADE,COLISÃO,1.0,1.0,1.0,1.0,1.0,1.0,1.0,1.0,1.0,0.0,1.0,Cruzamento,Bom,Sem defeito,Perfeito estado,Seca,Perfeito estado,Outras,50 km/h,Dupla," , RUA DONA JULIETA, Recife, Pernambuco, Brasil",-8.0331002,-34.8913912
376,2019-01-15 07:46:00,SEM VÍTIMA,PONTO DE PARADA,RUA PROFESSOR JERONIMO GUEIROS,37,495.0,CIDADE,COLISÃO TRASEIRA,2.0,1.0,1.0,1.0,1.0,1.0,1.0,1.0,1.0,0.0,1.0,Cruzamento,Bom,Sem defeito,Perfeito estado,Seca,Perfeito estado,Não há placas,50 km/h,Única,"37, RUA PROFESSOR JERONIMO GUEIROS, Recife, Pernambuco, Brasil",-8.0312653,-34.8898999
9820,2019-11-04 10:03:00,SEM VÍTIMA,PONTO DE PARADA,RUA COUTO MAGALHAES,129,495.0,SUBURBIO,ABALROAMENTO TRANSVERSAL,2.0,1.0,1.0,1.0,1.0,1.0,1.0,1.0,1.0,0.0,1.0,Cruzamento,Bom,Não existe,Não existente,Seca,Perfeito estado,Não há placas,40 km/h,Dupla,"129, RUA COUTO MAGALHAES, Recife, Pernambuco, Brasil",-8.0302154,-34.8931239
2931,2019-04-03 17:34:00,SEM VÍTIMA,PONTO DE PARADA,RUA PROFESSOR JERONIMO GUEIROS, ,495.0,SUBURBIO,ABALROAMENTO TRANSVERSAL,2.0,1.0,1.0,1.0,1.0,1.0,1.0,1.0,1.0,0.0,1.0,Cruzamento,Bom,Não existe,Incompleta,Seca,Perfeito estado,Não há placas,40 km/h,Dupla," , RUA PROFESSOR JERONIMO GUEIROS, Recife, Pernambuco, Brasil",-8.0312653,-34.8898999
5459,2019-06-22 17:09:00,SEM VÍTIMA,PONTO DE PARADA,AV BEBERIBE, ,63.0,SUBURBIO,COLISÃO TRASEIRA,2.0,1.0,1.0,1.0,1.0,1.0,1.0,1.0,1.0,0.0,1.0,Cruzamento,Bom,Sem defeito,Perfeito estado,Seca,Perfeito estado,Não há placas,60 km/h,Dupla," , AV BEBERIBE, Recife, Pernambuco, Brasil",-8.013146,-34.8893491
2288,2019-03-16 08:30:00,COM VÍTIMA,PONTO DE PARADA,AV BEBERIBE,441,63.0,SUBURBIO,ABALROAMENTO TRANSVERSAL,1.0,1.0,1.0,1.0,1.0,1.0,1.0,1.0,1.0,1.0,1.0,Cruzamento,Bom,Sem defeito,Perfeito estado,Seca,Perfeito estado,Não há placas,60 km/h,Dupla,"441, AV BEBERIBE, Recife, Pernambuco, Brasil",-8.0334438,-34.8919809
11272,2019-12-09 17:10:00,SEM VÍTIMA,PONTO DE PARADA,RUA FREDERICO,82,63.0,SUBURBIO,ABALROAMENTO TRANSVERSAL,1.0,1.0,1.0,1.0,1.0,1.0,1.0,1.0,1.0,0.0,1.0,Cruzamento,Bom,Não existe,Perfeito estado,Seca,Perfeito estado,Não há placas,40 km/h,Única,"82, RUA FREDERICO, Recife, Pernambuco, Brasil",-8.03407,-34.8908805
6835,2019-08-09 09:16:00,COM VÍTIMA,PONTO DE PARADA,RUA MEM DE SA,90,63.0,SUBURBIO,ABALROAMENTO TRANSVERSAL,1.0,1.0,1.0,1.0,1.0,1.0,1.0,1.0,1.0,1.0,1.0,Cruzamento,Bom,Não existe,Perfeito estado,Seca,Perfeito estado,R-6a,40 km/h,Dupla,"90, RUA MEM DE SA, Recife, Pernambuco, Brasil",-8.0298064,-34.8907448
11269,2019-12-09 16:22:00,SEM VÍTIMA,PONTO DE PARADA,RUA FREDERICO,82,63.0,SUBURBIO,ABALROAMENTO TRANSVERSAL,2.0,1.0,1.0,1.0,1.0,1.0,1.0,1.0,1.0,0.0,1.0,Cruzamento,Bom,Não existe,Perfeito estado,Seca,Perfeito estado,Não há placas,40 km/h,Única,"82, RUA FREDERICO, Recife, Pernambuco, Brasil",-8.03407,-34.8908805
5460,2019-06-22 18:35:00,SEM VÍTIMA,PONTO DE PARADA,AV BEBERIBE, ,63.0,SUBURBIO,ABALROAMENTO TRANSVERSAL,2.0,2.0,1.0,1.0,1.0,1.0,1.0,1.0,1.0,0.0,1.0,Cruzamento,Bom,Sem defeito,Perfeito estado,Seca,Perfeito estado,Não há placas,60 km/h,Dupla," , AV BEBERIBE, Recife, Pernambuco, Brasil",-8.013146,-34.8893491
11519,2019-12-15 13:21:00,SEM VÍTIMA,PONTO DE PARADA,AV BEBERIBE,825,63.0,CIDADE,ABALROAMENTO LONGITUDINAL,1.0,2.0,1.0,1.0,1.0,1.0,1.0,1.0,1.0,0.0,1.0,Cruzamento,Bom,Sem defeito,Perfeito estado,Seca,Perfeito estado,Outras,60 km/h,Dupla,"825, AV BEBERIBE, Recife, Pernambuco, Brasil",-8.0223817,-34.8940353
921,2019-02-04 18:40:00,SEM VÍTIMA,PORTO DA MADEIRA,AV BEBERIBE, ,63.0,CIDADE,COLISÃO,2.0,2.0,1.0,1.0,1.0,1.0,1.0,1.0,1.0,0.0,1.0,Cruzamento,Bom,Sem defeito,Perfeito estado,Seca,Perfeito estado,Outras,60 km/h,Dupla," , AV BEBERIBE, Recife, Pernambuco, Brasil",-8.013146,-34.8893491
6358,2019-07-24 14:32:00,SEM VÍTIMA,PORTO DA MADEIRA,AV BEBERIBE,3785,63.0,CIDADE,ABALROAMENTO LONGITUDINAL,2.0,2.0,1.0,1.0,1.0,1.0,1.0,1.0,1.0,0.0,1.0,Longo da via,Chuvoso,Não existe,Incompleta,Seca,Perfeito estado,Não há placas,60 km/h,Dupla,"3785, AV BEBERIBE, Recife, Pernambuco, Brasil",-8.0223817,-34.8940353
11107,2019-12-05 21:13:00,COM VÍTIMA,PORTO DA MADEIRA,AV BEBERIBE, ,575.0,SUBURBIO,COLISÃO FRONTAL,2.0,2.0,1.0,1.0,1.0,1.0,1.0,1.0,1.0,1.0,1.0,Longo da via,Bom,Sem defeito,Ilegível,Seca,Perfeito estado,R-6a,60 km/h,Dupla," , AV BEBERIBE, Recife, Pernambuco, Brasil",-8.013146,-34.8893491
4766,2019-05-31 17:38:00,COM VÍTIMA,PORTO DA MADEIRA,RUA DALVA DE OLIVEIRA,175,575.0,SUBURBIO,ABALROAMENTO TRANSVERSAL,1.0,1.0,1.0,1.0,1.0,1.0,1.0,1.0,1.0,1.0,1.0,Longo da via,Bom,Não existe,Perfeito estado,Seca,Perfeito estado,Não há placas,60 km/h,Dupla,"175, RUA DALVA DE OLIVEIRA, Recife, Pernambuco, Brasil",-8.0055032,-34.8900523
1939,2019-03-07 07:50:00,SEM VÍTIMA,PORTO DA MADEIRA,AV BEBERIBE,3433,575.0,CIDADE,ABALROAMENTO LONGITUDINAL,1.0,1.0,1.0,1.0,1.0,1.0,1.0,1.0,1.0,0.0,1.0,Longo da via,Bom,Não existe,Não existente,Seca,Perfeito estado,Não há placas,60 km/h,Única,"3433, AV BEBERIBE, Recife, Pernambuco, Brasil",-8.0087836,-34.8895646
2051,2019-03-09 17:07:00,COM VÍTIMA,PORTO DA MADEIRA,AV BEBERIBE,3377,388.0,CIDADE,COLISÃO TRASEIRA,1.0,1.0,1.0,1.0,1.0,1.0,1.0,1.0,1.0,1.0,1.0,Longo da via,Bom,Sem defeito,Perfeito estado,Seca,Perfeito estado,R-6a,60 km/h,Dupla,"3377, AV BEBERIBE, Recife, Pernambuco, Brasil",-8.0092002,-34.8892891
11186,2019-12-07 13:30:00,COM VÍTIMA,PORTO DA MADEIRA,AV BEBERIBE,3433,388.0,CIDADE,COLISÃO,1.0,1.0,1.0,1.0,1.0,1.0,1.0,1.0,1.0,1.0,1.0,Longo da via,Bom,Sem defeito,Perfeito estado,Seca,Perfeito estado,R-6a,60 km/h,Dupla,"3433, AV BEBERIBE, Recife, Pernambuco, Brasil",-8.0087836,-34.8895646
6588,2019-08-01 17:26:00,COM VÍTIMA,PORTO DA MADEIRA,AV BEBERIBE,4175,388.0,SUBURBIO,TOMBAMENTO,1.0,1.0,1.0,1.0,1.0,1.0,1.0,1.0,1.0,1.0,1.0,Longo da via,Chuvoso,Não existe,Incompleta,Molhada,Mal conservada,Não há placas,60 km/h,Dupla,"4175, AV BEBERIBE, Recife, Pernambuco, Brasil",-8.004476,-34.8943392
2195,2019-03-13 22:30:00,SEM VÍTIMA,PORTO DA MADEIRA,AV BEBERIBE,3173,388.0,CIDADE,ABALROAMENTO LONGITUDINAL,1.0,1.0,1.0,1.0,1.0,1.0,1.0,1.0,1.0,0.0,1.0,Longo da via,Bom,Não existe,Perfeito estado,Seca,Perfeito estado,Não há placas,50 km/h,Dupla,"3173, AV BEBERIBE, Recife, Pernambuco, Brasil",-8.0109299,-34.8893225
7460,2019-08-29 11:58:00,SEM VÍTIMA,PORTO DA MADEIRA,RUA DR ALBERTO WANDERLEY, ,388.0,CIDADE,COLISÃO,1.0,1.0,1.0,1.0,1.0,1.0,1.0,1.0,1.0,0.0,1.0,Longo da via,Bom,Não existe,Perfeito estado,Seca,Perfeito estado,Não há placas,50 km/h,Dupla," , RUA DR ALBERTO WANDERLEY, Recife, Pernambuco, Brasil",-8.0109299,-34.8893225
482,2019-01-19 17:38:00,SEM VÍTIMA,PORTO DA MADEIRA,AV BEBERIBE, ,575.0,CIDADE,COLISÃO TRASEIRA,3.0,1.0,1.0,1.0,1.0,1.0,1.0,1.0,1.0,0.0,1.0,Longo da via,Bom,Sem defeito,Perfeito estado,Seca,Perfeito estado,Outras,50 km/h,Dupla," , AV BEBERIBE, Recife, Pernambuco, Brasil",-8.013146,-34.8893491
9784,2019-11-03 09:46:00,SEM VÍTIMA,PORTO DA MADEIRA,AV ANIBAL BENEVOLO,285,575.0,CIDADE,ABALROAMENTO LONGITUDINAL,1.0,1.0,1.0,1.0,1.0,1.0,1.0,1.0,1.0,0.0,1.0,Longo da via,Bom,Não existe,Incompleta,Seca,Perfeito estado,Não há placas,50 km/h,Dupla,"285, AV ANIBAL BENEVOLO, Recife, Pernambuco, Brasil",-8.0095337,-34.8973642
7859,2019-09-10 17:40:00,SEM VÍTIMA,PORTO DA MADEIRA,RUA ARAPARI, ,575.0,CIDADE,COLISÃO,1.0,1.0,1.0,1.0,1.0,1.0,1.0,1.0,1.0,0.0,1.0,Longo da via,Bom,Não existe,Incompleta,Seca,Perfeito estado,Não há placas,50 km/h,Dupla," , RUA ARAPARI, Recife, Pernambuco, Brasil",-8.0045128,-34.8926748
8872,2019-10-09 01:05:00,SEM VÍTIMA,PORTO DA MADEIRA,AV BEBERIBE, ,575.0,SUBURBIO,COLISÃO TRASEIRA,2.0,1.0,1.0,1.0,1.0,1.0,1.0,1.0,1.0,0.0,1.0,Longo da via,Bom,Sem defeito,Perfeito estado,Seca,Perfeito estado,Não há placas,50 km/h,Dupla," , AV BEBERIBE, Recife, Pernambuco, Brasil",-8.013146,-34.8893491
2389,2019-03-19 09:04:00,COM VÍTIMA,PORTO DA MADEIRA,AV BEBERIBE,3359,388.0,CIDADE,ATROPELAMENTO,2.0,1.0,1.0,1.0,1.0,1.0,1.0,1.0,1.0,1.0,1.0,Longo da via,Bom,Sem defeito,Perfeito estado,Seca,Perfeito estado,R-19,30 km/h,Dupla,"3359, AV BEBERIBE, Recife, Pernambuco, Brasil",-8.0093207,-34.8892592
8145,2019-09-18 14:00:00,SEM VÍTIMA,PORTO DA MADEIRA,AV ANIBAL BENEVOLO,328,388.0,SUBURBIO,ABALROAMENTO LONGITUDINAL,1.0,1.0,1.0,1.0,1.0,1.0,1.0,1.0,1.0,0.0,1.0,Longo da via,Bom,Não existe,Perfeito estado,Seca,Perfeito estado,Outras,30 km/h,Dupla,"328, AV ANIBAL BENEVOLO, Recife, Pernambuco, Brasil",-8.0095337,-34.8973642
1139,2019-02-11 07:38:00,SEM VÍTIMA,PORTO DA MADEIRA,AV BEBERIBE,3295,388.0,SUBURBIO,COLISÃO TRASEIRA,1.0,1.0,1.0,1.0,1.0,1.0,1.0,1.0,1.0,0.0,1.0,Longo da via,Bom,Não existe,Perfeito estado,Seca,Perfeito estado,R-6a,30 km/h,Dupla,"3295, AV BEBERIBE, Recife, Pernambuco, Brasil",-8.0223817,-34.8940353
7753,2019-09-07 11:01:00,SEM VÍTIMA,PORTO DA MADEIRA,RUA DONA VIRTUOSA DE LUCENA,46,388.0,SUBURBIO,ABALROAMENTO LONGITUDINAL,2.0,1.0,1.0,1.0,1.0,1.0,1.0,1.0,1.0,0.0,1.0,Longo da via,Chuvoso,Não existe,Perfeito estado,Seca,Perfeito estado,R-6a,30 km/h,Dupla,"46, RUA DONA VIRTUOSA DE LUCENA, Recife, Pernambuco, Brasil",-8.0054663,-34.8925042
8074,2019-09-16 17:34:00,COM VÍTIMA,PORTO DA MADEIRA,AV BEBERIBE,3530,388.0,S,ABALROAMENTO LONGITUDINAL,1.0,1.0,1.0,1.0,1.0,1.0,1.0,1.0,1.0,1.0,1.0,Longo da via,Bom,Não existe,Perfeito estado,Seca,Perfeito estado,Outras,60 km/h,Dupla,"3530, AV BEBERIBE, Recife, Pernambuco, Brasil",-8.0069209,-34.8885868
1067,2019-02-08 12:03:00,SEM VÍTIMA,PORTO DA MADEIRA,AV BEBERIBE,8710,575.0,SUBURBIO,ABALROAMENTO TRANSVERSAL,1.0,2.0,1.0,1.0,1.0,1.0,1.0,1.0,1.0,0.0,1.0,Longo da via,Bom,Sem defeito,Perfeito estado,Seca,Perfeito estado,Outras,60 km/h,Dupla,"8710, AV BEBERIBE, Recife, Pernambuco, Brasil",-8.0223817,-34.8940353
11912,2019-12-26 06:56:00,SEM VÍTIMA,PORTO DA MADEIRA,AV BEBERIBE,3269,388.0,CIDADE,COLISÃO TRASEIRA,1.0,1.0,1.0,1.0,1.0,1.0,1.0,1.0,1.0,0.0,1.0,Longo da via,Bom,Sem defeito,Perfeito estado,Seca,Perfeito estado,Não há placas,50 km/h,Dupla,"3269, AV BEBERIBE, Recife, Pernambuco, Brasil",-8.0100528,-34.8891846
1845,2019-03-01 19:36:00,COM VÍTIMA,PORTO DA MADEIRA,AV BEBERIBE, ,388.0,CIDADE,COLISÃO,1.0,1.0,1.0,1.0,1.0,1.0,1.0,1.0,1.0,1.0,1.0,Longo da via,Bom,Sem defeito,Perfeito estado,Seca,Perfeito estado,Não há placas,50 km/h,Dupla," , AV BEBERIBE, Recife, Pernambuco, Brasil",-8.013146,-34.8893491
12061,2019-12-31 22:17:00,COM VÍTIMA,PORTO DA MADEIRA,LAD DO SAPOTI,105,388.0,SUBURBIO,ATROPELAMENTO,1.0,1.0,1.0,1.0,2.0,1.0,1.0,1.0,1.0,2.0,1.0,Longo da via,Chuvoso,Não existe,Não existente,Molhada,Perfeito estado,Não há placas,50 km/h,Dupla,"105, LAD DO SAPOTI, Recife, Pernambuco, Brasil",-8.013146,-34.8893491
6488,2019-07-30 08:20:00,SEM VÍTIMA,POÇO DA PANELA,RUA OLIVEIRA GOES, ,388.0,SUBURBIO,COLISÃO FRONTAL,2.0,1.0,1.0,1.0,2.0,1.0,1.0,1.0,1.0,0.0,1.0,Longo da via,Bom,Não existe,Incompleta,Seca,Perfeito estado,Placas Pare,20 km/h,Dupla," , RUA OLIVEIRA GOES, Recife, Pernambuco, Brasil",-8.0384888,-34.9202439
3024,2019-04-05 23:21:00,SEM VÍTIMA,POÇO DA PANELA,RUA DRA HELENA MOURA LEITE, ,388.0,SUBURBIO,CHOQUE VEÍCULO PARADO,2.0,1.0,1.0,1.0,2.0,1.0,1.0,1.0,1.0,0.0,1.0,Longo da via,Bom,Não existe,Não existente,Seca,Perfeito estado,Não há placas,20 km/h,Dupla," , RUA DRA HELENA MOURA LEITE, Recife, Pernambuco, Brasil",-8.0384888,-34.9202439
6402,2019-07-26 11:38:00,SEM VÍTIMA,POÇO DA PANELA,RUA DO CHACON,94,388.0,SUBURBIO,CHOQUE VEÍCULO PARADO,2.0,1.0,1.0,1.0,2.0,1.0,1.0,1.0,1.0,0.0,1.0,Longo da via,Bom,Não existe,Incompleta,Seca,Perfeito estado,Outras,30 km/h,Única,"94, RUA DO CHACON, Recife, Pernambuco, Brasil",-8.0381937,-34.9197239
825,2019-02-01 00:04:00,SEM VÍTIMA,POÇO DA PANELA,RUA LUIZ GUIMARAES,95,388.0,SUBURBIO,COLISÃO,2.0,1.0,1.0,1.0,2.0,1.0,1.0,1.0,1.0,0.0,1.0,Longo da via,Bom,Não existe,Incompleta,Seca,Perfeito estado,Outras,30 km/h,Única,"95, RUA LUIZ GUIMARAES, Recife, Pernambuco, Brasil",-8.0354897,-34.9250748
2290,2019-03-16 10:06:00,SEM VÍTIMA,POÇO DA PANELA,RUA MARIA DA PAZ,200,388.0,CIDADE,ABALROAMENTO TRANSVERSAL,1.0,1.0,1.0,1.0,2.0,1.0,1.0,1.0,1.0,0.0,1.0,Cruzamento,Bom,Não existe,Perfeito estado,Seca,Perfeito estado,Outras,30 km/h,Dupla,"200, RUA MARIA DA PAZ, Recife, Pernambuco, Brasil",-8.0687971,-34.8878808
8532,2019-09-30 11:16:00,SEM VÍTIMA,POÇO DA PANELA,AV DEZESSETE DE AGOSTO,1465,388.0,SUBURBIO,COLISÃO TRASEIRA,3.0,1.0,1.0,1.0,2.0,1.0,1.0,1.0,1.0,0.0,1.0,Longo da via,Bom,Não existe,Perfeito estado,Seca,Perfeito estado,Não há placas,30 km/h,Dupla,"1465, AV DEZESSETE DE AGOSTO, Recife, Pernambuco, Brasil",-8.0352862,-34.9206908
1744,2019-02-27 15:31:00,COM VÍTIMA,POÇO DA PANELA,RUA MEDICO MARIO GUIMARAES, ,388.0,SUBURBIO,COLISÃO,1.0,1.0,1.0,1.0,2.0,1.0,1.0,1.0,1.0,1.0,1.0,Longo da via,Bom,Não existe,Perfeito estado,Seca,Perfeito estado,Não há placas,30 km/h,Dupla," , RUA MEDICO MARIO GUIMARAES, Recife, Pernambuco, Brasil",-8.0369119,-34.9241322
6180,2019-07-18 08:58:00,SEM VÍTIMA,POÇO DA PANELA,AV DEZESSETE DE AGOSTO, ,388.0,SUBURBIO,ABALROAMENTO TRANSVERSAL,2.0,1.0,1.0,1.0,2.0,1.0,1.0,1.0,1.0,0.0,1.0,Longo da via,Bom,Não existe,Perfeito estado,Seca,Perfeito estado,Não há placas,40 km/h,Dupla," , AV DEZESSETE DE AGOSTO, Recife, Pernambuco, Brasil",-8.0332267,-34.9105754
571,2019-01-22 16:41:00,SEM VÍTIMA,POÇO DA PANELA,RUA OLIVEIRA GOES, ,388.0,SUBURBIO,ABALROAMENTO LONGITUDINAL,2.0,1.0,1.0,1.0,2.0,1.0,1.0,1.0,1.0,0.0,1.0,Longo da via,Bom,Não existe,Perfeito estado,Seca,Perfeito estado,R-6a,40 km/h,Dupla," , RUA OLIVEIRA GOES, Recife, Pernambuco, Brasil",-8.0384888,-34.9202439
60,2019-01-03 09:36:00,SEM VÍTIMA,POÇO DA PANELA,AV DEZESSETE DE AGOSTO,2133,646.0,CIDADE,COLISÃO TRASEIRA,2.0,1.0,1.0,1.0,2.0,1.0,1.0,1.0,1.0,0.0,1.0,Longo da via,Bom,Sem defeito,Perfeito estado,Seca,Perfeito estado,Outras,60 km/h,Dupla,"2133, AV DEZESSETE DE AGOSTO, Recife, Pernambuco, Brasil",-8.0309104,-34.924774
6195,2019-07-18 13:48:00,COM VÍTIMA,POÇO DA PANELA,RUA DOS ARCOS,202,646.0,CIDADE,COLISÃO COM CICLISTA,1.0,1.0,1.0,1.0,2.0,1.0,1.0,1.0,1.0,2.0,1.0,Longo da via,Bom,Não existe,Não existente,Seca,Perfeito estado,Placas Pare,60 km/h,Única,"202, RUA DOS ARCOS, Recife, Pernambuco, Brasil",-8.0343846,-34.924163
10075,2019-11-10 15:00:00,SEM VÍTIMA,POÇO DA PANELA,RUA GUILHERME SALAZAR,151,646.0,CIDADE,ABALROAMENTO LONGITUDINAL,2.0,1.0,1.0,1.0,2.0,1.0,1.0,1.0,1.0,0.0,1.0,Longo da via,Bom,Não existe,Não existente,Seca,Perfeito estado,Não há placas,30 km/h,Dupla,"151, RUA GUILHERME SALAZAR, Recife, Pernambuco, Brasil",-8.0383841,-34.9217423
7837,2019-09-10 09:25:00,SEM VÍTIMA,POÇO DA PANELA,RUA DOS ARCOS,160,646.0,CIDADE,CHOQUE VEÍCULO PARADO,2.0,1.0,1.0,1.0,2.0,1.0,1.0,1.0,1.0,0.0,1.0,Longo da via,Bom,Não existe,Não existente,Seca,Perfeito estado,Não há placas,30 km/h,Única,"160, RUA DOS ARCOS, Recife, Pernambuco, Brasil",-8.0346171,-34.9243332
1425,2019-02-19 10:21:00,SEM VÍTIMA,POÇO DA PANELA,RUA ENGENHEIRO BANDEIRA DE MELO,175,646.0,CIDADE,ABALROAMENTO LONGITUDINAL,2.0,1.0,1.0,1.0,2.0,1.0,1.0,1.0,1.0,0.0,1.0,Longo da via,Bom,Não existe,Perfeito estado,Seca,Perfeito estado,Não há placas,30 km/h,Dupla,"175, RUA ENGENHEIRO BANDEIRA DE MELO, Recife, Pernambuco, Brasil",-8.0361823,-34.9216392
4692,2019-05-29 11:28:00,SEM VÍTIMA,POÇO DA PANELA,RUA IRMA MARIA DA PAZ, ,646.0,SUBURBIO,ABALROAMENTO TRANSVERSAL,2.0,1.0,1.0,1.0,2.0,1.0,1.0,1.0,1.0,0.0,1.0,Cruzamento,Chuvoso,Não existe,Perfeito estado,Molhada,Perfeito estado,Não há placas,40 km/h,Dupla," , RUA IRMA MARIA DA PAZ, Recife, Pernambuco, Brasil",-8.0369119,-34.9241322
5161,2019-06-12 18:12:00,SEM VÍTIMA,PRADO,RUA PADRE TEOFILO TWORZ, ,646.0,SUBURBIO,ABALROAMENTO TRANSVERSAL,2.0,1.0,1.0,1.0,2.0,1.0,1.0,1.0,1.0,0.0,1.0,Cruzamento,Bom,Não existe,Perfeito estado,Seca,Perfeito estado,Não há placas,40 km/h,Dupla," , RUA PADRE TEOFILO TWORZ, Recife, Pernambuco, Brasil",-8.0640229,-34.9110214
5950,2019-07-10 14:09:00,COM VÍTIMA,PRADO,RUA GOMES TABORDA,15,646.0,SUBURBIO,ABALROAMENTO TRANSVERSAL,1.0,1.0,1.0,1.0,2.0,1.0,1.0,1.0,1.0,1.0,1.0,Longo da via,Bom,Não existe,Perfeito estado,Seca,Perfeito estado,Não há placas,30 km/h,Dupla,"15, RUA GOMES TABORDA, Recife, Pernambuco, Brasil",-8.0582481,-34.9140369
10508,2019-11-21 18:23:00,SEM VÍTIMA,PRADO,AV ENGENHEIRO ABDIAS DE CARVALHO, ,646.0,SUBURBIO,COLISÃO,1.0,1.0,1.0,1.0,2.0,1.0,1.0,1.0,1.0,0.0,1.0,Longo da via,Bom,Não existe,Perfeito estado,Seca,Perfeito estado,Não há placas,30 km/h,Dupla," , AV ENGENHEIRO ABDIAS DE CARVALHO, Recife, Pernambuco, Brasil",-8.0623704,-34.9319576
7690,2019-09-05 10:20:00,SEM VÍTIMA,PRADO,AV CAXANGA,279,646.0,SUBURBIO,ABALROAMENTO TRANSVERSAL,3.0,1.0,1.0,1.0,2.0,1.0,1.0,1.0,1.0,0.0,1.0,Longo da via,Bom,Não existe,Perfeito estado,Seca,Perfeito estado,Outras,60 km/h,Única,"279, AV CAXANGA, Recife, Pernambuco, Brasil",-8.0559294,-34.9116005
512,2019-01-21 10:25:00,COM VÍTIMA,PRADO,RUA PADRE TEOFILO TWORZ,295,646.0,CIDADE,ABALROAMENTO TRANSVERSAL,2.0,1.0,1.0,1.0,2.0,1.0,1.0,1.0,1.0,1.0,1.0,Cruzamento,Bom,Não existe,Incompleta,Seca,Perfeito estado,Não há placas,60 km/h,Dupla,"295, RUA PADRE TEOFILO TWORZ, Recife, Pernambuco, Brasil",-8.0651917,-34.9085467
6552,2019-07-31 18:57:00,SEM VÍTIMA,PRADO,RUA SANTA EDWIRGES, ,646.0,SUBURBIO,ABALROAMENTO TRANSVERSAL,2.0,1.0,1.0,1.0,2.0,1.0,1.0,1.0,1.0,0.0,1.0,Cruzamento,Chuvoso,Não existe,Incompleta,Molhada,Mal conservada,Não há placas,60 km/h,Dupla," , RUA SANTA EDWIRGES, Recife, Pernambuco, Brasil",-8.0639668,-34.9120468
9332,2019-10-21 16:59:00,SEM VÍTIMA,PRADO,AV ENGENHEIRO ABDIAS DE CARVALHO, ,646.0,CIDADE,COLISÃO TRASEIRA,3.0,1.0,1.0,1.0,2.0,1.0,1.0,1.0,1.0,0.0,1.0,Longo da via,Bom,Não existe,Perfeito estado,Seca,Perfeito estado,Não há placas,60 km/h,Dupla," , AV ENGENHEIRO ABDIAS DE CARVALHO, Recife, Pernambuco, Brasil",-8.0623704,-34.9319576
474,2019-01-19 10:09:00,COM VÍTIMA,PRADO,EST DOS REMEDIOS, ,52.0,SUBURBIO,ABALROAMENTO TRANSVERSAL,1.0,1.0,1.0,1.0,2.0,1.0,1.0,1.0,1.0,2.0,1.0,Cruzamento,Bom,Sem defeito,Perfeito estado,Seca,Perfeito estado,Outras,60 km/h,Dupla," , EST DOS REMEDIOS, Recife, Pernambuco, Brasil",-8.0623704,-34.9319576
2075,2019-03-11 08:08:00,SEM VÍTIMA,PRADO,AV ENGENHEIRO ABDIAS DE CARVALHO,1450,52.0,SUBURBIO,COLISÃO TRASEIRA,2.0,1.0,1.0,1.0,2.0,1.0,1.0,1.0,1.0,0.0,1.0,Longo da via,Bom,Não existe,Perfeito estado,Seca,Perfeito estado,Não há placas,60 km/h,Dupla,"1450, AV ENGENHEIRO ABDIAS DE CARVALHO, Recife, Pernambuco, Brasil",-8.0617202,-34.9304282
8234,2019-09-20 23:52:00,COM VÍTIMA,PRADO,AV ENGENHEIRO ABDIAS DE CARVALHO, ,57.0,SUBURBIO,ABALROAMENTO TRANSVERSAL,1.0,1.0,1.0,1.0,2.0,1.0,1.0,1.0,1.0,1.0,1.0,Cruzamento,Chuvoso,Sem defeito,Perfeito estado,Molhada,Perfeito estado,R-6a,60 km/h,Dupla," , AV ENGENHEIRO ABDIAS DE CARVALHO, Recife, Pernambuco, Brasil",-8.0623704,-34.9319576
3014,2019-04-05 16:53:00,SEM VÍTIMA,PRADO,EST DOS REMEDIOS,1918,57.0,SUBURBIO,ABALROAMENTO TRANSVERSAL,2.0,1.0,1.0,1.0,2.0,1.0,1.0,1.0,1.0,0.0,1.0,Cruzamento,Bom,Não existe,Perfeito estado,Seca,Perfeito estado,R-6a,60 km/h,Única,"1918, EST DOS REMEDIOS, Recife, Pernambuco, Brasil",-8.0623704,-34.9319576
3719,2019-04-27 13:24:00,COM VÍTIMA,PRADO,AV ENGENHEIRO ABDIAS DE CARVALHO, ,57.0,SUBURBIO,ABALROAMENTO LONGITUDINAL,1.0,1.0,1.0,1.0,2.0,1.0,1.0,1.0,1.0,1.0,1.0,Longo da via,Bom,Não existe,Perfeito estado,Seca,Perfeito estado,Outras,60 km/h,Dupla," , AV ENGENHEIRO ABDIAS DE CARVALHO, Recife, Pernambuco, Brasil",-8.0623704,-34.9319576