,data_hora,natureza_acidente,bairro,endereco,numero,num_semaforo,sentido_via,tipo,auto,moto,ciclom,ciclista,pedestre,onibus,caminhao,viatura,outros,vitimas,vitimasfatais,acidente_verificado,tempo_clima,situacao_semaforo,sinalizacao,condicao_via,conservacao_via,situacao_placa,velocidade_max_via,mao_direcao,end,latitude,longitude
8014,2019-09-14 23:22:00,SEM VÍTIMA,PRADO,RUA SANTA EDWIRGES, ,57.0,CIDADE,ABALROAMENTO TRANSVERSAL,2.0,1.0,1.0,1.0,2.0,1.0,1.0,1.0,1.0,0.0,1.0,Cruzamento,Bom,Não existe,Perfeito estado,Seca,Perfeito estado,Outras,60 km/h,Dupla," , RUA SANTA EDWIRGES, Recife, Pernambuco, Brasil",-8.0639668,-34.9120468
1433,2019-02-19 13:52:00,SEM VÍTIMA,PRADO,RUA GOMES TABORDA,566,57.0,SUBURBIO,COLISÃO TRASEIRA,2.0,1.0,1.0,1.0,2.0,1.0,1.0,1.0,1.0,0.0,1.0,Longo da via,Bom,Sem defeito,Perfeito estado,Seca,Perfeito estado,Não há placas,60 km/h,Dupla,"566, RUA GOMES TABORDA, Recife, Pernambuco, Brasil",-8.0573178,-34.9168006
9707,2019-10-31 19:50:00,SEM VÍTIMA,PRADO,AV ENGENHEIRO ABDIAS DE CARVALHO, ,354.0,SUBURBIO,COLISÃO TRASEIRA,2.0,1.0,1.0,1.0,2.0,1.0,1.0,1.0,1.0,0.0,1.0,Longo da via,Bom,Sem defeito,Perfeito estado,Seca,Perfeito estado,R-6a,60 km/h,Dupla," , AV ENGENHEIRO ABDIAS DE CARVALHO, Recife, Pernambuco, Brasil",-8.0623704,-34.9319576
10504,2019-11-21 16:08:00,SEM VÍTIMA,PRADO,AV ENGENHEIRO ABDIAS DE CARVALHO,365,354.0,SUBURBIO,COLISÃO TRASEIRA,2.0,1.0,1.0,1.0,2.0,1.0,1.0,1.0,1.0,0.0,1.0,Longo da via,Bom,Não existe,Perfeito estado,Seca,Perfeito estado,Outras,60 km/h,Dupla,"365, AV ENGENHEIRO ABDIAS DE CARVALHO, Recife, Pernambuco, Brasil",-8.0617202,-34.9304282
7228,2019-08-21 10:50:00,SEM VÍTIMA,PRADO,AV ENGENHEIRO ABDIAS DE CARVALHO, ,354.0,SUBURBIO,ABALROAMENTO LONGITUDINAL,1.0,1.0,1.0,1.0,2.0,1.0,1.0,1.0,1.0,0.0,1.0,Longo da via,Bom,Sem defeito,Perfeito estado,Seca,Perfeito estado,Outras,60 km/h,Dupla," , AV ENGENHEIRO ABDIAS DE CARVALHO, Recife, Pernambuco, Brasil",-8.0623704,-34.9319576
6830,2019-08-09 07:45:00,SEM VÍTIMA,PRADO,AV ENGENHEIRO ABDIAS DE CARVALHO, ,52.0,SUBURBIO,COLISÃO TRASEIRA,2.0,1.0,1.0,1.0,2.0,1.0,1.0,1.0,1.0,0.0,1.0,Cruzamento,Bom,Sem defeito,Perfeito estado,Seca,Perfeito estado,R-6a,60 km/h,Dupla," , AV ENGENHEIRO ABDIAS DE CARVALHO, Recife, Pernambuco, Brasil",-8.0623704,-34.9319576
5457,2019-06-22 15:49:00,COM VÍTIMA,PRADO,AV ENGENHEIRO ABDIAS DE CARVALHO, ,57.0,CIDADE,COLISÃO TRASEIRA,2.0,1.0,1.0,1.0,2.0,1.0,1.0,1.0,1.0,1.0,1.0,Cruzamento,Bom,Sem defeito,Perfeito estado,Seca,Perfeito estado,R-6a,60 km/h,Dupla," , AV ENGENHEIRO ABDIAS DE CARVALHO, Recife, Pernambuco, Brasil",-8.0623704,-34.9319576
4031,2019-05-08 08:00:00,SEM VÍTIMA,PRADO,RUA CARLOS GOMES,914,57.0,CIDADE,ABALROAMENTO TRANSVERSAL,1.0,1.0,1.0,1.0,2.0,1.0,1.0,1.0,1.0,0.0,1.0,Cruzamento,Nublado,Não existe,Incompleta,Molhada,Perfeito estado,R-6a,60 km/h,Única,"914, RUA CARLOS GOMES, Recife, Pernambuco, Brasil",-8.0636411,-34.9136584
4682,2019-05-29 08:10:00,COM VÍTIMA,PRADO,RUA GERVASIO CAMPELO,80,57.0,CIDADE,ABALROAMENTO TRANSVERSAL,1.0,1.0,1.0,1.0,2.0,1.0,1.0,1.0,1.0,1.0,1.0,Cruzamento,Bom,Não existe,Perfeito estado,Seca,Perfeito estado,R-6a,30 km/h,Única,"80, RUA GERVASIO CAMPELO, Recife, Pernambuco, Brasil",-8.0616103,-34.9108277
1685,2019-02-25 21:02:00,COM VÍTIMA,PRADO,AV ENGENHEIRO ABDIAS DE CARVALHO, ,327.0,CIDADE,ABALROAMENTO LONGITUDINAL,1.0,1.0,1.0,1.0,2.0,1.0,1.0,1.0,1.0,1.0,1.0,Longo da via,Bom,Sem defeito,Perfeito estado,Seca,Perfeito estado,Outras,30 km/h,Dupla," , AV ENGENHEIRO ABDIAS DE CARVALHO, Recife, Pernambuco, Brasil",-8.0623704,-34.9319576
7828,2019-09-10 05:55:00,SEM VÍTIMA,PRADO,RUA CARLOS GOMES, ,327.0,SUBURBIO,ABALROAMENTO LONGITUDINAL,2.0,1.0,1.0,1.0,2.0,1.0,1.0,1.0,1.0,0.0,1.0,Cruzamento,Bom,Não existe,Perfeito estado,Seca,Perfeito estado,Não há placas,30 km/h,Única," , RUA CARLOS GOMES, Recife, Pernambuco, Brasil",-8.0624573,-34.9130931
10725,2019-11-27 15:44:00,SEM VÍTIMA,PRADO,RUA CARLOS GOMES,747,57.0,SUBURBIO,COLISÃO TRASEIRA,2.0,1.0,1.0,1.0,2.0,1.0,1.0,1.0,1.0,0.0,1.0,Longo da via,Bom,Sem defeito,Perfeito estado,Seca,Perfeito estado,Não há placas,30 km/h,Única,"747, RUA CARLOS GOMES, Recife, Pernambuco, Brasil",-8.0623216,-34.9129355
5650,2019-06-29 14:29:00,COM VÍTIMA,PRADO,RUA GOMES TABORDA,1247,57.0,CIDADE,COLISÃO FRONTAL,2.0,1.0,1.0,1.0,2.0,1.0,1.0,1.0,1.0,1.0,1.0,Longo da via,Bom,Sem defeito,Perfeito estado,Seca,Perfeito estado,Outras,30 km/h,Dupla,"1247, RUA GOMES TABORDA, Recife, Pernambuco, Brasil",-8.0558845,-34.9228315
1923,2019-03-06 07:05:00,COM VÍTIMA,PRADO,AV ENGENHEIRO ABDIAS DE CARVALHO, ,132.0,CIDADE,ABALROAMENTO TRANSVERSAL,1.0,1.0,1.0,1.0,2.0,1.0,1.0,1.0,1.0,2.0,1.0,Cruzamento,Bom,Sem defeito,Perfeito estado,Seca,Perfeito estado,Outras,30 km/h,Dupla," , AV ENGENHEIRO ABDIAS DE CARVALHO, Recife, Pernambuco, Brasil",-8.0623704,-34.9319576
4823,2019-06-03 12:10:00,SEM VÍTIMA,PRADO,RUA GOMES TABORDA,1172,132.0,SUBURBIO,ABALROAMENTO LONGITUDINAL,2.0,1.0,1.0,1.0,2.0,1.0,1.0,1.0,1.0,0.0,1.0,Longo da via,Bom,Não existe,Perfeito estado,Seca,Perfeito estado,Outras,30 km/h,Única,"1172, RUA GOMES TABORDA, Recife, Pernambuco, Brasil",-8.0558552,-34.9220834
4065,2019-05-08 23:22:00,SEM VÍTIMA,PRADO,RUA JOAO IVO DA SILVA, ,132.0,SUBURBIO,ABALROAMENTO LONGITUDINAL,1.0,1.0,1.0,1.0,2.0,1.0,1.0,1.0,1.0,0.0,1.0,Cruzamento,Bom,Sem defeito,Perfeito estado,Molhada,Perfeito estado,Não há placas,30 km/h,Única," , RUA JOAO IVO DA SILVA, Recife, Pernambuco, Brasil",-8.060665,-34.9098381
4563,2019-05-24 19:14:00,SEM VÍTIMA,PRADO,RUA NOBRE DE LACERDA, ,132.0,CIDADE,ABALROAMENTO TRANSVERSAL,2.0,1.0,1.0,1.0,2.0,1.0,1.0,1.0,1.0,0.0,1.0,Cruzamento,Bom,Não existe,Perfeito estado,Seca,Perfeito estado,Placas Pare,30 km/h,Única," , RUA NOBRE DE LACERDA, Recife, Pernambuco, Brasil",-8.0596643,-34.9092148
7423,2019-08-28 06:09:00,SEM VÍTIMA,PRADO,AV ENGENHEIRO ABDIAS DE CARVALHO,365,132.0,CIDADE,COLISÃO TRASEIRA,1.0,1.0,1.0,1.0,2.0,1.0,1.0,1.0,1.0,0.0,1.0,Longo da via,Bom,Não existe,Perfeito estado,Molhada,Perfeito estado,R-6a,30 km/h,Dupla,"365, AV ENGENHEIRO ABDIAS DE CARVALHO, Recife, Pernambuco, Brasil",-8.0617202,-34.9304282
7805,2019-09-09 14:30:00,SEM VÍTIMA,PRADO,AV ENGENHEIRO ABDIAS DE CARVALHO, ,132.0,CIDADE,ABALROAMENTO TRANSVERSAL,2.0,1.0,1.0,1.0,2.0,1.0,1.0,1.0,1.0,0.0,1.0,Longo da via,Bom,Não existe,Não existente,Seca,Mal conservada,Outras,60 km/h,Única," , AV ENGENHEIRO ABDIAS DE CARVALHO, Recife, Pernambuco, Brasil",-8.0623704,-34.9319576
11815,2019-12-22 21:14:00,COM VÍTIMA,PRADO,RUA GERVASIO CAMPELO,136,132.0,CIDADE,ABALROAMENTO TRANSVERSAL,1.0,1.0,1.0,1.0,2.0,1.0,1.0,1.0,1.0,1.0,1.0,Cruzamento,Bom,Não existe,Perfeito estado,Seca,Perfeito estado,Outras,60 km/h,Única,"136, RUA GERVASIO CAMPELO, Recife, Pernambuco, Brasil",-8.0615427,-34.9115579
9537,2019-10-27 20:49:00,SEM VÍTIMA,PRADO,AV ENGENHEIRO ABDIAS DE CARVALHO, ,132.0,SUBURBIO,ABALROAMENTO LONGITUDINAL,2.0,1.0,1.0,1.0,2.0,1.0,1.0,1.0,1.0,0.0,1.0,Cruzamento,Bom,Sem defeito,Perfeito estado,Seca,Perfeito estado,Não há placas,60 km/h,Dupla," , AV ENGENHEIRO ABDIAS DE CARVALHO, Recife, Pernambuco, Brasil",-8.0623704,-34.9319576
7760,2019-09-07 19:07:00,COM VÍTIMA,PRADO,RUA SANTA EDWIRGES, ,132.0,SUBURBIO,ABALROAMENTO TRANSVERSAL,1.0,1.0,1.0,1.0,2.0,1.0,1.0,1.0,1.0,1.0,1.0,Cruzamento,Bom,Não existe,Incompleta,Seca,Perfeito estado,Outras,60 km/h,Única," , RUA SANTA EDWIRGES, Recife, Pernambuco, Brasil",-8.0639668,-34.9120468
8510,2019-09-29 14:32:00,SEM VÍTIMA,PRADO,RUA PADRE TEOFILO TWORZ, ,132.0,CIDADE,ABALROAMENTO TRANSVERSAL,2.0,1.0,1.0,1.0,2.0,1.0,1.0,1.0,1.0,0.0,1.0,Cruzamento,Bom,Não existe,Incompleta,Seca,Perfeito estado,R-6a,60 km/h,Dupla," , RUA PADRE TEOFILO TWORZ, Recife, Pernambuco, Brasil",-8.0640229,-34.9110214
9180,2019-10-16 18:10:00,SEM VÍTIMA,PRADO,AV ENGENHEIRO ABDIAS DE CARVALHO, ,354.0,SUBURBIO,ABALROAMENTO LONGITUDINAL,2.0,1.0,1.0,1.0,2.0,1.0,1.0,1.0,1.0,0.0,1.0,Longo da via,Bom,Sem defeito,Perfeito estado,Seca,Perfeito estado,Outras,60 km/h,Dupla," , AV ENGENHEIRO ABDIAS DE CARVALHO, Recife, Pernambuco, Brasil",-8.0623704,-34.9319576
8628,2019-10-02 15:01:00,SEM VÍTIMA,PRADO,RUA NOBRE DE LACERDA,176,354.0,CIDADE,ABALROAMENTO TRANSVERSAL,2.0,1.0,1.0,1.0,2.0,1.0,1.0,1.0,1.0,0.0,1.0,Cruzamento,Bom,Não existe,Perfeito estado,Seca,Perfeito estado,Placas Pare,60 km/h,Única,"176, RUA NOBRE DE LACERDA, Recife, Pernambuco, Brasil",-8.0596643,-34.9092148
7378,2019-08-26 11:44:00,SEM VÍTIMA,PRADO,AV ENGENHEIRO ABDIAS DE CARVALHO,2099,354.0,CIDADE,COLISÃO,2.0,1.0,1.0,1.0,2.0,1.0,1.0,1.0,1.0,0.0,1.0,Cruzamento,Bom,Não existe,Perfeito estado,Seca,Perfeito estado,Placas Pare,60 km/h,Única,"2099, AV ENGENHEIRO ABDIAS DE CARVALHO, Recife, Pernambuco, Brasil",-8.0617202,-34.9304282
10598,2019-11-23 23:25:00,COM VÍTIMA,PRADO,RUA PANDIA CALOGERAS, ,354.0,SUBURBIO,COLISÃO COM CICLISTA,1.0,1.0,1.0,1.0,2.0,1.0,1.0,1.0,1.0,1.0,1.0,Cruzamento,Bom,Não existe,Perfeito estado,Seca,Perfeito estado,Não há placas,60 km/h,Dupla," , RUA PANDIA CALOGERAS, Recife, Pernambuco, Brasil",-8.0606381,-34.9110981
869,2019-02-02 08:33:00,SEM VÍTIMA,PRADO,RUA SANTA EDWIRGES,182,354.0,CIDADE,ABALROAMENTO TRANSVERSAL,2.0,1.0,1.0,1.0,2.0,1.0,1.0,1.0,1.0,0.0,1.0,Longo da via,Bom,Não existe,Perfeito estado,Seca,Perfeito estado,R-6a,60 km/h,Única,"182, RUA SANTA EDWIRGES, Recife, Pernambuco, Brasil",-8.0631569,-34.9120318
11829,2019-12-23 09:56:00,SEM VÍTIMA,PRADO,AV CAXANGA, ,354.0,CIDADE,ABALROAMENTO LONGITUDINAL,2.0,1.0,1.0,1.0,2.0,1.0,1.0,1.0,1.0,0.0,1.0,Longo da via,Bom,Sem defeito,Perfeito estado,Seca,Perfeito estado,Outras,60 km/h,Única," , AV CAXANGA, Recife, Pernambuco, Brasil",-8.0311907,-34.956089
4928,2019-06-05 17:11:00,SEM VÍTIMA,PRADO,AV ENGENHEIRO ABDIAS DE CARVALHO, ,354.0,SUBURBIO,ABALROAMENTO TRANSVERSAL,1.0,1.0,1.0,1.0,2.0,1.0,1.0,1.0,1.0,0.0,1.0,Cruzamento,Bom,Sem defeito,Perfeito estado,Seca,Perfeito estado,Outras,60 km/h,Dupla," , AV ENGENHEIRO ABDIAS DE CARVALHO, Recife, Pernambuco, Brasil",-8.0623704,-34.9319576
4931,2019-06-05 18:18:00,COM VÍTIMA,PRADO,RUA GOMES TABORDA, ,354.0,SUBURBIO,ABALROAMENTO LONGITUDINAL,2.0,1.0,1.0,1.0,2.0,1.0,1.0,1.0,1.0,1.0,1.0,Longo da via,Bom,Não existe,Perfeito estado,Seca,Perfeito estado,Outras,60 km/h,Dupla," , RUA GOMES TABORDA, Recife, Pernambuco, Brasil",-8.0547737,-34.925923
9802,2019-11-04 05:30:00,SEM VÍTIMA,PRADO,AV ENGENHEIRO ABDIAS DE CARVALHO, ,52.0,SUBURBIO,ABALROAMENTO TRANSVERSAL,2.0,1.0,1.0,1.0,2.0,1.0,1.0,1.0,1.0,0.0,1.0,Cruzamento,Bom,Sem defeito,Perfeito estado,Seca,Perfeito estado,R-6a,60 km/h,Única," , AV ENGENHEIRO ABDIAS DE CARVALHO, Recife, Pernambuco, Brasil",-8.0623704,-34.9319576
4938,2019-06-06 06:54:00,SEM VÍTIMA,PRADO,AV ENGENHEIRO ABDIAS DE CARVALHO, ,52.0,BR 232,COLISÃO,3.0,1.0,1.0,1.0,2.0,1.0,1.0,1.0,1.0,0.0,1.0,Cruzamento,Bom,Sem defeito,Perfeito estado,Seca,Perfeito estado,R-6a,60 km/h,Única," , AV ENGENHEIRO ABDIAS DE CARVALHO, Recife, Pernambuco, Brasil",-8.0623704,-34.9319576
8889,2019-10-09 08:50:00,COM VÍTIMA,PRADO,RUA SANTA EDWIRGES,295,52.0,BR 232,COLISÃO,1.0,1.0,1.0,1.0,2.0,1.0,1.0,1.0,1.0,1.0,1.0,Cruzamento,Bom,Sem defeito,Perfeito estado,Seca,Perfeito estado,R-6a,60 km/h,Única,"295, RUA SANTA EDWIRGES, Recife, Pernambuco, Brasil",-8.0626415,-34.9117027
2078,2019-03-11 09:33:00,SEM VÍTIMA,PRADO,AV ENGENHEIRO ABDIAS DE CARVALHO, ,52.0,CIDADE,COLISÃO TRASEIRA,1.0,1.0,1.0,1.0,2.0,1.0,1.0,1.0,1.0,0.0,1.0,Longo da via,Bom,Sem defeito,Perfeito estado,Seca,Perfeito estado,R-6a,60 km/h,Dupla," , AV ENGENHEIRO ABDIAS DE CARVALHO, Recife, Pernambuco, Brasil",-8.0623704,-34.9319576
3062,2019-04-07 14:54:00,COM VÍTIMA,PRADO,RUA SANTA EDWIRGES, ,52.0,CIDADE,ABALROAMENTO TRANSVERSAL,1.0,1.0,1.0,1.0,2.0,1.0,1.0,1.0,1.0,1.0,1.0,Cruzamento,Bom,Não existe,Ilegível,Seca,Perfeito estado,Não há placas,60 km/h,Dupla," , RUA SANTA EDWIRGES, Recife, Pernambuco, Brasil",-8.0639668,-34.9120468
10138,2019-11-12 07:52:00,SEM VÍTIMA,PRADO,RUA DR ALFREDO NADER, ,52.0,CIDADE,COLISÃO FRONTAL,2.0,1.0,1.0,1.0,2.0,1.0,1.0,1.0,1.0,0.0,1.0,Cruzamento,Bom,Não existe,Perfeito estado,Seca,Perfeito estado,Não há placas,60 km/h,Dupla," , RUA DR ALFREDO NADER, Recife, Pernambuco, Brasil",-8.0639668,-34.9120468
865,2019-02-02 06:46:00,SEM VÍTIMA,PRADO,AV ENGENHEIRO ABDIAS DE CARVALHO, ,52.0,CIDADE,ABALROAMENTO LONGITUDINAL,2.0,1.0,1.0,1.0,2.0,1.0,1.0,1.0,1.0,0.0,1.0,Longo da via,Bom,Sem defeito,Perfeito estado,Seca,Perfeito estado,Outras,60 km/h,Dupla," , AV ENGENHEIRO ABDIAS DE CARVALHO, Recife, Pernambuco, Brasil",-8.0623704,-34.9319576
5312,2019-06-18 07:45:00,SEM VÍTIMA,PRADO,RUA GOMES TABORDA, ,52.0,CIDADE,COLISÃO TRASEIRA,2.0,1.0,1.0,1.0,2.0,1.0,1.0,1.0,1.0,0.0,1.0,Longo da via,Chuvoso,Não existe,Perfeito estado,Molhada,Perfeito estado,R-6a,60 km/h,Dupla," , RUA GOMES TABORDA, Recife, Pernambuco, Brasil",-8.0547737,-34.925923
6235,2019-07-19 17:40:00,SEM VÍTIMA,PRADO,RUA FIDELIS MOLITERNO, ,52.0,SUBURBIO,ABALROAMENTO LONGITUDINAL,2.0,1.0,1.0,1.0,2.0,1.0,1.0,1.0,1.0,0.0,1.0,Cruzamento,Chuvoso,Não existe,Perfeito estado,Molhada,Perfeito estado,Não há placas,60 km/h,Dupla," , RUA FIDELIS MOLITERNO, Recife, Pernambuco, Brasil",-8.0549062,-34.9178275
5839,2019-07-05 19:26:00,SEM VÍTIMA,PRADO,AV ENGENHEIRO ABDIAS DE CARVALHO, ,52.0,SUBURBIO,COLISÃO TRASEIRA,2.0,1.0,1.0,1.0,2.0,1.0,1.0,1.0,1.0,0.0,1.0,Longo da via,Bom,Não existe,Perfeito estado,Seca,Perfeito estado,Não há placas,60 km/h,Dupla," , AV ENGENHEIRO ABDIAS DE CARVALHO, Recife, Pernambuco, Brasil",-8.0623704,-34.9319576
9407,2019-10-23 15:27:00,COM VÍTIMA,PRADO,AV ENGENHEIRO ABDIAS DE CARVALHO, ,132.0,SUBURBIO,COLISÃO TRASEIRA,2.0,2.0,1.0,1.0,2.0,1.0,1.0,1.0,1.0,2.0,1.0,Cruzamento,Bom,Sem defeito,Perfeito estado,Seca,Perfeito estado,R-6a,60 km/h,Dupla," , AV ENGENHEIRO ABDIAS DE CARVALHO, Recife, Pernambuco, Brasil",-8.0623704,-34.9319576
10896,2019-12-02 09:04:00,SEM VÍTIMA,PRADO,AV ENGENHEIRO ABDIAS DE CARVALHO, ,132.0,CIDADE,ABALROAMENTO LONGITUDINAL,2.0,2.0,1.0,1.0,2.0,1.0,1.0,1.0,1.0,0.0,1.0,Longo da via,Bom,Não existe,Não existente,Seca,Perfeito estado,Placas Pare,60 km/h,Dupla," , AV ENGENHEIRO ABDIAS DE CARVALHO, Recife, Pernambuco, Brasil",-8.0623704,-34.9319576
2261,2019-03-15 14:24:00,SEM VÍTIMA,PRADO,RUA SANTA EDWIRGES,295,132.0,CIDADE,ABALROAMENTO TRANSVERSAL,2.0,2.0,1.0,1.0,2.0,1.0,1.0,1.0,1.0,0.0,1.0,Cruzamento,Bom,Não existe,Não existente,Seca,Perfeito estado,Não há placas,60 km/h,Dupla,"295, RUA SANTA EDWIRGES, Recife, Pernambuco, Brasil",-8.0626415,-34.9117027
11154,2019-12-06 17:59:00,SEM VÍTIMA,PRADO,AV ENGENHEIRO ABDIAS DE CARVALHO, ,132.0,CIDADE,COLISÃO TRASEIRA,1.0,2.0,1.0,1.0,2.0,1.0,1.0,1.0,1.0,0.0,1.0,Cruzamento,Bom,Sem defeito,Perfeito estado,Seca,Perfeito estado,Não há placas,60 km/h,Dupla," , AV ENGENHEIRO ABDIAS DE CARVALHO, Recife, Pernambuco, Brasil",-8.0623704,-34.9319576
4872,2019-06-04 14:41:00,SEM VÍTIMA,PRADO,RUA GOMES TABORDA, ,132.0,CIDADE,ABALROAMENTO LONGITUDINAL,2.0,2.0,1.0,1.0,2.0,1.0,1.0,1.0,1.0,0.0,1.0,Longo da via,Bom,Não existe,Perfeito estado,Seca,Perfeito estado,Não há placas,60 km/h,Dupla," , RUA GOMES TABORDA, Recife, Pernambuco, Brasil",-8.0547737,-34.925923
8277,2019-09-22 15:15:00,SEM VÍTIMA,PRADO,AV ENGENHEIRO ABDIAS DE CARVALHO, ,354.0,CIDADE,ABALROAMENTO TRANSVERSAL,2.0,2.0,1.0,1.0,2.0,1.0,1.0,1.0,1.0,0.0,1.0,Cruzamento,Bom,Sem defeito,Perfeito estado,Seca,Perfeito estado,R-6a,60 km/h,Dupla," , AV ENGENHEIRO ABDIAS DE CARVALHO, Recife, Pernambuco, Brasil",-8.0623704,-34.9319576
7797,2019-09-09 11:59:00,SEM VÍTIMA,PRADO,AV ENGENHEIRO ABDIAS DE CARVALHO, ,354.0,SUBURBIO,ABALROAMENTO LONGITUDINAL,2.0,2.0,1.0,1.0,2.0,1.0,1.0,1.0,1.0,0.0,1.0,Longo da via,Bom,Não existe,Perfeito estado,Seca,Perfeito estado,Outras,60 km/h,Única," , AV ENGENHEIRO ABDIAS DE CARVALHO, Recife, Pernambuco, Brasil",-8.0623704,-34.9319576
9117,2019-10-15 12:03:00,SEM VÍTIMA,PRADO,RUA GOMES TABORDA,1157,354.0,CIDADE,ABALROAMENTO LONGITUDINAL,1.0,2.0,1.0,1.0,2.0,1.0,1.0,1.0,1.0,0.0,1.0,Longo da via,Bom,Não existe,Perfeito estado,Seca,Perfeito estado,Outras,30 km/h,Dupla,"1157, RUA GOMES TABORDA, Recife, Pernambuco, Brasil",-8.0582481,-34.9140369
11082,2019-12-05 14:03:00,SEM VÍTIMA,PRADO,RUA GOMES TABORDA, ,354.0,CIDADE,COLISÃO TRASEIRA,3.0,2.0,1.0,1.0,2.0,1.0,1.0,1.0,1.0,0.0,1.0,Longo da via,Bom,Não existe,Incompleta,Seca,Outros,R-6a,30 km/h,Dupla," , RUA GOMES TABORDA, Recife, Pernambuco, Brasil",-8.0547737,-34.925923
3804,2019-04-29 21:31:00,SEM VÍTIMA,PRADO,AV ENGENHEIRO ABDIAS DE CARVALHO, ,132.0,SUBURBIO,ABALROAMENTO TRANSVERSAL,1.0,2.0,1.0,1.0,2.0,1.0,1.0,1.0,1.0,0.0,1.0,Cruzamento,Bom,Sem defeito,Perfeito estado,Seca,Perfeito estado,R-6a,60 km/h,Única," , AV ENGENHEIRO ABDIAS DE CARVALHO, Recife, Pernambuco, Brasil",-8.0623704,-34.9319576
10609,2019-11-24 14:50:00,SEM VÍTIMA,PRADO,AV ENGENHEIRO ABDIAS DE CARVALHO,1813,132.0,SUBURBIO,ABALROAMENTO LONGITUDINAL,2.0,2.0,1.0,1.0,2.0,1.0,1.0,1.0,1.0,0.0,1.0,Longo da via,Bom,Não existe,Perfeito estado,Seca,Perfeito estado,Não há placas,60 km/h,Dupla,"1813, AV ENGENHEIRO ABDIAS DE CARVALHO, Recife, Pernambuco, Brasil",-8.0617202,-34.9304282
7284,2019-08-22 19:11:00,SEM VÍTIMA,PRADO,AV ENGENHEIRO ABDIAS DE CARVALHO, ,132.0,SUBURBIO,COLISÃO TRASEIRA,2.0,2.0,1.0,1.0,2.0,1.0,1.0,1.0,1.0,0.0,1.0,Longo da via,Chuvoso,Sem defeito,Perfeito estado,Molhada,Perfeito estado,Outras,60 km/h,Dupla," , AV ENGENHEIRO ABDIAS DE CARVALHO, Recife, Pernambuco, Brasil",-8.0623704,-34.9319576
4884,2019-06-04 17:20:00,SEM VÍTIMA,PRADO,AV ENGENHEIRO ABDIAS DE CARVALHO, ,132.0,SUBURBIO,ABALROAMENTO LONGITUDINAL,1.0,2.0,1.0,1.0,2.0,1.0,1.0,1.0,1.0,0.0,1.0,Longo da via,Bom,Sem defeito,Perfeito estado,Seca,Perfeito estado,R-6a,60 km/h,Dupla," , AV ENGENHEIRO ABDIAS DE CARVALHO, Recife, Pernambuco, Brasil",-8.0623704,-34.9319576
2265,2019-03-15 15:50:00,SEM VÍTIMA,PRADO,RUA MANOEL DE ARRUDA CAMARA, ,348.0,SUBURBIO,COLISÃO TRASEIRA,1.0,2.0,1.0,1.0,2.0,1.0,1.0,1.0,1.0,0.0,1.0,Longo da via,Bom,Sem defeito,Perfeito estado,Seca,Perfeito estado,Não há placas,60 km/h,Única," , RUA MANOEL DE ARRUDA CAMARA, Recife, Pernambuco, Brasil",-8.0598836,-34.9112061
5046,2019-06-09 07:04:00,SEM VÍTIMA,PRADO,AV ENGENHEIRO ABDIAS DE CARVALHO, ,348.0,CIDADE,COLISÃO,3.0,2.0,1.0,1.0,2.0,1.0,1.0,1.0,1.0,0.0,1.0,Longo da via,Bom,Sem defeito,Perfeito estado,Seca,Perfeito estado,Não há placas,60 km/h,Única," , AV ENGENHEIRO ABDIAS DE CARVALHO, Recife, Pernambuco, Brasil",-8.0623704,-34.9319576
2703,2019-03-27 22:20:00,SEM VÍTIMA,PRADO,AV ENGENHEIRO ABDIAS DE CARVALHO, ,348.0,CIDADE,ABALROAMENTO LONGITUDINAL,2.0,2.0,1.0,1.0,2.0,1.0,1.0,1.0,1.0,0.0,1.0,Longo da via,Chuvoso,Sem defeito,Perfeito estado,Molhada,Perfeito estado,Outras,60 km/h,Dupla," , AV ENGENHEIRO ABDIAS DE CARVALHO, Recife, Pernambuco, Brasil",-8.0623704,-34.9319576
3039,2019-04-06 13:52:00,SEM VÍTIMA,PRADO,RUA JOAO IVO DA SILVA, ,503.0,CIDADE,ABALROAMENTO TRANSVERSAL,2.0,2.0,1.0,1.0,2.0,1.0,1.0,1.0,1.0,0.0,1.0,Cruzamento,Bom,Sem defeito,Incompleta,Seca,Perfeito estado,Outras,60 km/h,Única," , RUA JOAO IVO DA SILVA, Recife, Pernambuco, Brasil",-8.060665,-34.9098381
8188,2019-09-19 18:49:00,SEM VÍTIMA,PRADO,RUA GOMES TABORDA, ,503.0,CIDADE,ABALROAMENTO LONGITUDINAL,1.0,2.0,1.0,1.0,2.0,1.0,1.0,1.0,1.0,0.0,1.0,Longo da via,Bom,Não existe,Perfeito estado,Seca,Perfeito estado,Não há placas,60 km/h,Dupla," , RUA GOMES TABORDA, Recife, Pernambuco, Brasil",-8.0547737,-34.925923
7168,2019-08-19 16:33:00,SEM VÍTIMA,PRADO,AV ENGENHEIRO ABDIAS DE CARVALHO, ,503.0,SUBURBIO,ABALROAMENTO LONGITUDINAL,2.0,2.0,1.0,1.0,2.0,1.0,1.0,1.0,1.0,0.0,1.0,Longo da via,Bom,Não existe,Perfeito estado,Seca,Perfeito estado,R-6a,60 km/h,Dupla," , AV ENGENHEIRO ABDIAS DE CARVALHO, Recife, Pernambuco, Brasil",-8.0623704,-34.9319576
9279,2019-10-19 17:26:00,COM VÍTIMA,PRADO,RUA CARLOS GOMES,708,503.0,SUBURBIO,ABALROAMENTO LONGITUDINAL,1.0,1.0,1.0,1.0,2.0,1.0,1.0,1.0,1.0,2.0,1.0,Cruzamento,Bom,Não existe,Perfeito estado,Seca,Perfeito estado,R-6a,60 km/h,Única,"708, RUA CARLOS GOMES, Recife, Pernambuco, Brasil",-8.061922,-34.9131085