,data_hora,natureza_acidente,bairro,endereco,numero,num_semaforo,sentido_via,tipo,auto,moto,ciclom,ciclista,pedestre,onibus,caminhao,viatura,outros,vitimas,vitimasfatais,acidente_verificado,tempo_clima,situacao_semaforo,sinalizacao,condicao_via,conservacao_via,situacao_placa,velocidade_max_via,mao_direcao,end,latitude,longitude
4454,2019-05-21 14:36:00,SEM VÍTIMA,ROSARINHO,RUA AMARO COUTINHO,395,132.0,CIDADE,COLISÃO,2.0,1.0,1.0,1.0,1.0,1.0,1.0,1.0,1.0,0.0,1.0,Cruzamento,Chuvoso,Não existe,Não existente,Molhada,Perfeito estado,Não há placas,60 km/h,Dupla,"395, RUA AMARO COUTINHO, Recife, Pernambuco, Brasil",-8.0365743,-34.8919363
9072,2019-10-14 13:33:00,SEM VÍTIMA,ROSARINHO,AV NORTE, ,132.0,SUBURBIO,ABALROAMENTO LONGITUDINAL,1.0,1.0,1.0,1.0,1.0,1.0,1.0,1.0,1.0,0.0,1.0,Longo da via,Bom,Não existe,Perfeito estado,Seca,Perfeito estado,Não há placas,40 km/h,Dupla," , AV NORTE, Recife, Pernambuco, Brasil",-8.027844,-34.903102
9930,2019-11-07 07:50:00,SEM VÍTIMA,ROSARINHO,AV SANTOS DUMONT,815,132.0,SUBURBIO,COLISÃO,1.0,1.0,1.0,1.0,1.0,1.0,1.0,1.0,1.0,0.0,1.0,Longo da via,Bom,Não existe,Perfeito estado,Seca,Perfeito estado,Não há placas,40 km/h,Dupla,"815, AV SANTOS DUMONT, Recife, Pernambuco, Brasil",-8.0356379,-34.8974913
2709,2019-03-28 08:04:00,SEM VÍTIMA,ROSARINHO,AV NORTE,3300,132.0,SUBURBIO,CHOQUE OBJETO FIXO,1.0,1.0,1.0,1.0,1.0,1.0,1.0,1.0,1.0,0.0,1.0,Longo da via,Chuvoso,Não existe,Perfeito estado,Seca,Perfeito estado,Outras,40 km/h,Dupla,"3300, AV NORTE, Recife, Pernambuco, Brasil",-8.027844,-34.903102
5437,2019-06-21 18:18:00,COM VÍTIMA,ROSARINHO,AV NORTE, ,81.0,CIDADE,ABALROAMENTO LONGITUDINAL,1.0,1.0,1.0,1.0,1.0,1.0,1.0,1.0,1.0,1.0,1.0,Longo da via,Bom,Sem defeito,Perfeito estado,Seca,Perfeito estado,Outras,40 km/h,Única," , AV NORTE, Recife, Pernambuco, Brasil",-8.027844,-34.903102
5856,2019-07-06 13:14:00,SEM VÍTIMA,ROSARINHO,AV SANTOS DUMONT,458,81.0,SUBURBIO,ABALROAMENTO LONGITUDINAL,1.0,1.0,1.0,1.0,1.0,1.0,1.0,1.0,1.0,0.0,1.0,Longo da via,Bom,Não existe,Perfeito estado,Seca,Perfeito estado,Outras,40 km/h,Única,"458, AV SANTOS DUMONT, Recife, Pernambuco, Brasil",-8.0371511,-34.8980738
2900,2019-04-02 16:19:00,SEM VÍTIMA,ROSARINHO,AV NORTE,3435,81.0,CIDADE,ABALROAMENTO LONGITUDINAL,2.0,1.0,1.0,1.0,1.0,1.0,1.0,1.0,1.0,0.0,1.0,Longo da via,Bom,Sem defeito,Perfeito estado,Seca,Perfeito estado,Não há placas,40 km/h,Dupla,"3435, AV NORTE, Recife, Pernambuco, Brasil",-8.027844,-34.903102
6509,2019-07-30 17:30:00,SEM VÍTIMA,ROSARINHO,AV NORTE, ,81.0,CIDADE,COLISÃO TRASEIRA,2.0,1.0,1.0,1.0,1.0,1.0,1.0,1.0,1.0,0.0,1.0,Longo da via,Chuvoso,Sem defeito,Perfeito estado,Molhada,Perfeito estado,Não há placas,60 km/h,Dupla," , AV NORTE, Recife, Pernambuco, Brasil",-8.027844,-34.903102
1515,2019-02-21 12:13:00,SEM VÍTIMA,ROSARINHO,RUA COUTO MAGALHAES,460,81.0,CIDADE,COLISÃO,2.0,1.0,1.0,1.0,1.0,1.0,1.0,1.0,1.0,0.0,1.0,Longo da via,Chuvoso,Sem defeito,Perfeito estado,Molhada,Perfeito estado,Não há placas,60 km/h,Dupla,"460, RUA COUTO MAGALHAES, Recife, Pernambuco, Brasil",-8.0302542,-34.8959424
5304,2019-06-17 16:05:00,SEM VÍTIMA,ROSARINHO,AV NORTE,3388,456.0,SUBURBIO,COLISÃO TRASEIRA,2.0,1.0,1.0,1.0,1.0,1.0,1.0,1.0,1.0,0.0,1.0,Longo da via,Chuvoso,Sem defeito,Perfeito estado,Molhada,Perfeito estado,R-4b,60 km/h,Dupla,"3388, AV NORTE, Recife, Pernambuco, Brasil",-8.027844,-34.903102
11299,2019-12-10 12:54:00,SEM VÍTIMA,ROSARINHO,AV NORTE, ,456.0,CIDADE,COLISÃO TRASEIRA,3.0,1.0,1.0,1.0,1.0,1.0,1.0,1.0,1.0,0.0,1.0,Longo da via,Bom,Não existe,Perfeito estado,Seca,Perfeito estado,R-4b,60 km/h,Dupla," , AV NORTE, Recife, Pernambuco, Brasil",-8.027844,-34.903102
7748,2019-09-07 08:14:00,SEM VÍTIMA,ROSARINHO,AV SANTOS DUMONT, ,456.0,CIDADE,ABALROAMENTO LONGITUDINAL,2.0,1.0,1.0,1.0,1.0,1.0,1.0,1.0,1.0,0.0,1.0,Cruzamento,Chuvoso,Não existe,Perfeito estado,Molhada,Perfeito estado,Não há placas,60 km/h,Única," , AV SANTOS DUMONT, Recife, Pernambuco, Brasil",-8.0356379,-34.8974913
6049,2019-07-13 12:47:00,COM VÍTIMA,ROSARINHO,RUA DES MARTINS PEREIRA, ,456.0,SUBURBIO,ABALROAMENTO TRANSVERSAL,1.0,1.0,1.0,1.0,1.0,1.0,1.0,1.0,1.0,1.0,1.0,Cruzamento,Bom,Não existe,Perfeito estado,Seca,Perfeito estado,Placas Pare,60 km/h,Única," , RUA DES MARTINS PEREIRA, Recife, Pernambuco, Brasil",-8.0356379,-34.8974913
11842,2019-12-23 13:24:00,SEM VÍTIMA,ROSARINHO,RUA GENERAL ABREU E LIMA,357,456.0,SUBURBIO,COLISÃO,1.0,1.0,1.0,1.0,1.0,1.0,1.0,1.0,1.0,0.0,1.0,Cruzamento,Bom,Não existe,Perfeito estado,Seca,Perfeito estado,Placas Pare,60 km/h,Única,"357, RUA GENERAL ABREU E LIMA, Recife, Pernambuco, Brasil",-8.0336932,-34.8994021
327,2019-01-12 18:57:00,SEM VÍTIMA,ROSARINHO,AV NORTE, ,81.0,CIDADE,CHOQUE OBJETO FIXO,1.0,1.0,1.0,1.0,1.0,1.0,1.0,1.0,1.0,0.0,1.0,Longo da via,Chuvoso,Sem defeito,Perfeito estado,Molhada,Perfeito estado,Não há placas,60 km/h,Única," , AV NORTE, Recife, Pernambuco, Brasil",-8.027844,-34.903102
11540,2019-12-16 07:44:00,SEM VÍTIMA,ROSARINHO,AV NORTE, ,456.0,SUBURBIO,ABALROAMENTO LONGITUDINAL,1.0,1.0,1.0,1.0,1.0,1.0,1.0,1.0,1.0,0.0,1.0,Cruzamento,Chuvoso,Sem defeito,Perfeito estado,Molhada,Perfeito estado,R-6a,60 km/h,Única," , AV NORTE, Recife, Pernambuco, Brasil",-8.027844,-34.903102
7764,2019-09-07 21:52:00,SEM VÍTIMA,ROSARINHO,AV NORTE, ,456.0,SUBURBIO,CHOQUE OBJETO FIXO,1.0,1.0,1.0,1.0,1.0,1.0,1.0,1.0,1.0,0.0,1.0,Cruzamento,Bom,Sem defeito,Perfeito estado,Seca,Perfeito estado,R-6a,60 km/h,Dupla," , AV NORTE, Recife, Pernambuco, Brasil",-8.027844,-34.903102
7987,2019-09-13 22:40:00,SEM VÍTIMA,ROSARINHO,AV SANTOS DUMONT, ,81.0,SUBURBIO,ABALROAMENTO LONGITUDINAL,1.0,1.0,1.0,1.0,1.0,1.0,1.0,1.0,1.0,0.0,1.0,Cruzamento,Bom,Sem defeito,Perfeito estado,Seca,Perfeito estado,Não há placas,60 km/h,Dupla," , AV SANTOS DUMONT, Recife, Pernambuco, Brasil",-8.0356379,-34.8974913
6685,2019-08-04 20:41:00,COM VÍTIMA,ROSARINHO,AV SANTOS DUMONT, ,81.0,SUBURBIO,ABALROAMENTO TRANSVERSAL,1.0,1.0,1.0,1.0,1.0,1.0,1.0,1.0,1.0,1.0,1.0,Cruzamento,Bom,Não existe,Incompleta,Seca,Perfeito estado,R-6a,60 km/h,Única," , AV SANTOS DUMONT, Recife, Pernambuco, Brasil",-8.0356379,-34.8974913
466,2019-01-18 16:59:00,SEM VÍTIMA,ROSARINHO,RUA CAIO PEREIRA,800,81.0,SUBURBIO,COLISÃO TRASEIRA,2.0,1.0,1.0,1.0,1.0,1.0,1.0,1.0,1.0,0.0,1.0,Longo da via,Bom,Não existe,Perfeito estado,Seca,Perfeito estado,Placas Pare,60 km/h,Dupla,"800, RUA CAIO PEREIRA, Recife, Pernambuco, Brasil",-8.0345431,-34.8984091
11691,2019-12-19 14:08:00,SEM VÍTIMA,ROSARINHO,AV NORTE,3110,81.0,SUBURBIO,ABALROAMENTO LONGITUDINAL,1.0,1.0,1.0,1.0,1.0,1.0,1.0,1.0,1.0,0.0,1.0,Cruzamento,Bom,Sem defeito,Perfeito estado,Seca,Perfeito estado,R-6a,60 km/h,Dupla,"3110, AV NORTE, Recife, Pernambuco, Brasil",-8.027844,-34.903102
7878,2019-09-11 11:20:00,SEM VÍTIMA,ROSARINHO,RUA GENERAL ABREU E LIMA,144,81.0,SUBURBIO,ABALROAMENTO LONGITUDINAL,2.0,1.0,1.0,1.0,1.0,1.0,1.0,1.0,1.0,0.0,1.0,Longo da via,Bom,Não existe,Perfeito estado,Seca,Perfeito estado,R-6a,40 km/h,Dupla,"144, RUA GENERAL ABREU E LIMA, Recife, Pernambuco, Brasil",-8.0336932,-34.8994021
2930,2019-04-03 17:05:00,SEM VÍTIMA,ROSARINHO,RUA DES MARTINS PEREIRA,344,81.0,SUBURBIO,ABALROAMENTO LONGITUDINAL,2.0,1.0,1.0,1.0,1.0,1.0,1.0,1.0,1.0,0.0,1.0,Longo da via,Bom,Não existe,Perfeito estado,Seca,Perfeito estado,Outras,40 km/h,Única,"344, RUA DES MARTINS PEREIRA, Recife, Pernambuco, Brasil",-8.0336932,-34.8994021
8213,2019-09-20 12:00:00,SEM VÍTIMA,ROSARINHO,AV SANTOS DUMONT, ,81.0,SUBURBIO,COLISÃO,2.0,1.0,1.0,1.0,1.0,1.0,1.0,1.0,1.0,0.0,1.0,Longo da via,Bom,Não existe,Perfeito estado,Seca,Perfeito estado,Outras,40 km/h,Única," , AV SANTOS DUMONT, Recife, Pernambuco, Brasil",-8.0356379,-34.8974913
10459,2019-11-20 15:09:00,SEM VÍTIMA,ROSARINHO,RUA GENERAL ABREU E LIMA,65,81.0,SUBURBIO,ABALROAMENTO LONGITUDINAL,2.0,1.0,1.0,1.0,1.0,1.0,1.0,1.0,1.0,0.0,1.0,Longo da via,Bom,Não existe,Perfeito estado,Seca,Perfeito estado,R-6a,40 km/h,Dupla,"65, RUA GENERAL ABREU E LIMA, Recife, Pernambuco, Brasil",-8.0344553,-34.900209086143335
9846,2019-11-04 18:38:00,SEM VÍTIMA,ROSARINHO,AV NORTE, ,456.0,CIDADE,COLISÃO TRASEIRA,3.0,1.0,1.0,1.0,1.0,1.0,1.0,1.0,1.0,0.0,1.0,Longo da via,Bom,Sem defeito,Perfeito estado,Seca,Perfeito estado,R-6a,40 km/h,Dupla," , AV NORTE, Recife, Pernambuco, Brasil",-8.027844,-34.903102
6209,2019-07-18 21:42:00,COM VÍTIMA,ROSARINHO,RUA DR JOSE MARIA, ,456.0,CIDADE,ABALROAMENTO LONGITUDINAL,1.0,1.0,1.0,1.0,1.0,1.0,1.0,1.0,1.0,1.0,1.0,Cruzamento,Bom,Não existe,Ilegível,Molhada,Mal iluminada,Placas Pare,40 km/h,Dupla," , RUA DR JOSE MARIA, Recife, Pernambuco, Brasil",-8.027844,-34.903102
5036,2019-06-08 15:43:00,SEM VÍTIMA,ROSARINHO,RUA COUTO MAGALHAES,395,456.0,CIDADE,ABALROAMENTO LONGITUDINAL,2.0,1.0,1.0,1.0,1.0,1.0,1.0,1.0,1.0,0.0,1.0,Longo da via,Bom,Não existe,Perfeito estado,Seca,Perfeito estado,R-6a,40 km/h,Única,"395, RUA COUTO MAGALHAES, Recife, Pernambuco, Brasil",-8.0305297,-34.8961498
5798,2019-07-04 13:38:00,SEM VÍTIMA,ROSARINHO,AV NORTE, ,456.0,CIDADE,COLISÃO TRASEIRA,1.0,1.0,1.0,1.0,1.0,1.0,1.0,1.0,1.0,0.0,1.0,Longo da via,Bom,Não existe,Perfeito estado,Seca,Perfeito estado,Outras,40 km/h,Dupla," , AV NORTE, Recife, Pernambuco, Brasil",-8.027844,-34.903102
10547,2019-11-22 14:03:00,COM VÍTIMA,ROSARINHO,AV NORTE,3015,456.0,CIDADE,ABALROAMENTO LONGITUDINAL,1.0,1.0,1.0,1.0,1.0,1.0,1.0,1.0,1.0,1.0,1.0,Longo da via,Bom,Sem defeito,Perfeito estado,Seca,Perfeito estado,Outras,40 km/h,Dupla,"3015, AV NORTE, Recife, Pernambuco, Brasil",-8.027844,-34.903102
849,2019-02-01 16:44:00,COM VÍTIMA,ROSARINHO,AV NORTE,3630,456.0,CIDADE,COLISÃO TRASEIRA,1.0,1.0,1.0,1.0,1.0,1.0,1.0,1.0,1.0,1.0,1.0,Longo da via,Bom,Sem defeito,Perfeito estado,Seca,Perfeito estado,R-6a,40 km/h,Dupla,"3630, AV NORTE, Recife, Pernambuco, Brasil",-8.027844,-34.903102
7900,2019-09-11 17:45:00,COM VÍTIMA,ROSARINHO,AV NORTE,2295,456.0,CIDADE,ACID. DE PERCURSO,1.0,1.0,1.0,1.0,1.0,1.0,1.0,1.0,1.0,1.0,1.0,Longo da via,Bom,Sem defeito,Perfeito estado,Seca,Perfeito estado,R-6a,40 km/h,Dupla,"2295, AV NORTE, Recife, Pernambuco, Brasil",-8.027844,-34.903102
480,2019-01-19 16:14:00,COM VÍTIMA,ROSARINHO,AV SANTOS DUMONT,815,456.0,ARRUDA,CHOQUE VEÍCULO PARADO,4.0,1.0,1.0,1.0,1.0,1.0,1.0,1.0,1.0,1.0,1.0,Longo da via,Bom,Sem defeito,Perfeito estado,Seca,Perfeito estado,Não há placas,40 km/h,Única,"815, AV SANTOS DUMONT, Recife, Pernambuco, Brasil",-8.0356379,-34.8974913
401,2019-01-16 08:58:00,COM VÍTIMA,ROSARINHO,AV NORTE,3388,453.0,CIDADE,ABALROAMENTO LONGITUDINAL,1.0,1.0,1.0,1.0,1.0,1.0,1.0,1.0,1.0,1.0,1.0,Longo da via,Bom,Sem defeito,Perfeito estado,Seca,Perfeito estado,Outras,40 km/h,Dupla,"3388, AV NORTE, Recife, Pernambuco, Brasil",-8.027844,-34.903102
11802,2019-12-22 12:03:00,SEM VÍTIMA,ROSARINHO,RUA ANDRE REBOUCAS,45,453.0,CIDADE,ABALROAMENTO LONGITUDINAL,2.0,1.0,1.0,1.0,1.0,1.0,1.0,1.0,1.0,0.0,1.0,Longo da via,Bom,Não existe,Incompleta,Seca,Perfeito estado,Outras,40 km/h,Dupla,"45, RUA ANDRE REBOUCAS, Recife, Pernambuco, Brasil",-8.0331253,-34.8970122
4286,2019-05-16 09:49:00,SEM VÍTIMA,ROSARINHO,AV NORTE,2797,453.0,CIDADE,COLISÃO TRASEIRA,3.0,1.0,1.0,1.0,1.0,1.0,1.0,1.0,1.0,0.0,1.0,Longo da via,Bom,Sem defeito,Incompleta,Seca,Perfeito estado,Outras,40 km/h,Dupla,"2797, AV NORTE, Recife, Pernambuco, Brasil",-8.027844,-34.903102
1531,2019-02-21 17:57:00,SEM VÍTIMA,ROSARINHO,AV SANTOS DUMONT,256,453.0,CIDADE,ABALROAMENTO LONGITUDINAL,2.0,1.0,1.0,1.0,1.0,1.0,1.0,1.0,1.0,0.0,1.0,Longo da via,Bom,Não existe,Incompleta,Seca,Perfeito estado,Não há placas,40 km/h,Única,"256, AV SANTOS DUMONT, Recife, Pernambuco, Brasil",-8.0356379,-34.8974913
6950,2019-08-13 08:30:00,SEM VÍTIMA,ROSARINHO,RUA COUTO MAGALHAES,516,453.0,CIDADE,COLISÃO TRASEIRA,1.0,1.0,1.0,1.0,1.0,1.0,1.0,1.0,1.0,0.0,1.0,Longo da via,Bom,Não existe,Perfeito estado,Seca,Perfeito estado,R-6a,40 km/h,Única,"516, RUA COUTO MAGALHAES, Recife, Pernambuco, Brasil",-8.0302461,-34.8967965
3637,2019-04-25 17:05:00,SEM VÍTIMA,ROSARINHO,RUA GENERAL ABREU E LIMA,391,453.0,SUBURBIO,ABALROAMENTO LONGITUDINAL,2.0,1.0,1.0,1.0,1.0,1.0,1.0,1.0,1.0,0.0,1.0,Longo da via,Chuvoso,Não existe,Perfeito estado,Molhada,Perfeito estado,Outras,40 km/h,Única,"391, RUA GENERAL ABREU E LIMA, Recife, Pernambuco, Brasil",-8.0336932,-34.8994021
11643,2019-12-18 13:49:00,COM VÍTIMA,ROSARINHO,RUA DR JOSE MARIA,900,453.0,SUBURBIO,ABALROAMENTO TRANSVERSAL,1.0,1.0,1.0,1.0,1.0,1.0,1.0,1.0,1.0,1.0,1.0,Cruzamento,Bom,Não existe,Perfeito estado,Seca,Perfeito estado,R-19,30 km/h,Dupla,"900, RUA DR JOSE MARIA, Recife, Pernambuco, Brasil",-8.0336932,-34.8994021
5661,2019-06-29 21:39:00,SEM VÍTIMA,ROSARINHO,RUA COUTO DE MAGALHAES, ,453.0,CIDADE,ABALROAMENTO TRANSVERSAL,2.0,1.0,1.0,1.0,1.0,1.0,1.0,1.0,1.0,0.0,1.0,Cruzamento,Chuvoso,Não existe,Perfeito estado,Molhada,Perfeito estado,Não há placas,30 km/h,Única," , RUA COUTO DE MAGALHAES, Recife, Pernambuco, Brasil",-8.0336932,-34.8994021
6569,2019-08-01 11:25:00,COM VÍTIMA,ROSARINHO,RUA DR JOSE MARIA, ,453.0,CIDADE,ABALROAMENTO TRANSVERSAL,1.0,1.0,1.0,1.0,1.0,1.0,1.0,1.0,1.0,1.0,1.0,Longo da via,Bom,Não existe,Perfeito estado,Seca,Perfeito estado,Outras,30 km/h,Dupla," , RUA DR JOSE MARIA, Recife, Pernambuco, Brasil",-8.0336932,-34.8994021
10585,2019-11-23 13:35:00,SEM VÍTIMA,ROSARINHO,RUA DR JOSE MARIA,512,453.0,SUBURBIO,ABALROAMENTO LONGITUDINAL,1.0,1.0,1.0,1.0,1.0,1.0,1.0,1.0,1.0,0.0,1.0,Cruzamento,Bom,Não existe,Perfeito estado,Seca,Perfeito estado,Placas Pare,30 km/h,Dupla,"512, RUA DR JOSE MARIA, Recife, Pernambuco, Brasil",-8.0336932,-34.8994021
9187,2019-10-17 06:19:00,SEM VÍTIMA,ROSARINHO,AV PROFESSOR JOSE DOS ANJOS,1530,453.0,CIDADE,COLISÃO TRASEIRA,2.0,1.0,1.0,1.0,1.0,1.0,1.0,1.0,1.0,0.0,1.0,Cruzamento,Bom,Não existe,Perfeito estado,Seca,Perfeito estado,Não há placas,30 km/h,Única,"1530, AV PROFESSOR JOSE DOS ANJOS, Recife, Pernambuco, Brasil",-8.0282609,-34.8950543
4431,2019-05-20 18:36:00,SEM VÍTIMA,ROSARINHO,RUA NETO DE MENDONCA,230,453.0,CIDADE,COLISÃO,2.0,1.0,1.0,1.0,1.0,1.0,1.0,1.0,1.0,0.0,1.0,Cruzamento,Bom,Não existe,Perfeito estado,Seca,Perfeito estado,Não há placas,30 km/h,Única,"230, RUA NETO DE MENDONCA, Recife, Pernambuco, Brasil",-8.0352551,-34.9001755
6002,2019-07-11 18:32:00,SEM VÍTIMA,ROSARINHO,AV NORTE,3300,453.0,SUBURBIO,COLISÃO TRASEIRA,1.0,1.0,1.0,1.0,1.0,1.0,1.0,1.0,1.0,0.0,1.0,Longo da via,Bom,Não existe,Perfeito estado,Seca,Perfeito estado,R-6a,30 km/h,Única,"3300, AV NORTE, Recife, Pernambuco, Brasil",-8.027844,-34.903102
8287,2019-09-23 00:11:00,SEM VÍTIMA,ROSARINHO,RUA COUTO MAGALHAES, ,453.0,SUBURBIO,ABALROAMENTO TRANSVERSAL,2.0,1.0,1.0,1.0,1.0,1.0,1.0,1.0,1.0,0.0,1.0,Cruzamento,Bom,Não existe,Incompleta,Seca,Perfeito estado,Não há placas,30 km/h,Única," , RUA COUTO MAGALHAES, Recife, Pernambuco, Brasil",-8.0302154,-34.8931239
11473,2019-12-13 19:51:00,SEM VÍTIMA,ROSARINHO,RUA DR JOSE MARIA,230,453.0,CIDADE,ABALROAMENTO LONGITUDINAL,2.0,1.0,1.0,1.0,1.0,1.0,1.0,1.0,1.0,0.0,1.0,Cruzamento,Bom,Não existe,Ilegível,Seca,Perfeito estado,Não há placas,30 km/h,Dupla,"230, RUA DR JOSE MARIA, Recife, Pernambuco, Brasil",-8.0302154,-34.8931239
10864,2019-12-01 12:33:00,SEM VÍTIMA,ROSARINHO,RUA GENERAL ABREU E LIMA,238,453.0,CIDADE,COLISÃO,2.0,1.0,1.0,1.0,1.0,1.0,1.0,1.0,1.0,0.0,1.0,Cruzamento,Bom,Não existe,Ilegível,Seca,Perfeito estado,Não há placas,30 km/h,Dupla,"238, RUA GENERAL ABREU E LIMA, Recife, Pernambuco, Brasil",-8.0336932,-34.8994021
9739,2019-11-01 15:39:00,SEM VÍTIMA,ROSARINHO,AV NORTE,3323,453.0,CIDADE,COLISÃO TRASEIRA,3.0,1.0,1.0,1.0,1.0,1.0,1.0,1.0,1.0,0.0,1.0,Longo da via,Bom,Não existe,Perfeito estado,Seca,Perfeito estado,Outras,30 km/h,Dupla,"3323, AV NORTE, Recife, Pernambuco, Brasil",-8.027844,-34.903102
4597,2019-05-26 10:07:00,SEM VÍTIMA,ROSARINHO,RUA REGUEIRA COSTA, ,453.0,CIDADE,ABALROAMENTO TRANSVERSAL,2.0,1.0,1.0,1.0,1.0,1.0,1.0,1.0,1.0,0.0,1.0,Cruzamento,Bom,Não existe,Ilegível,Seca,Perfeito estado,Não há placas,30 km/h,Única," , RUA REGUEIRA COSTA, Recife, Pernambuco, Brasil",-8.0337288,-34.898359
10774,2019-11-28 21:52:00,SEM VÍTIMA,ROSARINHO,AV NORTE,6718,453.0,SUBURBIO,ABALROAMENTO LONGITUDINAL,2.0,1.0,1.0,1.0,1.0,1.0,1.0,1.0,1.0,0.0,1.0,Longo da via,Bom,Não existe,Não existente,Seca,Perfeito estado,Não há placas,30 km/h,Única,"6718, AV NORTE, Recife, Pernambuco, Brasil",-8.027844,-34.903102
9649,2019-10-30 12:27:00,SEM VÍTIMA,ROSARINHO,AV NORTE,3287,453.0,CIDADE,COLISÃO TRASEIRA,3.0,1.0,1.0,1.0,1.0,1.0,1.0,1.0,1.0,0.0,1.0,Longo da via,Bom,Não existe,Perfeito estado,Seca,Perfeito estado,Outras,30 km/h,Dupla,"3287, AV NORTE, Recife, Pernambuco, Brasil",-8.027844,-34.903102
12038,2019-12-30 11:26:00,COM VÍTIMA,ROSARINHO,RUA CONEGO BARATA, ,62.0,SUBURBIO,COLISÃO TRASEIRA,1.0,1.0,1.0,1.0,1.0,1.0,1.0,1.0,1.0,1.0,1.0,Cruzamento,Bom,Sem defeito,Perfeito estado,Seca,Perfeito estado,Outras,60 km/h,Dupla," , RUA CONEGO BARATA, Recife, Pernambuco, Brasil",-8.0297041,-34.9004259
10718,2019-11-27 13:21:00,SEM VÍTIMA,ROSARINHO,RUA COUTO MAGALHAES,315,62.0,SUBURBIO,COLISÃO TRASEIRA,2.0,1.0,1.0,1.0,1.0,1.0,1.0,1.0,1.0,0.0,1.0,Cruzamento,Bom,Não existe,Perfeito estado,Seca,Perfeito estado,R-6a,60 km/h,Única,"315, RUA COUTO MAGALHAES, Recife, Pernambuco, Brasil",-8.0302154,-34.8931239
4243,2019-05-14 18:36:00,SEM VÍTIMA,ROSARINHO,RUA DES MARTINS PEREIRA, ,62.0,SUBURBIO,COLISÃO TRASEIRA,1.0,1.0,1.0,1.0,1.0,1.0,1.0,1.0,1.0,0.0,1.0,Cruzamento,Bom,Não existe,Perfeito estado,Seca,Perfeito estado,Placas Pare,60 km/h,Única," , RUA DES MARTINS PEREIRA, Recife, Pernambuco, Brasil",-8.0302154,-34.8931239
7425,2019-08-28 07:07:00,SEM VÍTIMA,ROSARINHO,RUA GENERAL ABREU E LIMA,155,62.0,SUBURBIO,COLISÃO TRASEIRA,3.0,1.0,1.0,1.0,1.0,1.0,1.0,1.0,1.0,0.0,1.0,Longo da via,Bom,Não existe,Perfeito estado,Seca,Perfeito estado,R-6a,40 km/h,Dupla,"155, RUA GENERAL ABREU E LIMA, Recife, Pernambuco, Brasil",-8.0336932,-34.8994021
11974,2019-12-27 15:36:00,SEM VÍTIMA,ROSARINHO,RUA GENERAL ABREU E LIMA,255,62.0,SUBURBIO,ABALROAMENTO TRANSVERSAL,2.0,1.0,1.0,1.0,1.0,1.0,1.0,1.0,1.0,0.0,1.0,Longo da via,Bom,Não existe,Perfeito estado,Seca,Perfeito estado,Placas Pare,40 km/h,Dupla,"255, RUA GENERAL ABREU E LIMA, Recife, Pernambuco, Brasil",-8.0336932,-34.8994021
4810,2019-06-02 18:49:00,COM VÍTIMA,ROSARINHO,RUA TREZE DE JUNHO, ,62.0,CID/SUB,CHOQUE OBJETO FIXO,2.0,1.0,1.0,1.0,1.0,1.0,1.0,1.0,1.0,1.0,1.0,Longo da via,Bom,Não existe,Perfeito estado,Seca,Mal iluminada,R-6a,20 km/h,Única," , RUA TREZE DE JUNHO, Recife, Pernambuco, Brasil",-8.0306743,-34.8976046
6887,2019-08-10 12:09:00,SEM VÍTIMA,ROSARINHO,RUA REGUEIRA COSTA,364,62.0,CID/SUB,COLISÃO,1.0,1.0,1.0,1.0,1.0,1.0,1.0,1.0,1.0,0.0,1.0,Longo da via,Bom,Não existe,Perfeito estado,Seca,Mal iluminada,R-6a,20 km/h,Única,"364, RUA REGUEIRA COSTA, Recife, Pernambuco, Brasil",-8.0337288,-34.898359
8594,2019-10-01 16:49:00,COM VÍTIMA,ROSARINHO,RUA TELES JUNIOR, ,62.0,CID/SUB,ABALROAMENTO LONGITUDINAL,1.0,1.0,1.0,1.0,1.0,1.0,1.0,1.0,1.0,2.0,1.0,Cruzamento,Bom,Não existe,Perfeito estado,Seca,Perfeito estado,R-6a,20 km/h,Única," , RUA TELES JUNIOR, Recife, Pernambuco, Brasil",-8.0365574,-34.8988569
11035,2019-12-04 16:00:00,SEM VÍTIMA,ROSARINHO,AV NORTE, ,456.0,CIDADE,COLISÃO TRASEIRA,2.0,1.0,1.0,1.0,1.0,1.0,1.0,1.0,1.0,0.0,1.0,Cruzamento,Bom,Sem defeito,Perfeito estado,Seca,Perfeito estado,Outras,20 km/h,Dupla," , AV NORTE, Recife, Pernambuco, Brasil",-8.027844,-34.903102
5917,2019-07-09 10:07:00,SEM VÍTIMA,ROSARINHO,AV NORTE, ,456.0,SUBURBIO,ABALROAMENTO LONGITUDINAL,2.0,1.0,1.0,1.0,1.0,1.0,1.0,1.0,1.0,0.0,1.0,Longo da via,Chuvoso,Sem defeito,Perfeito estado,Molhada,Perfeito estado,R-6a,20 km/h,Dupla," , AV NORTE, Recife, Pernambuco, Brasil",-8.027844,-34.903102
11043,2019-12-04 17:25:00,SEM VÍTIMA,ROSARINHO,AV DR MALAQUIAS, ,214.0,SUBURBIO,COLISÃO,2.0,1.0,1.0,1.0,1.0,1.0,1.0,1.0,1.0,0.0,1.0,Longo da via,Chuvoso,Sem defeito,Perfeito estado,Molhada,Perfeito estado,R-6a,20 km/h,Dupla," , AV DR MALAQUIAS, Recife, Pernambuco, Brasil",-8.027844,-34.903102