,data_hora,natureza_acidente,bairro,endereco,numero,num_semaforo,sentido_via,tipo,auto,moto,ciclom,ciclista,pedestre,onibus,caminhao,viatura,outros,vitimas,vitimasfatais,acidente_verificado,tempo_clima,situacao_semaforo,sinalizacao,condicao_via,conservacao_via,situacao_placa,velocidade_max_via,mao_direcao,end,latitude,longitude
8589,2019-10-01 14:15:00,SEM VÍTIMA,ROSARINHO,RUA TREZE DE JUNHO, ,456.0,SUBURBIO,ABALROAMENTO LONGITUDINAL,1.0,1.0,1.0,1.0,1.0,1.0,1.0,1.0,1.0,0.0,1.0,Longo da via,Bom,Sem defeito,Perfeito estado,Molhada,Perfeito estado,Não há placas,20 km/h,Única," , RUA TREZE DE JUNHO, Recife, Pernambuco, Brasil",-8.0306743,-34.8976046
2461,2019-03-21 08:20:00,COM VÍTIMA,ROSARINHO,RUA COUTO MAGALHAES,315,456.0,CIDADE,ABALROAMENTO LONGITUDINAL,1.0,1.0,1.0,1.0,1.0,1.0,1.0,1.0,1.0,1.0,1.0,Cruzamento,Bom,Não existe,Perfeito estado,Seca,Perfeito estado,R-6a,30 km/h,Única,"315, RUA COUTO MAGALHAES, Recife, Pernambuco, Brasil",-8.0302154,-34.8931239
4471,2019-05-22 09:06:00,SEM VÍTIMA,ROSARINHO,AV SANTOS DUMONT, ,81.0,SUBURBIO,COLISÃO TRASEIRA,1.0,1.0,1.0,1.0,1.0,1.0,1.0,1.0,1.0,0.0,1.0,Longo da via,Bom,Sem defeito,Perfeito estado,Seca,Perfeito estado,R-6a,30 km/h,Única," , AV SANTOS DUMONT, Recife, Pernambuco, Brasil",-8.0356379,-34.8974913
3947,2019-05-03 19:49:00,SEM VÍTIMA,ROSARINHO,RUA REGUEIRA COSTA,52,81.0,SUBURBIO,COLISÃO,1.0,1.0,1.0,1.0,1.0,1.0,1.0,1.0,1.0,0.0,1.0,Longo da via,Bom,Sem defeito,Perfeito estado,Seca,Perfeito estado,R-6a,30 km/h,Única,"52, RUA REGUEIRA COSTA, Recife, Pernambuco, Brasil",-8.0337288,-34.898359
10166,2019-11-12 18:06:00,SEM VÍTIMA,ROSARINHO,AV NORTE,3109,81.0,CIDADE,ABALROAMENTO LONGITUDINAL,1.0,1.0,1.0,1.0,1.0,1.0,1.0,1.0,1.0,0.0,1.0,Longo da via,Bom,Sem defeito,Perfeito estado,Seca,Perfeito estado,Outras,30 km/h,Dupla,"3109, AV NORTE, Recife, Pernambuco, Brasil",-8.027844,-34.903102
10588,2019-11-23 14:38:00,SEM VÍTIMA,ROSARINHO,RUA CAIO PEREIRA,275,81.0,CIDADE,ABALROAMENTO LONGITUDINAL,2.0,1.0,1.0,1.0,1.0,1.0,1.0,1.0,1.0,0.0,1.0,Cruzamento,Bom,Não existe,Perfeito estado,Seca,Perfeito estado,Placas Pare,30 km/h,Dupla,"275, RUA CAIO PEREIRA, Recife, Pernambuco, Brasil",-8.0345431,-34.8984091
12050,2019-12-30 18:26:00,COM VÍTIMA,ROSARINHO,AV NORTE, ,81.0,CIDADE,COLISÃO,1.0,1.0,1.0,1.0,1.0,1.0,1.0,1.0,1.0,1.0,1.0,Cruzamento,Bom,Não existe,Perfeito estado,Seca,Perfeito estado,Placas Pare,30 km/h,Dupla," , AV NORTE, Recife, Pernambuco, Brasil",-8.027844,-34.903102
3116,2019-04-09 08:42:00,COM VÍTIMA,ROSARINHO,RUA DES MARTINS PEREIRA,359,81.0,CIDADE,COLISÃO,1.0,1.0,1.0,1.0,1.0,1.0,1.0,1.0,1.0,1.0,1.0,Cruzamento,Bom,Não existe,Perfeito estado,Seca,Perfeito estado,Placas Pare,30 km/h,Dupla,"359, RUA DES MARTINS PEREIRA, Recife, Pernambuco, Brasil",-8.027844,-34.903102
6021,2019-07-12 14:20:00,SEM VÍTIMA,ROSARINHO,AV NORTE,3538,81.0,SUBURBIO,COLISÃO TRASEIRA,2.0,1.0,1.0,1.0,1.0,1.0,1.0,1.0,1.0,0.0,1.0,Longo da via,Bom,Não existe,Perfeito estado,Seca,Perfeito estado,Outras,30 km/h,Dupla,"3538, AV NORTE, Recife, Pernambuco, Brasil",-8.027844,-34.903102
4495,2019-05-23 08:03:00,SEM VÍTIMA,ROSARINHO,RUA PROFESSOR OTAVIO DE FREITAS,83,81.0,SUBURBIO,ABALROAMENTO TRANSVERSAL,2.0,1.0,1.0,1.0,1.0,1.0,1.0,1.0,1.0,0.0,1.0,Cruzamento,Bom,Não existe,Não existente,Seca,Perfeito estado,Não há placas,30 km/h,Dupla,"83, RUA PROFESSOR OTAVIO DE FREITAS, Recife, Pernambuco, Brasil",-8.0348614,-34.8949079
4391,2019-05-19 19:16:00,COM VÍTIMA,ROSARINHO,RUA DR JOSE MARIA,792,362.0,CIDADE,ABALROAMENTO TRANSVERSAL,1.0,1.0,1.0,1.0,1.0,1.0,1.0,1.0,1.0,1.0,1.0,Longo da via,Bom,Sem defeito,Perfeito estado,Seca,Perfeito estado,R-6a,30 km/h,Dupla,"792, RUA DR JOSE MARIA, Recife, Pernambuco, Brasil",-8.0348614,-34.8949079
11867,2019-12-24 10:58:00,COM VÍTIMA,ROSARINHO,AV NORTE, ,81.0,CIDADE,ATROPELAMENTO,1.0,1.0,1.0,1.0,1.0,1.0,1.0,1.0,1.0,1.0,1.0,Cruzamento,Bom,Sem defeito,Perfeito estado,Seca,Perfeito estado,Outras,30 km/h,Dupla," , AV NORTE, Recife, Pernambuco, Brasil",-8.027844,-34.903102
1082,2019-02-08 16:49:00,COM VÍTIMA,SAN MARTIN,AV JOAO CABRAL DE MELO NETO,1653,81.0,CIDADE,ABALROAMENTO LONGITUDINAL,1.0,1.0,1.0,1.0,1.0,1.0,1.0,1.0,1.0,1.0,1.0,Esquina,Bom,Não existe,Perfeito estado,Seca,Perfeito estado,Outras,30 km/h,Dupla,"1653, AV JOAO CABRAL DE MELO NETO, Recife, Pernambuco, Brasil",-8.0767132,-34.9308693
5795,2019-07-04 13:15:00,SEM VÍTIMA,SAN MARTIN,RUA VINTE E UM DE ABRIL,2857,81.0,SUBURBIO,CHOQUE VEÍCULO PARADO,2.0,1.0,1.0,1.0,1.0,1.0,1.0,1.0,1.0,0.0,1.0,Longo da via,Bom,Não existe,Perfeito estado,Seca,Perfeito estado,Não há placas,40 km/h,Dupla,"2857, RUA VINTE E UM DE ABRIL, Recife, Pernambuco, Brasil",-8.0764818,-34.9130567
7662,2019-09-04 14:42:00,SEM VÍTIMA,SAN MARTIN,AV ENGENHEIRO ABDIAS DE CARVALHO, ,81.0,CIDADE,COLISÃO TRASEIRA,2.0,1.0,1.0,1.0,1.0,1.0,1.0,1.0,1.0,0.0,1.0,Longo da via,Chuvoso,Sem defeito,Perfeito estado,Molhada,Perfeito estado,Outras,40 km/h,Dupla," , AV ENGENHEIRO ABDIAS DE CARVALHO, Recife, Pernambuco, Brasil",-8.0623704,-34.9319576
4362,2019-05-18 13:27:00,SEM VÍTIMA,SAN MARTIN,RUA JOSE VELOSO,225,81.0,CIDADE,ABALROAMENTO TRANSVERSAL,2.0,1.0,1.0,1.0,1.0,1.0,1.0,1.0,1.0,0.0,1.0,Cruzamento,Bom,Não existe,Não existente,Seca,Perfeito estado,Não há placas,40 km/h,Dupla,"225, RUA JOSE VELOSO, Recife, Pernambuco, Brasil",-8.0662285,-34.9262107
10463,2019-11-20 18:42:00,SEM VÍTIMA,SAN MARTIN,RUA JOSE VELOSO, ,81.0,CIDADE,COLISÃO,2.0,2.0,1.0,1.0,1.0,1.0,1.0,1.0,1.0,0.0,1.0,Cruzamento,Bom,Não existe,Não existente,Seca,Perfeito estado,Não há placas,40 km/h,Dupla," , RUA JOSE VELOSO, Recife, Pernambuco, Brasil",-8.0662285,-34.9262107
11026,2019-12-04 13:21:00,SEM VÍTIMA,SAN MARTIN,RUA SENADOR ALBERTO PASQUALINI,2003,259.0,CIDADE,COLISÃO FRONTAL,3.0,2.0,1.0,1.0,1.0,1.0,1.0,1.0,1.0,0.0,1.0,Longo da via,Bom,Sem defeito,Perfeito estado,Seca,Perfeito estado,Não há placas,40 km/h,Única,"2003, RUA SENADOR ALBERTO PASQUALINI, Recife, Pernambuco, Brasil",-8.0795587,-34.9339941
7597,2019-09-02 18:57:00,SEM VÍTIMA,SAN MARTIN,AV DR JOSE RUFINO,241,259.0,CIDADE,COLISÃO,1.0,2.0,1.0,1.0,1.0,1.0,1.0,1.0,1.0,0.0,1.0,Longo da via,Bom,Sem defeito,Perfeito estado,Seca,Perfeito estado,Não há placas,40 km/h,Única,"241, AV DR JOSE RUFINO, Recife, Pernambuco, Brasil",-8.0795587,-34.9339941
7205,2019-08-20 16:15:00,SEM VÍTIMA,SAN MARTIN,AV GENERAL SAN MARTIN, ,259.0,SUBURBIO,ABALROAMENTO LONGITUDINAL,1.0,2.0,1.0,1.0,1.0,1.0,1.0,1.0,1.0,0.0,1.0,Longo da via,Bom,Não existe,Perfeito estado,Seca,Perfeito estado,Não há placas,40 km/h,Única," , AV GENERAL SAN MARTIN, Recife, Pernambuco, Brasil",-8.0713227,-34.9288578
9300,2019-10-20 16:17:00,SEM VÍTIMA,SAN MARTIN,AV ENGENHEIRO ABDIAS DE CARVALHO, ,58.0,SUBURBIO,COLISÃO TRASEIRA,2.0,2.0,1.0,1.0,1.0,1.0,1.0,1.0,1.0,0.0,1.0,Longo da via,Bom,Sem defeito,Perfeito estado,Seca,Perfeito estado,Não há placas,40 km/h,Dupla," , AV ENGENHEIRO ABDIAS DE CARVALHO, Recife, Pernambuco, Brasil",-8.0623704,-34.9319576
120,2019-01-05 16:50:00,SEM VÍTIMA,SAN MARTIN,AV GENERAL SAN MARTIN,2022,58.0,SUBURBIO,COLISÃO TRASEIRA,1.0,1.0,1.0,1.0,1.0,1.0,1.0,1.0,1.0,0.0,1.0,Longo da via,Bom,Não existe,Perfeito estado,Seca,Perfeito estado,Outras,40 km/h,Dupla,"2022, AV GENERAL SAN MARTIN, Recife, Pernambuco, Brasil",-8.0680939,-34.9281572
6307,2019-07-22 20:20:00,SEM VÍTIMA,SAN MARTIN,RUA ITAPEMIRIM, ,58.0,SUBURBIO,ABALROAMENTO LONGITUDINAL,1.0,1.0,1.0,1.0,1.0,1.0,1.0,1.0,1.0,0.0,1.0,Cruzamento,Chuvoso,Não existe,Ilegível,Molhada,Mal iluminada,Não há placas,40 km/h,Dupla," , RUA ITAPEMIRIM, Recife, Pernambuco, Brasil",-8.0680221,-34.924315
11024,2019-12-04 13:16:00,SEM VÍTIMA,SAN MARTIN,AV GENERAL SAN MARTIN,2442,371.0,SUBURBIO,CHOQUE VEÍCULO PARADO,3.0,1.0,1.0,1.0,1.0,1.0,1.0,1.0,1.0,0.0,1.0,Longo da via,Bom,Sem defeito,Perfeito estado,Seca,Perfeito estado,Outras,40 km/h,Dupla,"2442, AV GENERAL SAN MARTIN, Recife, Pernambuco, Brasil",-8.0706833,-34.928684
5213,2019-06-14 12:47:00,SEM VÍTIMA,SAN MARTIN,AV GENERAL SAN MARTIN, ,371.0,SUBURBIO,COLISÃO,1.0,1.0,1.0,1.0,1.0,1.0,1.0,1.0,1.0,0.0,1.0,Longo da via,Bom,Sem defeito,Perfeito estado,Seca,Perfeito estado,Outras,40 km/h,Dupla," , AV GENERAL SAN MARTIN, Recife, Pernambuco, Brasil",-8.0713227,-34.9288578
7645,2019-09-04 07:48:00,SEM VÍTIMA,SAN MARTIN,AV GENERAL SAN MARTIN,493,371.0,SUBURBIO,COLISÃO,1.0,1.0,1.0,1.0,1.0,1.0,1.0,1.0,1.0,0.0,1.0,Longo da via,Bom,Sem defeito,Perfeito estado,Seca,Perfeito estado,Outras,40 km/h,Dupla,"493, AV GENERAL SAN MARTIN, Recife, Pernambuco, Brasil",-8.0543349,-34.9232371
5695,2019-07-01 13:31:00,COM VÍTIMA,SAN MARTIN,AV GENERAL SAN MARTIN,163,371.0,SUBURBIO,ABALROAMENTO TRANSVERSAL,1.0,1.0,1.0,1.0,1.0,1.0,1.0,1.0,1.0,1.0,1.0,Longo da via,Bom,Não existe,Perfeito estado,Seca,Perfeito estado,Placas Dê a preferência,40 km/h,Dupla,"163, AV GENERAL SAN MARTIN, Recife, Pernambuco, Brasil",-8.0706833,-34.928684
1724,2019-02-27 09:54:00,SEM VÍTIMA,SAN MARTIN,AV GENERAL SAN MARTIN, ,58.0,SUBURBIO,ABALROAMENTO TRANSVERSAL,1.0,1.0,1.0,1.0,1.0,1.0,1.0,1.0,1.0,0.0,1.0,Cruzamento,Bom,Sem defeito,Perfeito estado,Seca,Perfeito estado,R-6a,40 km/h,Dupla," , AV GENERAL SAN MARTIN, Recife, Pernambuco, Brasil",-8.0713227,-34.9288578
5951,2019-07-10 14:21:00,SEM VÍTIMA,SAN MARTIN,RUA DUARTE FILHO,460,58.0,SUBURBIO,COLISÃO,2.0,1.0,1.0,1.0,1.0,1.0,1.0,1.0,1.0,0.0,1.0,Cruzamento,Bom,Sem defeito,Perfeito estado,Seca,Perfeito estado,R-6a,40 km/h,Dupla,"460, RUA DUARTE FILHO, Recife, Pernambuco, Brasil",-8.0673941,-34.9290233
10652,2019-11-25 19:21:00,SEM VÍTIMA,SAN MARTIN,RUA DR GOMES PORTO,625,58.0,CIDADE,ABALROAMENTO TRANSVERSAL,2.0,1.0,1.0,1.0,1.0,1.0,1.0,1.0,1.0,0.0,1.0,Cruzamento,Bom,Não existe,Não existente,Seca,Perfeito estado,Não há placas,40 km/h,Dupla,"625, RUA DR GOMES PORTO, Recife, Pernambuco, Brasil",-8.0673941,-34.9290233
5218,2019-06-14 13:22:00,SEM VÍTIMA,SAN MARTIN,RUA VEREADOR SERGIO XAVIER,106,58.0,CIDADE,COLISÃO,2.0,1.0,1.0,1.0,1.0,1.0,1.0,1.0,1.0,0.0,1.0,Cruzamento,Bom,Não existe,Não existente,Seca,Perfeito estado,Não há placas,40 km/h,Dupla,"106, RUA VEREADOR SERGIO XAVIER, Recife, Pernambuco, Brasil",-8.0743537,-34.9267964
10126,2019-11-11 18:10:00,SEM VÍTIMA,SAN MARTIN,AV GENERAL SAN MARTIN,1449,58.0,CIDADE,ABALROAMENTO LONGITUDINAL,1.0,1.0,1.0,1.0,1.0,1.0,1.0,1.0,1.0,0.0,1.0,Longo da via,Bom,Não existe,Perfeito estado,Seca,Perfeito estado,Não há placas,40 km/h,Dupla,"1449, AV GENERAL SAN MARTIN, Recife, Pernambuco, Brasil",-8.0613552,-34.9259463
1167,2019-02-11 15:20:00,SEM VÍTIMA,SAN MARTIN,AV ENGENHEIRO ABDIAS DE CARVALHO, ,58.0,CIDADE,COLISÃO TRASEIRA,3.0,1.0,1.0,1.0,1.0,1.0,1.0,1.0,1.0,0.0,1.0,Longo da via,Bom,Não existe,Perfeito estado,Seca,Perfeito estado,R-6a,40 km/h,Dupla," , AV ENGENHEIRO ABDIAS DE CARVALHO, Recife, Pernambuco, Brasil",-8.0623704,-34.9319576
4689,2019-05-29 10:55:00,SEM VÍTIMA,SAN MARTIN,AV GENERAL SAN MARTIN,2456,58.0,SUBURBIO,COLISÃO TRASEIRA,2.0,1.0,1.0,1.0,1.0,1.0,1.0,1.0,1.0,0.0,1.0,Longo da via,Nublado,Não existe,Incompleta,Seca,Perfeito estado,Não há placas,40 km/h,Dupla,"2456, AV GENERAL SAN MARTIN, Recife, Pernambuco, Brasil",-8.0745324,-34.9302447
4562,2019-05-24 18:20:00,SEM VÍTIMA,SAN MARTIN,RUA QUINZE DE MARCO, ,58.0,SUBURBIO,COLISÃO,2.0,1.0,1.0,1.0,1.0,1.0,1.0,1.0,1.0,0.0,1.0,Longo da via,Nublado,Não existe,Incompleta,Seca,Perfeito estado,Não há placas,40 km/h,Dupla," , RUA QUINZE DE MARCO, Recife, Pernambuco, Brasil",-8.064284,-34.9310898
4837,2019-06-03 18:35:00,SEM VÍTIMA,SAN MARTIN,RUA VINTE E UM DE ABRIL, ,58.0,SUBURBIO,COLISÃO TRASEIRA,1.0,1.0,1.0,1.0,1.0,1.0,1.0,1.0,1.0,0.0,1.0,Longo da via,Bom,Não existe,Perfeito estado,Seca,Perfeito estado,Não há placas,40 km/h,Dupla," , RUA VINTE E UM DE ABRIL, Recife, Pernambuco, Brasil",-8.0750418,-34.9190636
10304,2019-11-15 23:52:00,COM VÍTIMA,SAN MARTIN,RUA VINTE E UM DE ABRIL, ,58.0,CIDADE,COLISÃO COM CICLISTA,1.0,1.0,1.0,1.0,1.0,1.0,1.0,1.0,1.0,1.0,1.0,Cruzamento,Bom,Não existe,Ilegível,Seca,Perfeito estado,Não há placas,40 km/h,Dupla," , RUA VINTE E UM DE ABRIL, Recife, Pernambuco, Brasil",-8.0750418,-34.9190636
8491,2019-09-28 16:29:00,SEM VÍTIMA,SAN MARTIN,RUA JOSE VELOSO,69,58.0,CIDADE,COLISÃO TRASEIRA,1.0,1.0,1.0,1.0,1.0,1.0,1.0,1.0,1.0,0.0,1.0,Longo da via,Bom,Não existe,Incompleta,Seca,Mal conservada,Não há placas,40 km/h,Dupla,"69, RUA JOSE VELOSO, Recife, Pernambuco, Brasil",-8.0662872,-34.9263551
6,2019-01-01 09:54:00,COM VÍTIMA,SAN MARTIN,AV GENERAL SAN MARTIN,1622,58.0,SUBURBIO,CHOQUE OBJETO FIXO,1.0,1.0,1.0,1.0,1.0,1.0,1.0,1.0,1.0,4.0,1.0,Longo da via,Bom,Sem defeito,Perfeito estado,Seca,Perfeito estado,R-6a,40 km/h,Única,"1622, AV GENERAL SAN MARTIN, Recife, Pernambuco, Brasil",-8.0658601,-34.9275221
10379,2019-11-18 16:19:00,COM VÍTIMA,SAN MARTIN,AV GENERAL SAN MARTIN,801,58.0,SUBURBIO,ABALROAMENTO TRANSVERSAL,1.0,1.0,1.0,1.0,1.0,1.0,1.0,1.0,1.0,1.0,1.0,Cruzamento,Bom,Não existe,Perfeito estado,Seca,Perfeito estado,R-6a,40 km/h,Dupla,"801, AV GENERAL SAN MARTIN, Recife, Pernambuco, Brasil",-8.0567546,-34.9243903
5800,2019-07-04 14:40:00,SEM VÍTIMA,SAN MARTIN,AV ENGENHEIRO ABDIAS DE CARVALHO, ,58.0,SUBURBIO,COLISÃO,2.0,1.0,1.0,1.0,1.0,1.0,1.0,1.0,1.0,0.0,1.0,Cruzamento,Bom,Não existe,Perfeito estado,Seca,Perfeito estado,R-6a,40 km/h,Dupla," , AV ENGENHEIRO ABDIAS DE CARVALHO, Recife, Pernambuco, Brasil",-8.0623704,-34.9319576
11949,2019-12-26 22:41:00,SEM VÍTIMA,SAN MARTIN,RUA CAFELANDIA, ,58.0,CIDADE,ABALROAMENTO LONGITUDINAL,2.0,1.0,1.0,1.0,1.0,1.0,1.0,1.0,1.0,0.0,1.0,Longo da via,Bom,Não existe,Perfeito estado,Seca,Perfeito estado,Não há placas,40 km/h,Dupla," , RUA CAFELANDIA, Recife, Pernambuco, Brasil",-8.074566,-34.9279041
10310,2019-11-16 06:05:00,SEM VÍTIMA,SAN MARTIN,AV GENERAL SAN MARTIN,134,58.0,CIDADE,ABALROAMENTO TRANSVERSAL,2.0,1.0,1.0,1.0,1.0,1.0,1.0,1.0,1.0,0.0,1.0,Cruzamento,Bom,Não existe,Perfeito estado,Seca,Perfeito estado,Placas Pare,60 km/h,Dupla,"134, AV GENERAL SAN MARTIN, Recife, Pernambuco, Brasil",-8.0706833,-34.928684
3263,2019-04-12 23:30:00,SEM VÍTIMA,SAN MARTIN,RUA COMENDADOR FRANCO FERREIRA,504,58.0,SUBURBIO,CHOQUE VEÍCULO PARADO,2.0,1.0,1.0,1.0,1.0,1.0,1.0,1.0,1.0,0.0,1.0,Longo da via,Chuvoso,Não existe,Não existente,Molhada,Mal conservada,Não há placas,20 km/h,Dupla,"504, RUA COMENDADOR FRANCO FERREIRA, Recife, Pernambuco, Brasil",-8.0679978,-34.9275201
7222,2019-08-21 07:45:00,COM VÍTIMA,SAN MARTIN,RUA GEOLANDIA, ,58.0,SUBURBIO,COLISÃO TRASEIRA,1.0,1.0,1.0,1.0,1.0,1.0,1.0,1.0,1.0,1.0,1.0,Longo da via,Bom,Não existe,Não existente,Seca,Perfeito estado,Não há placas,20 km/h,Dupla," , RUA GEOLANDIA, Recife, Pernambuco, Brasil",-8.0793913,-34.9233753
5318,2019-06-18 09:59:00,COM VÍTIMA,SAN MARTIN,AV GENERAL SAN MARTIN,1941,58.0,CIDADE,CAPOTAMENTO,1.0,1.0,1.0,1.0,1.0,1.0,1.0,1.0,1.0,1.0,1.0,Longo da via,Nublado,Não existe,Perfeito estado,Seca,Perfeito estado,R-6a,20 km/h,Dupla,"1941, AV GENERAL SAN MARTIN, Recife, Pernambuco, Brasil",-8.0706833,-34.928684
6602,2019-08-02 08:15:00,COM VÍTIMA,SAN MARTIN,AV GENERAL SAN MARTIN,1910,58.0,SUBURBIO,ABALROAMENTO TRANSVERSAL,1.0,1.0,1.0,1.0,1.0,1.0,1.0,1.0,1.0,1.0,1.0,Cruzamento,Nublado,Não existe,Perfeito estado,Seca,Perfeito estado,Não há placas,20 km/h,Dupla,"1910, AV GENERAL SAN MARTIN, Recife, Pernambuco, Brasil",-8.0681451,-34.9281719
8431,2019-09-26 19:01:00,SEM VÍTIMA,SAN MARTIN,AV ENGENHEIRO ABDIAS DE CARVALHO, ,58.0,SUBURBIO,ABALROAMENTO LONGITUDINAL,2.0,1.0,1.0,1.0,1.0,1.0,1.0,1.0,1.0,0.0,1.0,Longo da via,Bom,Não existe,Perfeito estado,Seca,Perfeito estado,R-6a,20 km/h,Dupla," , AV ENGENHEIRO ABDIAS DE CARVALHO, Recife, Pernambuco, Brasil",-8.0623704,-34.9319576
157,2019-01-07 15:08:00,SEM VÍTIMA,SAN MARTIN,AV GENERAL SAN MARTIN, ,58.0,SUBURBIO,COLISÃO,1.0,1.0,1.0,1.0,1.0,1.0,1.0,1.0,1.0,0.0,1.0,Longo da via,Bom,Não existe,Perfeito estado,Seca,Perfeito estado,R-6a,20 km/h,Dupla," , AV GENERAL SAN MARTIN, Recife, Pernambuco, Brasil",-8.0713227,-34.9288578
8093,2019-09-17 09:25:00,SEM VÍTIMA,SAN MARTIN,AV ENGENHEIRO ABDIAS DE CARVALHO, ,422.0,SUBURBIO,CHOQUE VEÍCULO PARADO,1.0,1.0,1.0,1.0,1.0,1.0,1.0,1.0,1.0,0.0,1.0,Longo da via,Bom,Sem defeito,Perfeito estado,Seca,Perfeito estado,Não há placas,20 km/h,Dupla," , AV ENGENHEIRO ABDIAS DE CARVALHO, Recife, Pernambuco, Brasil",-8.0623704,-34.9319576
4443,2019-05-21 09:07:00,COM VÍTIMA,SAN MARTIN,RUA PEDRO MELO,620,422.0,SUBURBIO,ABALROAMENTO TRANSVERSAL,1.0,1.0,1.0,1.0,1.0,1.0,1.0,1.0,1.0,1.0,1.0,Cruzamento,Nublado,Não existe,Não existente,Seca,Perfeito estado,Não há placas,20 km/h,Dupla,"620, RUA PEDRO MELO, Recife, Pernambuco, Brasil",-8.070062,-34.9303322
1263,2019-02-14 07:10:00,SEM VÍTIMA,SAN MARTIN,AV GENERAL SAN MARTIN, ,58.0,CIDADE,ABALROAMENTO LONGITUDINAL,1.0,1.0,1.0,1.0,1.0,1.0,1.0,1.0,1.0,0.0,1.0,Longo da via,Bom,Sem defeito,Perfeito estado,Seca,Perfeito estado,Não há placas,40 km/h,Dupla," , AV GENERAL SAN MARTIN, Recife, Pernambuco, Brasil",-8.0713227,-34.9288578
11015,2019-12-04 11:13:00,COM VÍTIMA,SAN MARTIN,AV GENERAL SAN MARTIN, ,58.0,CIDADE,COLISÃO COM CICLISTA,1.0,1.0,1.0,1.0,1.0,1.0,1.0,1.0,1.0,1.0,1.0,Longo da via,Bom,Não existe,Perfeito estado,Seca,Perfeito estado,R-6a,40 km/h,Dupla," , AV GENERAL SAN MARTIN, Recife, Pernambuco, Brasil",-8.0713227,-34.9288578
47,2019-01-03 06:11:00,COM VÍTIMA,SAN MARTIN,RUA VINTE E UM DE ABRIL,175,58.0,CIDADE,ABALROAMENTO TRANSVERSAL,1.0,1.0,1.0,1.0,1.0,1.0,1.0,1.0,1.0,2.0,1.0,Cruzamento,Bom,Não existe,Perfeito estado,Seca,Perfeito estado,Não há placas,40 km/h,Dupla,"175, RUA VINTE E UM DE ABRIL, Recife, Pernambuco, Brasil",-8.0764818,-34.9130567
6683,2019-08-04 18:14:00,SEM VÍTIMA,SAN MARTIN,AV GENERAL SAN MARTIN,X,58.0,CIDADE,COLISÃO,2.0,1.0,1.0,1.0,1.0,1.0,1.0,1.0,1.0,0.0,1.0,Cruzamento,Bom,Não existe,Perfeito estado,Seca,Perfeito estado,Não há placas,40 km/h,Dupla,"X, AV GENERAL SAN MARTIN, Recife, Pernambuco, Brasil",-8.0706833,-34.928684
7615,2019-09-03 09:54:00,SEM VÍTIMA,SAN MARTIN,RUA VINTE E UM DE ABRIL,2341,58.0,CIDADE,COLISÃO,2.0,1.0,1.0,1.0,1.0,1.0,1.0,1.0,1.0,0.0,1.0,Cruzamento,Bom,Não existe,Perfeito estado,Seca,Perfeito estado,Não há placas,40 km/h,Dupla,"2341, RUA VINTE E UM DE ABRIL, Recife, Pernambuco, Brasil",-8.0713181,-34.9282856
35,2019-01-02 14:44:00,SEM VÍTIMA,SAN MARTIN,AV GENERAL SAN MARTIN, ,58.0,CIDADE,ABALROAMENTO TRANSVERSAL,1.0,1.0,1.0,1.0,1.0,1.0,1.0,1.0,1.0,0.0,1.0,Cruzamento,Bom,Não existe,Não existente,Seca,Perfeito estado,Não há placas,40 km/h,Dupla," , AV GENERAL SAN MARTIN, Recife, Pernambuco, Brasil",-8.0713227,-34.9288578
10849,2019-11-30 17:21:00,SEM VÍTIMA,SAN MARTIN,AV CONSUL VILARES FRAGOSO,470,58.0,CIDADE,ABALROAMENTO TRANSVERSAL,2.0,1.0,1.0,1.0,1.0,1.0,1.0,1.0,1.0,0.0,1.0,Longo da via,Bom,Não existe,Perfeito estado,Seca,Perfeito estado,Placas Pare,30 km/h,Dupla,"470, AV CONSUL VILARES FRAGOSO, Recife, Pernambuco, Brasil",-8.06650265,-34.9241568028156
10345,2019-11-17 19:19:00,COM VÍTIMA,SAN MARTIN,RUA ARSENIO CALACA,3010,58.0,SUBURBIO,ABALROAMENTO TRANSVERSAL,1.0,1.0,1.0,1.0,1.0,1.0,1.0,1.0,1.0,1.0,1.0,Cruzamento,Bom,Não existe,Não existente,Seca,Perfeito estado,Não há placas,30 km/h,Dupla,"3010, RUA ARSENIO CALACA, Recife, Pernambuco, Brasil",-8.0645958,-34.929407
9542,2019-10-28 10:06:00,SEM VÍTIMA,SAN MARTIN,AV GENERAL SAN MARTIN, ,326.0,SUBURBIO,COLISÃO TRASEIRA,2.0,1.0,1.0,1.0,1.0,1.0,1.0,1.0,1.0,0.0,1.0,Longo da via,Bom,Sem defeito,Perfeito estado,Seca,Perfeito estado,R-6a,30 km/h,Dupla," , AV GENERAL SAN MARTIN, Recife, Pernambuco, Brasil",-8.0713227,-34.9288578
3534,2019-04-22 16:12:00,SEM VÍTIMA,SAN MARTIN,AV ENGENHEIRO ABDIAS DE CARVALHO, ,326.0,CIDADE,COLISÃO TRASEIRA,1.0,1.0,1.0,1.0,1.0,1.0,1.0,1.0,1.0,0.0,1.0,Longo da via,Bom,Sem defeito,Perfeito estado,Seca,Perfeito estado,Outras,60 km/h,Dupla," , AV ENGENHEIRO ABDIAS DE CARVALHO, Recife, Pernambuco, Brasil",-8.0623704,-34.9319576