,data_hora,natureza_acidente,bairro,endereco,numero,num_semaforo,sentido_via,tipo,auto,moto,ciclom,ciclista,pedestre,onibus,caminhao,viatura,outros,vitimas,vitimasfatais,acidente_verificado,tempo_clima,situacao_semaforo,sinalizacao,condicao_via,conservacao_via,situacao_placa,velocidade_max_via,mao_direcao,end,latitude,longitude
1325,2019-02-15 15:35:00,SEM VÍTIMA,SAN MARTIN,RUA VINTE E UM DE ABRIL,576,326.0,CIDADE,ABALROAMENTO LONGITUDINAL,2.0,1.0,1.0,1.0,1.0,1.0,1.0,1.0,1.0,0.0,1.0,Cruzamento,Bom,Não existe,Incompleta,Seca,Perfeito estado,Não há placas,60 km/h,Dupla,"576, RUA VINTE E UM DE ABRIL, Recife, Pernambuco, Brasil",-8.0764818,-34.9130567
28,2019-01-02 11:31:00,SEM VÍTIMA,SAN MARTIN,RUA COMENDADOR FRANCO FERREIRA, ,326.0,SUBURBIO,ABALROAMENTO TRANSVERSAL,1.0,1.0,1.0,1.0,1.0,1.0,1.0,1.0,1.0,0.0,1.0,Cruzamento,Bom,Não existe,Perfeito estado,Seca,Perfeito estado,Outras,60 km/h,Dupla," , RUA COMENDADOR FRANCO FERREIRA, Recife, Pernambuco, Brasil",-8.0738219,-34.9293024
8502,2019-09-29 05:00:00,SEM VÍTIMA,SAN MARTIN,AV GENERAL SAN MARTIN,624,67.0,SUBURBIO,COLISÃO,1.0,1.0,1.0,1.0,1.0,1.0,1.0,1.0,1.0,0.0,1.0,Cruzamento,Bom,Não existe,Perfeito estado,Seca,Perfeito estado,Outras,60 km/h,Dupla,"624, AV GENERAL SAN MARTIN, Recife, Pernambuco, Brasil",-8.0552695,-34.9241347
8501,2019-09-29 01:47:00,COM VÍTIMA,SAN MARTIN,RUA VINTE E UM DE ABRIL,2320,67.0,SUBURBIO,COLISÃO COM CICLISTA,1.0,1.0,1.0,1.0,1.0,1.0,1.0,1.0,1.0,3.0,1.0,Cruzamento,Bom,Não existe,Perfeito estado,Seca,Perfeito estado,Outras,60 km/h,Dupla,"2320, RUA VINTE E UM DE ABRIL, Recife, Pernambuco, Brasil",-8.0764818,-34.9130567
11276,2019-12-09 18:28:00,SEM VÍTIMA,SAN MARTIN,RUA VINTE E UM DE ABRIL,3463,67.0,SUBURBIO,ABALROAMENTO LONGITUDINAL,2.0,1.0,1.0,1.0,1.0,1.0,1.0,1.0,1.0,0.0,1.0,Longo da via,Bom,Não existe,Perfeito estado,Seca,Perfeito estado,Não há placas,60 km/h,Dupla,"3463, RUA VINTE E UM DE ABRIL, Recife, Pernambuco, Brasil",-8.0764818,-34.9130567
9590,2019-10-29 11:31:00,SEM VÍTIMA,SAN MARTIN,RUA APULCRO DE ASSUNCAO,225,67.0,SUBURBIO,ABALROAMENTO TRANSVERSAL,2.0,1.0,1.0,1.0,1.0,1.0,1.0,1.0,1.0,0.0,1.0,Cruzamento,Bom,Não existe,Perfeito estado,Seca,Perfeito estado,Outras,60 km/h,Dupla,"225, RUA APULCRO DE ASSUNCAO, Recife, Pernambuco, Brasil",-8.0656021,-34.9276418
10703,2019-11-27 08:02:00,SEM VÍTIMA,SAN MARTIN,RUA VINTE E UM DE ABRIL, ,67.0,SUBURBIO,ABALROAMENTO TRANSVERSAL,2.0,1.0,1.0,1.0,1.0,1.0,1.0,1.0,1.0,0.0,1.0,Cruzamento,Bom,Não existe,Não existente,Seca,Perfeito estado,Não há placas,40 km/h,Dupla," , RUA VINTE E UM DE ABRIL, Recife, Pernambuco, Brasil",-8.0750418,-34.9190636
6107,2019-07-15 15:29:00,SEM VÍTIMA,SAN MARTIN,AV GENERAL SAN MARTIN, ,67.0,CIDADE,COLISÃO TRASEIRA,2.0,1.0,1.0,1.0,1.0,1.0,1.0,1.0,1.0,0.0,1.0,Longo da via,Bom,Sem defeito,Perfeito estado,Seca,Perfeito estado,Não há placas,40 km/h,Dupla," , AV GENERAL SAN MARTIN, Recife, Pernambuco, Brasil",-8.0713227,-34.9288578
6693,2019-08-05 07:51:00,SEM VÍTIMA,SAN MARTIN,RUA APULCRO DE ASSUNCAO, ,67.0,SUBURBIO,ABALROAMENTO TRANSVERSAL,1.0,1.0,1.0,1.0,1.0,1.0,1.0,1.0,1.0,0.0,1.0,Cruzamento,Bom,Não existe,Incompleta,Seca,Outros,Não há placas,30 km/h,Dupla," , RUA APULCRO DE ASSUNCAO, Recife, Pernambuco, Brasil",-8.0732926,-34.9299584
48,2019-01-03 07:17:00,COM VÍTIMA,SAN MARTIN,AV GENERAL SAN MARTIN,1449,67.0,CIDADE,ABALROAMENTO TRANSVERSAL,1.0,1.0,1.0,1.0,1.0,1.0,1.0,1.0,1.0,2.0,1.0,Longo da via,Bom,Não existe,Perfeito estado,Seca,Perfeito estado,Outras,30 km/h,Dupla,"1449, AV GENERAL SAN MARTIN, Recife, Pernambuco, Brasil",-8.0613552,-34.9259463
3610,2019-04-24 18:49:00,SEM VÍTIMA,SAN MARTIN,AV GENERAL SAN MARTIN, ,67.0,CIDADE,COLISÃO,1.0,1.0,1.0,1.0,1.0,1.0,1.0,1.0,1.0,0.0,1.0,Longo da via,Bom,Não existe,Perfeito estado,Seca,Perfeito estado,Outras,30 km/h,Dupla," , AV GENERAL SAN MARTIN, Recife, Pernambuco, Brasil",-8.0713227,-34.9288578
3489,2019-04-20 18:25:00,SEM VÍTIMA,SAN MARTIN,AV GENERAL SAN MARTIN,1449,67.0,SUBURBIO,COLISÃO TRASEIRA,2.0,1.0,1.0,1.0,1.0,1.0,1.0,1.0,1.0,0.0,1.0,Longo da via,Bom,Não existe,Perfeito estado,Molhada,Perfeito estado,Outras,30 km/h,Dupla,"1449, AV GENERAL SAN MARTIN, Recife, Pernambuco, Brasil",-8.0613552,-34.9259463
9394,2019-10-22 23:54:00,SEM VÍTIMA,SAN MARTIN,AV JOAO CABRAL DE MELO NETO, ,259.0,SUBURBIO,COLISÃO TRASEIRA,2.0,1.0,1.0,1.0,1.0,1.0,1.0,1.0,1.0,0.0,1.0,Longo da via,Bom,Sem defeito,Perfeito estado,Seca,Perfeito estado,Outras,30 km/h,Dupla," , AV JOAO CABRAL DE MELO NETO, Recife, Pernambuco, Brasil",-8.0791891,-34.9327205
5760,2019-07-03 16:28:00,SEM VÍTIMA,SAN MARTIN,RUA VINTE E UM DE ABRIL, ,259.0,SUBURBIO,COLISÃO,2.0,1.0,1.0,1.0,1.0,1.0,1.0,1.0,1.0,0.0,1.0,Longo da via,Bom,Sem defeito,Perfeito estado,Seca,Perfeito estado,Outras,30 km/h,Dupla," , RUA VINTE E UM DE ABRIL, Recife, Pernambuco, Brasil",-8.0750418,-34.9190636
10350,2019-11-18 00:27:00,COM VÍTIMA,SAN MARTIN,RUA SANTO ANGELO,461,259.0,SUBURBIO,CHOQUE OBJETO FIXO,1.0,1.0,1.0,1.0,1.0,1.0,1.0,1.0,1.0,1.0,1.0,Longo da via,Bom,Não existe,Não existente,Seca,Mal conservada,Não há placas,20 km/h,Dupla,"461, RUA SANTO ANGELO, Recife, Pernambuco, Brasil",-8.0733837,-34.9243422
11246,2019-12-09 08:46:00,COM VÍTIMA,SAN MARTIN,AV JOAO CABRAL DE MELO NETO,2702,250.0,CIDADE,ABALROAMENTO LONGITUDINAL,1.0,1.0,1.0,1.0,1.0,1.0,1.0,1.0,1.0,2.0,1.0,Cruzamento,Bom,Sem defeito,Perfeito estado,Seca,Perfeito estado,Não há placas,20 km/h,Dupla,"2702, AV JOAO CABRAL DE MELO NETO, Recife, Pernambuco, Brasil",-8.0767132,-34.9308693
714,2019-01-28 19:30:00,SEM VÍTIMA,SAN MARTIN,AV ENGENHEIRO ABDIAS DE CARVALHO, ,58.0,SUBURBIO,COLISÃO TRASEIRA,2.0,1.0,1.0,1.0,1.0,1.0,1.0,1.0,1.0,0.0,1.0,Cruzamento,Chuvoso,Sem defeito,Perfeito estado,Molhada,Perfeito estado,Não há placas,20 km/h,Dupla," , AV ENGENHEIRO ABDIAS DE CARVALHO, Recife, Pernambuco, Brasil",-8.0623704,-34.9319576
7075,2019-08-16 11:18:00,SEM VÍTIMA,SAN MARTIN,AV GENERAL SAN MARTIN, ,58.0,CIDADE,COLISÃO TRASEIRA,1.0,1.0,1.0,1.0,1.0,1.0,1.0,1.0,1.0,0.0,1.0,Cruzamento,Bom,Não existe,Incompleta,Molhada,Perfeito estado,Não há placas,20 km/h,Dupla," , AV GENERAL SAN MARTIN, Recife, Pernambuco, Brasil",-8.0713227,-34.9288578
11250,2019-12-09 09:29:00,COM VÍTIMA,SAN MARTIN,AV GENERAL SAN MARTIN, ,371.0,SUBURBIO,COLISÃO COM CICLISTA,1.0,1.0,1.0,1.0,1.0,1.0,1.0,1.0,1.0,1.0,1.0,Cruzamento,Bom,Sem defeito,Incompleta,Seca,Perfeito estado,R-6a,20 km/h,Dupla," , AV GENERAL SAN MARTIN, Recife, Pernambuco, Brasil",-8.0713227,-34.9288578
11291,2019-12-10 08:55:00,SEM VÍTIMA,SAN MARTIN,AV GENERAL SAN MARTIN,2195,371.0,SUBURBIO,COLISÃO,2.0,1.0,1.0,1.0,1.0,1.0,1.0,1.0,1.0,0.0,1.0,Cruzamento,Bom,Sem defeito,Incompleta,Seca,Perfeito estado,R-6a,20 km/h,Dupla,"2195, AV GENERAL SAN MARTIN, Recife, Pernambuco, Brasil",-8.0705665,-34.9285586
5466,2019-06-23 06:51:00,SEM VÍTIMA,SAN MARTIN,RUA COMENDADOR FRANCO FERREIRA, ,371.0,CIDADE,ABALROAMENTO TRANSVERSAL,2.0,1.0,1.0,1.0,1.0,1.0,1.0,1.0,1.0,0.0,1.0,Cruzamento,Bom,Não existe,Perfeito estado,Seca,Perfeito estado,R-6a,20 km/h,Dupla," , RUA COMENDADOR FRANCO FERREIRA, Recife, Pernambuco, Brasil",-8.0738219,-34.9293024
2939,2019-04-03 20:11:00,SEM VÍTIMA,SAN MARTIN,AV GENERAL SAN MARTIN, ,371.0,SUBURBIO,ABALROAMENTO TRANSVERSAL,2.0,1.0,1.0,1.0,1.0,1.0,1.0,1.0,1.0,0.0,1.0,Cruzamento,Bom,Não existe,Não existente,Seca,Mal iluminada,Não há placas,20 km/h,Dupla," , AV GENERAL SAN MARTIN, Recife, Pernambuco, Brasil",-8.0713227,-34.9288578
3106,2019-04-08 20:22:00,SEM VÍTIMA,SAN MARTIN,RUA VINTE E UM DE ABRIL,2815,371.0,CIDADE,ABALROAMENTO LONGITUDINAL,1.0,1.0,1.0,1.0,1.0,1.0,1.0,1.0,1.0,0.0,1.0,Cruzamento,Bom,Não existe,Perfeito estado,Seca,Perfeito estado,Placas Pare,20 km/h,Dupla,"2815, RUA VINTE E UM DE ABRIL, Recife, Pernambuco, Brasil",-8.0764818,-34.9130567
9271,2019-10-19 08:29:00,SEM VÍTIMA,SAN MARTIN,RUA VISCONDE PARNAIBA,240,371.0,CIDADE,COLISÃO FRONTAL,2.0,1.0,1.0,1.0,1.0,1.0,1.0,1.0,1.0,0.0,1.0,Longo da via,Bom,Não existe,Perfeito estado,Seca,Perfeito estado,Não há placas,20 km/h,Dupla,"240, RUA VISCONDE PARNAIBA, Recife, Pernambuco, Brasil",-8.0764818,-34.9130567
11537,2019-12-16 07:22:00,COM VÍTIMA,SAN MARTIN,AV GENERAL SAN MARTIN,2456,371.0,AV RECIFE,COLISÃO,1.0,1.0,1.0,1.0,1.0,1.0,1.0,1.0,1.0,1.0,1.0,Longo da via,Bom,Não existe,Perfeito estado,Seca,Perfeito estado,Não há placas,20 km/h,Dupla,"2456, AV GENERAL SAN MARTIN, Recife, Pernambuco, Brasil",-8.0745324,-34.9302447
7182,2019-08-20 08:00:00,SEM VÍTIMA,SAN MARTIN,AV GENERAL SAN MARTIN, ,250.0,SUBURBIO,COLISÃO,1.0,1.0,1.0,1.0,1.0,1.0,1.0,1.0,1.0,0.0,1.0,Longo da via,Bom,Não existe,Perfeito estado,Seca,Perfeito estado,Não há placas,20 km/h,Dupla," , AV GENERAL SAN MARTIN, Recife, Pernambuco, Brasil",-8.0713227,-34.9288578
4438,2019-05-20 21:59:00,SEM VÍTIMA,SAN MARTIN,AV ENGENHEIRO ABDIAS DE CARVALHO, ,250.0,SUBURBIO,ABALROAMENTO LONGITUDINAL,1.0,1.0,1.0,1.0,1.0,1.0,1.0,1.0,1.0,0.0,1.0,Longo da via,Chuvoso,Sem defeito,Perfeito estado,Molhada,Perfeito estado,R-6a,60 km/h,Dupla," , AV ENGENHEIRO ABDIAS DE CARVALHO, Recife, Pernambuco, Brasil",-8.0623704,-34.9319576
9633,2019-10-30 08:08:00,SEM VÍTIMA,SAN MARTIN,AV CONSUL VILARES FRAGOSO, ,326.0,CIDADE,COLISÃO TRASEIRA,2.0,1.0,1.0,1.0,1.0,1.0,1.0,1.0,1.0,0.0,1.0,Cruzamento,Bom,Sem defeito,Perfeito estado,Seca,Perfeito estado,R-6a,60 km/h,Dupla," , AV CONSUL VILARES FRAGOSO, Recife, Pernambuco, Brasil",-8.0673165,-34.9231951
3154,2019-04-10 08:10:00,SEM VÍTIMA,SAN MARTIN,AV CONSUL VILARES FRAGOSO,605,326.0,CIDADE,COLISÃO TRASEIRA,1.0,1.0,1.0,1.0,1.0,1.0,1.0,1.0,1.0,0.0,1.0,Longo da via,Bom,Não existe,Perfeito estado,Seca,Perfeito estado,Outras,60 km/h,Dupla,"605, AV CONSUL VILARES FRAGOSO, Recife, Pernambuco, Brasil",-8.066122,-34.9258347
5236,2019-06-14 18:30:00,SEM VÍTIMA,SAN MARTIN,RUA APULCRO DE ASSUNCAO, ,326.0,SUBURBIO,ABALROAMENTO TRANSVERSAL,2.0,1.0,1.0,1.0,1.0,1.0,1.0,1.0,1.0,0.0,1.0,Cruzamento,Bom,Não existe,Incompleta,Seca,Mal iluminada,Não há placas,60 km/h,Dupla," , RUA APULCRO DE ASSUNCAO, Recife, Pernambuco, Brasil",-8.0732926,-34.9299584
11267,2019-12-09 16:09:00,COM VÍTIMA,SAN MARTIN,RUA VINTE E UM DE ABRIL, ,326.0,CIDADE,ABALROAMENTO LONGITUDINAL,1.0,1.0,1.0,1.0,1.0,1.0,1.0,1.0,1.0,1.0,1.0,Cruzamento,Bom,Não existe,Incompleta,Seca,Perfeito estado,Não há placas,60 km/h,Dupla," , RUA VINTE E UM DE ABRIL, Recife, Pernambuco, Brasil",-8.0750418,-34.9190636
6787,2019-08-08 07:30:00,SEM VÍTIMA,SAN MARTIN,AV GENERAL SAN MARTIN,269b,326.0,SUBURBIO,ABALROAMENTO LONGITUDINAL,2.0,1.0,1.0,1.0,1.0,1.0,1.0,1.0,1.0,0.0,1.0,Cruzamento,Chuvoso,Não existe,Não existente,Molhada,Perfeito estado,Não há placas,60 km/h,Dupla,"269b, AV GENERAL SAN MARTIN, Recife, Pernambuco, Brasil",-8.0706833,-34.928684
2415,2019-03-19 17:26:00,COM VÍTIMA,SAN MARTIN,RUA VINTE E UM DE ABRIL,2585,326.0,SUBURBIO,ABALROAMENTO LONGITUDINAL,1.0,1.0,1.0,1.0,1.0,1.0,1.0,1.0,1.0,1.0,1.0,Cruzamento,Bom,Não existe,Perfeito estado,Seca,Perfeito estado,Não há placas,60 km/h,Dupla,"2585, RUA VINTE E UM DE ABRIL, Recife, Pernambuco, Brasil",-8.0764818,-34.9130567
4018,2019-05-07 16:23:00,SEM VÍTIMA,SAN MARTIN,RUA DELMIRO GOUVEIA, ,586.0,SUBURBIO,COLISÃO,2.0,1.0,1.0,1.0,1.0,1.0,1.0,1.0,1.0,0.0,1.0,Cruzamento,Bom,Não existe,Perfeito estado,Seca,Perfeito estado,Não há placas,60 km/h,Dupla," , RUA DELMIRO GOUVEIA, Recife, Pernambuco, Brasil",-8.063085,-34.9314246
5885,2019-07-07 22:46:00,COM VÍTIMA,SAN MARTIN,AV CONSUL VILARES FRAGOSO, ,586.0,SUBURBIO,COLISÃO,1.0,1.0,1.0,1.0,1.0,1.0,1.0,1.0,1.0,1.0,1.0,Cruzamento,Bom,Não existe,Perfeito estado,Seca,Perfeito estado,Não há placas,60 km/h,Dupla," , AV CONSUL VILARES FRAGOSO, Recife, Pernambuco, Brasil",-8.0673165,-34.9231951
386,2019-01-15 12:32:00,SEM VÍTIMA,SAN MARTIN,AV GENERAL SAN MARTIN, ,586.0,SUBURBIO,COLISÃO TRASEIRA,2.0,1.0,1.0,1.0,1.0,1.0,1.0,1.0,1.0,0.0,1.0,Longo da via,Bom,Sem defeito,Perfeito estado,Seca,Perfeito estado,Outras,60 km/h,Dupla," , AV GENERAL SAN MARTIN, Recife, Pernambuco, Brasil",-8.0713227,-34.9288578
2187,2019-03-13 18:36:00,SEM VÍTIMA,SAN MARTIN,RUA DELMIRO GOUVEIA, ,586.0,CIDADE,ABALROAMENTO LONGITUDINAL,2.0,1.0,1.0,1.0,1.0,1.0,1.0,1.0,1.0,0.0,1.0,Cruzamento,Bom,Sem defeito,Perfeito estado,Seca,Perfeito estado,Placas Pare,60 km/h,Dupla," , RUA DELMIRO GOUVEIA, Recife, Pernambuco, Brasil",-8.063085,-34.9314246
3827,2019-04-30 14:52:00,SEM VÍTIMA,SAN MARTIN,AV GENERAL SAN MARTIN, ,326.0,SUBURBIO,ABALROAMENTO LONGITUDINAL,1.0,1.0,1.0,1.0,1.0,1.0,1.0,1.0,1.0,0.0,1.0,Longo da via,Bom,Sem defeito,Perfeito estado,Seca,Perfeito estado,Outras,40 km/h,Dupla," , AV GENERAL SAN MARTIN, Recife, Pernambuco, Brasil",-8.0713227,-34.9288578
9831,2019-11-04 14:31:00,SEM VÍTIMA,SAN MARTIN,RUA JOSE VELOSO,31,326.0,SUBURBIO,ABALROAMENTO TRANSVERSAL,2.0,1.0,1.0,1.0,1.0,1.0,1.0,1.0,1.0,0.0,1.0,Cruzamento,Bom,Sem defeito,Ilegível,Seca,Perfeito estado,Placas Pare,30 km/h,Dupla,"31, RUA JOSE VELOSO, Recife, Pernambuco, Brasil",-8.0662285,-34.9262107
3250,2019-04-12 14:33:00,SEM VÍTIMA,SAN MARTIN,RUA VINTE E UM DE ABRIL,2149,326.0,CIDADE,ABALROAMENTO LONGITUDINAL,1.0,1.0,1.0,1.0,1.0,1.0,1.0,1.0,1.0,0.0,1.0,Longo da via,Bom,Não existe,Incompleta,Seca,Perfeito estado,Não há placas,30 km/h,Dupla,"2149, RUA VINTE E UM DE ABRIL, Recife, Pernambuco, Brasil",-8.0764818,-34.9130567
11796,2019-12-21 23:37:00,SEM VÍTIMA,SAN MARTIN,AV ENGENHEIRO ABDIAS DE CARVALHO, ,58.0,CIDADE,ABALROAMENTO TRANSVERSAL,2.0,1.0,1.0,1.0,1.0,1.0,1.0,1.0,1.0,0.0,1.0,Cruzamento,Bom,Sem defeito,Perfeito estado,Seca,Perfeito estado,Outras,30 km/h,Dupla," , AV ENGENHEIRO ABDIAS DE CARVALHO, Recife, Pernambuco, Brasil",-8.0623704,-34.9319576
11892,2019-12-24 19:16:00,SEM VÍTIMA,SAN MARTIN,AV GENERAL SAN MARTIN, ,371.0,SUBURBIO,COLISÃO TRASEIRA,2.0,1.0,1.0,1.0,1.0,1.0,1.0,1.0,1.0,0.0,1.0,Longo da via,Bom,Sem defeito,Perfeito estado,Seca,Perfeito estado,Não há placas,30 km/h,Dupla," , AV GENERAL SAN MARTIN, Recife, Pernambuco, Brasil",-8.0713227,-34.9288578
1562,2019-02-22 15:30:00,SEM VÍTIMA,SAN MARTIN,RUA ARSENIO CALACA,472,371.0,CIDADE,ABALROAMENTO TRANSVERSAL,1.0,1.0,1.0,1.0,1.0,1.0,1.0,1.0,1.0,0.0,1.0,Cruzamento,Bom,Não existe,Não existente,Seca,Perfeito estado,Não há placas,30 km/h,Dupla,"472, RUA ARSENIO CALACA, Recife, Pernambuco, Brasil",-8.0645958,-34.929407
4393,2019-05-19 21:11:00,SEM VÍTIMA,SAN MARTIN,AV GENERAL SAN MARTIN, ,326.0,CIDADE,ABALROAMENTO LONGITUDINAL,1.0,1.0,1.0,1.0,1.0,1.0,1.0,1.0,1.0,0.0,1.0,Longo da via,Bom,Sem defeito,Perfeito estado,Seca,Perfeito estado,R-6a,40 km/h,Dupla," , AV GENERAL SAN MARTIN, Recife, Pernambuco, Brasil",-8.0713227,-34.9288578
5601,2019-06-27 22:15:00,SEM VÍTIMA,SAN MARTIN,RUA VINTE E UM DE ABRIL,2110,326.0,CIDADE,ABALROAMENTO LONGITUDINAL,1.0,1.0,1.0,1.0,1.0,1.0,1.0,1.0,1.0,0.0,1.0,Longo da via,Bom,Não existe,Incompleta,Seca,Perfeito estado,Não há placas,40 km/h,Dupla,"2110, RUA VINTE E UM DE ABRIL, Recife, Pernambuco, Brasil",-8.0764818,-34.9130567
11517,2019-12-15 12:58:00,SEM VÍTIMA,SAN MARTIN,RUA DUARTE FILHO,105,326.0,SUBURBIO,ABALROAMENTO LONGITUDINAL,2.0,1.0,1.0,1.0,1.0,1.0,1.0,1.0,1.0,0.0,1.0,Cruzamento,Bom,Não existe,Incompleta,Seca,Perfeito estado,Placas Pare,30 km/h,Dupla,"105, RUA DUARTE FILHO, Recife, Pernambuco, Brasil",-8.0681067,-34.927491
1476,2019-02-20 15:18:00,SEM VÍTIMA,SAN MARTIN,AV GENERAL SAN MARTIN,809,326.0,CIDADE,ABALROAMENTO LONGITUDINAL,1.0,1.0,1.0,1.0,1.0,1.0,1.0,1.0,1.0,0.0,1.0,Longo da via,Bom,Não existe,Perfeito estado,Seca,Perfeito estado,Placas Pare,30 km/h,Dupla,"809, AV GENERAL SAN MARTIN, Recife, Pernambuco, Brasil",-8.0568581,-34.9244302
8416,2019-09-26 14:19:00,SEM VÍTIMA,SAN MARTIN,RUA DELMIRO GOUVEIA, ,326.0,SUBURBIO,ABALROAMENTO LONGITUDINAL,1.0,1.0,1.0,1.0,1.0,1.0,1.0,1.0,1.0,0.0,1.0,Longo da via,Bom,Sem defeito,Perfeito estado,Seca,Perfeito estado,Não há placas,30 km/h,Dupla," , RUA DELMIRO GOUVEIA, Recife, Pernambuco, Brasil",-8.063085,-34.9314246
8639,2019-10-02 22:20:00,SEM VÍTIMA,SAN MARTIN,RUA VINTE E UM DE ABRIL,2318,326.0,SUBURBIO,COLISÃO TRASEIRA,1.0,1.0,1.0,1.0,1.0,1.0,1.0,1.0,1.0,0.0,1.0,Longo da via,Bom,Não existe,Não existente,Seca,Perfeito estado,Outras,30 km/h,Dupla,"2318, RUA VINTE E UM DE ABRIL, Recife, Pernambuco, Brasil",-8.0711609,-34.9280072
3070,2019-04-07 19:21:00,SEM VÍTIMA,SAN MARTIN,AV GENERAL SAN MARTIN, ,326.0,SUBURBIO,ABALROAMENTO LONGITUDINAL,2.0,1.0,1.0,1.0,1.0,1.0,1.0,1.0,1.0,0.0,1.0,Cruzamento,Chuvoso,Sem defeito,Perfeito estado,Molhada,Perfeito estado,R-6a,40 km/h,Dupla," , AV GENERAL SAN MARTIN, Recife, Pernambuco, Brasil",-8.0713227,-34.9288578
8640,2019-10-02 23:12:00,SEM VÍTIMA,SAN MARTIN,AV GENERAL SAN MARTIN,2387,326.0,SUBURBIO,ABALROAMENTO TRANSVERSAL,2.0,2.0,1.0,1.0,1.0,1.0,1.0,1.0,1.0,0.0,1.0,Longo da via,Bom,Não existe,Perfeito estado,Seca,Perfeito estado,R-6a,30 km/h,Dupla,"2387, AV GENERAL SAN MARTIN, Recife, Pernambuco, Brasil",-8.0723095,-34.929002
8295,2019-09-23 09:31:00,SEM VÍTIMA,SAN MARTIN,AV GENERAL SAN MARTIN, ,326.0,SUBURBIO,ABALROAMENTO LONGITUDINAL,1.0,2.0,1.0,1.0,1.0,1.0,1.0,1.0,1.0,0.0,1.0,Longo da via,Bom,Sem defeito,Perfeito estado,Seca,Perfeito estado,Não há placas,30 km/h,Dupla," , AV GENERAL SAN MARTIN, Recife, Pernambuco, Brasil",-8.0713227,-34.9288578
461,2019-01-18 14:54:00,SEM VÍTIMA,SAN MARTIN,AV GENERAL SAN MARTIN, ,326.0,SUBURBIO,COLISÃO,1.0,2.0,1.0,1.0,1.0,1.0,1.0,1.0,1.0,0.0,1.0,Longo da via,Bom,Sem defeito,Perfeito estado,Seca,Perfeito estado,Não há placas,30 km/h,Dupla," , AV GENERAL SAN MARTIN, Recife, Pernambuco, Brasil",-8.0713227,-34.9288578
7768,2019-09-08 07:12:00,SEM VÍTIMA,SAN MARTIN,RUA VINTE E UM DE ABRIL, ,326.0,SUBURBIO,COLISÃO,2.0,2.0,1.0,1.0,1.0,1.0,1.0,1.0,1.0,0.0,1.0,Longo da via,Bom,Sem defeito,Perfeito estado,Seca,Perfeito estado,Não há placas,30 km/h,Dupla," , RUA VINTE E UM DE ABRIL, Recife, Pernambuco, Brasil",-8.0750418,-34.9190636
11376,2019-12-11 20:35:00,SEM VÍTIMA,SAN MARTIN,AV GENERAL SAN MARTIN, ,250.0,SUBURBIO,ABALROAMENTO TRANSVERSAL,2.0,2.0,1.0,1.0,1.0,1.0,1.0,1.0,1.0,0.0,1.0,Cruzamento,Bom,Sem defeito,Ilegível,Seca,Mal conservada,Não há placas,30 km/h,Única," , AV GENERAL SAN MARTIN, Recife, Pernambuco, Brasil",-8.0713227,-34.9288578
3918,2019-05-03 11:11:00,SEM VÍTIMA,SAN MARTIN,AV GENERAL SAN MARTIN, ,326.0,SUBURBIO,ABALROAMENTO LONGITUDINAL,2.0,1.0,1.0,1.0,1.0,1.0,1.0,1.0,1.0,0.0,1.0,Cruzamento,Bom,Sem defeito,Perfeito estado,Seca,Perfeito estado,R-6a,30 km/h,Dupla," , AV GENERAL SAN MARTIN, Recife, Pernambuco, Brasil",-8.0713227,-34.9288578
11484,2019-12-14 09:18:00,COM VÍTIMA,SAN MARTIN,AV CONSUL VILARES FRAGOSO,380,326.0,SUBURBIO,ABALROAMENTO LONGITUDINAL,2.0,1.0,1.0,1.0,1.0,1.0,1.0,1.0,1.0,1.0,1.0,Cruzamento,Bom,Sem defeito,Perfeito estado,Seca,Perfeito estado,R-6a,30 km/h,Dupla,"380, AV CONSUL VILARES FRAGOSO, Recife, Pernambuco, Brasil",-8.0667515,-34.9237387
2528,2019-03-22 14:04:00,SEM VÍTIMA,SAN MARTIN,RUA NOVA EUROPA,191,326.0,SUBURBIO,ABALROAMENTO TRANSVERSAL,2.0,1.0,1.0,1.0,1.0,1.0,1.0,1.0,1.0,0.0,1.0,Cruzamento,Bom,Não existe,Não existente,Seca,Perfeito estado,Não há placas,30 km/h,Dupla,"191, RUA NOVA EUROPA, Recife, Pernambuco, Brasil",-8.0748183,-34.9314944
4675,2019-05-28 20:08:00,SEM VÍTIMA,SAN MARTIN,AV ENGENHEIRO ABDIAS DE CARVALHO,1800,56.0,SUBURBIO,ABALROAMENTO LONGITUDINAL,2.0,1.0,1.0,1.0,1.0,1.0,1.0,1.0,1.0,0.0,1.0,Longo da via,Bom,Sem defeito,Perfeito estado,Seca,Perfeito estado,Não há placas,30 km/h,Dupla,"1800, AV ENGENHEIRO ABDIAS DE CARVALHO, Recife, Pernambuco, Brasil",-8.0617202,-34.9304282
8269,2019-09-21 22:01:00,COM VÍTIMA,SAN MARTIN,RUA VINTE E UM DE ABRIL,2857,56.0,CIDADE,COLISÃO COM CICLISTA,2.0,1.0,1.0,1.0,1.0,1.0,1.0,1.0,1.0,2.0,1.0,Cruzamento,Bom,Não existe,Perfeito estado,Seca,Perfeito estado,Não há placas,30 km/h,Dupla,"2857, RUA VINTE E UM DE ABRIL, Recife, Pernambuco, Brasil",-8.0764818,-34.9130567