,data_hora,natureza_acidente,bairro,endereco,numero,num_semaforo,sentido_via,tipo,auto,moto,ciclom,ciclista,pedestre,onibus,caminhao,viatura,outros,vitimas,vitimasfatais,acidente_verificado,tempo_clima,situacao_semaforo,sinalizacao,condicao_via,conservacao_via,situacao_placa,velocidade_max_via,mao_direcao,end,latitude,longitude
1309,2019-02-15 08:13:00,COM VÍTIMA,SANTO AMARO,RUA DOS PALMARES,124,397.0,CIDADE,ABALROAMENTO TRANSVERSAL,1.0,1.0,1.0,1.0,2.0,1.0,1.0,1.0,2.0,1.0,1.0,Cruzamento,Bom,Sem defeito,Ilegível,Seca,Perfeito estado,Não há placas,60 km/h,Dupla,"124, RUA DOS PALMARES, Recife, Pernambuco, Brasil",-8.05316185,-34.8823728
4629,2019-05-27 18:48:00,SEM VÍTIMA,SANTO AMARO,AV CRUZ CABUGA, ,397.0,CIDADE,COLISÃO TRASEIRA,1.0,1.0,1.0,1.0,2.0,1.0,1.0,1.0,2.0,0.0,1.0,Longo da via,Bom,Sem defeito,Perfeito estado,Seca,Perfeito estado,Outras,60 km/h,Dupla," , AV CRUZ CABUGA, Recife, Pernambuco, Brasil",-8.0470189,-34.8766203
1390,2019-02-18 07:41:00,SEM VÍTIMA,SANTO AMARO,AV JOAO DE BARROS,847,412.0,CIDADE,COLISÃO TRASEIRA,4.0,1.0,1.0,1.0,2.0,1.0,1.0,1.0,2.0,0.0,1.0,Longo da via,Bom,Sem defeito,Perfeito estado,Seca,Perfeito estado,Outras,60 km/h,Dupla,"847, AV JOAO DE BARROS, Recife, Pernambuco, Brasil",-8.04713955,-34.89009970308021
2723,2019-03-28 12:07:00,SEM VÍTIMA,SANTO AMARO,AV CRUZ CABUGA,644,627.0,CIDADE,COLISÃO TRASEIRA,2.0,1.0,1.0,1.0,2.0,1.0,1.0,1.0,2.0,0.0,1.0,Longo da via,Bom,Sem defeito,Perfeito estado,Seca,Perfeito estado,Não há placas,60 km/h,Dupla,"644, AV CRUZ CABUGA, Recife, Pernambuco, Brasil",-8.04915905,-34.87775447028884
2649,2019-03-26 14:03:00,SEM VÍTIMA,SANTO AMARO,AV JOAO DE BARROS, ,627.0,CIDADE,COLISÃO TRASEIRA,1.0,1.0,1.0,1.0,2.0,1.0,1.0,1.0,2.0,0.0,1.0,Longo da via,Chuvoso,Sem defeito,Perfeito estado,Molhada,Perfeito estado,Não há placas,60 km/h,Única," , AV JOAO DE BARROS, Recife, Pernambuco, Brasil",-8.0379305,-34.8915966
8652,2019-10-03 12:26:00,COM VÍTIMA,SANTO AMARO,AV VISCONDE DE SUASSUNA,372,627.0,SUBURBIO,ATROPELAMENTO,1.0,1.0,1.0,1.0,1.0,1.0,1.0,1.0,2.0,1.0,1.0,Longo da via,Bom,Sem defeito,Perfeito estado,Seca,Perfeito estado,Outras,40 km/h,Única,"372, AV VISCONDE DE SUASSUNA, Recife, Pernambuco, Brasil",-8.0531489,-34.885085944510436
8229,2019-09-20 18:38:00,SEM VÍTIMA,SANTO AMARO,AV GOVERNADOR AGAMENON MAGALHAES, ,627.0,SUBURBIO,COLISÃO TRASEIRA,2.0,1.0,1.0,1.0,1.0,1.0,1.0,1.0,2.0,0.0,1.0,Viaduto,Bom,Não existe,Perfeito estado,Seca,Perfeito estado,Não há placas,60 km/h,Dupla," , AV GOVERNADOR AGAMENON MAGALHAES, Recife, Pernambuco, Brasil",-8.0615339,-34.8974443
10515,2019-11-21 22:20:00,COM VÍTIMA,SANTO AMARO,AV DR JAYME DA FONTE,88,627.0,SUBURBIO,ATROPELAMENTO,1.0,1.0,1.0,1.0,1.0,1.0,1.0,1.0,2.0,1.0,1.0,Longo da via,Bom,Não existe,Perfeito estado,Seca,Perfeito estado,Não há placas,60 km/h,Dupla,"88, AV DR JAYME DA FONTE, Recife, Pernambuco, Brasil",-8.0615339,-34.8974443
2635,2019-03-26 09:32:00,SEM VÍTIMA,SANTO AMARO,AV GOVERNADOR AGAMENON MAGALHAES, ,627.0,CIDADE,ABALROAMENTO LONGITUDINAL,1.0,1.0,1.0,1.0,1.0,1.0,1.0,1.0,2.0,0.0,1.0,Longo da via,Bom,Sem defeito,Perfeito estado,Seca,Perfeito estado,Não há placas,60 km/h,Dupla," , AV GOVERNADOR AGAMENON MAGALHAES, Recife, Pernambuco, Brasil",-8.0615339,-34.8974443
2627,2019-03-26 07:43:00,COM VÍTIMA,SANTO AMARO,RUA TREZE DE MAIO,704,36.0,CIDADE,ATROPELAMENTO,1.0,1.0,1.0,1.0,1.0,1.0,1.0,1.0,2.0,1.0,1.0,Outros,Chuvoso,Sem defeito,Perfeito estado,Molhada,Perfeito estado,Não há placas,60 km/h,Dupla,"704, RUA TREZE DE MAIO, Recife, Pernambuco, Brasil",-8.0459263,-34.8791126
8237,2019-09-21 06:54:00,SEM VÍTIMA,SANTO AMARO,AV CRUZ CABUGA, ,36.0,CIDADE,CHOQUE OBJETO FIXO,1.0,1.0,1.0,1.0,1.0,1.0,1.0,1.0,1.0,0.0,1.0,Longo da via,Bom,Sem defeito,Perfeito estado,Seca,Perfeito estado,R-6a,40 km/h,Dupla," , AV CRUZ CABUGA, Recife, Pernambuco, Brasil",-8.0470189,-34.8766203
8656,2019-10-03 13:48:00,SEM VÍTIMA,SANTO AMARO,AV CRUZ CABUGA, ,36.0,SUBURBIO,ABALROAMENTO TRANSVERSAL,2.0,1.0,1.0,1.0,1.0,1.0,1.0,1.0,1.0,0.0,1.0,Cruzamento,Bom,Não existe,Perfeito estado,Seca,Perfeito estado,R-6a,60 km/h,Dupla," , AV CRUZ CABUGA, Recife, Pernambuco, Brasil",-8.0470189,-34.8766203
5836,2019-07-05 17:56:00,SEM VÍTIMA,SANTO AMARO,AV GOVERNADOR AGAMENON MAGALHAES, ,36.0,SUBURBIO,COLISÃO TRASEIRA,2.0,1.0,1.0,1.0,1.0,1.0,1.0,1.0,1.0,0.0,1.0,Longo da via,Bom,Não existe,Não existente,Seca,Perfeito estado,Não há placas,60 km/h,Dupla," , AV GOVERNADOR AGAMENON MAGALHAES, Recife, Pernambuco, Brasil",-8.0615339,-34.8974443
8238,2019-09-21 07:23:00,COM VÍTIMA,SANTO AMARO,AV CRUZ CABUGA, ,455.0,CIDADE,CHOQUE OBJETO FIXO,2.0,1.0,1.0,1.0,1.0,1.0,1.0,1.0,1.0,1.0,1.0,Longo da via,Bom,Sem defeito,Perfeito estado,Seca,Perfeito estado,Não há placas,60 km/h,Dupla," , AV CRUZ CABUGA, Recife, Pernambuco, Brasil",-8.0470189,-34.8766203
11162,2019-12-06 21:31:00,COM VÍTIMA,SANTO AMARO,AV JOAO DE BARROS, ,455.0,CIDADE,COLISÃO,2.0,1.0,1.0,1.0,1.0,1.0,1.0,1.0,1.0,1.0,1.0,Longo da via,Bom,Sem defeito,Perfeito estado,Seca,Perfeito estado,Não há placas,60 km/h,Dupla," , AV JOAO DE BARROS, Recife, Pernambuco, Brasil",-8.0379305,-34.8915966
1538,2019-02-21 23:00:00,SEM VÍTIMA,SANTO AMARO,AV GOVERNADOR AGAMENON MAGALHAES, ,379.0,CIDADE,CHOQUE OBJETO FIXO,2.0,1.0,1.0,1.0,1.0,1.0,1.0,1.0,1.0,0.0,1.0,Longo da via,Bom,Sem defeito,Perfeito estado,Seca,Perfeito estado,R-6a,60 km/h,Dupla," , AV GOVERNADOR AGAMENON MAGALHAES, Recife, Pernambuco, Brasil",-8.0615339,-34.8974443
1545,2019-02-22 07:44:00,SEM VÍTIMA,SANTO AMARO,AV NORTE, ,243.0,CIDADE,COLISÃO TRASEIRA,2.0,1.0,1.0,1.0,1.0,1.0,1.0,1.0,1.0,0.0,1.0,Ponte,Bom,Sem defeito,Perfeito estado,Seca,Perfeito estado,R-6a,60 km/h,Dupla," , AV NORTE, Recife, Pernambuco, Brasil",-8.027844,-34.903102
4569,2019-05-25 08:49:00,SEM VÍTIMA,SANTO AMARO,AV GOVERNADOR AGAMENON MAGALHAES,1330,379.0,BOA VIAGEM,COLISÃO,2.0,1.0,1.0,1.0,1.0,1.0,1.0,1.0,1.0,0.0,1.0,Ponte,Bom,Sem defeito,Perfeito estado,Seca,Perfeito estado,R-6a,60 km/h,Dupla,"1330, AV GOVERNADOR AGAMENON MAGALHAES, Recife, Pernambuco, Brasil",-8.0405538,-34.8822905
5841,2019-07-05 19:48:00,SEM VÍTIMA,SANTO AMARO,AV GOVERNADOR AGAMENON MAGALHAES, ,379.0,BOA VIAGEM,COLISÃO,2.0,1.0,1.0,1.0,1.0,1.0,1.0,1.0,1.0,0.0,1.0,Ponte,Bom,Sem defeito,Perfeito estado,Seca,Perfeito estado,R-6a,60 km/h,Dupla," , AV GOVERNADOR AGAMENON MAGALHAES, Recife, Pernambuco, Brasil",-8.0615339,-34.8974443
5847,2019-07-06 07:37:00,SEM VÍTIMA,SANTO AMARO,RUA FREI CASSIMIRO, ,379.0,BOA VIAGEM,COLISÃO,2.0,1.0,1.0,1.0,1.0,1.0,1.0,1.0,1.0,0.0,1.0,Ponte,Bom,Sem defeito,Perfeito estado,Seca,Perfeito estado,R-6a,60 km/h,Dupla," , RUA FREI CASSIMIRO, Recife, Pernambuco, Brasil",-8.0473367,-34.8793327
1533,2019-02-21 18:45:00,SEM VÍTIMA,SANTO AMARO,AV GOVERNADOR AGAMENON MAGALHAES, ,379.0,SUBURBIO,ABALROAMENTO LONGITUDINAL,2.0,1.0,1.0,1.0,1.0,1.0,1.0,1.0,1.0,0.0,1.0,Longo da via,Bom,Sem defeito,Incompleta,Seca,Perfeito estado,Não há placas,30 km/h,Única," , AV GOVERNADOR AGAMENON MAGALHAES, Recife, Pernambuco, Brasil",-8.0615339,-34.8974443
10550,2019-11-22 14:35:00,SEM VÍTIMA,SANTO AMARO,AV CRUZ CABUGA, ,455.0,CIDADE,ABALROAMENTO LONGITUDINAL,2.0,1.0,1.0,1.0,1.0,1.0,1.0,1.0,1.0,0.0,1.0,Longo da via,Bom,Sem defeito,Perfeito estado,Seca,Perfeito estado,Não há placas,30 km/h,Dupla," , AV CRUZ CABUGA, Recife, Pernambuco, Brasil",-8.0470189,-34.8766203
8663,2019-10-03 16:30:00,SEM VÍTIMA,SANTO AMARO,RUA DO HOSPICIO, ,32.0,CIDADE,ABALROAMENTO LONGITUDINAL,1.0,1.0,1.0,1.0,1.0,1.0,1.0,1.0,1.0,0.0,1.0,Cruzamento,Bom,Sem defeito,Perfeito estado,Seca,Perfeito estado,Não há placas,30 km/h,Dupla," , RUA DO HOSPICIO, Recife, Pernambuco, Brasil",-8.0544217,-34.8818867
10494,2019-11-21 12:15:00,SEM VÍTIMA,SANTO AMARO,AV NORTE, ,97.0,CIDADE,ABALROAMENTO LONGITUDINAL,1.0,1.0,1.0,1.0,1.0,1.0,1.0,1.0,1.0,0.0,1.0,Longo da via,Bom,Sem defeito,Perfeito estado,Seca,Perfeito estado,Não há placas,40 km/h,Dupla," , AV NORTE, Recife, Pernambuco, Brasil",-8.027844,-34.903102
5771,2019-07-03 22:20:00,SEM VÍTIMA,SANTO AMARO,AV CRUZ CABUGA, ,97.0,SUBURBIO,CHOQUE OBJETO FIXO,1.0,1.0,1.0,1.0,1.0,1.0,1.0,1.0,1.0,0.0,1.0,Longo da via,Bom,Sem defeito,Perfeito estado,Seca,Perfeito estado,Não há placas,60 km/h,Dupla," , AV CRUZ CABUGA, Recife, Pernambuco, Brasil",-8.0470189,-34.8766203
1396,2019-02-18 10:58:00,SEM VÍTIMA,SANTO AMARO,AV CRUZ CABUGA, ,97.0,CIDADE,COLISÃO TRASEIRA,1.0,1.0,1.0,1.0,1.0,1.0,1.0,1.0,1.0,0.0,1.0,Longo da via,Bom,Sem defeito,Perfeito estado,Seca,Perfeito estado,Não há placas,60 km/h,Dupla," , AV CRUZ CABUGA, Recife, Pernambuco, Brasil",-8.0470189,-34.8766203
5779,2019-07-04 08:45:00,SEM VÍTIMA,SANTO AMARO,AV GOVERNADOR AGAMENON MAGALHAES,1114,97.0,BOA VIAGEM,COLISÃO,1.0,1.0,1.0,1.0,1.0,1.0,1.0,1.0,1.0,0.0,1.0,Longo da via,Bom,Sem defeito,Perfeito estado,Seca,Perfeito estado,Não há placas,60 km/h,Dupla,"1114, AV GOVERNADOR AGAMENON MAGALHAES, Recife, Pernambuco, Brasil",-8.0603778,-34.8980782
1409,2019-02-18 18:06:00,SEM VÍTIMA,SANTO AMARO,AV GOVERNADOR AGAMENON MAGALHAES, ,97.0,SUBURBIO,COLISÃO TRASEIRA,4.0,1.0,1.0,1.0,1.0,1.0,1.0,1.0,1.0,0.0,1.0,Longo da via,Bom,Não existe,Perfeito estado,Seca,Perfeito estado,Outras,60 km/h,Dupla," , AV GOVERNADOR AGAMENON MAGALHAES, Recife, Pernambuco, Brasil",-8.0615339,-34.8974443
11229,2019-12-08 16:56:00,SEM VÍTIMA,SANTO AMARO,RUA FRANCISCO JACINTO,380,97.0,SUBURBIO,ABALROAMENTO LONGITUDINAL,2.0,1.0,1.0,1.0,1.0,1.0,1.0,1.0,1.0,0.0,1.0,Longo da via,Bom,Não existe,Perfeito estado,Seca,Perfeito estado,Não há placas,60 km/h,Dupla,"380, RUA FRANCISCO JACINTO, Recife, Pernambuco, Brasil",-8.0445532,-34.88181022538427
6628,2019-08-02 16:23:00,COM VÍTIMA,SANTO AMARO,RUA DO HOSPICIO, ,97.0,CIDADE,ABALROAMENTO LONGITUDINAL,1.0,1.0,1.0,1.0,1.0,1.0,1.0,1.0,1.0,2.0,1.0,Longo da via,Bom,Sem defeito,Perfeito estado,Seca,Perfeito estado,Não há placas,60 km/h,Dupla," , RUA DO HOSPICIO, Recife, Pernambuco, Brasil",-8.0544217,-34.8818867
2702,2019-03-27 21:45:00,SEM VÍTIMA,SANTO AMARO,RUA TREZE DE MAIO,914,97.0,CIDADE,ABALROAMENTO LONGITUDINAL,1.0,1.0,1.0,1.0,1.0,1.0,1.0,1.0,1.0,0.0,1.0,Cruzamento,Chuvoso,Não existe,Perfeito estado,Molhada,Perfeito estado,Não há placas,40 km/h,Dupla,"914, RUA TREZE DE MAIO, Recife, Pernambuco, Brasil",-8.0471714,-34.8798050932848
2660,2019-03-26 17:48:00,COM VÍTIMA,SANTO AMARO,AV DR JAYME DA FONTE, ,97.0,CIDADE,ATROPELAMENTO,1.0,1.0,1.0,1.0,1.0,1.0,1.0,1.0,1.0,1.0,1.0,Longo da via,Bom,Não existe,Perfeito estado,Seca,Perfeito estado,Não há placas,40 km/h,Dupla," , AV DR JAYME DA FONTE, Recife, Pernambuco, Brasil",-8.0471714,-34.8798050932848
10476,2019-11-21 06:47:00,SEM VÍTIMA,SANTO AMARO,AV GOVERNADOR AGAMENON MAGALHAES,3351,97.0,CIDADE,COLISÃO TRASEIRA,4.0,1.0,1.0,1.0,1.0,1.0,1.0,1.0,1.0,0.0,1.0,Longo da via,Bom,Sem defeito,Perfeito estado,Seca,Perfeito estado,Outras,60 km/h,Dupla,"3351, AV GOVERNADOR AGAMENON MAGALHAES, Recife, Pernambuco, Brasil",-8.0417214,-34.8849141
1452,2019-02-20 08:08:00,SEM VÍTIMA,SANTO AMARO,AV GOVERNADOR AGAMENON MAGALHAES,1800,97.0,SUBURBIO,ABALROAMENTO LONGITUDINAL,1.0,1.0,1.0,1.0,1.0,1.0,1.0,1.0,1.0,0.0,1.0,Longo da via,Bom,Sem defeito,Perfeito estado,Seca,Perfeito estado,Outras,60 km/h,Dupla,"1800, AV GOVERNADOR AGAMENON MAGALHAES, Recife, Pernambuco, Brasil",-8.0424388,-34.8867843
6584,2019-08-01 16:37:00,SEM VÍTIMA,SANTO AMARO,RUA CAPITAO LIMA, ,97.0,SUBURBIO,COLISÃO,1.0,1.0,1.0,1.0,1.0,1.0,1.0,1.0,1.0,0.0,1.0,Longo da via,Bom,Sem defeito,Perfeito estado,Seca,Perfeito estado,Outras,60 km/h,Dupla," , RUA CAPITAO LIMA, Recife, Pernambuco, Brasil",-8.0529838,-34.8797119
2686,2019-03-27 14:46:00,SEM VÍTIMA,SANTO AMARO,AV GOVERNADOR AGAMENON MAGALHAES, ,97.0,SUBURBIO,ABALROAMENTO TRANSVERSAL,1.0,1.0,1.0,1.0,1.0,1.0,1.0,1.0,1.0,0.0,1.0,Longo da via,Chuvoso,Não existe,Perfeito estado,Molhada,Perfeito estado,Outras,60 km/h,Dupla," , AV GOVERNADOR AGAMENON MAGALHAES, Recife, Pernambuco, Brasil",-8.0615339,-34.8974443
6583,2019-08-01 16:32:00,SEM VÍTIMA,SANTO AMARO,RUA DA FUNDICAO, ,97.0,SUBURBIO,ABALROAMENTO LONGITUDINAL,1.0,1.0,1.0,1.0,1.0,1.0,2.0,1.0,1.0,0.0,1.0,Longo da via,Bom,Não existe,Perfeito estado,Seca,Perfeito estado,Não há placas,60 km/h,Dupla," , RUA DA FUNDICAO, Recife, Pernambuco, Brasil",-8.054031,-34.8781387
10486,2019-11-21 09:27:00,SEM VÍTIMA,SANTO AMARO,AV JOAO DE BARROS, ,656.0,SUBURBIO,COLISÃO,1.0,1.0,1.0,1.0,1.0,1.0,2.0,1.0,1.0,0.0,1.0,Longo da via,Bom,Não existe,Perfeito estado,Seca,Perfeito estado,Não há placas,60 km/h,Dupla," , AV JOAO DE BARROS, Recife, Pernambuco, Brasil",-8.0379305,-34.8915966
6573,2019-08-01 13:18:00,SEM VÍTIMA,SANTO AMARO,RUA DOS PALMARES, ,656.0,SUBURBIO,COLISÃO TRASEIRA,2.0,1.0,1.0,1.0,1.0,1.0,2.0,1.0,1.0,0.0,1.0,Longo da via,Bom,Sem defeito,Perfeito estado,Seca,Perfeito estado,Não há placas,60 km/h,Única," , RUA DOS PALMARES, Recife, Pernambuco, Brasil",-8.049652,-34.8875043
4550,2019-05-24 14:26:00,SEM VÍTIMA,SANTO AMARO,AV GOVERNADOR AGAMENON MAGALHAES, ,656.0,SUBURBIO,ABALROAMENTO TRANSVERSAL,2.0,1.0,1.0,1.0,1.0,1.0,2.0,1.0,1.0,0.0,1.0,Longo da via,Bom,Sem defeito,Perfeito estado,Seca,Perfeito estado,Não há placas,60 km/h,Única," , AV GOVERNADOR AGAMENON MAGALHAES, Recife, Pernambuco, Brasil",-8.0615339,-34.8974443
1444,2019-02-19 18:37:00,COM VÍTIMA,SANTO AMARO,AV CRUZ CABUGA, ,656.0,CIDADE,COLISÃO COM CICLISTA,2.0,1.0,1.0,1.0,1.0,1.0,2.0,1.0,1.0,1.0,1.0,Longo da via,Bom,Não existe,Perfeito estado,Seca,Perfeito estado,Outras,60 km/h,Dupla," , AV CRUZ CABUGA, Recife, Pernambuco, Brasil",-8.0470189,-34.8766203
1035,2019-02-07 17:18:00,SEM VÍTIMA,SANTO AMARO,AV NORTE, ,36.0,SUBURBIO,ABALROAMENTO LONGITUDINAL,1.0,1.0,1.0,1.0,1.0,1.0,2.0,1.0,1.0,0.0,1.0,Longo da via,Bom,Sem defeito,Perfeito estado,Seca,Perfeito estado,Não há placas,60 km/h,Dupla," , AV NORTE, Recife, Pernambuco, Brasil",-8.027844,-34.903102
6294,2019-07-22 11:36:00,SEM VÍTIMA,SANTO AMARO,AV CRUZ CABUGA, ,36.0,CIDADE,COLISÃO,2.0,1.0,1.0,1.0,1.0,1.0,2.0,1.0,1.0,0.0,1.0,Longo da via,Bom,Sem defeito,Perfeito estado,Seca,Perfeito estado,Não há placas,60 km/h,Dupla," , AV CRUZ CABUGA, Recife, Pernambuco, Brasil",-8.0470189,-34.8766203
4287,2019-05-16 09:56:00,SEM VÍTIMA,SANTO AMARO,RUA PALMARES, ,30.0,CIDADE,COLISÃO TRASEIRA,1.0,1.0,1.0,1.0,1.0,1.0,2.0,1.0,1.0,0.0,1.0,Longo da via,Bom,Sem defeito,Perfeito estado,Seca,Perfeito estado,Não há placas,60 km/h,Dupla," , RUA PALMARES, Recife, Pernambuco, Brasil",-8.0943321,-34.9366723
552,2019-01-22 10:11:00,COM VÍTIMA,SANTO AMARO,RUA DO POMBAL, ,30.0,indefinido,ABALROAMENTO TRANSVERSAL,2.0,1.0,1.0,1.0,1.0,1.0,2.0,1.0,1.0,1.0,1.0,Cruzamento,Chuvoso,Não existe,Perfeito estado,Molhada,Perfeito estado,Não há placas,30 km/h,Dupla," , RUA DO POMBAL, Recife, Pernambuco, Brasil",-8.0474477,-34.8813245
9034,2019-10-13 13:19:00,COM VÍTIMA,SANTO AMARO,AV DR JAYME DA FONTE, ,49.0,SUBURBIO,ABALROAMENTO TRANSVERSAL,1.0,1.0,1.0,1.0,1.0,1.0,2.0,1.0,1.0,1.0,1.0,Cruzamento,Bom,Sem defeito,Perfeito estado,Seca,Perfeito estado,R-19,60 km/h,Dupla," , AV DR JAYME DA FONTE, Recife, Pernambuco, Brasil",-8.0474477,-34.8813245
11698,2019-12-19 15:36:00,SEM VÍTIMA,SANTO AMARO,AV MARIO MELO, ,49.0,SUBURBIO,COLISÃO,2.0,1.0,1.0,1.0,1.0,1.0,2.0,1.0,1.0,0.0,1.0,Cruzamento,Bom,Sem defeito,Perfeito estado,Seca,Perfeito estado,R-19,60 km/h,Dupla," , AV MARIO MELO, Recife, Pernambuco, Brasil",-7.8131003,-34.9093617
565,2019-01-22 14:35:00,SEM VÍTIMA,SANTO AMARO,RUA DOS PALMARES, ,49.0,CIDADE,COLISÃO,2.0,1.0,1.0,1.0,1.0,1.0,2.0,1.0,1.0,0.0,1.0,Cruzamento,Bom,Sem defeito,Perfeito estado,Seca,Perfeito estado,R-19,60 km/h,Dupla," , RUA DOS PALMARES, Recife, Pernambuco, Brasil",-8.049652,-34.8875043
11693,2019-12-19 14:29:00,SEM VÍTIMA,SANTO AMARO,AV CRUZ CABUGA,141,49.0,CIDADE,ABALROAMENTO LONGITUDINAL,1.0,1.0,1.0,1.0,1.0,1.0,2.0,1.0,1.0,0.0,1.0,Longo da via,Bom,Não existe,Perfeito estado,Seca,Perfeito estado,R-6a,60 km/h,Dupla,"141, AV CRUZ CABUGA, Recife, Pernambuco, Brasil",-8.052484549999999,-34.881529459567176
3993,2019-05-06 15:10:00,SEM VÍTIMA,SANTO AMARO,RUA DR CARLOS CHAGAS,136,49.0,SUBURBIO,ABALROAMENTO LONGITUDINAL,2.0,1.0,1.0,1.0,1.0,1.0,2.0,1.0,1.0,0.0,1.0,Longo da via,Bom,Não existe,Perfeito estado,Seca,Perfeito estado,R-6a,60 km/h,Única,"136, RUA DR CARLOS CHAGAS, Recife, Pernambuco, Brasil",-8.052484549999999,-34.881529459567176
1899,2019-03-04 15:07:00,COM VÍTIMA,SANTO AMARO,AV CRUZ CABUGA,706,49.0,CIDADE,ABALROAMENTO TRANSVERSAL,1.0,1.0,1.0,1.0,1.0,1.0,2.0,1.0,1.0,2.0,1.0,Cruzamento,Chuvoso,Não existe,Perfeito estado,Molhada,Perfeito estado,R-25b,60 km/h,Dupla,"706, AV CRUZ CABUGA, Recife, Pernambuco, Brasil",-8.04867545,-34.87720169472976
3625,2019-04-25 11:53:00,SEM VÍTIMA,SANTO AMARO,AV PREFEITO ARTUR LIMA CAVALCANTI, ,343.0,SUBURBIO,ABALROAMENTO LONGITUDINAL,1.0,1.0,1.0,1.0,1.0,1.0,1.0,1.0,1.0,0.0,1.0,Cruzamento,Chuvoso,Sem defeito,Perfeito estado,Molhada,Perfeito estado,Outras,60 km/h,Dupla," , AV PREFEITO ARTUR LIMA CAVALCANTI, Recife, Pernambuco, Brasil",-8.04501,-34.874445
11688,2019-12-19 13:43:00,COM VÍTIMA,SANTO AMARO,AV GOVERNADOR AGAMENON MAGALHAES, ,108.0,CIDADE,ABALROAMENTO LONGITUDINAL,1.0,1.0,1.0,1.0,1.0,1.0,1.0,1.0,1.0,2.0,1.0,Longo da via,Bom,Sem defeito,Perfeito estado,Seca,Perfeito estado,Não há placas,60 km/h,Dupla," , AV GOVERNADOR AGAMENON MAGALHAES, Recife, Pernambuco, Brasil",-8.0615339,-34.8974443
9023,2019-10-12 19:38:00,COM VÍTIMA,SANTO AMARO,AV GOVERNADOR AGAMENON MAGALHAES, ,49.0,SUBURBIO,ATROPELAMENTO,1.0,1.0,1.0,1.0,1.0,1.0,1.0,1.0,1.0,1.0,1.0,Cruzamento,Bom,Sem defeito,Perfeito estado,Seca,Perfeito estado,R-24a,60 km/h,Dupla," , AV GOVERNADOR AGAMENON MAGALHAES, Recife, Pernambuco, Brasil",-8.0615339,-34.8974443
5222,2019-06-14 14:36:00,SEM VÍTIMA,SANTO AMARO,AV CRUZ CABUGA, ,49.0,SUBURBIO,ABALROAMENTO LONGITUDINAL,1.0,1.0,1.0,1.0,1.0,1.0,1.0,1.0,1.0,0.0,1.0,Cruzamento,Bom,Sem defeito,Perfeito estado,Seca,Perfeito estado,R-24a,60 km/h,Dupla," , AV CRUZ CABUGA, Recife, Pernambuco, Brasil",-8.0470189,-34.8766203
10877,2019-12-01 18:49:00,COM VÍTIMA,SANTO AMARO,AV GOVERNADOR AGAMENON MAGALHAES, ,49.0,SUBURBIO,ATROPELAMENTO,1.0,1.0,1.0,1.0,1.0,1.0,1.0,1.0,1.0,1.0,1.0,Cruzamento,Bom,Sem defeito,Perfeito estado,Seca,Perfeito estado,Outras,60 km/h,Dupla," , AV GOVERNADOR AGAMENON MAGALHAES, Recife, Pernambuco, Brasil",-8.0615339,-34.8974443
11684,2019-12-19 12:25:00,SEM VÍTIMA,SANTO AMARO,AV CRUZ CABUGA, ,49.0,SUBURBIO,ABALROAMENTO TRANSVERSAL,2.0,1.0,1.0,1.0,1.0,1.0,1.0,1.0,1.0,0.0,1.0,Cruzamento,Bom,Não existe,Perfeito estado,Seca,Perfeito estado,Outras,60 km/h,Dupla," , AV CRUZ CABUGA, Recife, Pernambuco, Brasil",-8.0470189,-34.8766203
5224,2019-06-14 14:55:00,SEM VÍTIMA,SANTO AMARO,AV MARIO MELO, ,49.0,SUBURBIO,COLISÃO,2.0,1.0,1.0,1.0,1.0,1.0,1.0,1.0,1.0,0.0,1.0,Cruzamento,Bom,Não existe,Perfeito estado,Seca,Perfeito estado,Outras,60 km/h,Dupla," , AV MARIO MELO, Recife, Pernambuco, Brasil",-7.8131003,-34.9093617
3997,2019-05-06 19:09:00,COM VÍTIMA,SANTO AMARO,AV GOVERNADOR AGAMENON MAGALHAES, ,49.0,SUBURBIO,ENGAVETAMENTO,3.0,1.0,1.0,1.0,1.0,1.0,1.0,1.0,1.0,1.0,1.0,Cruzamento,Bom,Não existe,Perfeito estado,Seca,Perfeito estado,Outras,60 km/h,Dupla," , AV GOVERNADOR AGAMENON MAGALHAES, Recife, Pernambuco, Brasil",-8.0615339,-34.8974443
7692,2019-09-05 12:00:00,SEM VÍTIMA,SANTO AMARO,RUA PRINCESA IZABEL, ,49.0,SUBURBIO,ABALROAMENTO LONGITUDINAL,1.0,1.0,1.0,1.0,1.0,1.0,1.0,1.0,1.0,0.0,1.0,Longo da via,Bom,Sem defeito,Perfeito estado,Seca,Perfeito estado,R-6a,60 km/h,Única," , RUA PRINCESA IZABEL, Recife, Pernambuco, Brasil",-8.1236018,-35.0916404
1898,2019-03-04 14:33:00,COM VÍTIMA,SANTO AMARO,RUA JOAO LIRA, ,308.0,SUBURBIO,COLISÃO COM CICLISTA,1.0,1.0,1.0,1.0,1.0,1.0,1.0,1.0,1.0,1.0,1.0,Cruzamento,Chuvoso,Sem defeito,Perfeito estado,Molhada,Perfeito estado,Outras,60 km/h,Única," , RUA JOAO LIRA, Recife, Pernambuco, Brasil",-8.0562763,-34.8804193