,data_hora,natureza_acidente,bairro,endereco,numero,num_semaforo,sentido_via,tipo,auto,moto,ciclom,ciclista,pedestre,onibus,caminhao,viatura,outros,vitimas,vitimasfatais,acidente_verificado,tempo_clima,situacao_semaforo,sinalizacao,condicao_via,conservacao_via,situacao_placa,velocidade_max_via,mao_direcao,end,latitude,longitude
9447,2019-10-24 14:51:00,SEM VÍTIMA,SANTO AMARO,RUA TREZE DE MAIO,967B,308.0,SUBURBIO,ABALROAMENTO TRANSVERSAL,4.0,1.0,1.0,1.0,1.0,1.0,1.0,1.0,1.0,0.0,1.0,Cruzamento,Bom,Não existe,Perfeito estado,Seca,Perfeito estado,Placas Pare,60 km/h,Dupla,"967B, RUA TREZE DE MAIO, Recife, Pernambuco, Brasil",-8.0459263,-34.8791126
11677,2019-12-19 09:56:00,SEM VÍTIMA,SANTO AMARO,RUA DO POMBAL, ,308.0,CIDADE,COLISÃO TRASEIRA,4.0,1.0,1.0,1.0,1.0,1.0,1.0,1.0,1.0,0.0,1.0,Cruzamento,Bom,Não existe,Perfeito estado,Seca,Perfeito estado,Placas Pare,60 km/h,Única," , RUA DO POMBAL, Recife, Pernambuco, Brasil",-8.0474477,-34.8813245
9207,2019-10-17 15:58:00,SEM VÍTIMA,SANTO AMARO,AV GOVERNADOR AGAMENON MAGALHAES, ,308.0,SUBURBIO,COLISÃO TRASEIRA,2.0,1.0,1.0,1.0,1.0,1.0,1.0,1.0,1.0,0.0,1.0,Longo da via,Bom,Não existe,Perfeito estado,Seca,Perfeito estado,Não há placas,30 km/h,Única," , AV GOVERNADOR AGAMENON MAGALHAES, Recife, Pernambuco, Brasil",-8.0615339,-34.8974443
544,2019-01-22 08:55:00,SEM VÍTIMA,SANTO AMARO,AV CRUZ CABUGA, ,308.0,CIDADE,ABALROAMENTO LONGITUDINAL,2.0,1.0,1.0,1.0,1.0,1.0,1.0,1.0,1.0,0.0,1.0,Longo da via,Chuvoso,Sem defeito,Perfeito estado,Molhada,Perfeito estado,R-6a,30 km/h,Dupla," , AV CRUZ CABUGA, Recife, Pernambuco, Brasil",-8.0470189,-34.8766203
9911,2019-11-06 15:41:00,SEM VÍTIMA,SANTO AMARO,AV CRUZ CABUGA,1200,308.0,SUBURBIO,ABALROAMENTO LONGITUDINAL,1.0,1.0,1.0,1.0,1.0,1.0,1.0,1.0,1.0,0.0,1.0,Longo da via,Bom,Não existe,Perfeito estado,Seca,Perfeito estado,Outras,30 km/h,Única,"1200, AV CRUZ CABUGA, Recife, Pernambuco, Brasil",-8.04610165,-34.87512304299725
9912,2019-11-06 15:48:00,SEM VÍTIMA,SANTO AMARO,AV CRUZ CABUGA, ,308.0,CIDADE,COLISÃO,1.0,1.0,1.0,1.0,1.0,1.0,1.0,1.0,1.0,0.0,1.0,Longo da via,Bom,Não existe,Perfeito estado,Seca,Perfeito estado,Outras,30 km/h,Única," , AV CRUZ CABUGA, Recife, Pernambuco, Brasil",-8.0470189,-34.8766203
7233,2019-08-21 12:50:00,SEM VÍTIMA,SANTO AMARO,AV JOAO DE BARROS,923,308.0,CIDADE,COLISÃO,2.0,1.0,1.0,1.0,1.0,1.0,1.0,1.0,1.0,0.0,1.0,Longo da via,Bom,Não existe,Perfeito estado,Seca,Perfeito estado,Outras,30 km/h,Única,"923, AV JOAO DE BARROS, Recife, Pernambuco, Brasil",-8.0379305,-34.8915966
3700,2019-04-27 08:16:00,COM VÍTIMA,SANTO AMARO,AV CRUZ CABUGA,665,308.0,CIDADE,COLISÃO TRASEIRA,1.0,1.0,1.0,1.0,1.0,1.0,1.0,1.0,1.0,1.0,1.0,Longo da via,Bom,Sem defeito,Perfeito estado,Seca,Perfeito estado,Outras,30 km/h,Dupla,"665, AV CRUZ CABUGA, Recife, Pernambuco, Brasil",-8.04860655,-34.87811389170168
515,2019-01-21 11:05:00,COM VÍTIMA,SANTO AMARO,AV DR JAYME DA FONTE, ,343.0,SUBURBIO,COLISÃO COM CICLISTA,1.0,1.0,1.0,1.0,1.0,1.0,1.0,1.0,1.0,1.0,1.0,Longo da via,Bom,Sem defeito,Perfeito estado,Seca,Perfeito estado,Não há placas,60 km/h,Dupla," , AV DR JAYME DA FONTE, Recife, Pernambuco, Brasil",-8.04860655,-34.87811389170168
9726,2019-11-01 10:29:00,SEM VÍTIMA,SANTO AMARO,AV VISCONDE DE SUASSUNA,775,343.0,SUBURBIO,ABALROAMENTO TRANSVERSAL,2.0,1.0,1.0,1.0,1.0,1.0,1.0,1.0,1.0,0.0,1.0,Cruzamento,Bom,Não existe,Perfeito estado,Seca,Perfeito estado,R-6a,40 km/h,Única,"775, AV VISCONDE DE SUASSUNA, Recife, Pernambuco, Brasil",-8.05124495,-34.88849349081632
4663,2019-05-28 14:51:00,SEM VÍTIMA,SANTO AMARO,RUA BARAO DE IGARASSU,35,343.0,SUBURBIO,ABALROAMENTO LONGITUDINAL,1.0,1.0,1.0,1.0,1.0,1.0,1.0,1.0,1.0,0.0,1.0,Longo da via,Bom,Não existe,Incompleta,Seca,Perfeito estado,Não há placas,40 km/h,Dupla,"35, RUA BARAO DE IGARASSU, Recife, Pernambuco, Brasil",-8.044795350000001,-34.87673592598232
6111,2019-07-15 16:40:00,COM VÍTIMA,SANTO AMARO,AV CRUZ CABUGA, ,343.0,OLINDA,COLISÃO,1.0,1.0,1.0,1.0,1.0,1.0,1.0,1.0,1.0,2.0,1.0,Longo da via,Bom,Não existe,Incompleta,Seca,Perfeito estado,Não há placas,40 km/h,Dupla," , AV CRUZ CABUGA, Recife, Pernambuco, Brasil",-8.0470189,-34.8766203
7695,2019-09-05 13:24:00,SEM VÍTIMA,SANTO AMARO,AV NORTE, ,343.0,SUBURBIO,ABALROAMENTO LONGITUDINAL,1.0,1.0,1.0,1.0,1.0,1.0,1.0,1.0,1.0,0.0,1.0,Longo da via,Bom,Sem defeito,Perfeito estado,Seca,Perfeito estado,Outras,40 km/h,Dupla," , AV NORTE, Recife, Pernambuco, Brasil",-8.027844,-34.903102
4869,2019-06-04 13:24:00,SEM VÍTIMA,SANTO AMARO,AV GOVERNADOR AGAMENON MAGALHAES, ,343.0,SUBURBIO,ABALROAMENTO LONGITUDINAL,1.0,1.0,1.0,1.0,1.0,1.0,1.0,1.0,1.0,0.0,1.0,Longo da via,Bom,Não existe,Perfeito estado,Seca,Perfeito estado,Não há placas,40 km/h,Única," , AV GOVERNADOR AGAMENON MAGALHAES, Recife, Pernambuco, Brasil",-8.0615339,-34.8974443
3680,2019-04-26 15:54:00,COM VÍTIMA,SANTO AMARO,AV NORTE,539,34.0,SUBURBIO,COLISÃO COM CICLISTA,1.0,1.0,1.0,1.0,1.0,1.0,1.0,1.0,1.0,1.0,1.0,Longo da via,Bom,Sem defeito,Perfeito estado,Seca,Perfeito estado,R-4a,40 km/h,Dupla,"539, AV NORTE, Recife, Pernambuco, Brasil",-8.027844,-34.903102
7214,2019-08-20 20:37:00,SEM VÍTIMA,SANTO AMARO,AV CRUZ CABUGA, ,34.0,SUBURBIO,ABALROAMENTO LONGITUDINAL,1.0,1.0,1.0,1.0,1.0,1.0,1.0,1.0,1.0,0.0,1.0,Longo da via,Bom,Não existe,Perfeito estado,Seca,Perfeito estado,Não há placas,40 km/h,Dupla," , AV CRUZ CABUGA, Recife, Pernambuco, Brasil",-8.0470189,-34.8766203
11712,2019-12-20 06:13:00,COM VÍTIMA,SANTO AMARO,AV GOVERNADOR AGAMENON MAGALHAES, ,49.0,CIDADE,ABALROAMENTO TRANSVERSAL,1.0,1.0,1.0,1.0,1.0,1.0,1.0,1.0,1.0,1.0,1.0,Cruzamento,Bom,Sem defeito,Perfeito estado,Seca,Perfeito estado,Outras,60 km/h,Dupla," , AV GOVERNADOR AGAMENON MAGALHAES, Recife, Pernambuco, Brasil",-8.0615339,-34.8974443
5163,2019-06-12 18:51:00,SEM VÍTIMA,SANTO AMARO,AV GOVERNADOR AGAMENON MAGALHAES, ,49.0,SUBURBIO,ABALROAMENTO LONGITUDINAL,1.0,1.0,1.0,1.0,1.0,1.0,1.0,1.0,1.0,0.0,1.0,Longo da via,Bom,Não existe,Perfeito estado,Seca,Perfeito estado,Outras,60 km/h,Dupla," , AV GOVERNADOR AGAMENON MAGALHAES, Recife, Pernambuco, Brasil",-8.0615339,-34.8974443
1915,2019-03-05 20:55:00,SEM VÍTIMA,SANTO AMARO,AV GOVERNADOR AGAMENON MAGALHAES, ,49.0,SUBURBIO,COLISÃO,1.0,1.0,1.0,1.0,1.0,1.0,1.0,1.0,1.0,0.0,1.0,Longo da via,Bom,Não existe,Perfeito estado,Seca,Perfeito estado,Outras,60 km/h,Dupla," , AV GOVERNADOR AGAMENON MAGALHAES, Recife, Pernambuco, Brasil",-8.0615339,-34.8974443
7208,2019-08-20 17:31:00,SEM VÍTIMA,SANTO AMARO,RUA DOS PALMARES, ,49.0,SUBURBIO,ABALROAMENTO LONGITUDINAL,2.0,1.0,1.0,1.0,1.0,1.0,1.0,1.0,1.0,0.0,1.0,Longo da via,Bom,Não existe,Perfeito estado,Seca,Perfeito estado,Outras,60 km/h,Dupla," , RUA DOS PALMARES, Recife, Pernambuco, Brasil",-8.049652,-34.8875043
10227,2019-11-14 08:38:00,SEM VÍTIMA,SANTO AMARO,AV GOVERNADOR AGAMENON MAGALHAES, ,49.0,SUBURBIO,ABALROAMENTO LONGITUDINAL,2.0,1.0,1.0,1.0,1.0,1.0,1.0,1.0,1.0,0.0,1.0,Longo da via,Bom,Não existe,Perfeito estado,Seca,Perfeito estado,Não há placas,60 km/h,Dupla," , AV GOVERNADOR AGAMENON MAGALHAES, Recife, Pernambuco, Brasil",-8.0615339,-34.8974443
3654,2019-04-26 07:39:00,SEM VÍTIMA,SANTO AMARO,AV GOVERNADOR AGAMENON MAGALHAES, ,49.0,SUBURBIO,ABALROAMENTO LONGITUDINAL,2.0,1.0,1.0,1.0,1.0,1.0,1.0,1.0,1.0,0.0,1.0,Longo da via,Bom,Não existe,Perfeito estado,Seca,Perfeito estado,Não há placas,60 km/h,Dupla," , AV GOVERNADOR AGAMENON MAGALHAES, Recife, Pernambuco, Brasil",-8.0615339,-34.8974443
7703,2019-09-05 17:54:00,COM VÍTIMA,SANTO AMARO,AV CRUZ CABUGA, ,34.0,CIDADE,ABALROAMENTO TRANSVERSAL,2.0,1.0,1.0,1.0,1.0,1.0,1.0,1.0,1.0,2.0,1.0,Cruzamento,Bom,Sem defeito,Perfeito estado,Seca,Perfeito estado,R-4a,60 km/h,Dupla," , AV CRUZ CABUGA, Recife, Pernambuco, Brasil",-8.0470189,-34.8766203
5225,2019-06-14 15:19:00,COM VÍTIMA,SANTO AMARO,AV CRUZ CABUGA,343,34.0,CIDADE,CAPOTAMENTO,2.0,1.0,1.0,1.0,1.0,1.0,1.0,1.0,1.0,1.0,1.0,Longo da via,Bom,Sem defeito,Perfeito estado,Seca,Perfeito estado,Outras,60 km/h,Dupla,"343, AV CRUZ CABUGA, Recife, Pernambuco, Brasil",-8.05102405,-34.87985782860354
11919,2019-12-26 10:02:00,SEM VÍTIMA,SANTO AMARO,RUA DO POMBAL,1964,34.0,CIDADE,CAPOTAMENTO,2.0,1.0,1.0,1.0,1.0,1.0,1.0,1.0,1.0,0.0,1.0,Cruzamento,Bom,Não existe,Perfeito estado,Seca,Perfeito estado,Placas Pare,60 km/h,Dupla,"1964, RUA DO POMBAL, Recife, Pernambuco, Brasil",-8.0519068,-34.8846401
3548,2019-04-23 07:54:00,SEM VÍTIMA,SANTO AMARO,"AV DA SAUDADE,", ,428.0,CIDADE,ABALROAMENTO LONGITUDINAL,1.0,1.0,1.0,1.0,1.0,1.0,1.0,1.0,1.0,0.0,1.0,Longo da via,Bom,Sem defeito,Perfeito estado,Molhada,Perfeito estado,R-6a,60 km/h,Dupla," , AV DA SAUDADE,, Recife, Pernambuco, Brasil",-8.0514726,-34.882263
620,2019-01-24 13:11:00,SEM VÍTIMA,SANTO AMARO,RUA ARNOBIO MARQUES, ,428.0,CIDADE,ABALROAMENTO TRANSVERSAL,2.0,1.0,1.0,1.0,1.0,1.0,1.0,1.0,1.0,0.0,1.0,Longo da via,Bom,Não existe,Perfeito estado,Seca,Perfeito estado,R-25b,60 km/h,Única," , RUA ARNOBIO MARQUES, Recife, Pernambuco, Brasil",-8.0481472,-34.8876965
3544,2019-04-22 21:42:00,SEM VÍTIMA,SANTO AMARO,RUA DR CARLOS CHAGAS,800,428.0,SUBURBIO,ABALROAMENTO LONGITUDINAL,2.0,1.0,1.0,1.0,1.0,1.0,1.0,1.0,1.0,0.0,1.0,Longo da via,Bom,Não existe,Incompleta,Seca,Perfeito estado,R-6a,60 km/h,Única,"800, RUA DR CARLOS CHAGAS, Recife, Pernambuco, Brasil",-8.0481472,-34.8876965
4834,2019-06-03 16:38:00,SEM VÍTIMA,SANTO AMARO,AV JOAO DE BARROS, ,428.0,SUBURBIO,COLISÃO,1.0,1.0,1.0,1.0,1.0,1.0,1.0,1.0,1.0,0.0,1.0,Longo da via,Bom,Não existe,Incompleta,Seca,Perfeito estado,R-6a,60 km/h,Única," , AV JOAO DE BARROS, Recife, Pernambuco, Brasil",-8.0379305,-34.8915966
6175,2019-07-18 00:51:00,SEM VÍTIMA,SANTO AMARO,RUA DO SOSSEGO, ,428.0,CIDADE,CHOQUE VEÍCULO PARADO,2.0,1.0,1.0,1.0,1.0,1.0,1.0,1.0,1.0,0.0,1.0,Longo da via,Bom,Não existe,Não existente,Seca,Mal conservada,Não há placas,60 km/h,Dupla," , RUA DO SOSSEGO, Recife, Pernambuco, Brasil",-8.0558995,-34.8849863
7895,2019-09-11 16:01:00,SEM VÍTIMA,SANTO AMARO,RUA DO POMBAL, ,428.0,CIDADE,ABALROAMENTO TRANSVERSAL,2.0,1.0,1.0,1.0,1.0,1.0,1.0,1.0,1.0,0.0,1.0,Cruzamento,Bom,Não existe,Perfeito estado,Seca,Perfeito estado,Não há placas,60 km/h,Dupla," , RUA DO POMBAL, Recife, Pernambuco, Brasil",-8.0474477,-34.8813245
5258,2019-06-15 14:52:00,SEM VÍTIMA,SANTO AMARO,AV CRUZ CABUGA, ,428.0,SUBURBIO,ABALROAMENTO LONGITUDINAL,2.0,1.0,1.0,1.0,1.0,1.0,1.0,1.0,1.0,0.0,1.0,Cruzamento,Nublado,Não existe,Perfeito estado,Seca,Perfeito estado,Não há placas,60 km/h,Única," , AV CRUZ CABUGA, Recife, Pernambuco, Brasil",-8.0470189,-34.8766203
3535,2019-04-22 16:54:00,SEM VÍTIMA,SANTO AMARO,AV NORTE,1056,428.0,SUBURBIO,COLISÃO TRASEIRA,2.0,1.0,1.0,1.0,1.0,1.0,1.0,1.0,1.0,0.0,1.0,Longo da via,Bom,Não existe,Perfeito estado,Seca,Perfeito estado,Não há placas,60 km/h,Dupla,"1056, AV NORTE, Recife, Pernambuco, Brasil",-8.027844,-34.903102
637,2019-01-25 11:04:00,SEM VÍTIMA,SANTO AMARO,RUA TREZE DE MAIO,21,428.0,SUBURBIO,ABALROAMENTO LONGITUDINAL,2.0,1.0,1.0,1.0,1.0,1.0,1.0,1.0,1.0,0.0,1.0,Longo da via,Bom,Sem defeito,Perfeito estado,Seca,Perfeito estado,Outras,60 km/h,Dupla,"21, RUA TREZE DE MAIO, Recife, Pernambuco, Brasil",-8.0535501,-34.8845873
7904,2019-09-11 19:52:00,SEM VÍTIMA,SANTO AMARO,PRC GENERAL ABREU E LIMA, ,428.0,CIDADE,ABALROAMENTO LONGITUDINAL,1.0,1.0,1.0,1.0,1.0,1.0,1.0,1.0,1.0,0.0,1.0,Longo da via,Bom,Não existe,Perfeito estado,Seca,Perfeito estado,R-6a,60 km/h,Dupla," , PRC GENERAL ABREU E LIMA, Recife, Pernambuco, Brasil",-8.0535501,-34.8845873
8988,2019-10-11 18:41:00,SEM VÍTIMA,SANTO AMARO,AV NORTE,414,463.0,SUBURBIO,ABALROAMENTO LONGITUDINAL,2.0,1.0,1.0,1.0,1.0,1.0,1.0,1.0,1.0,0.0,1.0,Longo da via,Bom,Sem defeito,Perfeito estado,Seca,Perfeito estado,Não há placas,60 km/h,Única,"414, AV NORTE, Recife, Pernambuco, Brasil",-8.027844,-34.903102
11632,2019-12-18 09:25:00,SEM VÍTIMA,SANTO AMARO,RUA TREZE DE MAIO,1008,463.0,SUBURBIO,COLISÃO,2.0,1.0,1.0,1.0,1.0,1.0,1.0,1.0,1.0,0.0,1.0,Longo da via,Bom,Sem defeito,Perfeito estado,Seca,Perfeito estado,Não há placas,60 km/h,Única,"1008, RUA TREZE DE MAIO, Recife, Pernambuco, Brasil",-8.046507850000001,-34.879335839830844
11858,2019-12-23 20:17:00,SEM VÍTIMA,SANTO AMARO,RUA OLIMPIO BONALD,315,463.0,SUBURBIO,COLISÃO,2.0,1.0,1.0,1.0,1.0,1.0,1.0,1.0,1.0,0.0,1.0,Longo da via,Bom,Sem defeito,Perfeito estado,Seca,Perfeito estado,Não há placas,60 km/h,Única,"315, RUA OLIMPIO BONALD, Recife, Pernambuco, Brasil",-8.046335599999999,-34.880017516965424
649,2019-01-25 17:04:00,SEM VÍTIMA,SANTO AMARO,AV NORTE, ,463.0,SUBURBIO,ABALROAMENTO LONGITUDINAL,2.0,1.0,1.0,1.0,1.0,1.0,1.0,1.0,1.0,0.0,1.0,Longo da via,Bom,Não existe,Perfeito estado,Seca,Perfeito estado,Não há placas,60 km/h,Dupla," , AV NORTE, Recife, Pernambuco, Brasil",-8.027844,-34.903102
2064,2019-03-10 12:42:00,COM VÍTIMA,SANTO AMARO,RUA DOS PALMARES,547,463.0,CIDADE,COLISÃO COM CICLISTA,1.0,1.0,1.0,1.0,1.0,1.0,1.0,1.0,1.0,1.0,1.0,Longo da via,Bom,Não existe,Perfeito estado,Seca,Perfeito estado,Não há placas,60 km/h,Dupla,"547, RUA DOS PALMARES, Recife, Pernambuco, Brasil",-7.9931119,-35.0258279
2058,2019-03-09 20:25:00,SEM VÍTIMA,SANTO AMARO,AV CRUZ CABUGA, ,343.0,CIDADE,ABALROAMENTO LONGITUDINAL,1.0,1.0,1.0,1.0,1.0,1.0,1.0,1.0,1.0,0.0,1.0,Longo da via,Bom,Sem defeito,Perfeito estado,Seca,Perfeito estado,Não há placas,60 km/h,Dupla," , AV CRUZ CABUGA, Recife, Pernambuco, Brasil",-8.0470189,-34.8766203
4258,2019-05-15 12:28:00,COM VÍTIMA,SANTO AMARO,RUA AURORA, ,343.0,SUBURBIO,ABALROAMENTO LONGITUDINAL,1.0,1.0,1.0,1.0,1.0,1.0,1.0,1.0,1.0,1.0,1.0,Longo da via,Bom,Não existe,Perfeito estado,Seca,Perfeito estado,Não há placas,60 km/h,Dupla," , RUA AURORA, Recife, Pernambuco, Brasil",-8.0171094,-35.0225571
7885,2019-09-11 13:24:00,COM VÍTIMA,SANTO AMARO,AV CRUZ CABUGA, ,343.0,SUBURBIO,ABALROAMENTO TRANSVERSAL,1.0,1.0,1.0,1.0,1.0,1.0,1.0,1.0,1.0,1.0,1.0,Longo da via,Bom,Não existe,Perfeito estado,Seca,Perfeito estado,Outras,60 km/h,Dupla," , AV CRUZ CABUGA, Recife, Pernambuco, Brasil",-8.0470189,-34.8766203
11675,2019-12-19 09:46:00,SEM VÍTIMA,SANTO AMARO,RUA DO POMBAL, ,343.0,SUBURBIO,COLISÃO,1.0,1.0,1.0,1.0,1.0,1.0,1.0,1.0,1.0,0.0,1.0,Longo da via,Bom,Não existe,Perfeito estado,Seca,Perfeito estado,Outras,60 km/h,Dupla," , RUA DO POMBAL, Recife, Pernambuco, Brasil",-8.0474477,-34.8813245
617,2019-01-24 11:21:00,COM VÍTIMA,SANTO AMARO,RUA TREZE DE MAIO, ,427.0,SUBURBIO,ABALROAMENTO TRANSVERSAL,1.0,1.0,1.0,1.0,1.0,1.0,1.0,1.0,1.0,1.0,1.0,Cruzamento,Bom,Sem defeito,Perfeito estado,Seca,Perfeito estado,Outras,60 km/h,Dupla," , RUA TREZE DE MAIO, Recife, Pernambuco, Brasil",-8.0510564,-34.8827947
9325,2019-10-21 14:02:00,SEM VÍTIMA,SANTO AMARO,RUA ARTUR COUTINHO,143,427.0,CIDADE,COLISÃO TRASEIRA,2.0,1.0,1.0,1.0,1.0,1.0,1.0,1.0,1.0,0.0,1.0,Cruzamento,Bom,Não existe,Incompleta,Seca,Mal conservada,Placas Pare,60 km/h,Dupla,"143, RUA ARTUR COUTINHO, Recife, Pernambuco, Brasil",-8.04914655,-34.87972683626833
11674,2019-12-19 09:33:00,COM VÍTIMA,SANTO AMARO,AV GOVERNADOR AGAMENON MAGALHAES, ,427.0,OLINDA,COLISÃO TRASEIRA,2.0,1.0,1.0,1.0,1.0,1.0,1.0,1.0,1.0,1.0,1.0,Longo da via,Bom,Não existe,Perfeito estado,Seca,Perfeito estado,Não há placas,60 km/h,Dupla," , AV GOVERNADOR AGAMENON MAGALHAES, Recife, Pernambuco, Brasil",-8.0615339,-34.8974443
11673,2019-12-19 08:39:00,SEM VÍTIMA,SANTO AMARO,AV CRUZ CABUGA,1419,427.0,SUBURBIO,COLISÃO TRASEIRA,3.0,1.0,1.0,1.0,1.0,1.0,1.0,1.0,1.0,0.0,1.0,Longo da via,Chuvoso,Sem defeito,Não existente,Molhada,Perfeito estado,Não há placas,60 km/h,Dupla,"1419, AV CRUZ CABUGA, Recife, Pernambuco, Brasil",-8.043858,-34.8743486
3592,2019-04-24 10:32:00,SEM VÍTIMA,SANTO AMARO,RUA MARQUÊS DO POMBAL, ,427.0,SUBURBIO,CHOQUE VEÍCULO PARADO,1.0,2.0,1.0,1.0,1.0,1.0,1.0,1.0,1.0,0.0,1.0,Longo da via,Bom,Não existe,Perfeito estado,Seca,Perfeito estado,Placas Pare,30 km/h,Única," , RUA MARQUÊS DO POMBAL, Recife, Pernambuco, Brasil",-8.043858,-34.8743486
3581,2019-04-23 21:02:00,SEM VÍTIMA,SANTO AMARO,PRC GENERAL CARLOS PINTO, ,427.0,SUBURBIO,COLISÃO,2.0,2.0,1.0,1.0,1.0,1.0,1.0,1.0,1.0,0.0,1.0,Longo da via,Bom,Não existe,Perfeito estado,Seca,Perfeito estado,Placas Pare,30 km/h,Única," , PRC GENERAL CARLOS PINTO, Recife, Pernambuco, Brasil",-8.043858,-34.8743486
9211,2019-10-17 17:43:00,SEM VÍTIMA,SANTO AMARO,AV DR JAYME DA FONTE,19A,427.0,SUBURBIO,ABALROAMENTO LONGITUDINAL,1.0,2.0,1.0,1.0,1.0,1.0,1.0,1.0,1.0,0.0,1.0,Longo da via,Bom,Não existe,Não existente,Seca,Perfeito estado,Não há placas,30 km/h,Dupla,"19A, AV DR JAYME DA FONTE, Recife, Pernambuco, Brasil",-8.043858,-34.8743486
596,2019-01-23 14:51:00,SEM VÍTIMA,SANTO AMARO,AV GOVERNADOR AGAMENON MAGALHAES,2805,427.0,SUBURBIO,COLISÃO TRASEIRA,3.0,2.0,1.0,1.0,1.0,1.0,1.0,1.0,1.0,0.0,1.0,Longo da via,Bom,Não existe,Perfeito estado,Seca,Perfeito estado,Não há placas,30 km/h,Dupla,"2805, AV GOVERNADOR AGAMENON MAGALHAES, Recife, Pernambuco, Brasil",-8.04793315,-34.89166940770432
1893,2019-03-04 02:01:00,SEM VÍTIMA,SANTO AMARO,RUA PALMARES, ,427.0,SUBURBIO,COLISÃO TRASEIRA,2.0,2.0,1.0,1.0,1.0,1.0,1.0,1.0,1.0,0.0,1.0,Longo da via,Chuvoso,Sem defeito,Perfeito estado,Molhada,Perfeito estado,Não há placas,30 km/h,Dupla," , RUA PALMARES, Recife, Pernambuco, Brasil",-8.0943321,-34.9366723
196,2019-01-08 15:05:00,SEM VÍTIMA,SANTO AMARO,AV NORTE, ,463.0,SUBURBIO,COLISÃO TRASEIRA,2.0,2.0,1.0,1.0,1.0,1.0,1.0,1.0,1.0,0.0,1.0,Longo da via,Bom,Sem defeito,Perfeito estado,Seca,Perfeito estado,Outras,30 km/h,Dupla," , AV NORTE, Recife, Pernambuco, Brasil",-8.027844,-34.903102
7871,2019-09-11 08:46:00,SEM VÍTIMA,SANTO AMARO,RUA VINTE E QUATRO DE AGOSTO, ,463.0,SUBURBIO,COLISÃO,1.0,2.0,1.0,1.0,1.0,1.0,1.0,1.0,1.0,0.0,1.0,Longo da via,Bom,Sem defeito,Perfeito estado,Seca,Perfeito estado,Outras,30 km/h,Dupla," , RUA VINTE E QUATRO DE AGOSTO, Recife, Pernambuco, Brasil",-8.0491026,-34.8749091
7872,2019-09-11 09:42:00,SEM VÍTIMA,SANTO AMARO,AV PREFEITO ARTUR LIMA CAVALCANTI, ,463.0,SUBURBIO,COLISÃO TRASEIRA,2.0,2.0,1.0,1.0,1.0,1.0,1.0,1.0,1.0,0.0,1.0,Longo da via,Bom,Sem defeito,Perfeito estado,Seca,Perfeito estado,Não há placas,30 km/h,Dupla," , AV PREFEITO ARTUR LIMA CAVALCANTI, Recife, Pernambuco, Brasil",-8.04501,-34.874445
1971,2019-03-07 19:15:00,SEM VÍTIMA,SANTO AMARO,AV GOVERNADOR AGAMENON MAGALHAES, ,463.0,SUBURBIO,CHOQUE VEÍCULO PARADO,2.0,2.0,1.0,1.0,1.0,1.0,1.0,1.0,1.0,0.0,1.0,Longo da via,Bom,Sem defeito,Perfeito estado,Seca,Perfeito estado,Não há placas,30 km/h,Dupla," , AV GOVERNADOR AGAMENON MAGALHAES, Recife, Pernambuco, Brasil",-8.0615339,-34.8974443
9008,2019-10-12 08:47:00,SEM VÍTIMA,SANTO AMARO,RUA DOS PALMARES, ,463.0,SUBURBIO,COLISÃO,2.0,2.0,1.0,1.0,1.0,1.0,1.0,1.0,1.0,0.0,1.0,Longo da via,Bom,Sem defeito,Perfeito estado,Seca,Perfeito estado,Não há placas,30 km/h,Dupla," , RUA DOS PALMARES, Recife, Pernambuco, Brasil",-8.049652,-34.8875043
188,2019-01-08 12:34:00,SEM VÍTIMA,SANTO AMARO,AV VISCONDE DE SUASSUNA,923,356.0,SUBURBIO,CHOQUE VEÍCULO PARADO,2.0,2.0,1.0,1.0,1.0,1.0,1.0,1.0,1.0,0.0,1.0,Longo da via,Bom,Sem defeito,Perfeito estado,Seca,Perfeito estado,R-6a,40 km/h,Única,"923, AV VISCONDE DE SUASSUNA, Recife, Pernambuco, Brasil",-8.0504982,-34.8898250046077
7180,2019-08-20 07:19:00,SEM VÍTIMA,SANTO AMARO,RUA DOS PALMARES, ,356.0,CIDADE,ABALROAMENTO LONGITUDINAL,2.0,2.0,1.0,1.0,1.0,1.0,1.0,1.0,1.0,0.0,1.0,Longo da via,Bom,Não existe,Perfeito estado,Seca,Perfeito estado,Outras,40 km/h,Dupla," , RUA DOS PALMARES, Recife, Pernambuco, Brasil",-8.049652,-34.8875043
182,2019-01-08 10:24:00,SEM VÍTIMA,SANTO AMARO,RUA DA UNIAO, ,356.0,SUBURBIO,ABALROAMENTO LONGITUDINAL,2.0,2.0,1.0,1.0,1.0,1.0,1.0,1.0,1.0,0.0,1.0,Longo da via,Bom,Não existe,Incompleta,Seca,Perfeito estado,Não há placas,40 km/h,Única," , RUA DA UNIAO, Recife, Pernambuco, Brasil",-8.058024,-34.8798679
3555,2019-04-23 10:06:00,SEM VÍTIMA,SANTO AMARO,AV MARIO MELO,242,356.0,SUBURBIO,ABALROAMENTO TRANSVERSAL,2.0,2.0,1.0,1.0,1.0,1.0,1.0,1.0,1.0,0.0,1.0,Longo da via,Bom,Não existe,Perfeito estado,Seca,Perfeito estado,Outras,40 km/h,Dupla,"242, AV MARIO MELO, Recife, Pernambuco, Brasil",-8.0543579,-34.88059777740497