,data_hora,natureza_acidente,bairro,endereco,numero,num_semaforo,sentido_via,tipo,auto,moto,ciclom,ciclista,pedestre,onibus,caminhao,viatura,outros,vitimas,vitimasfatais,acidente_verificado,tempo_clima,situacao_semaforo,sinalizacao,condicao_via,conservacao_via,situacao_placa,velocidade_max_via,mao_direcao,end,latitude,longitude
11728,2019-12-20 11:30:00,SEM VÍTIMA,SANTO AMARO,AV GOVERNADOR AGAMENON MAGALHAES, ,32.0,CIDADE,ABALROAMENTO LONGITUDINAL,2.0,2.0,1.0,1.0,1.0,1.0,1.0,1.0,1.0,0.0,1.0,Longo da via,Bom,Sem defeito,Perfeito estado,Seca,Perfeito estado,Não há placas,60 km/h,Única," , AV GOVERNADOR AGAMENON MAGALHAES, Recife, Pernambuco, Brasil",-8.0615339,-34.8974443
5134,2019-06-12 10:12:00,SEM VÍTIMA,SANTO AMARO,RUA DOS PALMARES, ,32.0,SUBURBIO,ABALROAMENTO TRANSVERSAL,1.0,1.0,1.0,1.0,1.0,1.0,1.0,1.0,1.0,0.0,1.0,Cruzamento,Chuvoso,Sem defeito,Perfeito estado,Seca,Perfeito estado,Outras,60 km/h,Única," , RUA DOS PALMARES, Recife, Pernambuco, Brasil",-8.049652,-34.8875043
9907,2019-11-06 13:35:00,SEM VÍTIMA,SANTO AMARO,RUA ARARIPINA,419,32.0,SUBURBIO,ABALROAMENTO LONGITUDINAL,2.0,1.0,1.0,1.0,1.0,1.0,1.0,1.0,1.0,0.0,1.0,Cruzamento,Bom,Não existe,Incompleta,Seca,Perfeito estado,Não há placas,30 km/h,Dupla,"419, RUA ARARIPINA, Recife, Pernambuco, Brasil",-8.05178625,-34.87644972572071
7810,2019-09-09 15:46:00,SEM VÍTIMA,SANTO AMARO,RUA TREZE DE MAIO, ,36.0,SUBURBIO,ABALROAMENTO LONGITUDINAL,1.0,1.0,1.0,1.0,1.0,1.0,1.0,1.0,1.0,0.0,1.0,Cruzamento,Bom,Sem defeito,Perfeito estado,Seca,Perfeito estado,Não há placas,30 km/h,Dupla," , RUA TREZE DE MAIO, Recife, Pernambuco, Brasil",-8.0510564,-34.8827947
9110,2019-10-15 09:19:00,SEM VÍTIMA,SANTO AMARO,RUA FREI CASSIMIRO, ,36.0,CIDADE,ABALROAMENTO TRANSVERSAL,2.0,1.0,1.0,1.0,1.0,1.0,1.0,1.0,1.0,0.0,1.0,Cruzamento,Bom,Não existe,Incompleta,Seca,Mal conservada,Placas Pare,30 km/h,Dupla," , RUA FREI CASSIMIRO, Recife, Pernambuco, Brasil",-8.0473367,-34.8793327
471,2019-01-18 23:17:00,COM VÍTIMA,SANTO AMARO,AV CRUZ CABUGA,1200,36.0,CIDADE,CHOQUE VEÍCULO PARADO,2.0,1.0,1.0,1.0,1.0,1.0,1.0,1.0,1.0,1.0,1.0,Longo da via,Bom,Sem defeito,Perfeito estado,Seca,Perfeito estado,Não há placas,30 km/h,Dupla,"1200, AV CRUZ CABUGA, Recife, Pernambuco, Brasil",-8.04610165,-34.87512304299725
1962,2019-03-07 16:37:00,SEM VÍTIMA,SANTO AMARO,AV GOVERNADOR AGAMENON MAGALHAES, ,36.0,SUBURBIO,ABALROAMENTO LONGITUDINAL,2.0,1.0,1.0,1.0,1.0,1.0,1.0,1.0,1.0,0.0,1.0,Viaduto,Bom,Não existe,Perfeito estado,Seca,Perfeito estado,Não há placas,60 km/h,Dupla," , AV GOVERNADOR AGAMENON MAGALHAES, Recife, Pernambuco, Brasil",-8.0615339,-34.8974443
4476,2019-05-22 11:40:00,SEM VÍTIMA,SANTO AMARO,AV CRUZ CABUGA,1419,344.0,CIDADE,COLISÃO TRASEIRA,2.0,1.0,1.0,1.0,1.0,1.0,1.0,1.0,1.0,0.0,1.0,Longo da via,Bom,Sem defeito,Perfeito estado,Seca,Mal conservada,Não há placas,60 km/h,Dupla,"1419, AV CRUZ CABUGA, Recife, Pernambuco, Brasil",-8.043858,-34.8743486
430,2019-01-17 12:32:00,SEM VÍTIMA,SANTO AMARO,AV GOVERNADOR AGAMENON MAGALHAES,3621,344.0,CIDADE,COLISÃO,2.0,1.0,1.0,1.0,1.0,1.0,1.0,1.0,1.0,0.0,1.0,Longo da via,Bom,Sem defeito,Perfeito estado,Seca,Mal conservada,Não há placas,60 km/h,Dupla,"3621, AV GOVERNADOR AGAMENON MAGALHAES, Recife, Pernambuco, Brasil",-8.0406843,-34.8825951
3790,2019-04-29 15:49:00,SEM VÍTIMA,SANTO AMARO,AV NORTE, ,344.0,CIDADE,COLISÃO,2.0,1.0,1.0,1.0,1.0,2.0,1.0,1.0,1.0,0.0,1.0,Longo da via,Bom,Sem defeito,Perfeito estado,Seca,Mal conservada,Não há placas,60 km/h,Dupla," , AV NORTE, Recife, Pernambuco, Brasil",-8.027844,-34.903102
5064,2019-06-10 08:51:00,COM VÍTIMA,SANTO AMARO,RUA DOS PALMARES, ,344.0,SUBURBIO,ABALROAMENTO LONGITUDINAL,1.0,1.0,1.0,1.0,1.0,2.0,1.0,1.0,1.0,1.0,1.0,Longo da via,Bom,Não existe,Perfeito estado,Seca,Perfeito estado,Não há placas,60 km/h,Única," , RUA DOS PALMARES, Recife, Pernambuco, Brasil",-8.049652,-34.8875043
7265,2019-08-22 11:45:00,SEM VÍTIMA,SANTO AMARO,RUA DOS PALMARES, ,30.0,CIDADE,COLISÃO TRASEIRA,2.0,1.0,1.0,1.0,1.0,2.0,1.0,1.0,1.0,0.0,1.0,Longo da via,Bom,Sem defeito,Perfeito estado,Seca,Perfeito estado,Não há placas,60 km/h,Dupla," , RUA DOS PALMARES, Recife, Pernambuco, Brasil",-8.049652,-34.8875043
5070,2019-06-10 10:47:00,SEM VÍTIMA,SANTO AMARO,AV CRUZ CABUGA, ,30.0,SUBURBIO,COLISÃO,1.0,1.0,1.0,1.0,1.0,2.0,1.0,1.0,1.0,0.0,1.0,Longo da via,Bom,Sem defeito,Perfeito estado,Seca,Perfeito estado,Não há placas,60 km/h,Dupla," , AV CRUZ CABUGA, Recife, Pernambuco, Brasil",-8.0470189,-34.8766203
9097,2019-10-14 20:56:00,SEM VÍTIMA,SANTO AMARO,AV GOVERNADOR AGAMENON MAGALHAES, ,30.0,CIDADE,CHOQUE VEÍCULO PARADO,1.0,1.0,1.0,1.0,1.0,2.0,1.0,1.0,1.0,0.0,1.0,Viaduto,Chuvoso,Não existe,Perfeito estado,Molhada,Perfeito estado,Não há placas,60 km/h,Dupla," , AV GOVERNADOR AGAMENON MAGALHAES, Recife, Pernambuco, Brasil",-8.0615339,-34.8974443
7404,2019-08-27 11:35:00,SEM VÍTIMA,SANTO AMARO,RUA FREI CASSIMIRO,368,30.0,CIDADE,ABALROAMENTO LONGITUDINAL,1.0,1.0,1.0,1.0,1.0,2.0,1.0,1.0,1.0,0.0,1.0,Longo da via,Bom,Não existe,Não existente,Seca,Perfeito estado,Não há placas,60 km/h,Dupla,"368, RUA FREI CASSIMIRO, Recife, Pernambuco, Brasil",-8.0450286,-34.8823609
7406,2019-08-27 12:15:00,COM VÍTIMA,SANTO AMARO,AV NORTE, ,30.0,CIDADE,TOMBAMENTO,1.0,1.0,1.0,1.0,1.0,2.0,1.0,1.0,1.0,1.0,1.0,Longo da via,Bom,Sem defeito,Perfeito estado,Seca,Perfeito estado,Outras,60 km/h,Dupla," , AV NORTE, Recife, Pernambuco, Brasil",-8.027844,-34.903102
4887,2019-06-04 18:02:00,SEM VÍTIMA,SANTO AMARO,AV CRUZ CABUGA,481,30.0,SUBURBIO,CHOQUE OBJETO FIXO,1.0,1.0,1.0,1.0,1.0,2.0,1.0,1.0,1.0,0.0,1.0,Longo da via,Bom,Não existe,Perfeito estado,Seca,Mal iluminada,Não há placas,60 km/h,Dupla,"481, AV CRUZ CABUGA, Recife, Pernambuco, Brasil",-8.04999005,-34.879071469878596
9093,2019-10-14 18:50:00,COM VÍTIMA,SANTO AMARO,AV NORTE,886,397.0,CIDADE,COLISÃO COM CICLISTA,1.0,1.0,1.0,1.0,1.0,2.0,1.0,1.0,1.0,1.0,1.0,Longo da via,Chuvoso,Sem defeito,Perfeito estado,Molhada,Perfeito estado,Outras,60 km/h,Dupla,"886, AV NORTE, Recife, Pernambuco, Brasil",-8.027844,-34.903102
9089,2019-10-14 17:22:00,SEM VÍTIMA,SANTO AMARO,RUA TREZE DE MAIO,914,397.0,SUBURBIO,ABALROAMENTO TRANSVERSAL,1.0,1.0,1.0,1.0,1.0,2.0,1.0,1.0,1.0,0.0,1.0,Longo da via,Bom,Não existe,Perfeito estado,Seca,Perfeito estado,Não há placas,60 km/h,Dupla,"914, RUA TREZE DE MAIO, Recife, Pernambuco, Brasil",-8.0471714,-34.8798050932848
8414,2019-09-26 13:14:00,SEM VÍTIMA,SANTO AMARO,RUA DOS PALMARES, ,397.0,SUBURBIO,ABALROAMENTO TRANSVERSAL,2.0,1.0,1.0,1.0,1.0,2.0,1.0,1.0,1.0,0.0,1.0,Cruzamento,Bom,Não existe,Perfeito estado,Seca,Perfeito estado,Não há placas,60 km/h,Dupla," , RUA DOS PALMARES, Recife, Pernambuco, Brasil",-8.049652,-34.8875043
3756,2019-04-28 17:55:00,COM VÍTIMA,SANTO AMARO,RUA DOS PALMARES,124,397.0,SUBURBIO,ABALROAMENTO LONGITUDINAL,1.0,1.0,1.0,1.0,1.0,2.0,1.0,1.0,1.0,1.0,1.0,Longo da via,Bom,Não existe,Perfeito estado,Seca,Perfeito estado,Outras,60 km/h,Dupla,"124, RUA DOS PALMARES, Recife, Pernambuco, Brasil",-8.05316185,-34.8823728
468,2019-01-18 19:01:00,COM VÍTIMA,SANTO AMARO,AV CRUZ CABUGA, ,397.0,CIDADE,COLISÃO TRASEIRA,1.0,1.0,1.0,1.0,1.0,1.0,1.0,1.0,1.0,1.0,1.0,Longo da via,Bom,Sem defeito,Perfeito estado,Seca,Perfeito estado,Outras,60 km/h,Dupla," , AV CRUZ CABUGA, Recife, Pernambuco, Brasil",-8.0470189,-34.8766203
5091,2019-06-11 07:26:00,SEM VÍTIMA,SANTO AMARO,AV GOVERNADOR AGAMENON MAGALHAES, ,397.0,SUBURBIO,ABALROAMENTO LONGITUDINAL,1.0,1.0,1.0,1.0,1.0,1.0,1.0,1.0,1.0,0.0,1.0,Longo da via,Chuvoso,Não existe,Perfeito estado,Molhada,Perfeito estado,Outras,60 km/h,Dupla," , AV GOVERNADOR AGAMENON MAGALHAES, Recife, Pernambuco, Brasil",-8.0615339,-34.8974443
11751,2019-12-20 18:35:00,SEM VÍTIMA,SANTO AMARO,AV CRUZ CABUGA, ,202.0,SUBURBIO,COLISÃO,2.0,1.0,1.0,1.0,1.0,1.0,1.0,1.0,1.0,0.0,1.0,Longo da via,Chuvoso,Não existe,Perfeito estado,Molhada,Perfeito estado,Outras,60 km/h,Dupla," , AV CRUZ CABUGA, Recife, Pernambuco, Brasil",-8.0470189,-34.8766203
9084,2019-10-14 15:43:00,SEM VÍTIMA,SANTO AMARO,RUA DA SAUDADE, ,202.0,CIDADE,ABALROAMENTO LONGITUDINAL,1.0,1.0,1.0,1.0,1.0,1.0,1.0,1.0,1.0,0.0,1.0,Longo da via,Chuvoso,Não existe,Perfeito estado,Molhada,Perfeito estado,Outras,60 km/h,Dupla," , RUA DA SAUDADE, Recife, Pernambuco, Brasil",-8.0576271,-34.8804985
4054,2019-05-08 17:32:00,COM VÍTIMA,SANTO AMARO,AV NORTE, ,36.0,SUBURBIO,COLISÃO COM CICLISTA,1.0,1.0,1.0,1.0,1.0,1.0,1.0,1.0,1.0,1.0,1.0,Cruzamento,Bom,Sem defeito,Perfeito estado,Seca,Perfeito estado,Outras,60 km/h,Dupla," , AV NORTE, Recife, Pernambuco, Brasil",-8.027844,-34.903102
647,2019-01-25 16:11:00,SEM VÍTIMA,SANTO AMARO,AV NORTE, ,243.0,CIDADE,ABALROAMENTO LONGITUDINAL,2.0,1.0,1.0,1.0,1.0,1.0,1.0,1.0,1.0,0.0,1.0,Longo da via,Bom,Sem defeito,Perfeito estado,Seca,Perfeito estado,Outras,60 km/h,Dupla," , AV NORTE, Recife, Pernambuco, Brasil",-8.027844,-34.903102
11613,2019-12-17 15:33:00,SEM VÍTIMA,SANTO AMARO,RUA CAPITAO LIMA, ,243.0,CIDADE,ABALROAMENTO TRANSVERSAL,2.0,1.0,1.0,1.0,1.0,1.0,1.0,1.0,1.0,0.0,1.0,Longo da via,Bom,Não existe,Perfeito estado,Seca,Perfeito estado,Placas Pare,60 km/h,Dupla," , RUA CAPITAO LIMA, Recife, Pernambuco, Brasil",-8.0529838,-34.8797119
9397,2019-10-23 08:25:00,COM VÍTIMA,SANTO AMARO,AV DR JAYME DA FONTE, ,243.0,CIDADE,ACID. DE PERCURSO,2.0,1.0,1.0,1.0,1.0,1.0,1.0,1.0,1.0,1.0,1.0,Longo da via,Bom,Não existe,Perfeito estado,Seca,Perfeito estado,Placas Pare,60 km/h,Dupla," , AV DR JAYME DA FONTE, Recife, Pernambuco, Brasil",-8.0529838,-34.8797119
5398,2019-06-20 11:40:00,SEM VÍTIMA,SANTO AMARO,PRC GENERAL CARLOS PINTO, ,243.0,CIDADE,CHOQUE VEÍCULO PARADO,2.0,1.0,1.0,1.0,1.0,1.0,1.0,1.0,1.0,0.0,1.0,Longo da via,Bom,Não existe,Incompleta,Seca,Mal conservada,Não há placas,60 km/h,Única," , PRC GENERAL CARLOS PINTO, Recife, Pernambuco, Brasil",-8.0529838,-34.8797119
3298,2019-04-14 13:12:00,SEM VÍTIMA,SANTO AMARO,AV NORTE, ,34.0,SUBURBIO,ABALROAMENTO LONGITUDINAL,1.0,1.0,1.0,1.0,1.0,1.0,1.0,1.0,1.0,0.0,1.0,Cruzamento,Bom,Sem defeito,Perfeito estado,Seca,Perfeito estado,R-4a,40 km/h,Dupla," , AV NORTE, Recife, Pernambuco, Brasil",-8.027844,-34.903102
5403,2019-06-20 14:45:00,SEM VÍTIMA,SANTO AMARO,AV NORTE, ,34.0,CIDADE,COLISÃO TRASEIRA,2.0,1.0,1.0,1.0,1.0,1.0,1.0,1.0,1.0,0.0,1.0,Longo da via,Bom,Sem defeito,Perfeito estado,Seca,Perfeito estado,Não há placas,60 km/h,Única," , AV NORTE, Recife, Pernambuco, Brasil",-8.027844,-34.903102
5405,2019-06-20 15:06:00,SEM VÍTIMA,SANTO AMARO,RUA AURORA,1071,34.0,CIDADE,COLISÃO,2.0,1.0,1.0,1.0,1.0,1.0,1.0,1.0,1.0,0.0,1.0,Longo da via,Bom,Sem defeito,Perfeito estado,Seca,Perfeito estado,Não há placas,60 km/h,Única,"1071, RUA AURORA, Recife, Pernambuco, Brasil",-8.0171094,-35.0225571
6966,2019-08-13 14:05:00,SEM VÍTIMA,SANTO AMARO,RUA DO POMBAL, ,34.0,CIDADE,ABALROAMENTO TRANSVERSAL,2.0,1.0,1.0,1.0,1.0,1.0,1.0,1.0,1.0,0.0,1.0,Cruzamento,Bom,Não existe,Perfeito estado,Seca,Perfeito estado,Placas Pare,60 km/h,Dupla," , RUA DO POMBAL, Recife, Pernambuco, Brasil",-8.0474477,-34.8813245
8396,2019-09-26 07:15:00,SEM VÍTIMA,SANTO AMARO,AV GOVERNADOR AGAMENON MAGALHAES,2864,34.0,DERBY,COLISÃO,3.0,1.0,1.0,1.0,1.0,1.0,1.0,1.0,1.0,0.0,1.0,Cruzamento,Bom,Não existe,Perfeito estado,Seca,Perfeito estado,Placas Pare,60 km/h,Dupla,"2864, AV GOVERNADOR AGAMENON MAGALHAES, Recife, Pernambuco, Brasil",-8.0603778,-34.8980782
837,2019-02-01 12:35:00,SEM VÍTIMA,SANTO AMARO,RUA DO PRINCIPE,466,466.0,CIDADE,COLISÃO TRASEIRA,2.0,1.0,1.0,1.0,1.0,1.0,1.0,1.0,1.0,0.0,1.0,Longo da via,Bom,Com defeito,Perfeito estado,Seca,Perfeito estado,R-6a,60 km/h,Única,"466, RUA DO PRINCIPE, Recife, Pernambuco, Brasil",-8.0578135,-34.8834359
6227,2019-07-19 13:18:00,SEM VÍTIMA,SANTO AMARO,RUA SAO GERALDO, ,466.0,CIDADE,ABALROAMENTO TRANSVERSAL,2.0,1.0,1.0,1.0,1.0,1.0,1.0,1.0,1.0,0.0,1.0,Cruzamento,Chuvoso,Não existe,Não existente,Molhada,Mal conservada,R-6a,60 km/h,Dupla," , RUA SAO GERALDO, Recife, Pernambuco, Brasil",-8.051069,-34.8781993
9631,2019-10-30 07:52:00,SEM VÍTIMA,SANTO AMARO,AV NORTE,710,36.0,CIDADE,COLISÃO TRASEIRA,1.0,1.0,1.0,1.0,1.0,1.0,1.0,1.0,1.0,0.0,1.0,Cruzamento,Bom,Sem defeito,Perfeito estado,Seca,Perfeito estado,R-6a,60 km/h,Única,"710, AV NORTE, Recife, Pernambuco, Brasil",-8.027844,-34.903102
6101,2019-07-15 13:45:00,SEM VÍTIMA,SANTO AMARO,RUA CAPITAO LIMA, ,36.0,CIDADE,ABALROAMENTO TRANSVERSAL,2.0,1.0,1.0,1.0,1.0,1.0,1.0,1.0,1.0,0.0,1.0,Cruzamento,Bom,Não existe,Incompleta,Seca,Perfeito estado,Não há placas,60 km/h,Dupla," , RUA CAPITAO LIMA, Recife, Pernambuco, Brasil",-8.0529838,-34.8797119
6941,2019-08-12 18:58:00,SEM VÍTIMA,SANTO AMARO,RUA AURORA, ,429.0,SUBURBIO,COLISÃO TRASEIRA,3.0,1.0,1.0,1.0,1.0,1.0,1.0,1.0,1.0,0.0,1.0,Longo da via,Bom,Sem defeito,Perfeito estado,Seca,Perfeito estado,Não há placas,60 km/h,Única," , RUA AURORA, Recife, Pernambuco, Brasil",-8.0171094,-35.0225571
3265,2019-04-13 07:56:00,COM VÍTIMA,SANTO AMARO,AV GOVERNADOR AGAMENON MAGALHAES, ,429.0,OLINDA,COLISÃO TRASEIRA,3.0,1.0,1.0,1.0,1.0,1.0,1.0,1.0,1.0,1.0,1.0,Longo da via,Chuvoso,Não existe,Perfeito estado,Molhada,Perfeito estado,Outras,60 km/h,Única," , AV GOVERNADOR AGAMENON MAGALHAES, Recife, Pernambuco, Brasil",-8.0615339,-34.8974443
10783,2019-11-29 09:45:00,SEM VÍTIMA,SANTO AMARO,RUA TREZE DE MAIO, ,36.0,SUBURBIO,ABALROAMENTO LONGITUDINAL,1.0,1.0,1.0,1.0,1.0,1.0,1.0,1.0,1.0,0.0,1.0,Longo da via,Bom,Sem defeito,Perfeito estado,Seca,Perfeito estado,Outras,60 km/h,Dupla," , RUA TREZE DE MAIO, Recife, Pernambuco, Brasil",-8.0510564,-34.8827947
1997,2019-03-08 11:24:00,SEM VÍTIMA,SANTO AMARO,RUA TREZE DE MAIO,304,36.0,SUBURBIO,ABALROAMENTO LONGITUDINAL,1.0,1.0,1.0,1.0,1.0,1.0,1.0,1.0,1.0,0.0,1.0,Longo da via,Bom,Não existe,Perfeito estado,Seca,Perfeito estado,Não há placas,40 km/h,Dupla,"304, RUA TREZE DE MAIO, Recife, Pernambuco, Brasil",-8.0515258,-34.8829211
6170,2019-07-17 20:52:00,COM VÍTIMA,SANTO AMARO,AV MARIO MELO, ,171.0,SUBURBIO,ABALROAMENTO TRANSVERSAL,1.0,1.0,1.0,1.0,1.0,1.0,1.0,1.0,1.0,1.0,1.0,Cruzamento,Bom,Sem defeito,Perfeito estado,Seca,Perfeito estado,Não há placas,40 km/h,Dupla," , AV MARIO MELO, Recife, Pernambuco, Brasil",-7.8131003,-34.9093617
10149,2019-11-12 11:13:00,SEM VÍTIMA,SANTO AMARO,AV GOVERNADOR AGAMENON MAGALHAES, ,171.0,SUBURBIO,COLISÃO TRASEIRA,1.0,1.0,1.0,1.0,1.0,1.0,1.0,1.0,1.0,0.0,1.0,Viaduto,Bom,Não existe,Incompleta,Seca,Perfeito estado,Não há placas,40 km/h,Dupla," , AV GOVERNADOR AGAMENON MAGALHAES, Recife, Pernambuco, Brasil",-8.0615339,-34.8974443
5442,2019-06-21 19:42:00,SEM VÍTIMA,SANTO AMARO,AV CRUZ CABUGA, ,171.0,SUBURBIO,ABALROAMENTO LONGITUDINAL,1.0,1.0,1.0,1.0,1.0,1.0,1.0,1.0,1.0,0.0,1.0,Longo da via,Bom,Sem defeito,Perfeito estado,Seca,Perfeito estado,Não há placas,40 km/h,Dupla," , AV CRUZ CABUGA, Recife, Pernambuco, Brasil",-8.0470189,-34.8766203
6218,2019-07-19 10:23:00,SEM VÍTIMA,SANTO AMARO,AV CRUZ CABUGA,2160,171.0,SUBURBIO,CHOQUE OBJETO FIXO,1.0,1.0,1.0,1.0,1.0,1.0,1.0,1.0,1.0,0.0,1.0,Longo da via,Chuvoso,Sem defeito,Não existente,Seca,Outros,Outras,40 km/h,Dupla,"2160, AV CRUZ CABUGA, Recife, Pernambuco, Brasil",-8.043858,-34.8743486
835,2019-02-01 11:22:00,SEM VÍTIMA,SANTO AMARO,AV GOVERNADOR AGAMENON MAGALHAES, ,171.0,SUBURBIO,COLISÃO TRASEIRA,1.0,1.0,1.0,1.0,1.0,1.0,1.0,1.0,1.0,0.0,1.0,Longo da via,Bom,Não existe,Perfeito estado,Seca,Perfeito estado,Outras,60 km/h,Dupla," , AV GOVERNADOR AGAMENON MAGALHAES, Recife, Pernambuco, Brasil",-8.0615339,-34.8974443
6104,2019-07-15 15:10:00,SEM VÍTIMA,SANTO AMARO,RUA CAPITAO LIMA,439,171.0,SUBURBIO,ABALROAMENTO LONGITUDINAL,2.0,1.0,1.0,1.0,1.0,1.0,1.0,1.0,1.0,0.0,1.0,Longo da via,Bom,Não existe,Perfeito estado,Seca,Perfeito estado,Não há placas,40 km/h,Dupla,"439, RUA CAPITAO LIMA, Recife, Pernambuco, Brasil",-8.0529838,-34.8797119
12000,2019-12-28 10:57:00,SEM VÍTIMA,SANTO AMARO,AV VISCONDE DE SUASSUNA,311,171.0,CIDADE,COLISÃO TRASEIRA,1.0,1.0,1.0,1.0,1.0,1.0,1.0,1.0,1.0,0.0,1.0,Longo da via,Bom,Sem defeito,Perfeito estado,Seca,Perfeito estado,Não há placas,40 km/h,Única,"311, AV VISCONDE DE SUASSUNA, Recife, Pernambuco, Brasil",-8.053752150000001,-34.88482077973741
8922,2019-10-10 04:21:00,SEM VÍTIMA,SANTO AMARO,AV CRUZ CABUGA,2160,171.0,CIDADE,CHOQUE OBJETO FIXO,1.0,1.0,1.0,1.0,1.0,1.0,1.0,1.0,1.0,0.0,1.0,Longo da via,Bom,Não existe,Perfeito estado,Seca,Perfeito estado,Não há placas,60 km/h,Dupla,"2160, AV CRUZ CABUGA, Recife, Pernambuco, Brasil",-8.043858,-34.8743486
4747,2019-05-31 11:52:00,COM VÍTIMA,SANTO AMARO,AV MARIO MELO,242,171.0,SUBURBIO,ABALROAMENTO LONGITUDINAL,1.0,1.0,1.0,1.0,1.0,1.0,1.0,1.0,1.0,1.0,1.0,Cruzamento,Bom,Não existe,Incompleta,Seca,Mal conservada,Não há placas,40 km/h,Dupla,"242, AV MARIO MELO, Recife, Pernambuco, Brasil",-8.0543579,-34.88059777740497
3337,2019-04-15 14:41:00,SEM VÍTIMA,SANTO AMARO,AV CRUZ CABUGA, ,344.0,SUBURBIO,ABALROAMENTO TRANSVERSAL,2.0,1.0,1.0,1.0,1.0,1.0,1.0,1.0,1.0,0.0,1.0,Esquina,Bom,Sem defeito,Incompleta,Seca,Mal conservada,Outras,60 km/h,Dupla," , AV CRUZ CABUGA, Recife, Pernambuco, Brasil",-8.0470189,-34.8766203
10031,2019-11-09 09:21:00,SEM VÍTIMA,SANTO AMARO,AV CRUZ CABUGA,419,344.0,CIDADE,COLISÃO TRASEIRA,1.0,1.0,1.0,1.0,1.0,1.0,1.0,1.0,1.0,0.0,1.0,Longo da via,Bom,Sem defeito,Perfeito estado,Seca,Perfeito estado,Outras,60 km/h,Dupla,"419, AV CRUZ CABUGA, Recife, Pernambuco, Brasil",-8.043858,-34.8743486
11538,2019-12-16 07:33:00,SEM VÍTIMA,SANTO AMARO,AV GOVERNADOR AGAMENON MAGALHAES, ,49.0,CIDADE,ABALROAMENTO LONGITUDINAL,2.0,2.0,1.0,1.0,1.0,1.0,1.0,1.0,1.0,0.0,1.0,Longo da via,Bom,Sem defeito,Perfeito estado,Seca,Perfeito estado,Não há placas,60 km/h,Única," , AV GOVERNADOR AGAMENON MAGALHAES, Recife, Pernambuco, Brasil",-8.0615339,-34.8974443
5389,2019-06-20 08:24:00,SEM VÍTIMA,SANTO AMARO,AV GOVERNADOR AGAMENON MAGALHAES, ,49.0,BOA VIAGEM,COLISÃO,2.0,2.0,1.0,1.0,1.0,1.0,1.0,1.0,1.0,0.0,1.0,Longo da via,Bom,Sem defeito,Perfeito estado,Seca,Perfeito estado,Não há placas,60 km/h,Única," , AV GOVERNADOR AGAMENON MAGALHAES, Recife, Pernambuco, Brasil",-8.0615339,-34.8974443
3335,2019-04-15 14:20:00,SEM VÍTIMA,SANTO AMARO,AV CRUZ CABUGA, ,344.0,SUBURBIO,ABALROAMENTO LONGITUDINAL,2.0,2.0,1.0,1.0,1.0,1.0,1.0,1.0,1.0,0.0,1.0,Longo da via,Bom,Sem defeito,Perfeito estado,Seca,Perfeito estado,Placas Pare,60 km/h,Dupla," , AV CRUZ CABUGA, Recife, Pernambuco, Brasil",-8.0470189,-34.8766203
4150,2019-05-11 15:35:00,COM VÍTIMA,SANTO AMARO,AV GOVERNADOR AGAMENON MAGALHAES, ,344.0,SUBURBIO,COLISÃO,2.0,1.0,1.0,1.0,1.0,1.0,1.0,1.0,1.0,1.0,1.0,Longo da via,Bom,Não existe,Perfeito estado,Seca,Perfeito estado,Não há placas,60 km/h,Dupla," , AV GOVERNADOR AGAMENON MAGALHAES, Recife, Pernambuco, Brasil",-8.0615339,-34.8974443
4736,2019-05-30 18:55:00,SEM VÍTIMA,SANTO AMARO,RUA MALAQUIAS DA ROCHA,76,344.0,SUBURBIO,ABALROAMENTO TRANSVERSAL,1.0,1.0,1.0,1.0,1.0,1.0,1.0,1.0,1.0,0.0,1.0,Longo da via,Bom,Não existe,Não existente,Seca,Mal iluminada,Não há placas,60 km/h,Dupla,"76, RUA MALAQUIAS DA ROCHA, Recife, Pernambuco, Brasil",-8.054238900000001,-34.88262006343274
5376,2019-06-19 17:20:00,COM VÍTIMA,SANTO AMARO,VDO INDEPENDENCIA, ,344.0,SUBURBIO,TOMBAMENTO,1.0,1.0,1.0,1.0,1.0,1.0,1.0,1.0,1.0,2.0,1.0,Viaduto,Bom,Não existe,Perfeito estado,Seca,Perfeito estado,Não há placas,60 km/h,Única," , VDO INDEPENDENCIA, Recife, Pernambuco, Brasil",-8.054238900000001,-34.88262006343274
8914,2019-10-09 18:17:00,COM VÍTIMA,SANTO AMARO,RUA TREZE DE MAIO,254,344.0,SUBURBIO,ABALROAMENTO TRANSVERSAL,1.0,1.0,1.0,1.0,1.0,1.0,1.0,1.0,1.0,1.0,1.0,Longo da via,Bom,Sem defeito,Perfeito estado,Seca,Perfeito estado,R-19,30 km/h,Dupla,"254, RUA TREZE DE MAIO, Recife, Pernambuco, Brasil",-8.0459263,-34.8791126