,data_hora,natureza_acidente,bairro,endereco,numero,num_semaforo,sentido_via,tipo,auto,moto,ciclom,ciclista,pedestre,onibus,caminhao,viatura,outros,vitimas,vitimasfatais,acidente_verificado,tempo_clima,situacao_semaforo,sinalizacao,condicao_via,conservacao_via,situacao_placa,velocidade_max_via,mao_direcao,end,latitude,longitude
5988,2019-07-11 10:59:00,SEM VÍTIMA,SANTO ANTÔNIO,RUA DO SOL, ,197.0,METRO,COLISÃO,1.0,1.0,1.0,1.0,1.0,1.0,1.0,1.0,1.0,0.0,1.0,Longo da via,Bom,Não existe,Perfeito estado,Seca,Perfeito estado,Outras,40 km/h,Única," , RUA DO SOL, Recife, Pernambuco, Brasil",-8.0625475,-34.8803542
4387,2019-05-19 14:04:00,COM VÍTIMA,SANTO ANTÔNIO,RUA PRIMEIRO DE MARCO, ,197.0,CIDADE,ABALROAMENTO TRANSVERSAL,2.0,1.0,1.0,1.0,1.0,1.0,1.0,1.0,1.0,1.0,1.0,Cruzamento,Bom,Sem defeito,Perfeito estado,Seca,Perfeito estado,Não há placas,40 km/h,Única," , RUA PRIMEIRO DE MARCO, Recife, Pernambuco, Brasil",-8.0641058,-34.8763808
4877,2019-06-04 15:51:00,SEM VÍTIMA,SANTO ANTÔNIO,RUA DO SOL, ,197.0,SUBURBIO,COLISÃO TRASEIRA,2.0,1.0,1.0,1.0,1.0,1.0,1.0,1.0,1.0,0.0,1.0,Longo da via,Bom,Não existe,Perfeito estado,Seca,Perfeito estado,Não há placas,40 km/h,Única," , RUA DO SOL, Recife, Pernambuco, Brasil",-8.0625475,-34.8803542
4124,2019-05-10 19:05:00,SEM VÍTIMA,SANTO ANTÔNIO,RUA DO SOL, ,14.0,SUBURBIO,ABALROAMENTO LONGITUDINAL,2.0,1.0,1.0,1.0,1.0,1.0,1.0,1.0,1.0,0.0,1.0,Cruzamento,Chuvoso,Sem defeito,Perfeito estado,Seca,Perfeito estado,Outras,40 km/h,Única," , RUA DO SOL, Recife, Pernambuco, Brasil",-8.0625475,-34.8803542
248,2019-01-10 15:33:00,SEM VÍTIMA,SANTO ANTÔNIO,AV MARTINS DE BARROS, ,14.0,CIDADE,COLISÃO TRASEIRA,2.0,1.0,1.0,1.0,1.0,1.0,1.0,1.0,1.0,0.0,1.0,Cruzamento,Bom,Sem defeito,Perfeito estado,Seca,Perfeito estado,Outras,40 km/h,Única," , AV MARTINS DE BARROS, Recife, Pernambuco, Brasil",-8.0679918,-34.8749493
9746,2019-11-01 16:32:00,SEM VÍTIMA,SANTO ANTÔNIO,RUA DO SOL, ,14.0,CIDADE,ABALROAMENTO LONGITUDINAL,1.0,1.0,1.0,1.0,1.0,1.0,1.0,1.0,1.0,0.0,1.0,Longo da via,Bom,Não existe,Perfeito estado,Seca,Perfeito estado,Não há placas,40 km/h,Única," , RUA DO SOL, Recife, Pernambuco, Brasil",-8.0625475,-34.8803542
11913,2019-12-26 07:45:00,COM VÍTIMA,SANTO ANTÔNIO,RUA DO SOL, ,14.0,AV GUARARAPES,TOMBAMENTO,1.0,1.0,1.0,1.0,1.0,1.0,1.0,1.0,1.0,1.0,1.0,Longo da via,Bom,Não existe,Perfeito estado,Oleosa,Perfeito estado,Não há placas,40 km/h,Única," , RUA DO SOL, Recife, Pernambuco, Brasil",-8.0625475,-34.8803542
7644,2019-09-04 07:40:00,COM VÍTIMA,SANTO ANTÔNIO,PRC DA REPUBLICA, ,14.0,CIDADE,TOMBAMENTO,1.0,1.0,1.0,1.0,1.0,1.0,1.0,1.0,1.0,1.0,1.0,Longo da via,Bom,Não existe,Perfeito estado,Seca,Perfeito estado,Outras,40 km/h,Única," , PRC DA REPUBLICA, Recife, Pernambuco, Brasil",-8.0625475,-34.8803542
9193,2019-10-17 11:07:00,SEM VÍTIMA,SANTO ANTÔNIO,PRC DA REPUBLICA, ,14.0,CIDADE,ABALROAMENTO LONGITUDINAL,1.0,1.0,1.0,1.0,1.0,1.0,1.0,1.0,1.0,0.0,1.0,Cruzamento,Bom,Não existe,Incompleta,Seca,Perfeito estado,R-6a,40 km/h,Única," , PRC DA REPUBLICA, Recife, Pernambuco, Brasil",-8.0625475,-34.8803542
9534,2019-10-27 19:27:00,SEM VÍTIMA,SANTO ANTÔNIO,AV N S DO CARMO,50,14.0,CIDADE,ABALROAMENTO LONGITUDINAL,1.0,1.0,1.0,1.0,1.0,1.0,1.0,1.0,1.0,0.0,1.0,Longo da via,Bom,Não existe,Perfeito estado,Seca,Perfeito estado,Outras,40 km/h,Dupla,"50, AV N S DO CARMO, Recife, Pernambuco, Brasil",-8.0625475,-34.8803542
4255,2019-05-15 11:28:00,SEM VÍTIMA,SANTO ANTÔNIO,PRC DA REPUBLICA, ,165.0,CIDADE,ABALROAMENTO LONGITUDINAL,1.0,1.0,1.0,1.0,1.0,1.0,1.0,1.0,1.0,0.0,1.0,Longo da via,Bom,Sem defeito,Perfeito estado,Seca,Perfeito estado,Outras,40 km/h,Única," , PRC DA REPUBLICA, Recife, Pernambuco, Brasil",-8.0625475,-34.8803542
11891,2019-12-24 19:01:00,COM VÍTIMA,SANTO ANTÔNIO,AV GUARARAPES,120,165.0,CIDADE,ATROPELAMENTO,1.0,1.0,1.0,1.0,1.0,1.0,1.0,1.0,1.0,1.0,1.0,Longo da via,Bom,Sem defeito,Perfeito estado,Seca,Perfeito estado,Outras,40 km/h,Dupla,"120, AV GUARARAPES, Recife, Pernambuco, Brasil",-8.0635532,-34.8787958
64,2019-01-03 11:01:00,COM VÍTIMA,SANTO ANTÔNIO,AV DANTAS BARRETO, ,15.0,SUBURBIO,ABALROAMENTO TRANSVERSAL,1.0,1.0,1.0,1.0,1.0,1.0,1.0,1.0,1.0,1.0,1.0,Cruzamento,Bom,Sem defeito,Perfeito estado,Seca,Perfeito estado,Não há placas,40 km/h,Dupla," , AV DANTAS BARRETO, Recife, Pernambuco, Brasil",-8.0690451,-34.8814591
7653,2019-09-04 10:15:00,SEM VÍTIMA,SANTO ANTÔNIO,RUA DO SOL,143,15.0,CIDADE,ABALROAMENTO LONGITUDINAL,2.0,1.0,1.0,1.0,1.0,1.0,1.0,1.0,1.0,0.0,1.0,Longo da via,Chuvoso,Sem defeito,Perfeito estado,Molhada,Perfeito estado,Não há placas,40 km/h,Única,"143, RUA DO SOL, Recife, Pernambuco, Brasil",-8.06197815,-34.87986259074623
1989,2019-03-08 09:58:00,COM VÍTIMA,SANTO ANTÔNIO,AV DANTAS BARRETO, ,15.0,CIDADE,COLISÃO,2.0,1.0,1.0,1.0,1.0,1.0,1.0,1.0,1.0,1.0,1.0,Longo da via,Bom,Sem defeito,Perfeito estado,Seca,Perfeito estado,Não há placas,40 km/h,Dupla," , AV DANTAS BARRETO, Recife, Pernambuco, Brasil",-8.0690451,-34.8814591
4730,2019-05-30 17:00:00,COM VÍTIMA,SANTO ANTÔNIO,PRC DA REPUBLICA, ,164.0,SUBURBIO,CAPOTAMENTO,2.0,1.0,1.0,1.0,1.0,1.0,1.0,1.0,1.0,1.0,1.0,Longo da via,Bom,Sem defeito,Perfeito estado,Seca,Perfeito estado,Não há placas,40 km/h,Única," , PRC DA REPUBLICA, Recife, Pernambuco, Brasil",-8.0690451,-34.8814591
12030,2019-12-30 07:11:00,SEM VÍTIMA,SANTO ANTÔNIO,RUA DR JOSE MARIANO, ,209.0,CIDADE,ABALROAMENTO LONGITUDINAL,1.0,1.0,1.0,1.0,1.0,1.0,1.0,1.0,1.0,0.0,1.0,Longo da via,Bom,Sem defeito,Perfeito estado,Seca,Perfeito estado,Outras,40 km/h,Única," , RUA DR JOSE MARIANO, Recife, Pernambuco, Brasil",-8.0690451,-34.8814591
81,2019-01-04 12:09:00,SEM VÍTIMA,SANTO ANTÔNIO,AV N S DO CARMO, ,204.0,CIDADE,COLISÃO,1.0,1.0,1.0,1.0,1.0,1.0,1.0,1.0,1.0,0.0,1.0,Longo da via,Bom,Sem defeito,Perfeito estado,Seca,Perfeito estado,Outras,40 km/h,Única," , AV N S DO CARMO, Recife, Pernambuco, Brasil",-8.0690451,-34.8814591
134,2019-01-07 06:03:00,COM VÍTIMA,SANTO ANTÔNIO,PTE SEIS DE MARCO,308,209.0,CIDADE,TOMBAMENTO,1.0,1.0,1.0,1.0,1.0,1.0,1.0,1.0,1.0,1.0,1.0,Ponte,Chuvoso,Sem defeito,Perfeito estado,Molhada,Perfeito estado,Outras,40 km/h,Única,"308, PTE SEIS DE MARCO, Recife, Pernambuco, Brasil",-8.0690451,-34.8814591
7605,2019-09-02 21:59:00,SEM VÍTIMA,SANTO ANTÔNIO,PTE SEIS DE MARCO, ,209.0,SUBURBIO,CHOQUE OBJETO FIXO,1.0,1.0,1.0,1.0,1.0,1.0,1.0,1.0,1.0,0.0,1.0,Longo da via,Bom,Sem defeito,Perfeito estado,Seca,Perfeito estado,Não há placas,40 km/h,Única," , nan, Recife, Pernambuco, Brasil",-8.0584933,-34.8848193
9212,2019-10-17 17:46:00,SEM VÍTIMA,SANTO ANTÔNIO,AV ENGENHEIRO JOSE ESTELITA, ,209.0,CIDADE,COLISÃO TRASEIRA,1.0,1.0,1.0,1.0,1.0,1.0,1.0,1.0,1.0,0.0,1.0,Longo da via,Bom,Não existe,Perfeito estado,Seca,Perfeito estado,Outras,60 km/h,Dupla," , AV ENGENHEIRO JOSE ESTELITA, Recife, Pernambuco, Brasil",-8.0779998,-34.8928846
31,2019-01-02 12:14:00,SEM VÍTIMA,SANTO ANTÔNIO,AV DANTAS BARRETO,661,209.0,SUBURBIO,ABALROAMENTO TRANSVERSAL,1.0,1.0,1.0,1.0,1.0,1.0,1.0,1.0,1.0,0.0,1.0,Longo da via,Bom,Não existe,Ilegível,Seca,Perfeito estado,Outras,60 km/h,Única,"661, AV DANTAS BARRETO, Recife, Pernambuco, Brasil",-8.066672950000001,-34.87906239780864
1723,2019-02-27 09:40:00,SEM VÍTIMA,SANTO ANTÔNIO,PTE PRINCESA IZABEL, ,209.0,SUBURBIO,ABALROAMENTO LONGITUDINAL,2.0,1.0,1.0,1.0,1.0,1.0,1.0,1.0,1.0,0.0,1.0,Ponte,Bom,Não existe,Perfeito estado,Seca,Perfeito estado,Não há placas,60 km/h,Dupla," , PTE PRINCESA IZABEL, Recife, Pernambuco, Brasil",-8.066672950000001,-34.87906239780864
4088,2019-05-09 14:29:00,SEM VÍTIMA,SANTO ANTÔNIO,RUA FLORIANO PEIXOTO, ,13.0,SUBURBIO,ABALROAMENTO LONGITUDINAL,1.0,1.0,1.0,1.0,1.0,1.0,1.0,1.0,1.0,0.0,1.0,Cruzamento,Bom,Sem defeito,Perfeito estado,Seca,Perfeito estado,Não há placas,40 km/h,Única," , RUA FLORIANO PEIXOTO, Recife, Pernambuco, Brasil",-8.0650875,-34.8820108
3919,2019-05-03 11:13:00,SEM VÍTIMA,SANTO ANTÔNIO,RUA SIQUEIRA CAMPOS,251,13.0,SUBURBIO,ABALROAMENTO LONGITUDINAL,1.0,1.0,1.0,1.0,1.0,1.0,1.0,1.0,1.0,0.0,1.0,Longo da via,Bom,Sem defeito,Perfeito estado,Seca,Mal iluminada,Não há placas,40 km/h,Única,"251, RUA SIQUEIRA CAMPOS, Recife, Pernambuco, Brasil",-8.062776,-34.8786009252521
5483,2019-06-24 14:08:00,SEM VÍTIMA,SANTO ANTÔNIO,RUA IMPERIAL, ,510.0,SUBURBIO,ABALROAMENTO TRANSVERSAL,2.0,1.0,1.0,1.0,1.0,1.0,1.0,1.0,1.0,0.0,1.0,Cruzamento,Bom,Sem defeito,Perfeito estado,Seca,Perfeito estado,Não há placas,40 km/h,Única," , RUA IMPERIAL, Recife, Pernambuco, Brasil",-8.0719111,-34.884563
3496,2019-04-20 23:21:00,SEM VÍTIMA,SANTO ANTÔNIO,C SANTA RITA,176,510.0,CIDADE,CHOQUE OBJETO FIXO,2.0,1.0,1.0,1.0,1.0,1.0,1.0,1.0,1.0,0.0,1.0,Longo da via,Bom,Não existe,Não existente,Seca,Mal conservada,Outras,40 km/h,Única,"176, C SANTA RITA, Recife, Pernambuco, Brasil",-8.0665491,-34.8770128
8935,2019-10-10 10:49:00,COM VÍTIMA,SANTO ANTÔNIO,PTE PRINCESA IZABEL, ,510.0,CIDADE,ACID. DE PERCURSO,2.0,1.0,1.0,1.0,1.0,1.0,1.0,1.0,1.0,1.0,1.0,Longo da via,Bom,Não existe,Não existente,Seca,Mal conservada,Outras,40 km/h,Única," , PTE PRINCESA IZABEL, Recife, Pernambuco, Brasil",-8.0665491,-34.8770128
3408,2019-04-17 10:36:00,SEM VÍTIMA,SANTO ANTÔNIO,PRC DA REPUBLICA, ,510.0,CIDADE,COLISÃO,1.0,2.0,1.0,1.0,1.0,1.0,1.0,1.0,1.0,0.0,1.0,Longo da via,Bom,Não existe,Não existente,Seca,Mal conservada,Outras,40 km/h,Única," , PRC DA REPUBLICA, Recife, Pernambuco, Brasil",-8.0665491,-34.8770128
11565,2019-12-16 16:53:00,SEM VÍTIMA,SANTO ANTÔNIO,C SANTA RITA,695,510.0,CIDADE,ABALROAMENTO LONGITUDINAL,1.0,2.0,1.0,1.0,1.0,1.0,1.0,1.0,1.0,0.0,1.0,Longo da via,Bom,Não existe,Não existente,Seca,Perfeito estado,Não há placas,60 km/h,Dupla,"695, C SANTA RITA, Recife, Pernambuco, Brasil",-8.0665491,-34.8770128
3413,2019-04-17 12:32:00,SEM VÍTIMA,SANTO ANTÔNIO,RUA BARAO DA VITORIA,460,510.0,CIDADE,COLISÃO,1.0,2.0,1.0,1.0,1.0,1.0,1.0,1.0,1.0,0.0,1.0,Longo da via,Bom,Não existe,Não existente,Seca,Perfeito estado,Não há placas,60 km/h,Dupla,"460, RUA BARAO DA VITORIA, Recife, Pernambuco, Brasil",-8.06765455,-34.882370387534095
3420,2019-04-17 13:34:00,SEM VÍTIMA,SANTO ANTÔNIO,AV MARQUES DE OLINDA, ,510.0,CIDADE,COLISÃO,2.0,2.0,1.0,1.0,1.0,1.0,1.0,1.0,1.0,0.0,1.0,Longo da via,Bom,Não existe,Não existente,Seca,Perfeito estado,Não há placas,60 km/h,Dupla," , AV MARQUES DE OLINDA, Recife, Pernambuco, Brasil",-8.063521,-34.8730311
2905,2019-04-02 18:10:00,COM VÍTIMA,SANTO ANTÔNIO,AV GUARARAPES, ,14.0,CIDADE,ABALROAMENTO TRANSVERSAL,1.0,1.0,1.0,1.0,1.0,1.0,1.0,1.0,1.0,1.0,1.0,Longo da via,Bom,Sem defeito,Perfeito estado,Seca,Perfeito estado,Não há placas,60 km/h,Dupla," , AV GUARARAPES, Recife, Pernambuco, Brasil",-8.0633337,-34.8793821
8137,2019-09-18 10:47:00,SEM VÍTIMA,SANTO ANTÔNIO,PTE PRINCESA IZABEL, ,14.0,CIDADE,ABALROAMENTO LONGITUDINAL,1.0,1.0,1.0,1.0,1.0,1.0,1.0,1.0,1.0,0.0,1.0,Ponte,Bom,Não existe,Incompleta,Seca,Perfeito estado,Não há placas,60 km/h,Dupla," , PTE PRINCESA IZABEL, Recife, Pernambuco, Brasil",-8.0633337,-34.8793821
1257,2019-02-13 21:23:00,COM VÍTIMA,SANTO ANTÔNIO,RUA PRIMEIRO DE MARCO, ,18.0,SUBURBIO,ABALROAMENTO TRANSVERSAL,1.0,1.0,1.0,1.0,1.0,1.0,1.0,1.0,1.0,1.0,1.0,Cruzamento,Bom,Sem defeito,Ilegível,Seca,Perfeito estado,Outras,40 km/h,Única," , RUA PRIMEIRO DE MARCO, Recife, Pernambuco, Brasil",-8.0641058,-34.8763808
2894,2019-04-02 13:25:00,COM VÍTIMA,SANTO ANTÔNIO,AV DANTAS BARRETO,321,15.0,SUBURBIO,ATROPELAMENTO,1.0,1.0,1.0,1.0,1.0,1.0,1.0,1.0,1.0,1.0,1.0,Longo da via,Bom,Não existe,Perfeito estado,Seca,Perfeito estado,R-6a,40 km/h,Dupla,"321, AV DANTAS BARRETO, Recife, Pernambuco, Brasil",-8.0659159,-34.878972
2887,2019-04-02 11:41:00,SEM VÍTIMA,SANTO ANTÔNIO,AV MARTINS DE BARROS, ,15.0,SUBURBIO,ABALROAMENTO LONGITUDINAL,2.0,1.0,1.0,1.0,1.0,1.0,1.0,1.0,1.0,0.0,1.0,Longo da via,Bom,Não existe,Perfeito estado,Seca,Perfeito estado,R-6a,40 km/h,Única," , AV MARTINS DE BARROS, Recife, Pernambuco, Brasil",-8.0679918,-34.8749493
3401,2019-04-17 06:09:00,SEM VÍTIMA,SANTO ANTÔNIO,RUA IMPERADOR PEDRO SEGUNDO, ,203.0,CIDADE,ABALROAMENTO LONGITUDINAL,2.0,1.0,1.0,1.0,1.0,1.0,1.0,1.0,1.0,0.0,1.0,Longo da via,Chuvoso,Sem defeito,Perfeito estado,Molhada,Perfeito estado,Outras,40 km/h,Única," , RUA IMPERADOR PEDRO SEGUNDO, Recife, Pernambuco, Brasil",-8.0679918,-34.8749493
1799,2019-02-28 21:00:00,SEM VÍTIMA,SANTO ANTÔNIO,AV MARTINS DE BARROS, ,164.0,CIDADE,ABALROAMENTO LONGITUDINAL,1.0,1.0,1.0,1.0,1.0,1.0,1.0,1.0,1.0,0.0,1.0,Longo da via,Bom,Sem defeito,Perfeito estado,Seca,Perfeito estado,Não há placas,40 km/h,Única," , AV MARTINS DE BARROS, Recife, Pernambuco, Brasil",-8.0679918,-34.8749493
2865,2019-04-01 15:08:00,SEM VÍTIMA,SANTO ANTÔNIO,PTE CONDE MAURICIO DE NASSAU, ,194.0,SUBURBIO,ABALROAMENTO LONGITUDINAL,2.0,1.0,1.0,1.0,1.0,1.0,1.0,1.0,1.0,0.0,1.0,Ponte,Bom,Sem defeito,Perfeito estado,Seca,Perfeito estado,Não há placas,40 km/h,Única," , PTE CONDE MAURICIO DE NASSAU, Recife, Pernambuco, Brasil",-8.0679918,-34.8749493
747,2019-01-30 08:52:00,SEM VÍTIMA,SANTO ANTÔNIO,PRC DA REPUBLICA, ,194.0,CIDADE,ACID. DE PERCURSO,1.0,1.0,1.0,1.0,1.0,1.0,1.0,1.0,1.0,0.0,1.0,Ponte,Bom,Sem defeito,Perfeito estado,Seca,Perfeito estado,Não há placas,40 km/h,Única," , PRC DA REPUBLICA, Recife, Pernambuco, Brasil",-8.0679918,-34.8749493
2852,2019-04-01 12:26:00,SEM VÍTIMA,SANTO ANTÔNIO,RUA DO SOL, ,194.0,CIDADE,ABALROAMENTO LONGITUDINAL,1.0,1.0,1.0,1.0,1.0,1.0,1.0,1.0,1.0,0.0,1.0,Longo da via,Chuvoso,Sem defeito,Perfeito estado,Molhada,Perfeito estado,Não há placas,40 km/h,Única," , RUA DO SOL, Recife, Pernambuco, Brasil",-8.0625475,-34.8803542
5699,2019-07-01 14:07:00,SEM VÍTIMA,SANTO ANTÔNIO,PRC DA REPUBLICA, ,194.0,SUBURBIO,ABALROAMENTO LONGITUDINAL,2.0,1.0,1.0,1.0,1.0,1.0,1.0,1.0,1.0,0.0,1.0,Longo da via,Bom,Sem defeito,Perfeito estado,Seca,Perfeito estado,Não há placas,40 km/h,Única," , PRC DA REPUBLICA, Recife, Pernambuco, Brasil",-8.0625475,-34.8803542
1279,2019-02-14 12:23:00,COM VÍTIMA,SANTO ANTÔNIO,RUA DA PALMA,311,194.0,SUBURBIO,CHOQUE VEÍCULO PARADO,4.0,1.0,1.0,1.0,1.0,1.0,1.0,1.0,1.0,4.0,1.0,Longo da via,Bom,Não existe,Perfeito estado,Seca,Perfeito estado,Outras,40 km/h,Única,"311, RUA DA PALMA, Recife, Pernambuco, Brasil",-8.06570395,-34.880660477020044
8977,2019-10-11 16:40:00,SEM VÍTIMA,SANTO ANTÔNIO,C SANTA RITA, ,194.0,CIDADE,ABALROAMENTO LONGITUDINAL,1.0,1.0,1.0,1.0,1.0,1.0,1.0,1.0,1.0,0.0,1.0,Longo da via,Bom,Não existe,Perfeito estado,Seca,Perfeito estado,Não há placas,40 km/h,Única," , C SANTA RITA, Recife, Pernambuco, Brasil",-8.0665491,-34.8770128
682,2019-01-27 08:50:00,SEM VÍTIMA,SANTO ANTÔNIO,AV MARTINS DE BARROS, ,204.0,CIDADE,COLISÃO TRASEIRA,2.0,1.0,1.0,1.0,1.0,1.0,1.0,1.0,1.0,0.0,1.0,Longo da via,Bom,Sem defeito,Perfeito estado,Seca,Perfeito estado,Não há placas,40 km/h,Única," , AV MARTINS DE BARROS, Recife, Pernambuco, Brasil",-8.0679918,-34.8749493
5265,2019-06-15 21:19:00,SEM VÍTIMA,SANTO ANTÔNIO,RUA PRIMEIRO DE MARCO, ,18.0,CIDADE,ABALROAMENTO TRANSVERSAL,1.0,1.0,1.0,1.0,1.0,1.0,1.0,1.0,1.0,0.0,1.0,Cruzamento,Bom,Sem defeito,Perfeito estado,Seca,Perfeito estado,Não há placas,40 km/h,Única," , RUA PRIMEIRO DE MARCO, Recife, Pernambuco, Brasil",-8.0641058,-34.8763808
660,2019-01-25 22:13:00,COM VÍTIMA,SANTO ANTÔNIO,AV MARTINS DE BARROS, ,164.0,SUBURBIO,COLISÃO COM CICLISTA,1.0,1.0,1.0,1.0,1.0,1.0,1.0,1.0,1.0,1.0,1.0,Cruzamento,Bom,Sem defeito,Perfeito estado,Seca,Perfeito estado,Outras,40 km/h,Única," , AV MARTINS DE BARROS, Recife, Pernambuco, Brasil",-8.0679918,-34.8749493
1332,2019-02-15 17:46:00,COM VÍTIMA,SANTO ANTÔNIO,RUA DO LIVRAMENTO,20,164.0,CIDADE,ATROPELAMENTO,1.0,1.0,1.0,1.0,1.0,1.0,1.0,1.0,1.0,1.0,1.0,Longo da via,Chuvoso,Sem defeito,Perfeito estado,Seca,Perfeito estado,Outras,40 km/h,Dupla,"20, RUA DO LIVRAMENTO, Recife, Pernambuco, Brasil",-8.000534,-35.012096
8493,2019-09-28 18:32:00,SEM VÍTIMA,SANTO ANTÔNIO,RUA FREI CANECA,187,164.0,CIDADE,ABALROAMENTO LONGITUDINAL,2.0,1.0,1.0,1.0,1.0,1.0,1.0,1.0,1.0,0.0,1.0,Longo da via,Bom,Não existe,Perfeito estado,Seca,Perfeito estado,Placas Pare,40 km/h,Única,"187, RUA FREI CANECA, Recife, Pernambuco, Brasil",-8.06489725,-34.88165420962155
3521,2019-04-22 08:57:00,SEM VÍTIMA,SANTO ANTÔNIO,AV MARTINS DE BARROS, ,164.0,SUBURBIO,ABALROAMENTO LONGITUDINAL,1.0,1.0,1.0,1.0,1.0,1.0,1.0,1.0,1.0,0.0,1.0,Longo da via,Bom,Sem defeito,Perfeito estado,Seca,Perfeito estado,R-6c,40 km/h,Dupla," , AV MARTINS DE BARROS, Recife, Pernambuco, Brasil",-8.0679918,-34.8749493
10337,2019-11-17 13:31:00,SEM VÍTIMA,SANTO ANTÔNIO,AV MARTINS DE BARROS, ,164.0,CIDADE,ABALROAMENTO LONGITUDINAL,1.0,1.0,1.0,1.0,1.0,1.0,1.0,1.0,1.0,0.0,1.0,Longo da via,Bom,Sem defeito,Perfeito estado,Seca,Perfeito estado,Outras,40 km/h,Única," , AV MARTINS DE BARROS, Recife, Pernambuco, Brasil",-8.0679918,-34.8749493
2130,2019-03-12 12:54:00,SEM VÍTIMA,SANTO ANTÔNIO,RUA DO SOL,143,164.0,CIDADE,COLISÃO,1.0,1.0,1.0,1.0,1.0,1.0,1.0,1.0,1.0,0.0,1.0,Longo da via,Bom,Sem defeito,Perfeito estado,Seca,Perfeito estado,Outras,40 km/h,Única,"143, RUA DO SOL, Recife, Pernambuco, Brasil",-8.06197815,-34.87986259074623
9466,2019-10-25 09:59:00,SEM VÍTIMA,SANTO ANTÔNIO,RUA FLORIANO PEIXOTO, ,164.0,SUBURBIO,ABALROAMENTO LONGITUDINAL,1.0,1.0,1.0,1.0,1.0,1.0,1.0,1.0,1.0,0.0,1.0,Longo da via,Bom,Sem defeito,Perfeito estado,Seca,Perfeito estado,Outras,40 km/h,Única," , RUA FLORIANO PEIXOTO, Recife, Pernambuco, Brasil",-8.0650875,-34.8820108
3186,2019-04-10 21:09:00,SEM VÍTIMA,SANTO ANTÔNIO,RUA ENGENHEIRO UBALDO GOMES DE MATOS,119,164.0,SUBURBIO,COLISÃO,2.0,1.0,1.0,1.0,1.0,1.0,1.0,1.0,1.0,0.0,1.0,Longo da via,Bom,Sem defeito,Perfeito estado,Seca,Perfeito estado,Outras,40 km/h,Única,"119, RUA ENGENHEIRO UBALDO GOMES DE MATOS, Recife, Pernambuco, Brasil",-8.063493399999999,-34.877785988053176
5518,2019-06-25 16:39:00,SEM VÍTIMA,SANTO ANTÔNIO,RUA IMPERADOR PEDRO SEGUNDO, ,18.0,SUBURBIO,ABALROAMENTO LONGITUDINAL,2.0,1.0,1.0,1.0,1.0,1.0,1.0,1.0,1.0,0.0,1.0,Cruzamento,Bom,Sem defeito,Perfeito estado,Seca,Mal conservada,Não há placas,40 km/h,Única," , RUA IMPERADOR PEDRO SEGUNDO, Recife, Pernambuco, Brasil",-8.063493399999999,-34.877785988053176
10198,2019-11-13 11:39:00,SEM VÍTIMA,SANTO ANTÔNIO,RUA IMPERADOR PEDRO SEGUNDO, ,203.0,SUBURBIO,ABALROAMENTO TRANSVERSAL,2.0,1.0,1.0,1.0,1.0,1.0,1.0,1.0,1.0,0.0,1.0,Cruzamento,Bom,Sem defeito,Perfeito estado,Seca,Perfeito estado,R-26,60 km/h,Única," , RUA IMPERADOR PEDRO SEGUNDO, Recife, Pernambuco, Brasil",-8.063493399999999,-34.877785988053176
1839,2019-03-01 18:21:00,SEM VÍTIMA,SANTO ANTÔNIO,RUA SIQUEIRA CAMPOS, ,203.0,SUBURBIO,COLISÃO,1.0,1.0,1.0,1.0,1.0,1.0,1.0,1.0,1.0,0.0,1.0,Cruzamento,Bom,Sem defeito,Perfeito estado,Seca,Perfeito estado,R-26,60 km/h,Única," , RUA SIQUEIRA CAMPOS, Recife, Pernambuco, Brasil",-8.112468,-34.9553137
6929,2019-08-12 12:42:00,COM VÍTIMA,SANTO ANTÔNIO,PRC DA REPUBLICA, ,203.0,SUBURBIO,COLISÃO TRASEIRA,1.0,1.0,1.0,1.0,1.0,1.0,1.0,1.0,1.0,1.0,1.0,Longo da via,Chuvoso,Não existe,Perfeito estado,Seca,Perfeito estado,Não há placas,60 km/h,Única," , PRC DA REPUBLICA, Recife, Pernambuco, Brasil",-8.112468,-34.9553137
1847,2019-03-01 21:37:00,COM VÍTIMA,SANTO ANTÔNIO,AV DANTAS BARRETO, ,54.0,SUBURBIO,COLISÃO,1.0,1.0,1.0,1.0,1.0,1.0,1.0,1.0,1.0,1.0,1.0,Longo da via,Chuvoso,Não existe,Perfeito estado,Seca,Perfeito estado,Não há placas,60 km/h,Única," , AV DANTAS BARRETO, Recife, Pernambuco, Brasil",-8.0690451,-34.8814591
11388,2019-12-12 09:43:00,SEM VÍTIMA,SANTO ANTÔNIO,RUA SIQUEIRA CAMPOS, ,54.0,SUBURBIO,COLISÃO,2.0,1.0,1.0,1.0,1.0,1.0,1.0,1.0,1.0,0.0,1.0,Longo da via,Bom,Não existe,Não existente,Seca,Perfeito estado,R-6b,60 km/h,Única," , RUA SIQUEIRA CAMPOS, Recife, Pernambuco, Brasil",-8.112468,-34.9553137