,data_hora,natureza_acidente,bairro,endereco,numero,num_semaforo,sentido_via,tipo,auto,moto,ciclom,ciclista,pedestre,onibus,caminhao,viatura,outros,vitimas,vitimasfatais,acidente_verificado,tempo_clima,situacao_semaforo,sinalizacao,condicao_via,conservacao_via,situacao_placa,velocidade_max_via,mao_direcao,end,latitude,longitude
8390,2019-09-25 19:24:00,SEM VÍTIMA,SANTO ANTÔNIO,AV MARTINS DE BARROS, ,164.0,SUBURBIO,ABALROAMENTO LONGITUDINAL,1.0,1.0,1.0,1.0,1.0,1.0,1.0,1.0,1.0,0.0,1.0,Ponte,Bom,Sem defeito,Perfeito estado,Seca,Perfeito estado,Não há placas,60 km/h,Única," , AV MARTINS DE BARROS, Recife, Pernambuco, Brasil",-8.0679918,-34.8749493
1762,2019-02-27 21:57:00,SEM VÍTIMA,SANTO ANTÔNIO,AV N S DO CARMO, ,203.0,SUBURBIO,ABALROAMENTO LONGITUDINAL,1.0,1.0,1.0,1.0,1.0,1.0,1.0,1.0,1.0,0.0,1.0,Cruzamento,Bom,Sem defeito,Perfeito estado,Seca,Perfeito estado,Outras,60 km/h,Única," , AV N S DO CARMO, Recife, Pernambuco, Brasil",-8.0679918,-34.8749493
11336,2019-12-11 09:43:00,COM VÍTIMA,SANTO ANTÔNIO,RUA DO SOL,143,203.0,CIDADE,ATROPELAMENTO,1.0,1.0,1.0,1.0,1.0,1.0,1.0,1.0,1.0,1.0,1.0,Longo da via,Bom,Sem defeito,Perfeito estado,Seca,Perfeito estado,Outras,60 km/h,Única,"143, RUA DO SOL, Recife, Pernambuco, Brasil",-8.06197815,-34.87986259074623
3043,2019-04-06 16:05:00,SEM VÍTIMA,SANTO ANTÔNIO,RUA DO PEIXOTO, ,182.0,CIDADE,ABALROAMENTO TRANSVERSAL,2.0,1.0,1.0,1.0,1.0,1.0,1.0,1.0,1.0,0.0,1.0,Cruzamento,Bom,Sem defeito,Perfeito estado,Seca,Perfeito estado,Outras,60 km/h,Única," , RUA DO PEIXOTO, Recife, Pernambuco, Brasil",-8.0709604,-34.8838797
11360,2019-12-11 14:42:00,SEM VÍTIMA,SANTO ANTÔNIO,PRC DA REPUBLICA, ,182.0,CIDADE,COLISÃO,1.0,1.0,1.0,1.0,1.0,1.0,1.0,1.0,1.0,0.0,1.0,Cruzamento,Bom,Sem defeito,Perfeito estado,Seca,Perfeito estado,Outras,60 km/h,Única," , PRC DA REPUBLICA, Recife, Pernambuco, Brasil",-8.0709604,-34.8838797
5372,2019-06-19 14:38:00,SEM VÍTIMA,SANTO ANTÔNIO,AV MARTINS DE BARROS, ,194.0,CIDADE,ABALROAMENTO LONGITUDINAL,1.0,1.0,1.0,1.0,1.0,1.0,1.0,1.0,1.0,0.0,1.0,Longo da via,Bom,Sem defeito,Perfeito estado,Seca,Perfeito estado,Outras,60 km/h,Única," , AV MARTINS DE BARROS, Recife, Pernambuco, Brasil",-8.0679918,-34.8749493
8784,2019-10-06 05:53:00,SEM VÍTIMA,SANTO ANTÔNIO,AV MARTINS DE BARROS, ,194.0,SUBURBIO,ABALROAMENTO LONGITUDINAL,2.0,1.0,1.0,1.0,1.0,1.0,1.0,1.0,1.0,0.0,1.0,Longo da via,Bom,Não existe,Perfeito estado,Seca,Perfeito estado,Não há placas,60 km/h,Única," , AV MARTINS DE BARROS, Recife, Pernambuco, Brasil",-8.0679918,-34.8749493
3347,2019-04-15 18:02:00,COM VÍTIMA,SANTO ANTÔNIO,RUA PRINCESA IZABEL, ,194.0,CIDADE,ABALROAMENTO LONGITUDINAL,2.0,1.0,1.0,1.0,1.0,1.0,1.0,1.0,1.0,1.0,1.0,Longo da via,Bom,Não existe,Perfeito estado,Seca,Perfeito estado,Outras,40 km/h,Única," , RUA PRINCESA IZABEL, Recife, Pernambuco, Brasil",-8.1236018,-35.0916404
1170,2019-02-11 16:22:00,SEM VÍTIMA,SANTO ANTÔNIO,RUA DO SOL, ,194.0,SUBURBIO,COLISÃO TRASEIRA,2.0,1.0,1.0,1.0,1.0,1.0,1.0,1.0,1.0,0.0,1.0,Longo da via,Bom,Sem defeito,Perfeito estado,Seca,Perfeito estado,R-6a,40 km/h,Única," , RUA DO SOL, Recife, Pernambuco, Brasil",-8.0625475,-34.8803542
4299,2019-05-16 16:16:00,SEM VÍTIMA,SANTO ANTÔNIO,RUA SIQUEIRA CAMPOS,251,194.0,SUBURBIO,ABALROAMENTO LONGITUDINAL,1.0,1.0,1.0,1.0,1.0,1.0,1.0,1.0,1.0,0.0,1.0,Longo da via,Bom,Não existe,Perfeito estado,Seca,Perfeito estado,Outras,40 km/h,Única,"251, RUA SIQUEIRA CAMPOS, Recife, Pernambuco, Brasil",-8.062776,-34.8786009252521
3363,2019-04-16 08:55:00,SEM VÍTIMA,SANTO ANTÔNIO,RUA SIQUEIRA CAMPOS, ,206.0,SUBURBIO,COLISÃO TRASEIRA,2.0,1.0,1.0,1.0,1.0,1.0,1.0,1.0,1.0,0.0,1.0,Cruzamento,Bom,Sem defeito,Perfeito estado,Seca,Perfeito estado,Outras,40 km/h,Única," , RUA SIQUEIRA CAMPOS, Recife, Pernambuco, Brasil",-8.112468,-34.9553137
8099,2019-09-17 10:33:00,COM VÍTIMA,SANTO ANTÔNIO,AV N S DO CARMO,99,206.0,SUBURBIO,ATROPELAMENTO,2.0,1.0,1.0,1.0,1.0,1.0,1.0,1.0,1.0,1.0,1.0,Longo da via,Bom,Sem defeito,Perfeito estado,Seca,Perfeito estado,Outras,40 km/h,Dupla,"99, AV N S DO CARMO, Recife, Pernambuco, Brasil",-8.112468,-34.9553137
8778,2019-10-06 00:57:00,SEM VÍTIMA,SANTO ANTÔNIO,AV DANTAS BARRETO, ,15.0,SUBURBIO,ABALROAMENTO TRANSVERSAL,1.0,1.0,1.0,1.0,1.0,1.0,1.0,1.0,1.0,0.0,1.0,Cruzamento,Bom,Sem defeito,Perfeito estado,Seca,Perfeito estado,Não há placas,40 km/h,Única," , AV DANTAS BARRETO, Recife, Pernambuco, Brasil",-8.0690451,-34.8814591
8387,2019-09-25 17:40:00,SEM VÍTIMA,SANTO ANTÔNIO,AV DOM PEDRO I - IMPERADOR, ,15.0,SUBURBIO,COLISÃO,1.0,1.0,1.0,1.0,1.0,1.0,1.0,1.0,1.0,0.0,1.0,Cruzamento,Bom,Sem defeito,Perfeito estado,Seca,Perfeito estado,Não há placas,40 km/h,Única," , AV DOM PEDRO I - IMPERADOR, Recife, Pernambuco, Brasil",-8.0690451,-34.8814591
1149,2019-02-11 10:35:00,SEM VÍTIMA,SANTO ANTÔNIO,RUA SIQUEIRA CAMPOS,251,15.0,CIDADE,ABALROAMENTO LONGITUDINAL,1.0,1.0,1.0,1.0,1.0,1.0,1.0,1.0,1.0,0.0,1.0,Cruzamento,Bom,Não existe,Perfeito estado,Seca,Perfeito estado,R-6a,40 km/h,Única,"251, RUA SIQUEIRA CAMPOS, Recife, Pernambuco, Brasil",-8.062776,-34.8786009252521
7891,2019-09-11 15:07:00,SEM VÍTIMA,SANTO ANTÔNIO,AV DANTAS BARRETO,564,15.0,CIDADE,ABALROAMENTO LONGITUDINAL,2.0,1.0,1.0,1.0,1.0,1.0,1.0,1.0,1.0,0.0,1.0,Longo da via,Chuvoso,Sem defeito,Perfeito estado,Molhada,Perfeito estado,R-6a,40 km/h,Única,"564, AV DANTAS BARRETO, Recife, Pernambuco, Brasil",-8.0653786,-34.8791371
9422,2019-10-23 21:36:00,SEM VÍTIMA,SANTO ANTÔNIO,PTE PRINCESA IZABEL, ,15.0,CIDADE,ABALROAMENTO LONGITUDINAL,1.0,1.0,1.0,1.0,1.0,1.0,1.0,1.0,1.0,0.0,1.0,Ponte,Bom,Não existe,Perfeito estado,Seca,Perfeito estado,Não há placas,40 km/h,Dupla," , PTE PRINCESA IZABEL, Recife, Pernambuco, Brasil",-8.0653786,-34.8791371
2253,2019-03-15 12:30:00,SEM VÍTIMA,SANTO ANTÔNIO,AV MARTINS DE BARROS, ,164.0,CIDADE,ABALROAMENTO TRANSVERSAL,1.0,1.0,1.0,1.0,1.0,1.0,1.0,1.0,1.0,0.0,1.0,Cruzamento,Bom,Sem defeito,Perfeito estado,Seca,Perfeito estado,Não há placas,40 km/h,Única," , AV MARTINS DE BARROS, Recife, Pernambuco, Brasil",-8.0679918,-34.8749493
9054,2019-10-14 07:57:00,SEM VÍTIMA,SANTO ANTÔNIO,RUA DO SOL, ,164.0,CIDADE,ABALROAMENTO LONGITUDINAL,1.0,1.0,1.0,1.0,1.0,1.0,1.0,1.0,1.0,0.0,1.0,Cruzamento,Bom,Não existe,Perfeito estado,Seca,Perfeito estado,Não há placas,40 km/h,Única," , RUA DO SOL, Recife, Pernambuco, Brasil",-8.0625475,-34.8803542
508,2019-01-21 09:26:00,COM VÍTIMA,SANTO ANTÔNIO,AV MARTINS DE BARROS, ,164.0,SUBURBIO,COLISÃO TRASEIRA,2.0,1.0,1.0,1.0,1.0,1.0,1.0,1.0,1.0,1.0,1.0,Longo da via,Bom,Sem defeito,Perfeito estado,Seca,Perfeito estado,Não há placas,40 km/h,Única," , AV MARTINS DE BARROS, Recife, Pernambuco, Brasil",-8.0679918,-34.8749493
7316,2019-08-23 15:46:00,SEM VÍTIMA,SANTO ANTÔNIO,PRC DA REPUBLICA, ,164.0,SUBURBIO,CHOQUE VEÍCULO PARADO,4.0,1.0,1.0,1.0,1.0,1.0,1.0,1.0,1.0,0.0,1.0,Longo da via,Bom,Não existe,Perfeito estado,Seca,Perfeito estado,Não há placas,30 km/h,Dupla," , PRC DA REPUBLICA, Recife, Pernambuco, Brasil",-8.0679918,-34.8749493
1924,2019-03-06 07:57:00,SEM VÍTIMA,SANTO ANTÔNIO,PRC DA REPUBLICA, ,164.0,SUBURBIO,COLISÃO FRONTAL,4.0,1.0,1.0,1.0,1.0,1.0,1.0,1.0,1.0,0.0,1.0,Longo da via,Bom,Não existe,Perfeito estado,Seca,Perfeito estado,Outras,40 km/h,Única," , PRC DA REPUBLICA, Recife, Pernambuco, Brasil",-8.0679918,-34.8749493
8665,2019-10-03 16:45:00,SEM VÍTIMA,SANTO ANTÔNIO,PRC DA REPUBLICA, ,488.0,SUBURBIO,COLISÃO TRASEIRA,2.0,1.0,1.0,1.0,1.0,1.0,1.0,1.0,1.0,0.0,1.0,Longo da via,Bom,Sem defeito,Perfeito estado,Seca,Perfeito estado,R-6a,40 km/h,Única," , PRC DA REPUBLICA, Recife, Pernambuco, Brasil",-8.0679918,-34.8749493
2594,2019-03-25 10:59:00,SEM VÍTIMA,SANTO ANTÔNIO,PRC DA REPUBLICA, ,488.0,CIDADE,ABALROAMENTO LONGITUDINAL,2.0,1.0,1.0,1.0,1.0,1.0,1.0,1.0,1.0,0.0,1.0,Longo da via,Bom,Não existe,Perfeito estado,Seca,Perfeito estado,Outras,40 km/h,Única," , PRC DA REPUBLICA, Recife, Pernambuco, Brasil",-8.0679918,-34.8749493
4627,2019-05-27 16:55:00,SEM VÍTIMA,SANTO ANTÔNIO,AV MARTINS DE BARROS, ,164.0,SUBURBIO,COLISÃO TRASEIRA,1.0,1.0,1.0,1.0,1.0,1.0,1.0,1.0,1.0,0.0,1.0,Longo da via,Bom,Sem defeito,Perfeito estado,Seca,Perfeito estado,Não há placas,40 km/h,Única," , AV MARTINS DE BARROS, Recife, Pernambuco, Brasil",-8.0679918,-34.8749493
8219,2019-09-20 14:46:00,SEM VÍTIMA,SANTO ANTÔNIO,PRC DA REPUBLICA, ,164.0,SUBURBIO,COLISÃO TRASEIRA,2.0,1.0,1.0,1.0,1.0,1.0,1.0,1.0,1.0,0.0,1.0,Longo da via,Bom,Sem defeito,Perfeito estado,Seca,Perfeito estado,Outras,40 km/h,Única," , PRC DA REPUBLICA, Recife, Pernambuco, Brasil",-8.0679918,-34.8749493
2596,2019-03-25 12:41:00,SEM VÍTIMA,SANTO ANTÔNIO,PTE PRINCESA IZABEL, ,164.0,SUBURBIO,COLISÃO TRASEIRA,2.0,1.0,1.0,1.0,1.0,1.0,1.0,1.0,1.0,0.0,1.0,Ponte,Bom,Não existe,Perfeito estado,Seca,Perfeito estado,Não há placas,30 km/h,Dupla," , PTE PRINCESA IZABEL, Recife, Pernambuco, Brasil",-8.0679918,-34.8749493
5073,2019-06-10 13:49:00,SEM VÍTIMA,SANTO ANTÔNIO,RUA ITAPIRA, ,164.0,SUBURBIO,COLISÃO,1.0,1.0,1.0,1.0,1.0,1.0,1.0,1.0,1.0,0.0,1.0,Ponte,Bom,Não existe,Perfeito estado,Seca,Perfeito estado,Não há placas,30 km/h,Dupla," , RUA ITAPIRA, Recife, Pernambuco, Brasil",-8.0777161,-34.8985623
1943,2019-03-07 08:30:00,SEM VÍTIMA,SANTO ANTÔNIO,CAIS DO APOLO,220,164.0,SUBURBIO,ABALROAMENTO LONGITUDINAL,1.0,1.0,1.0,1.0,1.0,1.0,1.0,1.0,1.0,0.0,1.0,Longo da via,Bom,Não existe,Perfeito estado,Seca,Perfeito estado,Não há placas,30 km/h,Dupla,"220, CAIS DO APOLO, Recife, Pernambuco, Brasil",-8.0607605,-34.872634212038605
8224,2019-09-20 17:17:00,SEM VÍTIMA,SANTO ANTÔNIO,RUA DO PEIXOTO, ,164.0,SUBURBIO,ABALROAMENTO LONGITUDINAL,1.0,1.0,1.0,1.0,1.0,1.0,1.0,1.0,1.0,0.0,1.0,Longo da via,Chuvoso,Não existe,Não existente,Molhada,Mal iluminada,Não há placas,30 km/h,Única," , RUA DO PEIXOTO, Recife, Pernambuco, Brasil",-8.0709604,-34.8838797
502,2019-01-21 07:04:00,COM VÍTIMA,SANTO ANTÔNIO,PTE SEIS DE MARCO, ,164.0,CIDADE,ABALROAMENTO TRANSVERSAL,1.0,1.0,1.0,1.0,1.0,1.0,1.0,1.0,1.0,1.0,1.0,Longo da via,Bom,Não existe,Perfeito estado,Seca,Perfeito estado,Outras,30 km/h,Única," , PTE SEIS DE MARCO, Recife, Pernambuco, Brasil",-8.0709604,-34.8838797
435,2019-01-17 15:06:00,SEM VÍTIMA,SANTO ANTÔNIO,RUA PRINCESA IZABEL, ,164.0,SUBURBIO,COLISÃO TRASEIRA,4.0,1.0,1.0,1.0,1.0,1.0,1.0,1.0,1.0,0.0,1.0,Ponte,Bom,Sem defeito,Perfeito estado,Seca,Perfeito estado,Não há placas,30 km/h,Dupla," , RUA PRINCESA IZABEL, Recife, Pernambuco, Brasil",-8.1236018,-35.0916404
1505,2019-02-21 08:54:00,SEM VÍTIMA,SANTO ANTÔNIO,AV MARTINS DE BARROS, ,164.0,SUBURBIO,ABALROAMENTO LONGITUDINAL,2.0,1.0,1.0,1.0,1.0,1.0,1.0,1.0,1.0,0.0,1.0,Cruzamento,Bom,Sem defeito,Perfeito estado,Seca,Perfeito estado,Não há placas,30 km/h,Única," , AV MARTINS DE BARROS, Recife, Pernambuco, Brasil",-8.0679918,-34.8749493
1512,2019-02-21 11:01:00,SEM VÍTIMA,SANTO ANTÔNIO,PRC DA REPUBLICA, ,278.0,SUBURBIO,COLISÃO TRASEIRA,2.0,1.0,1.0,1.0,1.0,1.0,1.0,1.0,1.0,0.0,1.0,Longo da via,Bom,Sem defeito,Perfeito estado,Seca,Perfeito estado,Outras,30 km/h,Única," , PRC DA REPUBLICA, Recife, Pernambuco, Brasil",-8.0679918,-34.8749493
10553,2019-11-22 15:55:00,SEM VÍTIMA,SANTO ANTÔNIO,AV DANTAS BARRETO, ,284.0,SUBURBIO,ABALROAMENTO TRANSVERSAL,1.0,1.0,1.0,1.0,1.0,1.0,1.0,1.0,1.0,0.0,1.0,Cruzamento,Bom,Sem defeito,Perfeito estado,Seca,Perfeito estado,Não há placas,30 km/h,Dupla," , AV DANTAS BARRETO, Recife, Pernambuco, Brasil",-8.0690451,-34.8814591
8653,2019-10-03 12:33:00,SEM VÍTIMA,SANTO ANTÔNIO,CAIS DO APOLO, ,19.0,SUBURBIO,ABALROAMENTO LONGITUDINAL,1.0,1.0,1.0,1.0,1.0,1.0,1.0,1.0,1.0,0.0,1.0,Cruzamento,Bom,Sem defeito,Perfeito estado,Seca,Perfeito estado,Outras,30 km/h,Única," , CAIS DO APOLO, Recife, Pernambuco, Brasil",-8.0630739,-34.8742254
7814,2019-09-09 16:47:00,SEM VÍTIMA,SANTO ANTÔNIO,RUA PRINCESA IZABEL, ,19.0,SUBURBIO,ABALROAMENTO LONGITUDINAL,1.0,1.0,1.0,1.0,1.0,1.0,1.0,1.0,1.0,0.0,1.0,Longo da via,Bom,Não existe,Perfeito estado,Seca,Perfeito estado,Outras,30 km/h,Dupla," , RUA PRINCESA IZABEL, Recife, Pernambuco, Brasil",-8.1236018,-35.0916404
10520,2019-11-22 07:10:00,SEM VÍTIMA,SANTO ANTÔNIO,RUA DO SOL, ,19.0,SUBURBIO,COLISÃO,2.0,1.0,1.0,1.0,1.0,1.0,1.0,1.0,1.0,0.0,1.0,Longo da via,Bom,Não existe,Perfeito estado,Seca,Perfeito estado,Outras,30 km/h,Dupla," , RUA DO SOL, Recife, Pernambuco, Brasil",-8.0625475,-34.8803542
3715,2019-04-27 12:36:00,SEM VÍTIMA,SANTO ANTÔNIO,RUA SAO JOAO,209,19.0,SUBURBIO,ABALROAMENTO TRANSVERSAL,1.0,1.0,1.0,1.0,1.0,1.0,1.0,1.0,1.0,0.0,1.0,Cruzamento,Bom,Não existe,Ilegível,Seca,Perfeito estado,Outras,40 km/h,Única,"209, RUA SAO JOAO, Recife, Pernambuco, Brasil",-8.0214969,-35.0042211
5160,2019-06-12 17:45:00,SEM VÍTIMA,SANTO ANTÔNIO,PRC DA REPUBLICA, ,488.0,SUBURBIO,COLISÃO TRASEIRA,2.0,1.0,1.0,1.0,1.0,1.0,1.0,1.0,1.0,0.0,1.0,Longo da via,Bom,Sem defeito,Perfeito estado,Seca,Perfeito estado,R-6a,40 km/h,Única," , PRC DA REPUBLICA, Recife, Pernambuco, Brasil",-8.0214969,-35.0042211
5148,2019-06-12 14:27:00,SEM VÍTIMA,SANTO ANTÔNIO,RUA IMPERADOR PEDRO SEGUNDO,468,488.0,SUBURBIO,ABALROAMENTO LONGITUDINAL,1.0,1.0,1.0,1.0,1.0,1.0,1.0,1.0,1.0,0.0,1.0,Longo da via,Bom,Sem defeito,Perfeito estado,Seca,Perfeito estado,Outras,40 km/h,Única,"468, RUA IMPERADOR PEDRO SEGUNDO, Recife, Pernambuco, Brasil",-8.0214969,-35.0042211
1790,2019-02-28 16:02:00,SEM VÍTIMA,SANTO ANTÔNIO,RUA DO SOL, ,488.0,CIDADE,ABALROAMENTO LONGITUDINAL,1.0,1.0,1.0,1.0,1.0,1.0,1.0,1.0,1.0,0.0,1.0,Longo da via,Bom,Sem defeito,Perfeito estado,Seca,Perfeito estado,Não há placas,40 km/h,Única," , RUA DO SOL, Recife, Pernambuco, Brasil",-8.0625475,-34.8803542
7283,2019-08-22 18:53:00,SEM VÍTIMA,SANTO ANTÔNIO,AV MARTINS DE BARROS, ,488.0,SUBURBIO,ABALROAMENTO TRANSVERSAL,2.0,1.0,1.0,1.0,1.0,1.0,1.0,1.0,1.0,0.0,1.0,Longo da via,Chuvoso,Não existe,Perfeito estado,Molhada,Perfeito estado,Não há placas,40 km/h,Única," , AV MARTINS DE BARROS, Recife, Pernambuco, Brasil",-8.0679918,-34.8749493
9999,2019-11-08 14:25:00,COM VÍTIMA,SANTO ANTÔNIO,RUA FLORIANO PEIXOTO, ,488.0,SUBURBIO,COLISÃO,2.0,1.0,1.0,1.0,1.0,1.0,1.0,1.0,1.0,1.0,1.0,Longo da via,Chuvoso,Não existe,Perfeito estado,Molhada,Perfeito estado,Não há placas,40 km/h,Única," , RUA FLORIANO PEIXOTO, Recife, Pernambuco, Brasil",-8.0650875,-34.8820108
2587,2019-03-25 08:14:00,SEM VÍTIMA,SANTO ANTÔNIO,RUA PRINCESA IZABEL, ,488.0,SUBURBIO,COLISÃO,1.0,1.0,1.0,1.0,1.0,1.0,1.0,1.0,1.0,0.0,1.0,Longo da via,Chuvoso,Não existe,Perfeito estado,Molhada,Perfeito estado,Não há placas,40 km/h,Única," , RUA PRINCESA IZABEL, Recife, Pernambuco, Brasil",-8.1236018,-35.0916404
11660,2019-12-18 19:12:00,COM VÍTIMA,SANTO ANTÔNIO,RUA SIQUEIRA CAMPOS, ,141.0,SUBURBIO,ATROPELAMENTO,1.0,1.0,1.0,1.0,1.0,1.0,1.0,1.0,1.0,1.0,1.0,Cruzamento,Bom,Sem defeito,Perfeito estado,Seca,Perfeito estado,Não há placas,40 km/h,Dupla," , RUA SIQUEIRA CAMPOS, Recife, Pernambuco, Brasil",-8.112468,-34.9553137
9007,2019-10-12 07:45:00,COM VÍTIMA,SANTO ANTÔNIO,PTE PRINCESA IZABEL, ,141.0,SUBURBIO,COLISÃO TRASEIRA,3.0,1.0,1.0,1.0,1.0,1.0,1.0,1.0,1.0,2.0,1.0,Ponte,Bom,Não existe,Perfeito estado,Seca,Perfeito estado,Não há placas,40 km/h,Dupla," , PTE PRINCESA IZABEL, Recife, Pernambuco, Brasil",-8.112468,-34.9553137
9009,2019-10-12 10:37:00,SEM VÍTIMA,SANTO ANTÔNIO,RUA DO SOL, ,141.0,CIDADE,ABALROAMENTO LONGITUDINAL,2.0,1.0,1.0,1.0,1.0,1.0,1.0,1.0,1.0,0.0,1.0,Cruzamento,Bom,Não existe,Perfeito estado,Seca,Perfeito estado,R-6a,40 km/h,Única," , RUA DO SOL, Recife, Pernambuco, Brasil",-8.0625475,-34.8803542
2231,2019-03-15 07:37:00,SEM VÍTIMA,SANTO ANTÔNIO,AV DANTAS BARRETO, ,141.0,CIDADE,ABALROAMENTO TRANSVERSAL,1.0,1.0,1.0,1.0,1.0,1.0,1.0,1.0,1.0,0.0,1.0,Cruzamento,Nublado,Sem defeito,Perfeito estado,Seca,Perfeito estado,Outras,40 km/h,Única," , AV DANTAS BARRETO, Recife, Pernambuco, Brasil",-8.0690451,-34.8814591
3578,2019-04-23 19:09:00,SEM VÍTIMA,SANTO ANTÔNIO,PTE DUARTE COELHO, ,14.0,CIDADE,ABALROAMENTO LONGITUDINAL,1.0,1.0,1.0,1.0,1.0,1.0,1.0,1.0,1.0,0.0,1.0,Cruzamento,Chuvoso,Sem defeito,Perfeito estado,Molhada,Perfeito estado,Outras,40 km/h,Dupla," , PTE DUARTE COELHO, Recife, Pernambuco, Brasil",-8.0690451,-34.8814591
10958,2019-12-03 08:46:00,COM VÍTIMA,SANTO ANTÔNIO,RUA SIQUEIRA CAMPOS, ,141.0,CIDADE,ABALROAMENTO TRANSVERSAL,2.0,1.0,1.0,1.0,1.0,1.0,1.0,1.0,1.0,1.0,1.0,Cruzamento,Bom,Sem defeito,Perfeito estado,Seca,Perfeito estado,R-6a,40 km/h,Única," , RUA SIQUEIRA CAMPOS, Recife, Pernambuco, Brasil",-8.112468,-34.9553137
2615,2019-03-25 18:39:00,SEM VÍTIMA,SANTO ANTÔNIO,AV MARTINS DE BARROS, ,141.0,SUBURBIO,COLISÃO TRASEIRA,2.0,1.0,1.0,1.0,1.0,1.0,1.0,1.0,1.0,0.0,1.0,Longo da via,Bom,Sem defeito,Perfeito estado,Seca,Perfeito estado,Não há placas,40 km/h,Dupla," , AV MARTINS DE BARROS, Recife, Pernambuco, Brasil",-8.0679918,-34.8749493
9322,2019-10-21 13:13:00,SEM VÍTIMA,SANTO ANTÔNIO,RUA DO SOL,281,141.0,CIDADE,ABALROAMENTO LONGITUDINAL,1.0,1.0,1.0,1.0,1.0,1.0,1.0,1.0,1.0,0.0,1.0,Longo da via,Bom,Não existe,Perfeito estado,Seca,Mal conservada,Não há placas,40 km/h,Única,"281, RUA DO SOL, Recife, Pernambuco, Brasil",-8.0610394,-34.8793117
332,2019-01-13 09:43:00,SEM VÍTIMA,SANTO ANTÔNIO,RUA IMPERADOR PEDRO SEGUNDO,25,18.0,CIDADE,ABALROAMENTO LONGITUDINAL,2.0,1.0,1.0,1.0,1.0,1.0,1.0,1.0,1.0,0.0,1.0,Cruzamento,Bom,Sem defeito,Perfeito estado,Seca,Perfeito estado,Não há placas,40 km/h,Única,"25, RUA IMPERADOR PEDRO SEGUNDO, Recife, Pernambuco, Brasil",-8.0610394,-34.8793117
11243,2019-12-09 07:39:00,COM VÍTIMA,SANTO ANTÔNIO,RUA IMPERADOR PEDRO SEGUNDO, ,18.0,CIDADE,ABALROAMENTO LONGITUDINAL,1.0,1.0,1.0,1.0,1.0,1.0,1.0,1.0,1.0,1.0,1.0,Longo da via,Bom,Não existe,Perfeito estado,Seca,Perfeito estado,Outras,40 km/h,Única," , RUA IMPERADOR PEDRO SEGUNDO, Recife, Pernambuco, Brasil",-8.0610394,-34.8793117
1774,2019-02-28 09:53:00,SEM VÍTIMA,SANTO ANTÔNIO,AV MARTINS DE BARROS, ,18.0,SUB/CID,ABALROAMENTO LONGITUDINAL,1.0,1.0,1.0,1.0,1.0,1.0,1.0,1.0,1.0,0.0,1.0,Longo da via,Bom,Sem defeito,Perfeito estado,Seca,Perfeito estado,R-4a,40 km/h,Única," , AV MARTINS DE BARROS, Recife, Pernambuco, Brasil",-8.0679918,-34.8749493
3603,2019-04-24 16:46:00,SEM VÍTIMA,SANTO ANTÔNIO,AV MARTINS DE BARROS, ,194.0,SUBURBIO,ABALROAMENTO LONGITUDINAL,1.0,1.0,1.0,1.0,1.0,1.0,1.0,1.0,1.0,0.0,1.0,Longo da via,Bom,Sem defeito,Perfeito estado,Seca,Perfeito estado,R-6a,40 km/h,Única," , AV MARTINS DE BARROS, Recife, Pernambuco, Brasil",-8.0679918,-34.8749493
10452,2019-11-20 12:41:00,SEM VÍTIMA,SANTO ANTÔNIO,AV MARTINS DE BARROS, ,164.0,SUBURBIO,ABALROAMENTO LONGITUDINAL,1.0,1.0,1.0,1.0,1.0,1.0,1.0,1.0,1.0,0.0,1.0,Cruzamento,Bom,Sem defeito,Perfeito estado,Seca,Perfeito estado,R-6a,40 km/h,Única," , AV MARTINS DE BARROS, Recife, Pernambuco, Brasil",-8.0679918,-34.8749493
2719,2019-03-28 10:39:00,COM VÍTIMA,SANTO ANTÔNIO,RUA SANTA RITA,600,164.0,SUBURBIO,ABALROAMENTO LONGITUDINAL,1.0,2.0,1.0,1.0,1.0,1.0,1.0,1.0,1.0,1.0,1.0,Longo da via,Bom,Não existe,Incompleta,Seca,Perfeito estado,Não há placas,60 km/h,Dupla,"600, RUA SANTA RITA, Recife, Pernambuco, Brasil",-8.0704396,-34.8783426
11703,2019-12-19 18:23:00,COM VÍTIMA,SANTO ANTÔNIO,AV MARTINS DE BARROS, ,164.0,CIDADE,ATROPELAMENTO,1.0,2.0,1.0,1.0,1.0,1.0,1.0,1.0,1.0,1.0,1.0,Longo da via,Bom,Não existe,Perfeito estado,Seca,Perfeito estado,Outras,40 km/h,Única," , AV MARTINS DE BARROS, Recife, Pernambuco, Brasil",-8.0679918,-34.8749493
5186,2019-06-13 22:57:00,SEM VÍTIMA,SANTO ANTÔNIO,RUA DO SOL, ,164.0,SUBURBIO,CHOQUE OBJETO FIXO,1.0,2.0,1.0,1.0,1.0,1.0,1.0,1.0,1.0,0.0,1.0,Longo da via,Chuvoso,Sem defeito,Perfeito estado,Molhada,Perfeito estado,Não há placas,40 km/h,Única," , RUA DO SOL, Recife, Pernambuco, Brasil",-8.0625475,-34.8803542
9450,2019-10-24 16:37:00,SEM VÍTIMA,SANTO ANTÔNIO,RUA DO SOL, ,164.0,CIDADE,ABALROAMENTO LONGITUDINAL,1.0,2.0,1.0,1.0,1.0,1.0,1.0,1.0,1.0,0.0,1.0,Longo da via,Bom,Não existe,Perfeito estado,Seca,Perfeito estado,Não há placas,40 km/h,Única," , RUA DO SOL, Recife, Pernambuco, Brasil",-8.0625475,-34.8803542