,data_hora,natureza_acidente,bairro,endereco,numero,num_semaforo,sentido_via,tipo,auto,moto,ciclom,ciclista,pedestre,onibus,caminhao,viatura,outros,vitimas,vitimasfatais,acidente_verificado,tempo_clima,situacao_semaforo,sinalizacao,condicao_via,conservacao_via,situacao_placa,velocidade_max_via,mao_direcao,end,latitude,longitude
6870,2019-08-09 20:25:00,SEM VÍTIMA,SÃO JOSÉ,AV SUL, ,76.0,CIDADE,ABALROAMENTO LONGITUDINAL,1.0,1.0,1.0,1.0,1.0,1.0,1.0,1.0,1.0,0.0,1.0,Longo da via,Bom,Não existe,Perfeito estado,Seca,Perfeito estado,Placas Pare,40 km/h,Única," , AV SUL, Recife, Pernambuco, Brasil",-8.081145,-34.905034
1010,2019-02-07 08:59:00,SEM VÍTIMA,SÃO JOSÉ,RUA SAO JOAO, ,76.0,CIDADE,COLISÃO,2.0,1.0,1.0,1.0,1.0,1.0,1.0,1.0,1.0,0.0,1.0,Longo da via,Bom,Não existe,Perfeito estado,Seca,Perfeito estado,Placas Pare,40 km/h,Única," , RUA SAO JOAO, Recife, Pernambuco, Brasil",-8.0698789,-34.8827735
1027,2019-02-07 15:00:00,SEM VÍTIMA,SÃO JOSÉ,AV SUL,1487,205.0,CIDADE,COLISÃO TRASEIRA,2.0,1.0,1.0,1.0,1.0,1.0,1.0,1.0,1.0,0.0,1.0,Longo da via,Bom,Sem defeito,Perfeito estado,Seca,Perfeito estado,Outras,40 km/h,Dupla,"1487, AV SUL, Recife, Pernambuco, Brasil",-8.081145,-34.905034
6855,2019-08-09 14:44:00,SEM VÍTIMA,SÃO JOSÉ,C SANTA RITA, ,205.0,CIDADE,COLISÃO TRASEIRA,2.0,1.0,1.0,1.0,1.0,1.0,1.0,1.0,1.0,0.0,1.0,Longo da via,Bom,Sem defeito,Perfeito estado,Seca,Perfeito estado,Outras,60 km/h,Dupla," , C SANTA RITA, Recife, Pernambuco, Brasil",-8.0665491,-34.8770128
6837,2019-08-09 10:47:00,SEM VÍTIMA,SÃO JOSÉ,RUA IMPERIAL, ,205.0,CIDADE,ABALROAMENTO LONGITUDINAL,2.0,1.0,1.0,1.0,1.0,1.0,1.0,1.0,1.0,0.0,1.0,Cruzamento,Bom,Sem defeito,Perfeito estado,Seca,Perfeito estado,Outras,60 km/h,Única," , RUA IMPERIAL, Recife, Pernambuco, Brasil",-8.0719111,-34.884563
4420,2019-05-20 15:48:00,SEM VÍTIMA,SÃO JOSÉ,RUA PASSO DA PATRIA,393,205.0,SUBURBIO,CHOQUE VEÍCULO PARADO,1.0,1.0,1.0,1.0,1.0,1.0,1.0,1.0,1.0,0.0,1.0,Longo da via,Chuvoso,Não existe,Perfeito estado,Molhada,Perfeito estado,Não há placas,60 km/h,Única,"393, RUA PASSO DA PATRIA, Recife, Pernambuco, Brasil",-8.3763559,-35.4522014
1071,2019-02-08 12:30:00,SEM VÍTIMA,SÃO JOSÉ,RUA IMPERIAL, ,205.0,SUBURBIO,COLISÃO TRASEIRA,2.0,1.0,1.0,1.0,1.0,1.0,1.0,1.0,1.0,0.0,1.0,Longo da via,Bom,Não existe,Perfeito estado,Seca,Perfeito estado,Outras,60 km/h,Única," , RUA IMPERIAL, Recife, Pernambuco, Brasil",-8.0719111,-34.884563
8068,2019-09-16 16:14:00,SEM VÍTIMA,SÃO JOSÉ,RUA IMPERIAL,750,205.0,SUBURBIO,ABALROAMENTO LONGITUDINAL,2.0,1.0,1.0,1.0,1.0,1.0,1.0,1.0,1.0,0.0,1.0,Longo da via,Bom,Não existe,Perfeito estado,Seca,Perfeito estado,Não há placas,60 km/h,Única,"750, RUA IMPERIAL, Recife, Pernambuco, Brasil",-8.073779049999999,-34.88831745
6815,2019-08-08 18:14:00,SEM VÍTIMA,SÃO JOSÉ,AV SUL, ,205.0,SUBURBIO,COLISÃO,1.0,1.0,1.0,1.0,1.0,1.0,1.0,1.0,1.0,0.0,1.0,Longo da via,Bom,Não existe,Perfeito estado,Seca,Perfeito estado,Não há placas,60 km/h,Única," , AV SUL, Recife, Pernambuco, Brasil",-8.081145,-34.905034
1141,2019-02-11 08:07:00,SEM VÍTIMA,SÃO JOSÉ,C SANTA RITA, ,76.0,CIDADE,ABALROAMENTO LONGITUDINAL,1.0,1.0,1.0,1.0,1.0,1.0,1.0,1.0,1.0,0.0,1.0,Cruzamento,Bom,Sem defeito,Perfeito estado,Seca,Perfeito estado,Não há placas,60 km/h,Única," , C SANTA RITA, Recife, Pernambuco, Brasil",-8.0665491,-34.8770128
1143,2019-02-11 08:12:00,SEM VÍTIMA,SÃO JOSÉ,RUA SIQUEIRA CAMPOS, ,76.0,CIDADE,COLISÃO,1.0,1.0,1.0,1.0,1.0,1.0,1.0,1.0,1.0,0.0,1.0,Cruzamento,Bom,Sem defeito,Perfeito estado,Seca,Perfeito estado,Não há placas,60 km/h,Única," , RUA SIQUEIRA CAMPOS, Recife, Pernambuco, Brasil",-8.112468,-34.9553137
8084,2019-09-17 06:54:00,SEM VÍTIMA,SÃO JOSÉ,AV SUL,504,509.0,CIDADE,COLISÃO,2.0,1.0,1.0,1.0,1.0,1.0,1.0,1.0,1.0,0.0,1.0,Cruzamento,Bom,Sem defeito,Perfeito estado,Seca,Perfeito estado,Não há placas,60 km/h,Única,"504, AV SUL, Recife, Pernambuco, Brasil",-8.075162299999999,-34.89045574018351
11364,2019-12-11 16:05:00,SEM VÍTIMA,SÃO JOSÉ,C SANTA RITA, ,509.0,SUBURBIO,COLISÃO TRASEIRA,1.0,1.0,1.0,1.0,1.0,1.0,1.0,1.0,1.0,0.0,1.0,Longo da via,Bom,Não existe,Perfeito estado,Seca,Perfeito estado,Não há placas,60 km/h,Dupla," , C SANTA RITA, Recife, Pernambuco, Brasil",-8.0665491,-34.8770128
1165,2019-02-11 15:13:00,COM VÍTIMA,SÃO JOSÉ,RUA IMPERIAL,677,509.0,SUBURBIO,ABALROAMENTO TRANSVERSAL,1.0,1.0,1.0,1.0,1.0,1.0,1.0,1.0,1.0,2.0,1.0,Cruzamento,Bom,Não existe,Incompleta,Seca,Perfeito estado,R-6a,60 km/h,Única,"677, RUA IMPERIAL, Recife, Pernambuco, Brasil",-8.077139,-34.8980446
6775,2019-08-07 17:13:00,SEM VÍTIMA,SÃO JOSÉ,RUA SAO JOAO,531,509.0,SUBURBIO,COLISÃO TRASEIRA,2.0,1.0,1.0,1.0,1.0,1.0,1.0,1.0,1.0,0.0,1.0,Cruzamento,Bom,Não existe,Perfeito estado,Seca,Perfeito estado,R-6b,60 km/h,Única,"531, RUA SAO JOAO, Recife, Pernambuco, Brasil",-8.069594,-34.8838616424236
6773,2019-08-07 15:37:00,SEM VÍTIMA,SÃO JOSÉ,RUA FLORIANO PEIXOTO,780,509.0,SUBURBIO,ABALROAMENTO LONGITUDINAL,2.0,1.0,1.0,1.0,1.0,1.0,1.0,1.0,1.0,0.0,1.0,Longo da via,Bom,Não existe,Perfeito estado,Seca,Perfeito estado,Não há placas,60 km/h,Única,"780, RUA FLORIANO PEIXOTO, Recife, Pernambuco, Brasil",-8.0705704,-34.885558783691025
8100,2019-09-17 10:47:00,SEM VÍTIMA,SÃO JOSÉ,C SANTA RITA, ,76.0,CIDADE,ABALROAMENTO LONGITUDINAL,1.0,1.0,1.0,1.0,1.0,1.0,1.0,1.0,1.0,0.0,1.0,Longo da via,Bom,Sem defeito,Perfeito estado,Seca,Perfeito estado,Não há placas,60 km/h,Dupla," , C SANTA RITA, Recife, Pernambuco, Brasil",-8.0665491,-34.8770128
11343,2019-12-11 11:26:00,SEM VÍTIMA,SÃO JOSÉ,RUA IMPERIAL,1287,76.0,SUBURBIO,ABALROAMENTO LONGITUDINAL,1.0,1.0,1.0,1.0,1.0,1.0,1.0,1.0,1.0,0.0,1.0,Longo da via,Bom,Não existe,Perfeito estado,Seca,Perfeito estado,Não há placas,60 km/h,Única,"1287, RUA IMPERIAL, Recife, Pernambuco, Brasil",-8.075611949999999,-34.89287581156857
6770,2019-08-07 15:00:00,SEM VÍTIMA,SÃO JOSÉ,AV SATURNINO DE BRITO, ,76.0,SUBURBIO,ABALROAMENTO LONGITUDINAL,4.0,1.0,1.0,1.0,1.0,1.0,1.0,1.0,1.0,0.0,1.0,Longo da via,Bom,Não existe,Ilegível,Seca,Mal iluminada,Não há placas,60 km/h,Única," , AV SATURNINO DE BRITO, Recife, Pernambuco, Brasil",-8.0805539,-34.892365
6760,2019-08-07 09:47:00,SEM VÍTIMA,SÃO JOSÉ,AV SUL,1500,76.0,SUBURBIO,COLISÃO,1.0,1.0,1.0,1.0,1.0,1.0,1.0,1.0,1.0,0.0,1.0,Longo da via,Bom,Não existe,Ilegível,Seca,Mal iluminada,Não há placas,60 km/h,Única,"1500, AV SUL, Recife, Pernambuco, Brasil",-8.081145,-34.905034
6730,2019-08-06 12:10:00,COM VÍTIMA,SÃO JOSÉ,RUA IMPERIAL,134,76.0,SUBURBIO,CHOQUE VEÍCULO PARADO,1.0,1.0,1.0,1.0,1.0,1.0,1.0,1.0,1.0,1.0,1.0,Longo da via,Bom,Não existe,Perfeito estado,Seca,Perfeito estado,Placas Pare,60 km/h,Única,"134, RUA IMPERIAL, Recife, Pernambuco, Brasil",-8.0719858,-34.88295465279285
6707,2019-08-05 15:59:00,SEM VÍTIMA,SÃO JOSÉ,AV RIO BRANCO, ,76.0,SUBURBIO,ABALROAMENTO LONGITUDINAL,1.0,1.0,1.0,1.0,1.0,1.0,1.0,1.0,1.0,0.0,1.0,Cruzamento,Bom,Sem defeito,Perfeito estado,Seca,Perfeito estado,Não há placas,60 km/h,Única," , AV RIO BRANCO, Recife, Pernambuco, Brasil",-8.0627604,-34.872516
8140,2019-09-18 11:43:00,SEM VÍTIMA,SÃO JOSÉ,RUA VIDAL DE NEGREIROS,208,76.0,SUBURBIO,ABALROAMENTO TRANSVERSAL,2.0,1.0,1.0,1.0,1.0,1.0,1.0,1.0,1.0,0.0,1.0,Cruzamento,Bom,Não existe,Perfeito estado,Seca,Perfeito estado,Não há placas,40 km/h,Única,"208, RUA VIDAL DE NEGREIROS, Recife, Pernambuco, Brasil",-8.0705548,-34.88158477351688
6706,2019-08-05 15:52:00,SEM VÍTIMA,SÃO JOSÉ,AV SUL, ,76.0,CIDADE,ABALROAMENTO TRANSVERSAL,1.0,1.0,1.0,1.0,1.0,1.0,1.0,1.0,1.0,0.0,1.0,Cruzamento,Bom,Sem defeito,Perfeito estado,Seca,Mal conservada,Não há placas,40 km/h,Dupla," , AV SUL, Recife, Pernambuco, Brasil",-8.081145,-34.905034
1275,2019-02-14 11:33:00,SEM VÍTIMA,SÃO JOSÉ,AV SUL, ,76.0,CIDADE,ABALROAMENTO LONGITUDINAL,1.0,1.0,1.0,1.0,1.0,1.0,1.0,1.0,1.0,0.0,1.0,Longo da via,Bom,Não existe,Perfeito estado,Seca,Perfeito estado,Não há placas,60 km/h,Dupla," , AV SUL, Recife, Pernambuco, Brasil",-8.081145,-34.905034
1276,2019-02-14 11:33:00,COM VÍTIMA,SÃO JOSÉ,AV DANTAS BARRETO,848,76.0,SUBURBIO,ATROPELAMENTO,1.0,1.0,1.0,1.0,1.0,1.0,1.0,1.0,1.0,1.0,1.0,Longo da via,Bom,Sem defeito,Perfeito estado,Seca,Perfeito estado,Outras,60 km/h,Dupla,"848, AV DANTAS BARRETO, Recife, Pernambuco, Brasil",-8.0676496,-34.880642018696804
6699,2019-08-05 10:55:00,SEM VÍTIMA,SÃO JOSÉ,RUA IMPERIAL,1770,76.0,SUBURBIO,COLISÃO,2.0,1.0,1.0,1.0,1.0,1.0,1.0,1.0,1.0,0.0,1.0,Longo da via,Bom,Sem defeito,Perfeito estado,Seca,Perfeito estado,Outras,60 km/h,Dupla,"1770, RUA IMPERIAL, Recife, Pernambuco, Brasil",-8.0760781,-34.89751368225468
6698,2019-08-05 10:44:00,SEM VÍTIMA,SÃO JOSÉ,RUA IMPERIAL,1770,76.0,SUBURBIO,ABALROAMENTO TRANSVERSAL,2.0,1.0,1.0,1.0,1.0,1.0,1.0,1.0,1.0,0.0,1.0,Longo da via,Bom,Não existe,Perfeito estado,Seca,Perfeito estado,R-6a,60 km/h,Única,"1770, RUA IMPERIAL, Recife, Pernambuco, Brasil",-8.0760781,-34.89751368225468
11275,2019-12-09 18:24:00,SEM VÍTIMA,SÃO JOSÉ,VIADUTO CAPITAO TEMUDO, ,76.0,SUBURBIO,COLISÃO TRASEIRA,2.0,1.0,1.0,1.0,1.0,1.0,1.0,1.0,1.0,0.0,1.0,Longo da via,Bom,Não existe,Perfeito estado,Seca,Perfeito estado,Não há placas,60 km/h,Única," , VIADUTO CAPITAO TEMUDO, Recife, Pernambuco, Brasil",-8.075106,-34.8934944
10847,2019-11-30 15:56:00,COM VÍTIMA,SÃO JOSÉ,RUA DA CONCORDIA,871,182.0,CIDADE,ABALROAMENTO TRANSVERSAL,2.0,1.0,1.0,1.0,1.0,1.0,1.0,1.0,1.0,1.0,1.0,Cruzamento,Bom,Sem defeito,Perfeito estado,Seca,Perfeito estado,R-6a,60 km/h,Única,"871, RUA DA CONCORDIA, Recife, Pernambuco, Brasil",-8.0710929,-34.88392270013009
10831,2019-11-30 04:43:00,COM VÍTIMA,SÃO JOSÉ,AV SUL,48,182.0,CIDADE,ATROPELAMENTO,1.0,1.0,1.0,1.0,1.0,1.0,1.0,1.0,1.0,1.0,1.0,Longo da via,Bom,Não existe,Perfeito estado,Seca,Perfeito estado,Não há placas,60 km/h,Única,"48, AV SUL, Recife, Pernambuco, Brasil",-8.072558449999999,-34.8824386568554
2601,2019-03-25 14:47:00,SEM VÍTIMA,SÃO JOSÉ,AV DANTAS BARRETO, ,54.0,SUBURBIO,ABALROAMENTO TRANSVERSAL,2.0,1.0,1.0,1.0,1.0,1.0,1.0,1.0,1.0,0.0,1.0,Cruzamento,Bom,Sem defeito,Incompleta,Seca,Perfeito estado,Outras,40 km/h,Dupla," , AV DANTAS BARRETO, Recife, Pernambuco, Brasil",-8.0690451,-34.8814591
5047,2019-06-09 08:04:00,SEM VÍTIMA,SÃO JOSÉ,AV SUL, ,582.0,CIDADE,COLISÃO TRASEIRA,2.0,1.0,1.0,1.0,1.0,2.0,1.0,1.0,1.0,0.0,1.0,Longo da via,Bom,Sem defeito,Perfeito estado,Seca,Perfeito estado,Outras,40 km/h,Única," , AV SUL, Recife, Pernambuco, Brasil",-8.081145,-34.905034
10167,2019-11-12 18:31:00,SEM VÍTIMA,SÃO JOSÉ,VIADUTO CAPITAO TEMUDO, ,582.0,SUBURBIO,COLISÃO TRASEIRA,3.0,1.0,1.0,1.0,1.0,2.0,1.0,1.0,1.0,0.0,1.0,Viaduto,Bom,Não existe,Perfeito estado,Seca,Perfeito estado,Não há placas,40 km/h,Dupla," , VIADUTO CAPITAO TEMUDO, Recife, Pernambuco, Brasil",-8.075106,-34.8934944
10032,2019-11-09 09:24:00,SEM VÍTIMA,SÃO JOSÉ,AV DANTAS BARRETO,877,582.0,SUBURBIO,COLISÃO TRASEIRA,1.0,1.0,1.0,1.0,1.0,2.0,1.0,1.0,1.0,0.0,1.0,Longo da via,Bom,Não existe,Incompleta,Seca,Perfeito estado,R-6a,40 km/h,Única,"877, AV DANTAS BARRETO, Recife, Pernambuco, Brasil",-8.0683527,-34.8803819
2581,2019-03-24 18:41:00,SEM VÍTIMA,SÃO JOSÉ,AV SUL, ,582.0,CIDADE,ABALROAMENTO LONGITUDINAL,2.0,1.0,1.0,1.0,1.0,2.0,1.0,1.0,1.0,0.0,1.0,Longo da via,Bom,Não existe,Ilegível,Seca,Mal iluminada,Não há placas,60 km/h,Dupla," , AV SUL, Recife, Pernambuco, Brasil",-8.081145,-34.905034
2580,2019-03-24 16:51:00,SEM VÍTIMA,SÃO JOSÉ,RUA IMPERIAL,1217,582.0,SUBURBIO,ABALROAMENTO TRANSVERSAL,2.0,1.0,1.0,1.0,1.0,2.0,1.0,1.0,1.0,0.0,1.0,Cruzamento,Bom,Não existe,Perfeito estado,Seca,Perfeito estado,Não há placas,60 km/h,Única,"1217, RUA IMPERIAL, Recife, Pernambuco, Brasil",-8.07537705,-34.892283434606206
10586,2019-11-23 14:22:00,SEM VÍTIMA,SÃO JOSÉ,RUA IMPERIAL, ,510.0,SUBURBIO,ABALROAMENTO LONGITUDINAL,1.0,1.0,1.0,1.0,1.0,2.0,1.0,1.0,1.0,0.0,1.0,Cruzamento,Bom,Sem defeito,Perfeito estado,Seca,Perfeito estado,Não há placas,60 km/h,Única," , RUA IMPERIAL, Recife, Pernambuco, Brasil",-8.0719111,-34.884563
10270,2019-11-14 16:15:00,SEM VÍTIMA,SÃO JOSÉ,AV SUL, ,311.0,CIDADE,COLISÃO TRASEIRA,1.0,1.0,1.0,1.0,1.0,2.0,1.0,1.0,1.0,0.0,1.0,Longo da via,Bom,Sem defeito,Perfeito estado,Seca,Perfeito estado,Não há placas,60 km/h,Dupla," , AV SUL, Recife, Pernambuco, Brasil",-8.081145,-34.905034
2602,2019-03-25 15:03:00,SEM VÍTIMA,SÃO JOSÉ,RUA IMPERIAL, ,311.0,SUBURBIO,COLISÃO TRASEIRA,1.0,1.0,1.0,1.0,1.0,2.0,1.0,2.0,1.0,0.0,1.0,Longo da via,Bom,Não existe,Perfeito estado,Seca,Perfeito estado,Não há placas,40 km/h,Única," , RUA IMPERIAL, Recife, Pernambuco, Brasil",-8.0719111,-34.884563
9868,2019-11-05 13:50:00,SEM VÍTIMA,SÃO JOSÉ,RUA IMPERIAL,536B,311.0,CIDADE,ABALROAMENTO LONGITUDINAL,2.0,1.0,1.0,1.0,1.0,2.0,1.0,2.0,1.0,0.0,1.0,Cruzamento,Bom,Não existe,Perfeito estado,Seca,Perfeito estado,Não há placas,40 km/h,Dupla,"536B, nan, Recife, Pernambuco, Brasil",-8.0584933,-34.8848193
10268,2019-11-14 15:33:00,SEM VÍTIMA,SÃO JOSÉ,PRC RESTAURACAO,6,311.0,CIDADE,ABALROAMENTO LONGITUDINAL,1.0,1.0,1.0,1.0,1.0,2.0,1.0,2.0,1.0,0.0,1.0,Longo da via,Bom,Não existe,Perfeito estado,Seca,Perfeito estado,Não há placas,30 km/h,Única,"6, PRC RESTAURACAO, Recife, Pernambuco, Brasil",-8.0584933,-34.8848193
2577,2019-03-24 14:10:00,SEM VÍTIMA,SÃO JOSÉ,RUA SAO JOAO, ,54.0,SUBURBIO,ABALROAMENTO TRANSVERSAL,1.0,1.0,1.0,1.0,1.0,1.0,1.0,2.0,1.0,0.0,1.0,Cruzamento,Bom,Sem defeito,Perfeito estado,Seca,Perfeito estado,Não há placas,30 km/h,Única," , RUA SAO JOAO, Recife, Pernambuco, Brasil",-8.0698789,-34.8827735
8513,2019-09-29 17:32:00,SEM VÍTIMA,SÃO JOSÉ,AV N S DO CARMO, ,54.0,SUBURBIO,ABALROAMENTO LONGITUDINAL,1.0,1.0,1.0,1.0,1.0,1.0,1.0,2.0,1.0,0.0,1.0,Longo da via,Bom,Não existe,Perfeito estado,Seca,Perfeito estado,Não há placas,30 km/h,Dupla," , AV N S DO CARMO, Recife, Pernambuco, Brasil",-8.0698789,-34.8827735
2280,2019-03-15 21:51:00,COM VÍTIMA,SÃO JOSÉ,C SANTA RITA, ,571.0,SUBURBIO,ATROPELAMENTO,1.0,1.0,1.0,1.0,1.0,1.0,1.0,2.0,1.0,1.0,1.0,Longo da via,Bom,Sem defeito,Perfeito estado,Seca,Perfeito estado,Não há placas,10 km/h,Única," , C SANTA RITA, Recife, Pernambuco, Brasil",-8.0665491,-34.8770128
2282,2019-03-16 00:39:00,SEM VÍTIMA,SÃO JOSÉ,RUA IMPERIAL, ,207.0,SUBURBIO,ABALROAMENTO TRANSVERSAL,2.0,1.0,1.0,1.0,1.0,1.0,1.0,2.0,1.0,0.0,1.0,Cruzamento,Bom,Sem defeito,Ilegível,Seca,Perfeito estado,Outras,40 km/h,Única," , RUA IMPERIAL, Recife, Pernambuco, Brasil",-8.0719111,-34.884563
5102,2019-06-11 12:11:00,SEM VÍTIMA,SÃO JOSÉ,VDO DAS CINCO PONTAS, ,207.0,SUBURBIO,ABALROAMENTO TRANSVERSAL,2.0,1.0,1.0,1.0,1.0,1.0,1.0,2.0,1.0,0.0,1.0,Viaduto,Bom,Não existe,Perfeito estado,Seca,Perfeito estado,Não há placas,40 km/h,Dupla," , VDO DAS CINCO PONTAS, Recife, Pernambuco, Brasil",-8.0719111,-34.884563
10722,2019-11-27 14:27:00,SEM VÍTIMA,SÃO JOSÉ,RUA IMPERIAL, ,35.0,SUBURBIO,ABALROAMENTO LONGITUDINAL,2.0,1.0,1.0,1.0,1.0,1.0,1.0,2.0,1.0,0.0,1.0,Cruzamento,Bom,Sem defeito,Perfeito estado,Seca,Perfeito estado,Não há placas,40 km/h,Única," , RUA IMPERIAL, Recife, Pernambuco, Brasil",-8.0719111,-34.884563
2269,2019-03-15 17:01:00,SEM VÍTIMA,SÃO JOSÉ,C SANTA RITA, ,582.0,CIDADE,COLISÃO TRASEIRA,2.0,1.0,1.0,1.0,1.0,1.0,1.0,2.0,1.0,0.0,1.0,Longo da via,Bom,Sem defeito,Perfeito estado,Seca,Perfeito estado,Outras,60 km/h,Dupla," , C SANTA RITA, Recife, Pernambuco, Brasil",-8.0665491,-34.8770128
3257,2019-04-12 16:51:00,SEM VÍTIMA,SÃO JOSÉ,RUA SIQUEIRA CAMPOS, ,582.0,CIDADE,COLISÃO,2.0,1.0,1.0,1.0,1.0,1.0,1.0,2.0,1.0,0.0,1.0,Longo da via,Bom,Sem defeito,Perfeito estado,Seca,Perfeito estado,Outras,60 km/h,Dupla," , RUA SIQUEIRA CAMPOS, Recife, Pernambuco, Brasil",-8.112468,-34.9553137
9849,2019-04-12 16:51:00,COM VÍTIMA,SÃO JOSÉ,RUA IMPERIAL,981,510.0,SUBURBIO,ABALROAMENTO TRANSVERSAL,2.0,1.0,1.0,1.0,1.0,1.0,1.0,2.0,1.0,1.0,1.0,Cruzamento,Bom,Sem defeito,Perfeito estado,Seca,Perfeito estado,Não há placas,60 km/h,Única,"981, RUA IMPERIAL, Recife, Pernambuco, Brasil",-8.074681,-34.8902208
5041,2019-06-09 02:20:00,SEM VÍTIMA,SÃO JOSÉ,RUA IMPERIAL, ,510.0,SUBURBIO,CHOQUE OBJETO FIXO,1.0,1.0,1.0,1.0,1.0,1.0,1.0,2.0,1.0,0.0,1.0,Cruzamento,Bom,Sem defeito,Perfeito estado,Seca,Perfeito estado,Não há placas,60 km/h,Única," , RUA IMPERIAL, Recife, Pernambuco, Brasil",-8.0719111,-34.884563
2494,2019-03-21 18:17:00,SEM VÍTIMA,SÃO JOSÉ,AV SUL, ,510.0,CIDADE,ABALROAMENTO LONGITUDINAL,2.0,1.0,1.0,1.0,1.0,1.0,1.0,2.0,1.0,0.0,1.0,Longo da via,Bom,Não existe,Perfeito estado,Seca,Perfeito estado,Não há placas,60 km/h,Única," , AV SUL, Recife, Pernambuco, Brasil",-8.081145,-34.905034
10297,2019-11-15 18:08:00,SEM VÍTIMA,SÃO JOSÉ,VDO DAS CINCO PONTAS, ,510.0,SUBURBIO,ABALROAMENTO LONGITUDINAL,2.0,1.0,1.0,1.0,1.0,1.0,1.0,2.0,1.0,0.0,1.0,Viaduto,Bom,Não existe,Ilegível,Seca,Perfeito estado,Outras,60 km/h,Dupla," , VDO DAS CINCO PONTAS, Recife, Pernambuco, Brasil",-8.081145,-34.905034
5622,2019-06-28 17:47:00,COM VÍTIMA,SÃO JOSÉ,AV SUL,67,510.0,SUBURBIO,ABALROAMENTO TRANSVERSAL,2.0,1.0,1.0,1.0,1.0,1.0,1.0,2.0,1.0,1.0,1.0,Longo da via,Bom,Sem defeito,Perfeito estado,Seca,Perfeito estado,Não há placas,60 km/h,Dupla,"67, AV SUL, Recife, Pernambuco, Brasil",-8.081145,-34.905034
3485,2019-04-20 12:35:00,SEM VÍTIMA,SÃO JOSÉ,AV DANTAS BARRETO, ,30.0,SUBURBIO,ABALROAMENTO LONGITUDINAL,1.0,1.0,1.0,1.0,1.0,1.0,1.0,2.0,1.0,0.0,1.0,Longo da via,Chuvoso,Sem defeito,Perfeito estado,Molhada,Perfeito estado,Outras,60 km/h,Única," , AV DANTAS BARRETO, Recife, Pernambuco, Brasil",-8.0690451,-34.8814591
3031,2019-04-06 10:07:00,SEM VÍTIMA,SÃO JOSÉ,RUA RIO CAPIBARIBE, ,30.0,CIDADE,COLISÃO TRASEIRA,1.0,1.0,1.0,1.0,1.0,1.0,1.0,1.0,1.0,0.0,1.0,Longo da via,Bom,Não existe,Perfeito estado,Seca,Perfeito estado,R-6b,30 km/h,Única," , RUA RIO CAPIBARIBE, Recife, Pernambuco, Brasil",-8.0492957,-34.9337242
8649,2019-10-03 11:00:00,SEM VÍTIMA,SÃO JOSÉ,AV MARTINS DE BARROS, ,30.0,SUBURBIO,COLISÃO TRASEIRA,2.0,1.0,1.0,1.0,1.0,1.0,1.0,1.0,1.0,0.0,1.0,Longo da via,Bom,Não existe,Perfeito estado,Seca,Perfeito estado,R-6a,30 km/h,Única," , AV MARTINS DE BARROS, Recife, Pernambuco, Brasil",-8.0679918,-34.8749493
5589,2019-06-27 14:02:00,SEM VÍTIMA,SÃO JOSÉ,RUA VIDAL DE NEGREIROS,284,30.0,SUBURBIO,COLISÃO,2.0,1.0,1.0,1.0,1.0,1.0,1.0,1.0,1.0,0.0,1.0,Longo da via,Bom,Não existe,Perfeito estado,Seca,Perfeito estado,R-6a,30 km/h,Única,"284, RUA VIDAL DE NEGREIROS, Recife, Pernambuco, Brasil",-8.0711578,-34.8818932
9826,2019-11-04 12:47:00,SEM VÍTIMA,SÃO JOSÉ,AV SUL,1030,30.0,SUBURBIO,COLISÃO,2.0,1.0,1.0,1.0,1.0,1.0,1.0,1.0,1.0,0.0,1.0,Longo da via,Bom,Não existe,Perfeito estado,Seca,Perfeito estado,R-6a,30 km/h,Única,"1030, AV SUL, Recife, Pernambuco, Brasil",-8.0730816,-34.8832427
10517,2019-11-22 04:33:00,COM VÍTIMA,SÃO JOSÉ,RUA IMPERIAL,476,30.0,SUBURBIO,CHOQUE OBJETO FIXO,2.0,1.0,1.0,1.0,1.0,1.0,1.0,1.0,1.0,3.0,1.0,Longo da via,Bom,Não existe,Perfeito estado,Seca,Perfeito estado,R-6a,40 km/h,Única,"476, RUA IMPERIAL, Recife, Pernambuco, Brasil",-8.077139,-34.8980446
2638,2019-03-26 10:38:00,COM VÍTIMA,SÃO JOSÉ,RUA IMPERIAL,1553,30.0,SUBURBIO,COLISÃO TRASEIRA,1.0,1.0,1.0,1.0,1.0,1.0,1.0,1.0,1.0,1.0,1.0,Longo da via,Bom,Não existe,Perfeito estado,Seca,Perfeito estado,Não há placas,40 km/h,Única,"1553, RUA IMPERIAL, Recife, Pernambuco, Brasil",-8.07638925,-34.895206599999995
4996,2019-06-07 12:51:00,SEM VÍTIMA,SÃO JOSÉ,PTE JOAQUIM CARDOSO, ,30.0,SUBURBIO,ABALROAMENTO LONGITUDINAL,1.0,1.0,1.0,1.0,1.0,1.0,1.0,1.0,1.0,0.0,1.0,Cruzamento,Bom,Não existe,Perfeito estado,Seca,Perfeito estado,Não há placas,40 km/h,Dupla," , PTE JOAQUIM CARDOSO, Recife, Pernambuco, Brasil",-8.07638925,-34.895206599999995
10522,2019-11-22 07:23:00,SEM VÍTIMA,SÃO JOSÉ,RUA PRIMEIRO DE MARCO, ,15.0,SUBURBIO,ABALROAMENTO LONGITUDINAL,1.0,1.0,1.0,1.0,1.0,1.0,1.0,1.0,1.0,0.0,1.0,Cruzamento,Bom,Sem defeito,Perfeito estado,Seca,Perfeito estado,Outras,40 km/h,Única," , RUA PRIMEIRO DE MARCO, Recife, Pernambuco, Brasil",-8.0641058,-34.8763808
5576,2019-06-27 09:28:00,SEM VÍTIMA,SÃO JOSÉ,C SANTA RITA, ,15.0,SUBURBIO,COLISÃO,2.0,1.0,1.0,1.0,1.0,1.0,1.0,1.0,1.0,0.0,1.0,Cruzamento,Bom,Sem defeito,Perfeito estado,Seca,Perfeito estado,Outras,40 km/h,Única," , C SANTA RITA, Recife, Pernambuco, Brasil",-8.0665491,-34.8770128