,data_hora,natureza_acidente,bairro,endereco,numero,num_semaforo,sentido_via,tipo,auto,moto,ciclom,ciclista,pedestre,onibus,caminhao,viatura,outros,vitimas,vitimasfatais,acidente_verificado,tempo_clima,situacao_semaforo,sinalizacao,condicao_via,conservacao_via,situacao_placa,velocidade_max_via,mao_direcao,end,latitude,longitude
8732,2019-10-04 20:24:00,SEM VÍTIMA,SÃO JOSÉ,C SANTA RITA, ,473.0,CIDADE,ABALROAMENTO LONGITUDINAL,2.0,2.0,1.0,1.0,1.0,1.0,1.0,1.0,1.0,0.0,1.0,Ponte,Bom,Sem defeito,Perfeito estado,Seca,Perfeito estado,Não há placas,50 km/h,Dupla," , C SANTA RITA, Recife, Pernambuco, Brasil",-8.0665491,-34.8770128
10815,2019-11-29 17:42:00,SEM VÍTIMA,SÃO JOSÉ,C SANTA RITA, ,473.0,CIDADE,COLISÃO TRASEIRA,2.0,2.0,1.0,1.0,1.0,1.0,1.0,1.0,1.0,0.0,1.0,Longo da via,Bom,Não existe,Perfeito estado,Seca,Perfeito estado,Outras,60 km/h,Dupla," , C SANTA RITA, Recife, Pernambuco, Brasil",-8.0665491,-34.8770128
3981,2019-05-06 06:26:00,SEM VÍTIMA,SÃO JOSÉ,RUA IMPERADOR PEDRO SEGUNDO, ,206.0,CIDADE,ABALROAMENTO TRANSVERSAL,1.0,2.0,1.0,1.0,1.0,1.0,1.0,1.0,1.0,0.0,1.0,Cruzamento,Bom,Intermitente,Perfeito estado,Seca,Perfeito estado,Outras,60 km/h,Única," , RUA IMPERADOR PEDRO SEGUNDO, Recife, Pernambuco, Brasil",-8.0665491,-34.8770128
10602,2019-11-24 08:27:00,COM VÍTIMA,SÃO JOSÉ,RUA SAO JOAO,504,206.0,CIDADE,TOMBAMENTO,1.0,1.0,1.0,1.0,1.0,1.0,1.0,1.0,1.0,1.0,1.0,Longo da via,Bom,Não existe,Não existente,Seca,Perfeito estado,Não há placas,60 km/h,Única,"504, RUA SAO JOAO, Recife, Pernambuco, Brasil",-8.068957399999999,-34.88369322878468
4817,2019-06-03 07:29:00,SEM VÍTIMA,SÃO JOSÉ,C SANTA RITA,595,206.0,CIDADE,COLISÃO TRASEIRA,3.0,1.0,1.0,1.0,1.0,1.0,1.0,1.0,1.0,0.0,1.0,Longo da via,Bom,Não existe,Perfeito estado,Seca,Perfeito estado,Não há placas,60 km/h,Única,"595, C SANTA RITA, Recife, Pernambuco, Brasil",-8.0665491,-34.8770128
10388,2019-11-18 17:48:00,SEM VÍTIMA,SÃO JOSÉ,VIADUTO CAPITAO TEMUDO, ,206.0,SUBURBIO,COLISÃO TRASEIRA,2.0,1.0,1.0,1.0,1.0,1.0,1.0,1.0,1.0,0.0,1.0,Viaduto,Bom,Não existe,Incompleta,Seca,Perfeito estado,Não há placas,60 km/h,Dupla," , VIADUTO CAPITAO TEMUDO, Recife, Pernambuco, Brasil",-8.075106,-34.8934944
4776,2019-06-01 03:01:00,SEM VÍTIMA,SÃO JOSÉ,RUA DO SOL, ,13.0,SUBURBIO,ABALROAMENTO LONGITUDINAL,2.0,1.0,1.0,1.0,1.0,1.0,1.0,1.0,1.0,0.0,1.0,Cruzamento,Chuvoso,Intermitente,Perfeito estado,Seca,Perfeito estado,R-6a,30 km/h,Única," , RUA DO SOL, Recife, Pernambuco, Brasil",-8.0625475,-34.8803542
3367,2019-04-16 09:48:00,SEM VÍTIMA,SÃO JOSÉ,RUA VIDAL DE NEGREIROS,63,13.0,SUBURBIO,COLISÃO,2.0,1.0,1.0,1.0,1.0,1.0,1.0,1.0,1.0,0.0,1.0,Cruzamento,Chuvoso,Intermitente,Perfeito estado,Seca,Perfeito estado,R-6a,30 km/h,Única,"63, RUA VIDAL DE NEGREIROS, Recife, Pernambuco, Brasil",-8.06962905,-34.88057663010415
4214,2019-05-14 08:14:00,SEM VÍTIMA,SÃO JOSÉ,AV DANTAS BARRETO, ,35.0,CIDADE,ABALROAMENTO LONGITUDINAL,2.0,1.0,1.0,1.0,1.0,1.0,1.0,1.0,1.0,0.0,1.0,Longo da via,Bom,Sem defeito,Perfeito estado,Seca,Perfeito estado,Não há placas,30 km/h,Dupla," , AV DANTAS BARRETO, Recife, Pernambuco, Brasil",-8.0690451,-34.8814591
4237,2019-05-14 15:43:00,COM VÍTIMA,SÃO JOSÉ,RUA IMPERIAL, ,35.0,CIDADE,COLISÃO,2.0,2.0,1.0,1.0,1.0,1.0,1.0,1.0,1.0,1.0,1.0,Longo da via,Bom,Sem defeito,Perfeito estado,Seca,Perfeito estado,Não há placas,30 km/h,Dupla," , RUA IMPERIAL, Recife, Pernambuco, Brasil",-8.0719111,-34.884563
2742,2019-03-28 19:13:00,COM VÍTIMA,SÃO JOSÉ,AV DANTAS BARRETO, ,35.0,SUBURBIO,ATROPELAMENTO ANIMAL,2.0,2.0,1.0,1.0,1.0,1.0,1.0,1.0,1.0,1.0,1.0,Cruzamento,Bom,Sem defeito,Perfeito estado,Seca,Perfeito estado,Não há placas,30 km/h,Dupla," , AV DANTAS BARRETO, Recife, Pernambuco, Brasil",-8.0690451,-34.8814591
4719,2019-05-30 12:19:00,SEM VÍTIMA,SÃO JOSÉ,AV MARTINS DE BARROS,395,35.0,SUBURBIO,ABALROAMENTO LONGITUDINAL,1.0,2.0,1.0,1.0,1.0,1.0,1.0,1.0,1.0,0.0,1.0,Longo da via,Bom,Não existe,Perfeito estado,Seca,Perfeito estado,Não há placas,30 km/h,Única,"395, AV MARTINS DE BARROS, Recife, Pernambuco, Brasil",-8.0620554,-34.8764812
9283,2019-10-19 21:03:00,SEM VÍTIMA,SÃO JOSÉ,RUA IMPERIAL,1217,35.0,SUBURBIO,ABALROAMENTO LONGITUDINAL,3.0,2.0,1.0,1.0,1.0,1.0,1.0,1.0,1.0,0.0,1.0,Cruzamento,Bom,Não existe,Incompleta,Seca,Perfeito estado,R-6a,30 km/h,Única,"1217, RUA IMPERIAL, Recife, Pernambuco, Brasil",-8.07537705,-34.892283434606206
9623,2019-10-29 20:17:00,COM VÍTIMA,SÃO JOSÉ,AV SUL, ,35.0,CIDADE,CHOQUE OBJETO FIXO,3.0,2.0,1.0,1.0,1.0,1.0,1.0,1.0,1.0,1.0,1.0,Longo da via,Bom,Não existe,Perfeito estado,Seca,Perfeito estado,R-6a,60 km/h,Dupla," , AV SUL, Recife, Pernambuco, Brasil",-8.081145,-34.905034
8906,2019-10-09 15:26:00,SEM VÍTIMA,SÃO JOSÉ,C SANTA RITA, ,35.0,CIDADE,ABALROAMENTO LONGITUDINAL,1.0,2.0,1.0,1.0,1.0,1.0,1.0,1.0,1.0,0.0,1.0,Longo da via,Bom,Sem defeito,Perfeito estado,Seca,Perfeito estado,Não há placas,60 km/h,Dupla," , C SANTA RITA, Recife, Pernambuco, Brasil",-8.0665491,-34.8770128
5781,2019-07-04 09:07:00,SEM VÍTIMA,SÃO JOSÉ,C SANTA RITA,494,35.0,CIDADE,COLISÃO,2.0,2.0,1.0,1.0,1.0,1.0,1.0,1.0,1.0,0.0,1.0,Longo da via,Bom,Sem defeito,Perfeito estado,Seca,Perfeito estado,Não há placas,60 km/h,Dupla,"494, C SANTA RITA, Recife, Pernambuco, Brasil",-8.0665491,-34.8770128
4116,2019-05-10 15:08:00,SEM VÍTIMA,SÃO JOSÉ,RUA VIDAL DE NEGREIROS, ,414.0,CIDADE,ABALROAMENTO LONGITUDINAL,1.0,2.0,1.0,1.0,1.0,1.0,1.0,1.0,1.0,0.0,1.0,Longo da via,Chuvoso,Sem defeito,Perfeito estado,Molhada,Perfeito estado,Não há placas,40 km/h,Dupla," , RUA VIDAL DE NEGREIROS, Recife, Pernambuco, Brasil",-8.0716639,-34.8820918
2754,2019-03-29 08:48:00,COM VÍTIMA,SÃO JOSÉ,AV MARTINS DE BARROS,S/N,414.0,SUBURBIO,ATROPELAMENTO,1.0,1.0,1.0,1.0,1.0,1.0,1.0,1.0,1.0,1.0,1.0,Longo da via,Bom,Sem defeito,Perfeito estado,Seca,Perfeito estado,R-6c,40 km/h,Dupla,"S/N, AV MARTINS DE BARROS, Recife, Pernambuco, Brasil",-8.0620554,-34.8764812
4164,2019-05-12 12:08:00,SEM VÍTIMA,SÃO JOSÉ,RUA DA CONCORDIA,351,414.0,SUBURBIO,ABALROAMENTO TRANSVERSAL,1.0,1.0,1.0,1.0,1.0,1.0,1.0,1.0,1.0,0.0,1.0,Cruzamento,Bom,Não existe,Perfeito estado,Seca,Perfeito estado,Não há placas,40 km/h,Única,"351, RUA DA CONCORDIA, Recife, Pernambuco, Brasil",-8.06694225,-34.8816501011406
9636,2019-10-30 08:29:00,SEM VÍTIMA,SÃO JOSÉ,AV SUL,1576,414.0,SUBURBIO,COLISÃO,1.0,1.0,1.0,1.0,1.0,1.0,1.0,1.0,1.0,0.0,1.0,Cruzamento,Bom,Não existe,Perfeito estado,Seca,Perfeito estado,Não há placas,40 km/h,Única,"1576, AV SUL, Recife, Pernambuco, Brasil",-8.081145,-34.905034
4157,2019-05-12 00:39:00,COM VÍTIMA,SÃO JOSÉ,RUA IMPERIAL,363,414.0,CIDADE,ABALROAMENTO TRANSVERSAL,2.0,1.0,1.0,1.0,1.0,1.0,1.0,1.0,1.0,1.0,1.0,Cruzamento,Bom,Sem defeito,Perfeito estado,Seca,Perfeito estado,Não há placas,40 km/h,Única,"363, RUA IMPERIAL, Recife, Pernambuco, Brasil",-8.077139,-34.8980446
3307,2019-04-14 17:13:00,SEM VÍTIMA,SÃO JOSÉ,RUA IMPERIAL,2012,414.0,SUBURBIO,COLISÃO TRASEIRA,3.0,1.0,1.0,1.0,1.0,1.0,1.0,1.0,1.0,0.0,1.0,Longo da via,Bom,Não existe,Incompleta,Molhada,Mal conservada,Outras,40 km/h,Única,"2012, RUA IMPERIAL, Recife, Pernambuco, Brasil",-8.077139,-34.8980446
10426,2019-11-19 19:16:00,SEM VÍTIMA,SÃO JOSÉ,PRC DAS CINCO PONTAS, ,414.0,BOA VIAGEM,COLISÃO,1.0,1.0,1.0,1.0,1.0,1.0,1.0,1.0,1.0,0.0,1.0,Longo da via,Bom,Não existe,Incompleta,Molhada,Mal conservada,Outras,40 km/h,Única," , PRC DAS CINCO PONTAS, Recife, Pernambuco, Brasil",-8.077139,-34.8980446
5743,2019-07-02 17:43:00,SEM VÍTIMA,SÃO JOSÉ,RUA IMPERIAL, ,35.0,CIDADE,ABALROAMENTO LONGITUDINAL,1.0,1.0,1.0,1.0,1.0,1.0,1.0,1.0,1.0,0.0,1.0,Longo da via,Bom,Sem defeito,Perfeito estado,Seca,Perfeito estado,R-6a,40 km/h,Única," , RUA IMPERIAL, Recife, Pernambuco, Brasil",-8.0719111,-34.884563
2808,2019-03-30 10:12:00,SEM VÍTIMA,SÃO JOSÉ,AV SUL,875,35.0,CIDADE,ABALROAMENTO LONGITUDINAL,2.0,1.0,1.0,1.0,1.0,1.0,1.0,1.0,1.0,0.0,1.0,Longo da via,Bom,Sem defeito,Perfeito estado,Seca,Perfeito estado,Outras,40 km/h,Única,"875, AV SUL, Recife, Pernambuco, Brasil",-8.081145,-34.905034
8713,2019-10-04 16:18:00,SEM VÍTIMA,SÃO JOSÉ,C SANTA RITA, ,76.0,CIDADE,COLISÃO,1.0,1.0,1.0,1.0,1.0,1.0,1.0,1.0,1.0,0.0,1.0,Longo da via,Bom,Sem defeito,Perfeito estado,Seca,Perfeito estado,Outras,40 km/h,Única," , C SANTA RITA, Recife, Pernambuco, Brasil",-8.0665491,-34.8770128
6163,2019-07-17 17:52:00,SEM VÍTIMA,SÃO JOSÉ,AV MARTINS DE BARROS, ,76.0,CIDADE,ABALROAMENTO LONGITUDINAL,2.0,1.0,1.0,1.0,1.0,1.0,1.0,1.0,1.0,0.0,1.0,Longo da via,Bom,Não existe,Perfeito estado,Seca,Mal iluminada,Outras,40 km/h,Dupla," , AV MARTINS DE BARROS, Recife, Pernambuco, Brasil",-8.0679918,-34.8749493
10610,2019-11-24 16:00:00,COM VÍTIMA,SÃO JOSÉ,RUA IMPERIAL,1217,76.0,SUBURBIO,ABALROAMENTO TRANSVERSAL,2.0,1.0,1.0,1.0,1.0,1.0,1.0,1.0,1.0,2.0,1.0,Cruzamento,Bom,Sem defeito,Perfeito estado,Seca,Perfeito estado,Outras,40 km/h,Única,"1217, RUA IMPERIAL, Recife, Pernambuco, Brasil",-8.07537705,-34.892283434606206
9203,2019-10-17 15:19:00,SEM VÍTIMA,SÃO JOSÉ,AV MARTINS DE BARROS,451,76.0,SUBURBIO,ABALROAMENTO LONGITUDINAL,2.0,1.0,1.0,1.0,1.0,1.0,1.0,1.0,1.0,0.0,1.0,Longo da via,Bom,Não existe,Ilegível,Seca,Perfeito estado,Placas Pare,40 km/h,Única,"451, AV MARTINS DE BARROS, Recife, Pernambuco, Brasil",-8.0620554,-34.8764812
8561,2019-10-01 07:07:00,COM VÍTIMA,SÃO JOSÉ,AV SUL,457,76.0,CIDADE,ABALROAMENTO LONGITUDINAL,1.0,1.0,1.0,1.0,1.0,1.0,1.0,1.0,1.0,1.0,1.0,Longo da via,Bom,Não existe,Não existente,Seca,Perfeito estado,Não há placas,60 km/h,Única,"457, AV SUL, Recife, Pernambuco, Brasil",-8.081145,-34.905034
8756,2019-10-05 12:21:00,SEM VÍTIMA,SÃO JOSÉ,C SANTA RITA, ,76.0,SUBURBIO,ABALROAMENTO LONGITUDINAL,2.0,1.0,1.0,1.0,1.0,1.0,1.0,1.0,1.0,0.0,1.0,Longo da via,Bom,Sem defeito,Perfeito estado,Seca,Perfeito estado,Não há placas,60 km/h,Dupla," , C SANTA RITA, Recife, Pernambuco, Brasil",-8.0665491,-34.8770128
4942,2019-06-06 07:31:00,SEM VÍTIMA,SÃO JOSÉ,RUA DA CONCORDIA, ,76.0,SUBURBIO,CHOQUE OBJETO FIXO,2.0,1.0,1.0,1.0,1.0,1.0,1.0,1.0,1.0,0.0,1.0,Cruzamento,Bom,Não existe,Perfeito estado,Seca,Perfeito estado,Outras,60 km/h,Única," , RUA DA CONCORDIA, Recife, Pernambuco, Brasil",-8.0648805,-34.8811584
2113,2019-03-12 07:08:00,SEM VÍTIMA,SÃO JOSÉ,C SANTA RITA, ,76.0,SUBURBIO,COLISÃO,2.0,1.0,1.0,1.0,1.0,1.0,1.0,1.0,1.0,0.0,1.0,Cruzamento,Bom,Não existe,Perfeito estado,Seca,Perfeito estado,Outras,60 km/h,Única," , C SANTA RITA, Recife, Pernambuco, Brasil",-8.0665491,-34.8770128
3451,2019-04-18 14:29:00,SEM VÍTIMA,SÃO JOSÉ,RUA DA CONCORDIA,485,76.0,CIDADE,ABALROAMENTO LONGITUDINAL,1.0,1.0,1.0,1.0,1.0,1.0,1.0,1.0,1.0,0.0,1.0,Longo da via,Bom,Não existe,Perfeito estado,Seca,Perfeito estado,R-6a,40 km/h,Única,"485, RUA DA CONCORDIA, Recife, Pernambuco, Brasil",-8.0681379,-34.882021697355256
8894,2019-10-09 12:42:00,SEM VÍTIMA,SÃO JOSÉ,C SANTA RITA, ,582.0,CIDADE,COLISÃO TRASEIRA,3.0,1.0,1.0,1.0,1.0,1.0,1.0,1.0,1.0,0.0,1.0,Longo da via,Bom,Sem defeito,Perfeito estado,Seca,Perfeito estado,Outras,60 km/h,Dupla," , C SANTA RITA, Recife, Pernambuco, Brasil",-8.0665491,-34.8770128
4897,2019-06-05 07:46:00,COM VÍTIMA,SÃO JOSÉ,CAIS DO APOLO,925,436.0,SUBURBIO,COLISÃO TRASEIRA,1.0,1.0,1.0,1.0,1.0,1.0,1.0,1.0,1.0,1.0,1.0,Longo da via,Chuvoso,Sem defeito,Perfeito estado,Molhada,Perfeito estado,Outras,60 km/h,Dupla,"925, CAIS DO APOLO, Recife, Pernambuco, Brasil",-8.054059500000001,-34.87250461982359
5911,2019-07-09 06:49:00,SEM VÍTIMA,SÃO JOSÉ,C SANTA RITA, ,76.0,CIDADE,CHOQUE OBJETO FIXO,1.0,1.0,1.0,1.0,1.0,1.0,1.0,1.0,1.0,0.0,1.0,Longo da via,Chuvoso,Sem defeito,Perfeito estado,Molhada,Perfeito estado,Outras,60 km/h,Dupla," , C SANTA RITA, Recife, Pernambuco, Brasil",-8.0665491,-34.8770128
8659,2019-10-03 15:04:00,COM VÍTIMA,SÃO JOSÉ,AV SUL, ,260.0,CIDADE,COLISÃO FRONTAL,1.0,1.0,1.0,1.0,1.0,1.0,1.0,1.0,1.0,1.0,1.0,Longo da via,Bom,Sem defeito,Perfeito estado,Seca,Perfeito estado,Não há placas,60 km/h,Dupla," , AV SUL, Recife, Pernambuco, Brasil",-8.081145,-34.905034
6131,2019-07-16 21:23:00,SEM VÍTIMA,SÃO JOSÉ,VDO DAS CINCO PONTAS, ,260.0,CIDADE,CHOQUE VEÍCULO PARADO,1.0,1.0,1.0,1.0,1.0,1.0,1.0,1.0,1.0,0.0,1.0,Viaduto,Bom,Não existe,Ilegível,Seca,Mal iluminada,Não há placas,60 km/h,Dupla," , VDO DAS CINCO PONTAS, Recife, Pernambuco, Brasil",-8.081145,-34.905034
8464,2019-09-27 15:32:00,SEM VÍTIMA,SÃO JOSÉ,AV DANTAS BARRETO,1396,260.0,SUBURBIO,ABALROAMENTO LONGITUDINAL,2.0,1.0,1.0,1.0,1.0,1.0,1.0,1.0,1.0,0.0,1.0,Longo da via,Bom,Não existe,Perfeito estado,Seca,Perfeito estado,Não há placas,60 km/h,Única,"1396, AV DANTAS BARRETO, Recife, Pernambuco, Brasil",-8.0659159,-34.878972
8753,2019-10-05 11:08:00,SEM VÍTIMA,SÃO JOSÉ,VDO DAS CINCO PONTAS, ,260.0,SUBURBIO,ABALROAMENTO LONGITUDINAL,2.0,1.0,1.0,1.0,1.0,1.0,1.0,1.0,1.0,0.0,1.0,Longo da via,Bom,Sem defeito,Perfeito estado,Seca,Perfeito estado,Outras,60 km/h,Dupla," , VDO DAS CINCO PONTAS, Recife, Pernambuco, Brasil",-8.0659159,-34.878972
9760,2019-11-01 20:45:00,SEM VÍTIMA,SÃO JOSÉ,RUA BOM SUCESSO,60,260.0,CIDADE,CHOQUE OBJETO FIXO,1.0,1.0,1.0,1.0,1.0,1.0,1.0,1.0,1.0,0.0,1.0,Longo da via,Bom,Não existe,Incompleta,Seca,Mal conservada,Não há placas,60 km/h,Única,"60, RUA BOM SUCESSO, Recife, Pernambuco, Brasil",-8.0757889,-34.892144412908834
2668,2019-03-27 07:34:00,SEM VÍTIMA,SÃO JOSÉ,RUA IMPERIAL,2110,260.0,SUBURBIO,ABALROAMENTO LONGITUDINAL,1.0,1.0,1.0,1.0,1.0,1.0,1.0,1.0,1.0,0.0,1.0,Longo da via,Bom,Não existe,Perfeito estado,Seca,Mal conservada,Outras,60 km/h,Única,"2110, RUA IMPERIAL, Recife, Pernambuco, Brasil",-8.077139,-34.8980446
4883,2019-06-04 17:08:00,SEM VÍTIMA,SÃO JOSÉ,AV SUL,1222,260.0,CIDADE,ABALROAMENTO LONGITUDINAL,2.0,1.0,1.0,1.0,1.0,1.0,1.0,1.0,1.0,0.0,1.0,Longo da via,Bom,Não existe,Perfeito estado,Seca,Perfeito estado,Não há placas,60 km/h,Dupla,"1222, AV SUL, Recife, Pernambuco, Brasil",-8.081145,-34.905034
5801,2019-07-04 15:03:00,SEM VÍTIMA,SÃO JOSÉ,RUA VIDAL DE NEGREIROS,370,207.0,SUBURBIO,ABALROAMENTO LONGITUDINAL,1.0,1.0,1.0,1.0,1.0,1.0,1.0,1.0,1.0,0.0,1.0,Longo da via,Bom,Sem defeito,Perfeito estado,Seca,Mal conservada,Outras,60 km/h,Única,"370, RUA VIDAL DE NEGREIROS, Recife, Pernambuco, Brasil",-8.0717725,-34.88237143154395
5317,2019-06-18 09:49:00,COM VÍTIMA,SÃO JOSÉ,AV SUL,867,207.0,CIDADE,ATROPELAMENTO,1.0,1.0,1.0,1.0,1.0,1.0,1.0,1.0,1.0,1.0,1.0,Longo da via,Chuvoso,Não existe,Não existente,Molhada,Mal conservada,Não há placas,60 km/h,Dupla,"867, AV SUL, Recife, Pernambuco, Brasil",-8.081145,-34.905034
8744,2019-10-05 08:59:00,SEM VÍTIMA,SÃO JOSÉ,C SANTA RITA,595,582.0,CIDADE,COLISÃO TRASEIRA,3.0,1.0,1.0,1.0,1.0,1.0,1.0,1.0,1.0,0.0,1.0,Longo da via,Bom,Sem defeito,Perfeito estado,Seca,Perfeito estado,R-19,60 km/h,Dupla,"595, C SANTA RITA, Recife, Pernambuco, Brasil",-8.0665491,-34.8770128
10086,2019-11-10 21:15:00,SEM VÍTIMA,SÃO JOSÉ,RUA IMPERIAL,20,582.0,SUBURBIO,ABALROAMENTO TRANSVERSAL,2.0,1.0,1.0,1.0,1.0,1.0,1.0,1.0,1.0,0.0,1.0,Longo da via,Bom,Não existe,Perfeito estado,Seca,Perfeito estado,Placas Pare,60 km/h,Única,"20, RUA IMPERIAL, Recife, Pernambuco, Brasil",-8.1170732,-35.2931654
3971,2019-05-05 15:43:00,COM VÍTIMA,SÃO JOSÉ,AV ENGENHEIRO JOSE ESTELITA, ,582.0,SUBURBIO,CHOQUE OBJETO FIXO,1.0,1.0,1.0,1.0,1.0,1.0,1.0,1.0,1.0,1.0,1.0,Longo da via,Bom,Não existe,Perfeito estado,Seca,Perfeito estado,Não há placas,60 km/h,Dupla," , AV ENGENHEIRO JOSE ESTELITA, Recife, Pernambuco, Brasil",-8.0779998,-34.8928846
4875,2019-06-04 15:22:00,SEM VÍTIMA,SÃO JOSÉ,AV DANTAS BARRETO, ,582.0,CIDADE,COLISÃO TRASEIRA,2.0,1.0,1.0,1.0,1.0,1.0,1.0,1.0,1.0,0.0,1.0,Longo da via,Bom,Não existe,Perfeito estado,Seca,Perfeito estado,Não há placas,60 km/h,Dupla," , AV DANTAS BARRETO, Recife, Pernambuco, Brasil",-8.0690451,-34.8814591
5689,2019-07-01 09:47:00,SEM VÍTIMA,SÃO JOSÉ,AV SUL, ,260.0,CIDADE,COLISÃO,3.0,1.0,1.0,1.0,1.0,1.0,1.0,1.0,1.0,0.0,1.0,Longo da via,Bom,Não existe,Perfeito estado,Seca,Perfeito estado,Não há placas,60 km/h,Dupla," , AV SUL, Recife, Pernambuco, Brasil",-8.081145,-34.905034
4879,2019-06-04 16:18:00,SEM VÍTIMA,SÃO JOSÉ,AV SUL,260,260.0,CIDADE,COLISÃO TRASEIRA,2.0,1.0,1.0,1.0,1.0,1.0,1.0,1.0,1.0,0.0,1.0,Longo da via,Bom,Sem defeito,Perfeito estado,Seca,Perfeito estado,Não há placas,60 km/h,Única,"260, AV SUL, Recife, Pernambuco, Brasil",-8.081145,-34.905034
9154,2019-10-16 09:26:00,SEM VÍTIMA,SÃO JOSÉ,RUA FLORIANO PEIXOTO, ,668.0,SUBURBIO,COLISÃO TRASEIRA,2.0,1.0,1.0,1.0,1.0,1.0,1.0,1.0,1.0,0.0,1.0,Longo da via,Bom,Sem defeito,Perfeito estado,Seca,Perfeito estado,Não há placas,60 km/h,Única," , RUA FLORIANO PEIXOTO, Recife, Pernambuco, Brasil",-8.0650875,-34.8820108
3417,2019-04-17 13:05:00,COM VÍTIMA,SÃO JOSÉ,C SANTA RITA, ,76.0,CIDADE,TOMBAMENTO,2.0,1.0,1.0,1.0,1.0,1.0,1.0,1.0,1.0,1.0,1.0,Longo da via,Chuvoso,Sem defeito,Perfeito estado,Molhada,Mal conservada,Outras,60 km/h,Dupla," , C SANTA RITA, Recife, Pernambuco, Brasil",-8.0665491,-34.8770128
10808,2019-11-29 16:42:00,SEM VÍTIMA,SÃO JOSÉ,RUA IMPERIAL,2234,76.0,SUBURBIO,COLISÃO TRASEIRA,3.0,1.0,1.0,1.0,1.0,1.0,1.0,1.0,1.0,0.0,1.0,Longo da via,Bom,Não existe,Perfeito estado,Seca,Perfeito estado,Não há placas,60 km/h,Única,"2234, RUA IMPERIAL, Recife, Pernambuco, Brasil",-8.077139,-34.8980446
9794,2019-11-03 16:50:00,SEM VÍTIMA,SÃO JOSÉ,RUA IMPERIAL,987,510.0,SUBURBIO,ABALROAMENTO TRANSVERSAL,1.0,1.0,1.0,1.0,1.0,1.0,1.0,1.0,1.0,0.0,1.0,Cruzamento,Bom,Sem defeito,Perfeito estado,Seca,Perfeito estado,Não há placas,60 km/h,Única,"987, RUA IMPERIAL, Recife, Pernambuco, Brasil",-8.0746985,-34.8902751
9158,2019-10-16 10:26:00,COM VÍTIMA,SÃO JOSÉ,AV SUL,2077,510.0,CIDADE,COLISÃO TRASEIRA,1.0,1.0,1.0,1.0,1.0,1.0,1.0,1.0,1.0,1.0,1.0,Longo da via,Bom,Sem defeito,Perfeito estado,Seca,Perfeito estado,Não há placas,60 km/h,Única,"2077, AV SUL, Recife, Pernambuco, Brasil",-8.081145,-34.905034
7340,2019-08-24 16:34:00,SEM VÍTIMA,SÍTIO DOS PINTOS,EST DOS PINTOS,26,510.0,CIDADE,CHOQUE OBJETO FIXO,1.0,1.0,1.0,1.0,1.0,1.0,1.0,1.0,1.0,0.0,1.0,Longo da via,Chuvoso,Não existe,Incompleta,Molhada,Mal conservada,Não há placas,60 km/h,Dupla,"26, EST DOS PINTOS, Recife, Pernambuco, Brasil",-8.081145,-34.905034
2834,2019-03-31 16:27:00,COM VÍTIMA,SÍTIO DOS PINTOS,EST DOS PINTOS,500,510.0,CIDADE,COLISÃO,1.0,2.0,1.0,1.0,1.0,1.0,1.0,1.0,1.0,1.0,1.0,Longo da via,Chuvoso,Não existe,Incompleta,Molhada,Mal conservada,Não há placas,60 km/h,Dupla,"500, EST DOS PINTOS, Recife, Pernambuco, Brasil",-8.081145,-34.905034
11324,2019-12-10 20:28:00,SEM VÍTIMA,SÍTIO DOS PINTOS,RUA PROF CLAUDIO SELVA,22,510.0,CIDADE,COLISÃO,1.0,2.0,1.0,1.0,1.0,1.0,1.0,1.0,1.0,0.0,1.0,Longo da via,Chuvoso,Não existe,Incompleta,Molhada,Mal conservada,Não há placas,60 km/h,Dupla,"22, RUA PROF CLAUDIO SELVA, Recife, Pernambuco, Brasil",-8.0147493,-34.951862
1105,2019-02-09 12:49:00,SEM VÍTIMA,SÍTIO DOS PINTOS,EST DOS PINTOS,23,510.0,SUBURBIO,COLISÃO FRONTAL,1.0,1.0,1.0,1.0,1.0,1.0,1.0,1.0,1.0,0.0,1.0,Longo da via,Bom,Não existe,Perfeito estado,Seca,Perfeito estado,R-6c,60 km/h,Dupla,"23, EST DOS PINTOS, Recife, Pernambuco, Brasil",-8.0147493,-34.951862
976,2019-02-06 08:13:00,SEM VÍTIMA,TAMARINEIRA,RUA CONEGO BARATA,468,62.0,SUBURBIO,ABALROAMENTO TRANSVERSAL,1.0,1.0,1.0,1.0,1.0,1.0,1.0,1.0,1.0,0.0,1.0,Longo da via,Chuvoso,Sem defeito,Perfeito estado,Molhada,Perfeito estado,R-6a,60 km/h,Dupla,"468, RUA CONEGO BARATA, Recife, Pernambuco, Brasil",-8.0295267,-34.9004764
1662,2019-02-25 12:17:00,COM VÍTIMA,TAMARINEIRA,AV NORTE, ,62.0,SUBURBIO,ATROPELAMENTO,1.0,1.0,1.0,1.0,1.0,1.0,1.0,1.0,1.0,1.0,1.0,Cruzamento,Bom,Sem defeito,Perfeito estado,Seca,Perfeito estado,Placas Pare,60 km/h,Dupla," , AV NORTE, Recife, Pernambuco, Brasil",-8.027844,-34.903102
5886,2019-07-07 22:52:00,SEM VÍTIMA,TAMARINEIRA,AV PROFESSOR JOSE DOS ANJOS, ,364.0,SUBURBIO,COLISÃO TRASEIRA,1.0,1.0,1.0,1.0,1.0,1.0,1.0,1.0,1.0,0.0,1.0,Cruzamento,Bom,Sem defeito,Perfeito estado,Seca,Perfeito estado,Placas Pare,60 km/h,Dupla," , AV PROFESSOR JOSE DOS ANJOS, Recife, Pernambuco, Brasil",-8.0274596,-34.8891438