,data_hora,natureza_acidente,bairro,endereco,numero,num_semaforo,sentido_via,tipo,auto,moto,ciclom,ciclista,pedestre,onibus,caminhao,viatura,outros,vitimas,vitimasfatais,acidente_verificado,tempo_clima,situacao_semaforo,sinalizacao,condicao_via,conservacao_via,situacao_placa,velocidade_max_via,mao_direcao,end,latitude,longitude
11502,2019-12-14 16:46:00,SEM VÍTIMA,TAMARINEIRA,RUA PADRE ROMA, ,364.0,SUBURBIO,ABALROAMENTO LONGITUDINAL,2.0,1.0,1.0,1.0,1.0,1.0,1.0,1.0,1.0,0.0,1.0,Longo da via,Bom,Não existe,Perfeito estado,Seca,Perfeito estado,Não há placas,60 km/h,Dupla," , RUA PADRE ROMA, Recife, Pernambuco, Brasil",-8.0325967,-34.907282
5433,2019-06-21 15:27:00,SEM VÍTIMA,TAMARINEIRA,AV NORTE,3672,364.0,SUBURBIO,ABALROAMENTO LONGITUDINAL,1.0,1.0,1.0,1.0,1.0,1.0,1.0,1.0,1.0,0.0,1.0,Longo da via,Bom,Não existe,Perfeito estado,Seca,Perfeito estado,R-6a,60 km/h,Única,"3672, AV NORTE, Recife, Pernambuco, Brasil",-8.027844,-34.903102
6944,2019-08-12 22:23:00,SEM VÍTIMA,TAMARINEIRA,EST DO ARRAIAL,2885,364.0,SUBURBIO,COLISÃO TRASEIRA,2.0,1.0,1.0,1.0,1.0,1.0,1.0,1.0,1.0,0.0,1.0,Longo da via,Bom,Não existe,Perfeito estado,Seca,Perfeito estado,Não há placas,60 km/h,Única,"2885, EST DO ARRAIAL, Recife, Pernambuco, Brasil",-8.0267118,-34.9169003
1646,2019-02-25 08:17:00,SEM VÍTIMA,TAMARINEIRA,AV CONS ROSA E SILVA, ,253.0,SUBURBIO,ABALROAMENTO LONGITUDINAL,2.0,1.0,1.0,1.0,1.0,1.0,1.0,1.0,1.0,0.0,1.0,Cruzamento,Bom,Sem defeito,Perfeito estado,Seca,Perfeito estado,Não há placas,60 km/h,Única," , AV CONS ROSA E SILVA, Recife, Pernambuco, Brasil",-8.0267118,-34.9169003
883,2019-02-02 20:13:00,SEM VÍTIMA,TAMARINEIRA,RUA CONEGO BARATA, ,253.0,SUBURBIO,COLISÃO,2.0,1.0,1.0,1.0,1.0,1.0,1.0,1.0,1.0,0.0,1.0,Cruzamento,Bom,Sem defeito,Perfeito estado,Seca,Perfeito estado,Não há placas,60 km/h,Única," , RUA CONEGO BARATA, Recife, Pernambuco, Brasil",-8.0297041,-34.9004259
10160,2019-11-12 15:46:00,SEM VÍTIMA,TAMARINEIRA,EST DO ARRAIAL,2405,253.0,SUBURBIO,ABALROAMENTO LONGITUDINAL,1.0,1.0,1.0,1.0,1.0,1.0,1.0,1.0,1.0,0.0,1.0,Longo da via,Bom,Não existe,Perfeito estado,Seca,Perfeito estado,R-6a,60 km/h,Única,"2405, EST DO ARRAIAL, Recife, Pernambuco, Brasil",-8.0267118,-34.9169003
868,2019-02-02 07:36:00,SEM VÍTIMA,TAMARINEIRA,AV NORTE, ,253.0,SUBURBIO,COLISÃO,1.0,1.0,1.0,1.0,1.0,1.0,1.0,1.0,1.0,0.0,1.0,Longo da via,Bom,Não existe,Perfeito estado,Seca,Perfeito estado,R-6a,60 km/h,Única," , AV NORTE, Recife, Pernambuco, Brasil",-8.027844,-34.903102
10170,2019-11-12 20:01:00,SEM VÍTIMA,TAMARINEIRA,RUA GOMES COUTINHO,2646,253.0,SUBURBIO,ABALROAMENTO LONGITUDINAL,2.0,1.0,1.0,1.0,1.0,1.0,1.0,1.0,1.0,0.0,1.0,Cruzamento,Bom,Não existe,Perfeito estado,Seca,Perfeito estado,Não há placas,60 km/h,Única,"2646, RUA GOMES COUTINHO, Recife, Pernambuco, Brasil",-8.0285779,-34.9054118
11106,2019-12-05 20:57:00,SEM VÍTIMA,TAMARINEIRA,RUA DES GOIS CAVALCANTE, ,253.0,SUBURBIO,COLISÃO,2.0,1.0,1.0,1.0,1.0,1.0,1.0,1.0,1.0,0.0,1.0,Cruzamento,Bom,Não existe,Perfeito estado,Seca,Perfeito estado,Não há placas,60 km/h,Única," , RUA DES GOIS CAVALCANTE, Recife, Pernambuco, Brasil",-8.0285779,-34.9054118
8005,2019-09-14 15:08:00,SEM VÍTIMA,TAMARINEIRA,EST VELHA DE AGUA FRIA,999,253.0,SUBURBIO,ABALROAMENTO LONGITUDINAL,1.0,1.0,1.0,1.0,1.0,1.0,1.0,1.0,1.0,0.0,1.0,Longo da via,Bom,Não existe,Perfeito estado,Seca,Perfeito estado,Não há placas,60 km/h,Dupla,"999, EST VELHA DE AGUA FRIA, Recife, Pernambuco, Brasil",-8.0285779,-34.9054118
8004,2019-09-14 14:50:00,COM VÍTIMA,TAMARINEIRA,RUA DR JOSE MARIA,23,253.0,CIDADE,ABALROAMENTO TRANSVERSAL,1.0,1.0,1.0,1.0,1.0,1.0,1.0,1.0,1.0,1.0,1.0,Longo da via,Bom,Não existe,Perfeito estado,Seca,Perfeito estado,Outras,60 km/h,Dupla,"23, RUA DR JOSE MARIA, Recife, Pernambuco, Brasil",-8.0285779,-34.9054118
840,2019-02-01 13:29:00,SEM VÍTIMA,TAMARINEIRA,RUA CONEGO BARATA, ,62.0,CIDADE,COLISÃO TRASEIRA,1.0,1.0,1.0,1.0,1.0,1.0,1.0,1.0,1.0,0.0,1.0,Longo da via,Bom,Sem defeito,Perfeito estado,Seca,Perfeito estado,R-6a,60 km/h,Dupla," , RUA CONEGO BARATA, Recife, Pernambuco, Brasil",-8.0297041,-34.9004259
6453,2019-07-28 20:22:00,SEM VÍTIMA,TAMARINEIRA,RUA CONEGO BARATA, ,62.0,CIDADE,COLISÃO,1.0,1.0,1.0,1.0,1.0,1.0,1.0,1.0,1.0,0.0,1.0,Longo da via,Bom,Sem defeito,Perfeito estado,Seca,Perfeito estado,R-6a,60 km/h,Dupla," , RUA CONEGO BARATA, Recife, Pernambuco, Brasil",-8.0297041,-34.9004259
2007,2019-03-08 13:58:00,COM VÍTIMA,TAMARINEIRA,RUA DR JOSE MARIA,1096,62.0,SUBURBIO,ABALROAMENTO TRANSVERSAL,1.0,1.0,1.0,1.0,1.0,1.0,1.0,1.0,1.0,1.0,1.0,Longo da via,Bom,Não existe,Perfeito estado,Seca,Perfeito estado,Outras,60 km/h,Dupla,"1096, RUA DR JOSE MARIA, Recife, Pernambuco, Brasil",-8.0297041,-34.9004259
6882,2019-08-10 09:34:00,COM VÍTIMA,TAMARINEIRA,RUA CONEGO BARATA, ,62.0,SUBURBIO,ABALROAMENTO TRANSVERSAL,1.0,1.0,1.0,1.0,1.0,1.0,1.0,1.0,1.0,1.0,1.0,Longo da via,Bom,Sem defeito,Perfeito estado,Seca,Perfeito estado,R-6a,60 km/h,Dupla," , RUA CONEGO BARATA, Recife, Pernambuco, Brasil",-8.0297041,-34.9004259
2653,2019-03-26 15:08:00,SEM VÍTIMA,TAMARINEIRA,RUA CONEGO BARATA, ,62.0,SUBURBIO,COLISÃO TRASEIRA,2.0,1.0,1.0,1.0,1.0,1.0,1.0,1.0,1.0,0.0,1.0,Longo da via,Chuvoso,Não existe,Perfeito estado,Seca,Perfeito estado,Não há placas,60 km/h,Dupla," , RUA CONEGO BARATA, Recife, Pernambuco, Brasil",-8.0297041,-34.9004259
1180,2019-02-11 19:45:00,SEM VÍTIMA,TAMARINEIRA,RUA PADRE ROMA, ,223.0,SUBURBIO,COLISÃO TRASEIRA,2.0,1.0,1.0,1.0,1.0,1.0,1.0,1.0,1.0,0.0,1.0,Longo da via,Bom,Sem defeito,Perfeito estado,Seca,Perfeito estado,Outras,40 km/h,Dupla," , RUA PADRE ROMA, Recife, Pernambuco, Brasil",-8.0325967,-34.907282
10332,2019-11-17 11:59:00,SEM VÍTIMA,TAMARINEIRA,RUA CONEGO BARATA, ,223.0,SUBURBIO,ABALROAMENTO LONGITUDINAL,2.0,1.0,1.0,1.0,1.0,1.0,1.0,1.0,1.0,0.0,1.0,Longo da via,Bom,Não existe,Perfeito estado,Seca,Perfeito estado,Não há placas,40 km/h,Única," , RUA CONEGO BARATA, Recife, Pernambuco, Brasil",-8.0297041,-34.9004259
6732,2019-08-06 12:26:00,SEM VÍTIMA,TAMARINEIRA,EST VELHA DE AGUA FRIA,1253,223.0,SUBURBIO,COLISÃO,1.0,1.0,1.0,1.0,1.0,1.0,1.0,1.0,1.0,0.0,1.0,Longo da via,Bom,Não existe,Perfeito estado,Seca,Perfeito estado,Não há placas,40 km/h,Única,"1253, EST VELHA DE AGUA FRIA, Recife, Pernambuco, Brasil",-8.0297041,-34.9004259
10352,2019-11-18 06:49:00,SEM VÍTIMA,TAMARINEIRA,EST VELHA DE AGUA FRIA, ,306.0,SUBURBIO,ABALROAMENTO LONGITUDINAL,1.0,1.0,1.0,1.0,1.0,1.0,1.0,1.0,1.0,0.0,1.0,Cruzamento,Bom,Sem defeito,Perfeito estado,Seca,Perfeito estado,R-6a,60 km/h,Única," , EST VELHA DE AGUA FRIA, Recife, Pernambuco, Brasil",-8.0297041,-34.9004259
1229,2019-02-13 06:52:00,SEM VÍTIMA,TAMARINEIRA,RUA SILVEIRA LIRA,127,306.0,CIDADE,ABALROAMENTO LONGITUDINAL,2.0,1.0,1.0,1.0,1.0,1.0,1.0,1.0,1.0,0.0,1.0,Longo da via,Chuvoso,Não existe,Perfeito estado,Seca,Perfeito estado,Placas Pare,60 km/h,Dupla,"127, RUA SILVEIRA LIRA, Recife, Pernambuco, Brasil",-8.0304805,-34.9004169
6712,2019-08-05 19:28:00,COM VÍTIMA,TAMARINEIRA,AV NORTE, ,306.0,CIDADE,COLISÃO,1.0,1.0,1.0,1.0,1.0,1.0,1.0,1.0,1.0,1.0,1.0,Longo da via,Chuvoso,Não existe,Perfeito estado,Seca,Perfeito estado,Placas Pare,60 km/h,Dupla," , AV NORTE, Recife, Pernambuco, Brasil",-8.027844,-34.903102
8675,2019-10-03 18:24:00,SEM VÍTIMA,TAMARINEIRA,RUA CONEGO BARATA, ,306.0,CIDADE,COLISÃO,2.0,1.0,1.0,1.0,1.0,1.0,1.0,1.0,1.0,0.0,1.0,Longo da via,Chuvoso,Não existe,Perfeito estado,Seca,Perfeito estado,Placas Pare,60 km/h,Dupla," , RUA CONEGO BARATA, Recife, Pernambuco, Brasil",-8.0297041,-34.9004259
1253,2019-02-13 18:20:00,SEM VÍTIMA,TAMARINEIRA,RUA CONEGO BARATA,97,306.0,SUBURBIO,ABALROAMENTO LONGITUDINAL,2.0,1.0,1.0,1.0,1.0,1.0,1.0,1.0,1.0,0.0,1.0,Longo da via,Chuvoso,Não existe,Perfeito estado,Molhada,Perfeito estado,Não há placas,60 km/h,Dupla,"97, RUA CONEGO BARATA, Recife, Pernambuco, Brasil",-8.0325127,-34.902989
8200,2019-09-20 07:49:00,SEM VÍTIMA,TAMARINEIRA,RUA PADRE ROMA, ,223.0,CIDADE,COLISÃO TRASEIRA,2.0,1.0,1.0,1.0,1.0,1.0,1.0,1.0,1.0,0.0,1.0,Longo da via,Chuvoso,Sem defeito,Perfeito estado,Molhada,Perfeito estado,Não há placas,60 km/h,Dupla," , RUA PADRE ROMA, Recife, Pernambuco, Brasil",-8.0325967,-34.907282
2848,2019-04-01 09:19:00,SEM VÍTIMA,TAMARINEIRA,RUA PADRE ROMA, ,223.0,SUBURBIO,ABALROAMENTO LONGITUDINAL,1.0,1.0,1.0,1.0,1.0,1.0,1.0,1.0,1.0,0.0,1.0,Longo da via,Bom,Sem defeito,Perfeito estado,Seca,Perfeito estado,R-6a,60 km/h,Dupla," , RUA PADRE ROMA, Recife, Pernambuco, Brasil",-8.0325967,-34.907282
10387,2019-11-18 17:43:00,SEM VÍTIMA,TAMARINEIRA,AV CONS ROSA E SILVA,1829,223.0,SUBURBIO,ABALROAMENTO LONGITUDINAL,1.0,1.0,1.0,1.0,1.0,1.0,1.0,1.0,1.0,0.0,1.0,Longo da via,Bom,Não existe,Perfeito estado,Seca,Perfeito estado,Outras,60 km/h,Única,"1829, AV CONS ROSA E SILVA, Recife, Pernambuco, Brasil",-8.0325967,-34.907282
1442,2019-02-19 17:28:00,SEM VÍTIMA,TAMARINEIRA,AV PROFESSOR JOSE DOS ANJOS, ,364.0,CIDADE,ABALROAMENTO LONGITUDINAL,2.0,1.0,1.0,1.0,1.0,1.0,1.0,1.0,1.0,0.0,1.0,Longo da via,Bom,Sem defeito,Perfeito estado,Seca,Perfeito estado,Não há placas,60 km/h,Dupla," , AV PROFESSOR JOSE DOS ANJOS, Recife, Pernambuco, Brasil",-8.0274596,-34.8891438
10405,2019-11-19 08:17:00,SEM VÍTIMA,TAMARINEIRA,RUA CAPITAO SAMPAIO XAVIER,392,364.0,CIDADE,ABALROAMENTO TRANSVERSAL,2.0,1.0,1.0,1.0,1.0,1.0,1.0,1.0,1.0,0.0,1.0,Cruzamento,Bom,Não existe,Perfeito estado,Seca,Perfeito estado,Placas Pare,60 km/h,Dupla,"392, RUA CAPITAO SAMPAIO XAVIER, Recife, Pernambuco, Brasil",-8.0362298,-34.8992839
1436,2019-02-19 15:09:00,COM VÍTIMA,TAMARINEIRA,EST VELHA DE AGUA FRIA,908,306.0,SUBURBIO,COLISÃO TRASEIRA,1.0,1.0,1.0,1.0,1.0,1.0,1.0,1.0,1.0,1.0,1.0,Longo da via,Bom,Sem defeito,Perfeito estado,Seca,Perfeito estado,Não há placas,40 km/h,Dupla,"908, EST VELHA DE AGUA FRIA, Recife, Pernambuco, Brasil",-8.0362298,-34.8992839
6604,2019-08-02 08:41:00,SEM VÍTIMA,TAMARINEIRA,RUA CONEGO BARATA,596,306.0,SUBURBIO,ABALROAMENTO LONGITUDINAL,2.0,1.0,1.0,1.0,1.0,1.0,1.0,1.0,1.0,0.0,1.0,Longo da via,Nublado,Não existe,Perfeito estado,Seca,Perfeito estado,Não há placas,40 km/h,Dupla,"596, RUA CONEGO BARATA, Recife, Pernambuco, Brasil",-8.0295267,-34.9004764
2697,2019-03-27 18:16:00,SEM VÍTIMA,TAMARINEIRA,EST DO ARRAIAL, ,306.0,SUBURBIO,COLISÃO TRASEIRA,2.0,1.0,1.0,1.0,1.0,1.0,1.0,1.0,1.0,0.0,1.0,Longo da via,Bom,Não existe,Perfeito estado,Seca,Perfeito estado,Outras,40 km/h,Única," , EST DO ARRAIAL, Recife, Pernambuco, Brasil",-8.0267118,-34.9169003
5746,2019-07-02 18:58:00,COM VÍTIMA,TAMARINEIRA,AV NORTE,4200,306.0,SUBURBIO,COLISÃO,1.0,1.0,1.0,1.0,1.0,1.0,1.0,1.0,1.0,1.0,1.0,Longo da via,Bom,Não existe,Perfeito estado,Seca,Perfeito estado,Outras,40 km/h,Única,"4200, AV NORTE, Recife, Pernambuco, Brasil",-8.027844,-34.903102
8162,2019-09-18 21:28:00,SEM VÍTIMA,TAMARINEIRA,AV NORTE, ,456.0,CIDADE,COLISÃO TRASEIRA,2.0,1.0,1.0,1.0,1.0,1.0,1.0,1.0,1.0,0.0,1.0,Longo da via,Bom,Sem defeito,Perfeito estado,Seca,Perfeito estado,Outras,40 km/h,Dupla," , AV NORTE, Recife, Pernambuco, Brasil",-8.027844,-34.903102
10466,2019-11-20 19:57:00,COM VÍTIMA,TAMARINEIRA,RUA CONEGO BARATA, ,456.0,SUBURBIO,ABALROAMENTO LONGITUDINAL,1.0,1.0,1.0,1.0,1.0,1.0,1.0,1.0,1.0,1.0,1.0,Longo da via,Bom,Não existe,Não existente,Seca,Perfeito estado,Não há placas,40 km/h,Única," , RUA CONEGO BARATA, Recife, Pernambuco, Brasil",-8.0297041,-34.9004259
11253,2019-12-09 11:52:00,SEM VÍTIMA,TAMARINEIRA,RUA JOSE CARVALHEIRA,100,456.0,SUBURBIO,ABALROAMENTO TRANSVERSAL,2.0,1.0,1.0,1.0,1.0,1.0,1.0,1.0,1.0,0.0,1.0,Cruzamento,Bom,Não existe,Incompleta,Seca,Perfeito estado,Não há placas,40 km/h,Dupla,"100, RUA JOSE CARVALHEIRA, Recife, Pernambuco, Brasil",-8.0319735,-34.9045879
8092,2019-09-17 09:03:00,SEM VÍTIMA,TAMARINEIRA,RUA JOSE CARVALHEIRA,109,456.0,SUBURBIO,ABALROAMENTO TRANSVERSAL,2.0,1.0,1.0,1.0,1.0,1.0,1.0,1.0,1.0,0.0,1.0,Cruzamento,Bom,Não existe,Perfeito estado,Seca,Perfeito estado,Não há placas,40 km/h,Única,"109, RUA JOSE CARVALHEIRA, Recife, Pernambuco, Brasil",-8.0310579,-34.9042154
3001,2019-04-05 12:03:00,SEM VÍTIMA,TAMARINEIRA,EST VELHA DE AGUA FRIA,1018,456.0,SUBURBIO,COLISÃO,1.0,1.0,1.0,1.0,1.0,1.0,1.0,1.0,1.0,0.0,1.0,Cruzamento,Bom,Não existe,Perfeito estado,Seca,Perfeito estado,Não há placas,40 km/h,Única,"1018, EST VELHA DE AGUA FRIA, Recife, Pernambuco, Brasil",-8.0310579,-34.9042154
11181,2019-12-07 11:52:00,SEM VÍTIMA,TAMARINEIRA,AV NORTE,4011,456.0,CIDADE,COLISÃO,2.0,1.0,1.0,1.0,1.0,1.0,1.0,1.0,1.0,0.0,1.0,Cruzamento,Bom,Não existe,Perfeito estado,Seca,Perfeito estado,Não há placas,40 km/h,Única,"4011, AV NORTE, Recife, Pernambuco, Brasil",-8.027844,-34.903102
11372,2019-12-11 18:39:00,SEM VÍTIMA,TAMARINEIRA,EST DO ARRAIAL,2405,456.0,CIDADE,COLISÃO,2.0,1.0,1.0,1.0,1.0,1.0,1.0,1.0,1.0,0.0,1.0,Cruzamento,Bom,Não existe,Perfeito estado,Seca,Perfeito estado,Não há placas,40 km/h,Única,"2405, EST DO ARRAIAL, Recife, Pernambuco, Brasil",-8.0267118,-34.9169003
8864,2019-10-08 18:02:00,SEM VÍTIMA,TAMARINEIRA,RUA CONEGO BARATA,436,456.0,SUBURBIO,ABALROAMENTO TRANSVERSAL,1.0,1.0,1.0,1.0,1.0,1.0,1.0,1.0,1.0,0.0,1.0,Cruzamento,Bom,Não existe,Perfeito estado,Seca,Perfeito estado,Não há placas,40 km/h,Dupla,"436, RUA CONEGO BARATA, Recife, Pernambuco, Brasil",-8.0295267,-34.9004764
3159,2019-04-10 09:25:00,SEM VÍTIMA,TAMARINEIRA,RUA PADRE ROMA, ,223.0,SUBURBIO,COLISÃO TRASEIRA,1.0,1.0,1.0,1.0,1.0,1.0,1.0,1.0,1.0,0.0,1.0,Longo da via,Bom,Sem defeito,Perfeito estado,Seca,Perfeito estado,Outras,40 km/h,Dupla," , RUA PADRE ROMA, Recife, Pernambuco, Brasil",-8.0325967,-34.907282
993,2019-02-06 15:41:00,SEM VÍTIMA,TAMARINEIRA,EST VELHA DE AGUA FRIA, ,306.0,SUBURBIO,ABALROAMENTO TRANSVERSAL,1.0,1.0,1.0,1.0,1.0,1.0,1.0,1.0,1.0,0.0,1.0,Longo da via,Bom,Sem defeito,Perfeito estado,Seca,Perfeito estado,Outras,40 km/h,Única," , EST VELHA DE AGUA FRIA, Recife, Pernambuco, Brasil",-8.0325967,-34.907282
5468,2019-06-23 09:31:00,SEM VÍTIMA,TAMARINEIRA,RUA GOMES COUTINHO,86,306.0,SUBURBIO,COLISÃO,2.0,1.0,1.0,1.0,1.0,1.0,1.0,1.0,1.0,0.0,1.0,Longo da via,Bom,Sem defeito,Perfeito estado,Seca,Perfeito estado,Outras,40 km/h,Única,"86, RUA GOMES COUTINHO, Recife, Pernambuco, Brasil",-8.0285779,-34.9054118
3150,2019-04-10 07:18:00,SEM VÍTIMA,TAMARINEIRA,AV PROFESSOR JOSE DOS ANJOS, ,306.0,CIDADE,ABALROAMENTO LONGITUDINAL,2.0,1.0,1.0,1.0,1.0,1.0,1.0,1.0,1.0,0.0,1.0,Longo da via,Bom,Não existe,Perfeito estado,Seca,Perfeito estado,R-19,30 km/h,Dupla," , AV PROFESSOR JOSE DOS ANJOS, Recife, Pernambuco, Brasil",-8.0274596,-34.8891438
2564,2019-03-23 13:13:00,COM VÍTIMA,TAMARINEIRA,RUA DR JOSE MARIA,1038,306.0,SUBURBIO,ABALROAMENTO LONGITUDINAL,1.0,1.0,1.0,1.0,1.0,1.0,1.0,1.0,1.0,1.0,1.0,Cruzamento,Bom,Não existe,Perfeito estado,Seca,Perfeito estado,R-6a,40 km/h,Dupla,"1038, RUA DR JOSE MARIA, Recife, Pernambuco, Brasil",-8.0274596,-34.8891438
8631,2019-10-02 16:14:00,SEM VÍTIMA,TAMARINEIRA,AV PROFESSOR JOSE DOS ANJOS, ,364.0,SUBURBIO,ABALROAMENTO LONGITUDINAL,1.0,1.0,1.0,1.0,1.0,1.0,1.0,1.0,1.0,0.0,1.0,Cruzamento,Bom,Sem defeito,Perfeito estado,Seca,Perfeito estado,Outras,60 km/h,Única," , AV PROFESSOR JOSE DOS ANJOS, Recife, Pernambuco, Brasil",-8.0274596,-34.8891438
9339,2019-10-22 06:32:00,SEM VÍTIMA,TAMARINEIRA,EST DO ARRAIAL,2621,364.0,SUBURBIO,COLISÃO,1.0,1.0,1.0,1.0,1.0,1.0,1.0,1.0,1.0,0.0,1.0,Cruzamento,Bom,Sem defeito,Perfeito estado,Seca,Perfeito estado,Outras,60 km/h,Única,"2621, EST DO ARRAIAL, Recife, Pernambuco, Brasil",-8.0267118,-34.9169003
2566,2019-03-23 17:03:00,COM VÍTIMA,TAMARINEIRA,RUA DR JOSE MARIA,70,364.0,CIDADE,TOMBAMENTO,1.0,1.0,1.0,1.0,1.0,1.0,1.0,1.0,1.0,1.0,1.0,Longo da via,Bom,Não existe,Perfeito estado,Seca,Perfeito estado,R-6a,60 km/h,Dupla,"70, RUA DR JOSE MARIA, Recife, Pernambuco, Brasil",-8.0267118,-34.9169003
1075,2019-02-08 16:25:00,COM VÍTIMA,TAMARINEIRA,EST VELHA DE AGUA FRIA,739,364.0,SUBURBIO,ABALROAMENTO LONGITUDINAL,1.0,1.0,1.0,1.0,1.0,1.0,1.0,1.0,1.0,1.0,1.0,Longo da via,Bom,Não existe,Perfeito estado,Seca,Perfeito estado,Não há placas,60 km/h,Dupla,"739, EST VELHA DE AGUA FRIA, Recife, Pernambuco, Brasil",-8.0267118,-34.9169003
10201,2019-11-13 12:03:00,COM VÍTIMA,TAMARINEIRA,RUA PADRE ROMA, ,61.0,SUBURBIO,COLISÃO TRASEIRA,1.0,1.0,1.0,1.0,1.0,1.0,1.0,1.0,1.0,1.0,1.0,Cruzamento,Bom,Sem defeito,Perfeito estado,Seca,Perfeito estado,Outras,60 km/h,Dupla," , RUA PADRE ROMA, Recife, Pernambuco, Brasil",-8.0325967,-34.907282
10249,2019-11-14 12:56:00,SEM VÍTIMA,TAMARINEIRA,RUA CONEGO BARATA,2224,61.0,SUBURBIO,COLISÃO,2.0,1.0,1.0,1.0,1.0,1.0,1.0,1.0,1.0,0.0,1.0,Cruzamento,Bom,Sem defeito,Perfeito estado,Seca,Perfeito estado,Outras,60 km/h,Dupla,"2224, RUA CONEGO BARATA, Recife, Pernambuco, Brasil",-8.0295267,-34.9004764
11398,2019-12-12 12:07:00,COM VÍTIMA,TAMARINEIRA,EST DO ARRAIAL,2405,61.0,SUBURBIO,COLISÃO,1.0,1.0,1.0,1.0,1.0,1.0,1.0,1.0,1.0,1.0,1.0,Cruzamento,Bom,Sem defeito,Perfeito estado,Seca,Perfeito estado,Outras,60 km/h,Dupla,"2405, EST DO ARRAIAL, Recife, Pernambuco, Brasil",-8.0267118,-34.9169003
11396,2019-12-12 11:44:00,COM VÍTIMA,TAMARINEIRA,EST DO ARRAIAL,2405,61.0,SUBURBIO,ABALROAMENTO LONGITUDINAL,1.0,1.0,1.0,1.0,1.0,1.0,1.0,1.0,1.0,1.0,1.0,Longo da via,Bom,Não existe,Perfeito estado,Seca,Perfeito estado,R-6a,40 km/h,Dupla,"2405, EST DO ARRAIAL, Recife, Pernambuco, Brasil",-8.0267118,-34.9169003
5553,2019-06-26 14:24:00,SEM VÍTIMA,TAMARINEIRA,AV NORTE,4221,61.0,CIDADE,COLISÃO TRASEIRA,2.0,1.0,1.0,1.0,1.0,1.0,1.0,1.0,1.0,0.0,1.0,Longo da via,Bom,Não existe,Perfeito estado,Seca,Perfeito estado,R-6a,40 km/h,Dupla,"4221, AV NORTE, Recife, Pernambuco, Brasil",-8.027844,-34.903102
5384,2019-06-19 22:50:00,SEM VÍTIMA,TAMARINEIRA,RUA CONEGO BARATA,618,61.0,SUBURBIO,ABALROAMENTO LONGITUDINAL,1.0,1.0,1.0,1.0,1.0,1.0,1.0,1.0,1.0,0.0,1.0,Longo da via,Bom,Sem defeito,Perfeito estado,Seca,Perfeito estado,R-6a,40 km/h,Dupla,"618, RUA CONEGO BARATA, Recife, Pernambuco, Brasil",-8.0295267,-34.9004764
5556,2019-06-26 15:10:00,SEM VÍTIMA,TAMARINEIRA,RUA RICARDO HARDMAN,68,61.0,SUBURBIO,ABALROAMENTO LONGITUDINAL,2.0,1.0,1.0,1.0,1.0,1.0,1.0,1.0,1.0,0.0,1.0,Longo da via,Bom,Não existe,Perfeito estado,Seca,Perfeito estado,Outras,40 km/h,Dupla,"68, RUA RICARDO HARDMAN, Recife, Pernambuco, Brasil",-8.0368532,-34.901040187589246
10534,2019-11-22 10:28:00,SEM VÍTIMA,TAMARINEIRA,EST VELHA DE AGUA FRIA,554,61.0,SUBURBIO,ABALROAMENTO TRANSVERSAL,1.0,1.0,1.0,1.0,1.0,1.0,1.0,1.0,1.0,0.0,1.0,Longo da via,Bom,Não existe,Perfeito estado,Seca,Perfeito estado,R-6a,60 km/h,Dupla,"554, EST VELHA DE AGUA FRIA, Recife, Pernambuco, Brasil",-8.0368532,-34.901040187589246
11380,2019-12-12 08:09:00,COM VÍTIMA,TAMARINEIRA,RUA CONEGO BARATA, ,61.0,SUBURBIO,COLISÃO COM CICLISTA,1.0,1.0,1.0,1.0,1.0,1.0,1.0,1.0,1.0,1.0,1.0,Longo da via,Bom,Não existe,Perfeito estado,Seca,Perfeito estado,R-6a,60 km/h,Dupla," , RUA CONEGO BARATA, Recife, Pernambuco, Brasil",-8.0297041,-34.9004259
11379,2019-12-12 07:09:00,COM VÍTIMA,TAMARINEIRA,RUA CONEGO BARATA, ,61.0,SUBURBIO,COLISÃO COM CICLISTA,1.0,1.0,1.0,1.0,1.0,1.0,1.0,1.0,1.0,1.0,1.0,Longo da via,Bom,Não existe,Perfeito estado,Seca,Perfeito estado,R-6a,60 km/h,Dupla," , RUA CONEGO BARATA, Recife, Pernambuco, Brasil",-8.0297041,-34.9004259
1147,2019-02-11 09:57:00,SEM VÍTIMA,TAMARINEIRA,RUA JOSE CARVALHEIRA,35,61.0,SUBURBIO,ABALROAMENTO LONGITUDINAL,1.0,1.0,1.0,1.0,1.0,1.0,1.0,1.0,1.0,0.0,1.0,Longo da via,Bom,Não existe,Perfeito estado,Seca,Perfeito estado,Outras,60 km/h,Única,"35, RUA JOSE CARVALHEIRA, Recife, Pernambuco, Brasil",-8.0315881,-34.9045137
10516,2019-11-21 22:32:00,SEM VÍTIMA,TAMARINEIRA,EST VELHA DE AGUA FRIA,858,61.0,SUBURBIO,COLISÃO TRASEIRA,3.0,1.0,1.0,1.0,1.0,1.0,1.0,1.0,1.0,0.0,1.0,Longo da via,Bom,Não existe,Perfeito estado,Seca,Perfeito estado,Não há placas,60 km/h,Dupla,"858, EST VELHA DE AGUA FRIA, Recife, Pernambuco, Brasil",-8.0315881,-34.9045137
3080,2019-04-08 07:48:00,SEM VÍTIMA,TAMARINEIRA,EST VELHA DE AGUA FRIA, ,61.0,SUBURBIO,ABALROAMENTO TRANSVERSAL,1.0,1.0,1.0,1.0,1.0,1.0,1.0,1.0,1.0,0.0,1.0,Cruzamento,Bom,Não existe,Perfeito estado,Seca,Perfeito estado,R-6a,60 km/h,Dupla," , EST VELHA DE AGUA FRIA, Recife, Pernambuco, Brasil",-8.0315881,-34.9045137