,data_hora,natureza_acidente,bairro,endereco,numero,num_semaforo,sentido_via,tipo,auto,moto,ciclom,ciclista,pedestre,onibus,caminhao,viatura,outros,vitimas,vitimasfatais,acidente_verificado,tempo_clima,situacao_semaforo,sinalizacao,condicao_via,conservacao_via,situacao_placa,velocidade_max_via,mao_direcao,end,latitude,longitude
11774,2019-12-21 12:23:00,SEM VÍTIMA,TAMARINEIRA,EST VELHA DE AGUA FRIA,655A,253.0,CIDADE,ABALROAMENTO LONGITUDINAL,1.0,1.0,1.0,1.0,1.0,1.0,1.0,1.0,1.0,0.0,1.0,Longo da via,Bom,Não existe,Perfeito estado,Seca,Perfeito estado,Outras,60 km/h,Dupla,"655A, EST VELHA DE AGUA FRIA, Recife, Pernambuco, Brasil",-8.027844,-34.903102
2728,2019-03-28 14:11:00,COM VÍTIMA,TAMARINEIRA,AV PROFESSOR JOSE DOS ANJOS,521,253.0,SUBURBIO,COLISÃO COM CICLISTA,1.0,1.0,1.0,1.0,1.0,1.0,1.0,1.0,1.0,1.0,1.0,Esquina,Bom,Não existe,Perfeito estado,Seca,Perfeito estado,Placas Pare,40 km/h,Dupla,"521, AV PROFESSOR JOSE DOS ANJOS, Recife, Pernambuco, Brasil",-8.0267595,-34.9021924
577,2019-01-22 19:05:00,SEM VÍTIMA,TAMARINEIRA,RUA JOSE DE VASCONCELOS,130,253.0,SUBURBIO,CHOQUE VEÍCULO PARADO,2.0,1.0,1.0,1.0,1.0,1.0,1.0,1.0,1.0,0.0,1.0,Longo da via,Bom,Não existe,Perfeito estado,Seca,Perfeito estado,Não há placas,40 km/h,Dupla,"130, RUA JOSE DE VASCONCELOS, Recife, Pernambuco, Brasil",-8.0272982,-34.8999966
5904,2019-07-08 15:59:00,SEM VÍTIMA,TAMARINEIRA,AV NORTE, ,253.0,SUBURBIO,ABALROAMENTO TRANSVERSAL,1.0,1.0,1.0,1.0,1.0,1.0,1.0,1.0,1.0,0.0,1.0,Cruzamento,Bom,Sem defeito,Perfeito estado,Seca,Perfeito estado,Não há placas,40 km/h,Dupla," , AV NORTE, Recife, Pernambuco, Brasil",-8.027844,-34.903102
759,2019-01-30 12:08:00,SEM VÍTIMA,TAMARINEIRA,AV NORTE,3745,253.0,SUBURBIO,ABALROAMENTO TRANSVERSAL,1.0,1.0,1.0,1.0,1.0,1.0,1.0,1.0,1.0,0.0,1.0,Longo da via,Bom,Sem defeito,Perfeito estado,Seca,Perfeito estado,R-6a,40 km/h,Dupla,"3745, AV NORTE, Recife, Pernambuco, Brasil",-8.027844,-34.903102
9562,2019-10-28 17:17:00,SEM VÍTIMA,TAMARINEIRA,AV NORTE,3714,253.0,SUBURBIO,COLISÃO TRASEIRA,3.0,1.0,1.0,1.0,1.0,1.0,1.0,1.0,1.0,0.0,1.0,Longo da via,Bom,Não existe,Perfeito estado,Seca,Perfeito estado,Não há placas,60 km/h,Dupla,"3714, AV NORTE, Recife, Pernambuco, Brasil",-8.027844,-34.903102
3562,2019-04-23 12:03:00,SEM VÍTIMA,TAMARINEIRA,RUA CONEGO BARATA, ,253.0,SUBURBIO,ABALROAMENTO LONGITUDINAL,2.0,1.0,1.0,1.0,1.0,1.0,1.0,1.0,1.0,0.0,1.0,Longo da via,Bom,Sem defeito,Perfeito estado,Seca,Perfeito estado,R-6a,60 km/h,Dupla," , RUA CONEGO BARATA, Recife, Pernambuco, Brasil",-8.0297041,-34.9004259
7116,2019-08-17 13:05:00,SEM VÍTIMA,TAMARINEIRA,RUA SEBASTIAO ALVES,35,421.0,SUBURBIO,COLISÃO TRASEIRA,2.0,1.0,1.0,1.0,1.0,1.0,1.0,1.0,1.0,0.0,1.0,Longo da via,Bom,Sem defeito,Perfeito estado,Seca,Perfeito estado,Outras,60 km/h,Única,"35, RUA SEBASTIAO ALVES, Recife, Pernambuco, Brasil",-8.031301,-34.9055827
3445,2019-04-18 10:52:00,SEM VÍTIMA,TAMARINEIRA,RUA DR JOSE MARIA, ,253.0,SUBURBIO,ABALROAMENTO TRANSVERSAL,2.0,1.0,1.0,1.0,1.0,1.0,1.0,1.0,1.0,0.0,1.0,Cruzamento,Bom,Sem defeito,Perfeito estado,Seca,Perfeito estado,R-6a,30 km/h,Única," , RUA DR JOSE MARIA, Recife, Pernambuco, Brasil",-8.031301,-34.9055827
5932,2019-07-09 19:41:00,COM VÍTIMA,TAMARINEIRA,RUA JOAO TUDE DE MELO, ,10.0,SUBURBIO,ABALROAMENTO LONGITUDINAL,1.0,1.0,1.0,1.0,1.0,1.0,1.0,1.0,1.0,1.0,1.0,Cruzamento,Bom,Sem defeito,Perfeito estado,Seca,Perfeito estado,R-6a,30 km/h,Dupla," , RUA JOAO TUDE DE MELO, Recife, Pernambuco, Brasil",-8.0354138,-34.9090523
2379,2019-03-18 22:35:00,COM VÍTIMA,TAMARINEIRA,RUA CONEGO BARATA, ,10.0,SUBURBIO,ABALROAMENTO LONGITUDINAL,1.0,1.0,1.0,1.0,1.0,1.0,1.0,1.0,1.0,1.0,1.0,Longo da via,Bom,Não existe,Perfeito estado,Seca,Perfeito estado,Não há placas,30 km/h,Dupla," , RUA CONEGO BARATA, Recife, Pernambuco, Brasil",-8.0297041,-34.9004259
7154,2019-08-19 12:15:00,SEM VÍTIMA,TAMARINEIRA,RUA SOARES MORENO, ,10.0,SUBURBIO,ABALROAMENTO LONGITUDINAL,1.0,1.0,1.0,1.0,1.0,1.0,1.0,1.0,1.0,0.0,1.0,Longo da via,Bom,Não existe,Não existente,Seca,Perfeito estado,Não há placas,30 km/h,Dupla," , RUA SOARES MORENO, Recife, Pernambuco, Brasil",-8.0291807,-34.9046171
6357,2019-07-24 12:37:00,SEM VÍTIMA,TAMARINEIRA,AV NORTE, ,62.0,CIDADE,COLISÃO TRASEIRA,2.0,1.0,1.0,1.0,1.0,1.0,1.0,1.0,1.0,0.0,1.0,Longo da via,Chuvoso,Sem defeito,Perfeito estado,Molhada,Perfeito estado,Outras,30 km/h,Dupla," , AV NORTE, Recife, Pernambuco, Brasil",-8.027844,-34.903102
4448,2019-05-21 12:50:00,SEM VÍTIMA,TAMARINEIRA,AV CONS ROSA E SILVA, ,253.0,SUBURBIO,ABALROAMENTO LONGITUDINAL,1.0,1.0,1.0,1.0,1.0,1.0,1.0,1.0,1.0,0.0,1.0,Cruzamento,Chuvoso,Sem defeito,Perfeito estado,Molhada,Perfeito estado,Outras,30 km/h,Dupla," , AV CONS ROSA E SILVA, Recife, Pernambuco, Brasil",-8.027844,-34.903102
7946,2019-09-12 20:46:00,SEM VÍTIMA,TAMARINEIRA,AV CONS ROSA E SILVA,2175,61.0,SUBURBIO,ABALROAMENTO LONGITUDINAL,2.0,1.0,1.0,1.0,1.0,1.0,1.0,1.0,1.0,0.0,1.0,Longo da via,Bom,Sem defeito,Perfeito estado,Seca,Perfeito estado,Não há placas,30 km/h,Única,"2175, AV CONS ROSA E SILVA, Recife, Pernambuco, Brasil",-8.027844,-34.903102
8964,2019-10-11 09:38:00,SEM VÍTIMA,TAMARINEIRA,RUA AFONSO CELSO,246,61.0,SUBURBIO,COLISÃO TRASEIRA,2.0,1.0,1.0,1.0,1.0,1.0,1.0,1.0,1.0,0.0,1.0,Longo da via,Bom,Não existe,Não existente,Seca,Perfeito estado,Não há placas,30 km/h,Única,"246, RUA AFONSO CELSO, Recife, Pernambuco, Brasil",-8.0317089,-34.9072721
1721,2019-02-27 08:12:00,SEM VÍTIMA,TAMARINEIRA,AV NORTE, ,364.0,CIDADE,ABALROAMENTO LONGITUDINAL,2.0,1.0,1.0,1.0,1.0,1.0,2.0,1.0,1.0,0.0,1.0,Longo da via,Bom,Sem defeito,Perfeito estado,Seca,Perfeito estado,Outras,30 km/h,Dupla," , AV NORTE, Recife, Pernambuco, Brasil",-8.027844,-34.903102
5299,2019-06-17 10:32:00,SEM VÍTIMA,TAMARINEIRA,AV NORTE,3630,364.0,CIDADE,COLISÃO,2.0,1.0,1.0,1.0,1.0,1.0,2.0,1.0,1.0,0.0,1.0,Longo da via,Bom,Sem defeito,Perfeito estado,Seca,Perfeito estado,Outras,30 km/h,Dupla,"3630, AV NORTE, Recife, Pernambuco, Brasil",-8.027844,-34.903102
4520,2019-05-23 17:46:00,SEM VÍTIMA,TAMARINEIRA,EST DO ARRAIAL,2968,364.0,SUBURBIO,ABALROAMENTO LONGITUDINAL,1.0,1.0,1.0,1.0,1.0,1.0,2.0,1.0,1.0,0.0,1.0,Longo da via,Bom,Sem defeito,Perfeito estado,Seca,Perfeito estado,Outras,40 km/h,Única,"2968, EST DO ARRAIAL, Recife, Pernambuco, Brasil",-8.0267118,-34.9169003
10631,2019-11-25 10:44:00,SEM VÍTIMA,TAMARINEIRA,AV NORTE, ,62.0,SUBURBIO,COLISÃO TRASEIRA,2.0,1.0,1.0,1.0,1.0,1.0,2.0,1.0,1.0,0.0,1.0,Cruzamento,Bom,Sem defeito,Perfeito estado,Seca,Perfeito estado,Outras,60 km/h,Dupla," , AV NORTE, Recife, Pernambuco, Brasil",-8.027844,-34.903102
2414,2019-03-19 16:48:00,SEM VÍTIMA,TAMARINEIRA,AV NORTE,3684,62.0,SUBURBIO,COLISÃO TRASEIRA,2.0,1.0,1.0,1.0,1.0,1.0,2.0,1.0,1.0,0.0,1.0,Longo da via,Bom,Não existe,Perfeito estado,Seca,Perfeito estado,Outras,60 km/h,Única,"3684, AV NORTE, Recife, Pernambuco, Brasil",-8.027844,-34.903102
7095,2019-08-16 18:37:00,SEM VÍTIMA,TAMARINEIRA,AV NORTE, ,62.0,CIDADE,ABALROAMENTO LONGITUDINAL,1.0,1.0,1.0,1.0,1.0,1.0,2.0,1.0,1.0,0.0,1.0,Longo da via,Bom,Sem defeito,Perfeito estado,Seca,Perfeito estado,Outras,60 km/h,Dupla," , AV NORTE, Recife, Pernambuco, Brasil",-8.027844,-34.903102
7007,2019-08-14 15:47:00,SEM VÍTIMA,TAMARINEIRA,AV NORTE, ,62.0,SUBURBIO,ABALROAMENTO LONGITUDINAL,2.0,1.0,1.0,1.0,1.0,1.0,2.0,1.0,1.0,0.0,1.0,Longo da via,Chuvoso,Não existe,Perfeito estado,Molhada,Perfeito estado,Outras,60 km/h,Dupla," , AV NORTE, Recife, Pernambuco, Brasil",-8.027844,-34.903102
5135,2019-06-12 10:13:00,COM VÍTIMA,TAMARINEIRA,AV NORTE,3798,62.0,SUBURBIO,ABALROAMENTO LONGITUDINAL,2.0,2.0,1.0,1.0,1.0,1.0,2.0,1.0,1.0,1.0,1.0,Longo da via,Bom,Sem defeito,Perfeito estado,Seca,Perfeito estado,Outras,60 km/h,Dupla,"3798, AV NORTE, Recife, Pernambuco, Brasil",-8.027844,-34.903102
7909,2019-09-12 07:13:00,SEM VÍTIMA,TAMARINEIRA,RUA NETO DE MENDONCA,100,62.0,SUBURBIO,ABALROAMENTO LONGITUDINAL,2.0,2.0,1.0,1.0,1.0,1.0,2.0,1.0,1.0,0.0,1.0,Longo da via,Bom,Não existe,Perfeito estado,Seca,Perfeito estado,Não há placas,60 km/h,Dupla,"100, RUA NETO DE MENDONCA, Recife, Pernambuco, Brasil",-8.0352551,-34.9001755
2331,2019-03-17 22:05:00,SEM VÍTIMA,TAMARINEIRA,RUA CONEGO BARATA, ,62.0,SUBURBIO,ABALROAMENTO LONGITUDINAL,2.0,2.0,1.0,1.0,1.0,1.0,2.0,1.0,1.0,0.0,1.0,Longo da via,Bom,Não existe,Perfeito estado,Seca,Perfeito estado,Não há placas,60 km/h,Única," , RUA CONEGO BARATA, Recife, Pernambuco, Brasil",-8.0297041,-34.9004259
9446,2019-10-24 13:58:00,SEM VÍTIMA,TAMARINEIRA,RUA PADRE ROMA,34,62.0,SUBURBIO,COLISÃO,2.0,2.0,1.0,1.0,1.0,1.0,2.0,1.0,1.0,0.0,1.0,Longo da via,Bom,Não existe,Perfeito estado,Seca,Perfeito estado,Não há placas,60 km/h,Única,"34, RUA PADRE ROMA, Recife, Pernambuco, Brasil",-8.033081,-34.9039359
2420,2019-03-19 22:16:00,SEM VÍTIMA,TAMARINEIRA,AV PROFESSOR JOSE DOS ANJOS, ,62.0,SUBURBIO,COLISÃO TRASEIRA,2.0,2.0,1.0,1.0,1.0,1.0,2.0,1.0,1.0,0.0,1.0,Longo da via,Bom,Não existe,Perfeito estado,Seca,Perfeito estado,Não há placas,60 km/h,Dupla," , AV PROFESSOR JOSE DOS ANJOS, Recife, Pernambuco, Brasil",-8.0274596,-34.8891438
11608,2019-12-17 14:10:00,SEM VÍTIMA,TAMARINEIRA,RUA CONEGO BARATA, ,347.0,SUBURBIO,COLISÃO TRASEIRA,1.0,2.0,1.0,1.0,1.0,1.0,1.0,1.0,1.0,0.0,1.0,Longo da via,Bom,Sem defeito,Perfeito estado,Seca,Perfeito estado,R-6a,50 km/h,Dupla," , RUA CONEGO BARATA, Recife, Pernambuco, Brasil",-8.0297041,-34.9004259
11554,2019-12-16 12:42:00,COM VÍTIMA,TAMARINEIRA,RUA CONEGO BARATA, ,347.0,SUBURBIO,ATROPELAMENTO,1.0,2.0,1.0,1.0,1.0,1.0,1.0,1.0,1.0,1.0,1.0,Longo da via,Bom,Não existe,Perfeito estado,Seca,Perfeito estado,R-6a,50 km/h,Dupla," , RUA CONEGO BARATA, Recife, Pernambuco, Brasil",-8.0297041,-34.9004259
4298,2019-05-16 16:07:00,SEM VÍTIMA,TAMARINEIRA,AV CONS ROSA E SILVA,1969,347.0,SUBURBIO,ABALROAMENTO LONGITUDINAL,2.0,2.0,1.0,1.0,1.0,1.0,1.0,1.0,1.0,0.0,1.0,Longo da via,Bom,Não existe,Perfeito estado,Seca,Perfeito estado,Outras,50 km/h,Única,"1969, AV CONS ROSA E SILVA, Recife, Pernambuco, Brasil",-8.0297041,-34.9004259
5971,2019-07-10 22:59:00,SEM VÍTIMA,TAMARINEIRA,RUA PADRE ROMA,191,347.0,SUBURBIO,COLISÃO,2.0,2.0,1.0,1.0,1.0,1.0,1.0,1.0,1.0,0.0,1.0,Longo da via,Bom,Não existe,Perfeito estado,Seca,Perfeito estado,Outras,50 km/h,Única,"191, RUA PADRE ROMA, Recife, Pernambuco, Brasil",-8.0339264,-34.905851
3376,2019-04-16 12:24:00,COM VÍTIMA,TAMARINEIRA,RUA GOMES COUTINHO,164,347.0,SUBURBIO,ABALROAMENTO LONGITUDINAL,1.0,1.0,1.0,1.0,1.0,1.0,1.0,1.0,1.0,1.0,1.0,Esquina,Bom,Sem defeito,Perfeito estado,Seca,Perfeito estado,R-4b,30 km/h,Única,"164, RUA GOMES COUTINHO, Recife, Pernambuco, Brasil",-8.0285779,-34.9054118
5926,2019-07-09 14:29:00,SEM VÍTIMA,TAMARINEIRA,AV NORTE,42,347.0,CIDADE,COLISÃO TRASEIRA,2.0,1.0,1.0,1.0,1.0,1.0,1.0,1.0,1.0,0.0,1.0,Longo da via,Bom,Sem defeito,Perfeito estado,Seca,Perfeito estado,R-6a,30 km/h,Dupla,"42, AV NORTE, Recife, Pernambuco, Brasil",-8.027844,-34.903102
10024,2019-11-09 03:03:00,COM VÍTIMA,TAMARINEIRA,AV CONS ROSA E SILVA,1997,253.0,SUBURBIO,ABALROAMENTO LONGITUDINAL,1.0,1.0,1.0,1.0,1.0,1.0,1.0,1.0,1.0,1.0,1.0,Cruzamento,Bom,Sem defeito,Perfeito estado,Seca,Perfeito estado,Não há placas,30 km/h,Única,"1997, AV CONS ROSA E SILVA, Recife, Pernambuco, Brasil",-8.027844,-34.903102
5985,2019-07-11 09:56:00,SEM VÍTIMA,TAMARINEIRA,RUA SILVEIRA DE CARVALHO, ,253.0,SUBURBIO,ABALROAMENTO LONGITUDINAL,2.0,1.0,1.0,1.0,1.0,1.0,1.0,1.0,1.0,0.0,1.0,Longo da via,Bom,Não existe,Não existente,Seca,Perfeito estado,Não há placas,30 km/h,Dupla," , RUA SILVEIRA DE CARVALHO, Recife, Pernambuco, Brasil",-8.0276728,-34.9006318
10158,2019-11-12 14:56:00,SEM VÍTIMA,TEJIPIÓ,RUA GENERAL MANUEL RABELO, ,253.0,SUBURBIO,COLISÃO,1.0,1.0,1.0,1.0,1.0,1.0,1.0,1.0,1.0,0.0,1.0,Longo da via,Bom,Não existe,Não existente,Seca,Perfeito estado,Não há placas,30 km/h,Dupla," , RUA GENERAL MANUEL RABELO, Recife, Pernambuco, Brasil",-8.0942371,-34.9235147
4893,2019-06-04 21:37:00,COM VÍTIMA,TEJIPIÓ,AV DR JOSE RUFINO, ,3220.0,CIDADE,CHOQUE OBJETO FIXO,1.0,1.0,1.0,1.0,1.0,1.0,1.0,1.0,1.0,1.0,1.0,Longo da via,Bom,Sem defeito,Perfeito estado,Seca,Perfeito estado,Outras,30 km/h,Dupla," , AV DR JOSE RUFINO, Recife, Pernambuco, Brasil",-8.0942371,-34.9235147
3504,2019-04-21 13:37:00,SEM VÍTIMA,TEJIPIÓ,RUA FALCAO DE LACERDA,194,3220.0,SUBURBIO,ABALROAMENTO LONGITUDINAL,1.0,1.0,1.0,1.0,1.0,1.0,1.0,1.0,1.0,0.0,1.0,Longo da via,Bom,Não existe,Perfeito estado,Seca,Perfeito estado,Não há placas,40 km/h,Dupla,"194, RUA FALCAO DE LACERDA, Recife, Pernambuco, Brasil",-8.5086986,-35.38427
1268,2019-02-14 08:44:00,SEM VÍTIMA,TEJIPIÓ,RUA QUINZE DE NOVEMBRO, ,3220.0,CIDADE,ABALROAMENTO LONGITUDINAL,1.0,1.0,1.0,1.0,1.0,1.0,1.0,1.0,1.0,0.0,1.0,Longo da via,Bom,Não existe,Incompleta,Seca,Perfeito estado,R-6a,40 km/h,Dupla," , RUA QUINZE DE NOVEMBRO, Recife, Pernambuco, Brasil",-8.0916706,-34.9625536
247,2019-01-10 15:12:00,SEM VÍTIMA,TEJIPIÓ,RUA QUEIRA DEUS,14B,3220.0,CIDADE,COLISÃO,1.0,1.0,1.0,1.0,1.0,1.0,1.0,1.0,1.0,0.0,1.0,Longo da via,Bom,Não existe,Incompleta,Seca,Perfeito estado,R-6a,40 km/h,Dupla,"14B, RUA QUEIRA DEUS, Recife, Pernambuco, Brasil",-8.0934888,-34.9605751
887,2019-02-03 12:58:00,SEM VÍTIMA,TEJIPIÓ,AV DR JOSE RUFINO, ,208.0,SUBURBIO,COLISÃO TRASEIRA,2.0,1.0,1.0,1.0,1.0,1.0,1.0,1.0,1.0,0.0,1.0,Longo da via,Chuvoso,Sem defeito,Perfeito estado,Seca,Perfeito estado,R-6a,40 km/h,Dupla," , AV DR JOSE RUFINO, Recife, Pernambuco, Brasil",-8.0934888,-34.9605751
6840,2019-08-09 12:20:00,SEM VÍTIMA,TEJIPIÓ,AV LIBERDADE, ,208.0,SUBURBIO,ABALROAMENTO TRANSVERSAL,1.0,1.0,1.0,1.0,1.0,1.0,1.0,1.0,1.0,0.0,1.0,Longo da via,Chuvoso,Não existe,Não existente,Molhada,Mal conservada,Não há placas,40 km/h,Dupla," , AV LIBERDADE, Recife, Pernambuco, Brasil",-8.0871651,-34.952667
4442,2019-05-21 08:57:00,SEM VÍTIMA,TEJIPIÓ,RUA APRIGIO GUIMARAES,883,208.0,CIDADE,ABALROAMENTO LONGITUDINAL,2.0,1.0,1.0,1.0,1.0,1.0,1.0,1.0,1.0,0.0,1.0,Longo da via,Chuvoso,Não existe,Não existente,Seca,Perfeito estado,Não há placas,40 km/h,Dupla,"883, RUA APRIGIO GUIMARAES, Recife, Pernambuco, Brasil",-8.0874357,-34.9620155
3293,2019-04-13 22:24:00,SEM VÍTIMA,TEJIPIÓ,RUA FALCAO DE LACERDA, ,208.0,CIDADE,COLISÃO,2.0,1.0,1.0,1.0,1.0,1.0,1.0,1.0,1.0,0.0,1.0,Longo da via,Chuvoso,Não existe,Não existente,Seca,Perfeito estado,Não há placas,40 km/h,Dupla," , RUA FALCAO DE LACERDA, Recife, Pernambuco, Brasil",-8.5086986,-35.38427
7638,2019-09-03 18:25:00,SEM VÍTIMA,TEJIPIÓ,AV DR JOSE RUFINO, ,208.0,SUBURBIO,COLISÃO TRASEIRA,2.0,1.0,1.0,1.0,1.0,1.0,1.0,1.0,1.0,0.0,1.0,Longo da via,Bom,Não existe,Perfeito estado,Seca,Perfeito estado,Não há placas,40 km/h,Dupla," , AV DR JOSE RUFINO, Recife, Pernambuco, Brasil",-8.5086986,-35.38427
9260,2019-10-18 18:52:00,COM VÍTIMA,TEJIPIÓ,AV DR JOSE RUFINO,2923,208.0,SUBURBIO,ABALROAMENTO LONGITUDINAL,1.0,1.0,1.0,1.0,1.0,1.0,1.0,1.0,1.0,2.0,1.0,Longo da via,Chuvoso,Não existe,Perfeito estado,Molhada,Perfeito estado,Outras,40 km/h,Dupla,"2923, AV DR JOSE RUFINO, Recife, Pernambuco, Brasil",-8.5086986,-35.38427
9478,2019-10-25 14:09:00,SEM VÍTIMA,TEJIPIÓ,RUA GENERAL MANUEL RABELO, ,208.0,SUBURBIO,ENGAVETAMENTO,4.0,1.0,1.0,1.0,1.0,1.0,1.0,1.0,1.0,0.0,1.0,Longo da via,Chuvoso,Não existe,Perfeito estado,Molhada,Perfeito estado,Outras,40 km/h,Dupla," , RUA GENERAL MANUEL RABELO, Recife, Pernambuco, Brasil",-8.0942371,-34.9235147
7526,2019-08-31 05:30:00,COM VÍTIMA,TEJIPIÓ,RUA DO SANCHO, ,208.0,SUBURBIO,COLISÃO,1.0,1.0,1.0,1.0,1.0,1.0,1.0,1.0,1.0,1.0,1.0,Longo da via,Chuvoso,Não existe,Perfeito estado,Molhada,Perfeito estado,Outras,40 km/h,Dupla," , RUA DO SANCHO, Recife, Pernambuco, Brasil",-8.088705,-34.9580294
4738,2019-05-30 22:05:00,SEM VÍTIMA,TEJIPIÓ,RUA CARLOS XAVIER PAES BARRETO, ,208.0,CIDADE,ABALROAMENTO LONGITUDINAL,3.0,1.0,1.0,1.0,1.0,1.0,1.0,1.0,1.0,0.0,1.0,Longo da via,Bom,Não existe,Perfeito estado,Seca,Perfeito estado,Não há placas,40 km/h,Dupla," , RUA CARLOS XAVIER PAES BARRETO, Recife, Pernambuco, Brasil",-8.0917941,-34.9639698
3360,2019-04-16 08:22:00,SEM VÍTIMA,TEJIPIÓ,AV DR JOSE RUFINO, ,434.0,CIDADE,COLISÃO TRASEIRA,2.0,1.0,1.0,1.0,1.0,1.0,1.0,1.0,1.0,0.0,1.0,Longo da via,Bom,Sem defeito,Perfeito estado,Seca,Perfeito estado,Outras,40 km/h,Dupla," , AV DR JOSE RUFINO, Recife, Pernambuco, Brasil",-8.0917941,-34.9639698
3354,2019-04-15 22:30:00,COM VÍTIMA,TEJIPIÓ,AV DR JOSE RUFINO,2802,434.0,CIDADE,COLISÃO,1.0,1.0,1.0,1.0,1.0,1.0,1.0,1.0,1.0,2.0,1.0,Longo da via,Bom,Sem defeito,Perfeito estado,Seca,Perfeito estado,Outras,40 km/h,Dupla,"2802, AV DR JOSE RUFINO, Recife, Pernambuco, Brasil",-8.0917941,-34.9639698
8911,2019-10-09 16:59:00,SEM VÍTIMA,TEJIPIÓ,AV DR JOSE RUFINO, ,434.0,CIDADE,COLISÃO,1.0,1.0,1.0,1.0,1.0,2.0,1.0,1.0,1.0,0.0,1.0,Longo da via,Bom,Sem defeito,Perfeito estado,Seca,Perfeito estado,Outras,40 km/h,Dupla," , AV DR JOSE RUFINO, Recife, Pernambuco, Brasil",-8.0917941,-34.9639698
831,2019-02-01 09:37:00,SEM VÍTIMA,TEJIPIÓ,AV DR JOSE RUFINO, ,434.0,SUBURBIO,ABALROAMENTO TRANSVERSAL,2.0,1.0,1.0,1.0,1.0,2.0,1.0,1.0,1.0,0.0,1.0,Longo da via,Bom,Não existe,Perfeito estado,Seca,Perfeito estado,Outras,40 km/h,Dupla," , AV DR JOSE RUFINO, Recife, Pernambuco, Brasil",-8.0917941,-34.9639698
6978,2019-08-13 22:18:00,COM VÍTIMA,TEJIPIÓ,RUA FALCAO DE LACERDA, ,285.0,SUBURBIO,COLISÃO FRONTAL,1.0,1.0,1.0,1.0,1.0,2.0,1.0,1.0,1.0,1.0,1.0,Outros,Bom,Sem defeito,Perfeito estado,Seca,Perfeito estado,Não há placas,40 km/h,Dupla," , RUA FALCAO DE LACERDA, Recife, Pernambuco, Brasil",-8.5086986,-35.38427
7934,2019-09-12 15:14:00,SEM VÍTIMA,TEJIPIÓ,RUA FALCAO DE LACERDA,515,285.0,CIDADE,ABALROAMENTO LONGITUDINAL,1.0,1.0,1.0,1.0,1.0,2.0,1.0,1.0,1.0,0.0,1.0,Longo da via,Bom,Não existe,Perfeito estado,Seca,Perfeito estado,Não há placas,40 km/h,Dupla,"515, RUA FALCAO DE LACERDA, Recife, Pernambuco, Brasil",-8.5086986,-35.38427
4803,2019-06-02 09:14:00,COM VÍTIMA,TEJIPIÓ,AV DR JOSE RUFINO, ,285.0,SUBURBIO,ABALROAMENTO LONGITUDINAL,1.0,1.0,1.0,1.0,1.0,2.0,1.0,1.0,1.0,1.0,1.0,Longo da via,Bom,Não existe,Perfeito estado,Seca,Perfeito estado,Não há placas,40 km/h,Dupla," , AV DR JOSE RUFINO, Recife, Pernambuco, Brasil",-8.5086986,-35.38427
10173,2019-11-12 21:57:00,SEM VÍTIMA,TEJIPIÓ,AV DR JOSE RUFINO, ,434.0,SUBURBIO,ABALROAMENTO LONGITUDINAL,1.0,1.0,1.0,1.0,1.0,2.0,1.0,1.0,1.0,0.0,1.0,Longo da via,Bom,Sem defeito,Perfeito estado,Seca,Perfeito estado,Não há placas,40 km/h,Dupla," , AV DR JOSE RUFINO, Recife, Pernambuco, Brasil",-8.5086986,-35.38427
9780,2019-11-03 00:41:00,SEM VÍTIMA,TEJIPIÓ,AV DR JOSE RUFINO,2612,434.0,SUBURBIO,COLISÃO TRASEIRA,2.0,1.0,1.0,1.0,1.0,2.0,1.0,1.0,1.0,0.0,1.0,Longo da via,Bom,Não existe,Perfeito estado,Seca,Perfeito estado,Não há placas,40 km/h,Dupla,"2612, AV DR JOSE RUFINO, Recife, Pernambuco, Brasil",-8.5086986,-35.38427
9389,2019-10-22 18:49:00,SEM VÍTIMA,TEJIPIÓ,AV DR JOSE RUFINO, ,434.0,CIDADE,ABALROAMENTO LONGITUDINAL,1.0,1.0,1.0,1.0,1.0,1.0,1.0,1.0,1.0,0.0,1.0,Longo da via,Bom,Não existe,Perfeito estado,Seca,Perfeito estado,Não há placas,40 km/h,Dupla," , AV DR JOSE RUFINO, Recife, Pernambuco, Brasil",-8.5086986,-35.38427
7266,2019-08-22 12:02:00,SEM VÍTIMA,TEJIPIÓ,RUA FALCAO DE LACERDA,387,434.0,CIDADE,COLISÃO TRASEIRA,1.0,1.0,1.0,1.0,1.0,1.0,1.0,1.0,1.0,0.0,1.0,Longo da via,Bom,Sem defeito,Perfeito estado,Seca,Perfeito estado,Outras,40 km/h,Única,"387, RUA FALCAO DE LACERDA, Recife, Pernambuco, Brasil",-8.5086986,-35.38427
9971,2019-11-07 22:45:00,SEM VÍTIMA,TEJIPIÓ,RUA FALCAO DE LACERDA, ,434.0,SUBURBIO,ABALROAMENTO LONGITUDINAL,2.0,1.0,1.0,1.0,1.0,1.0,1.0,1.0,1.0,0.0,1.0,Longo da via,Bom,Desligado,Incompleta,Seca,Mal iluminada,R-6a,40 km/h,Dupla," , RUA FALCAO DE LACERDA, Recife, Pernambuco, Brasil",-8.5086986,-35.38427
1127,2019-02-10 15:18:00,SEM VÍTIMA,TEJIPIÓ,RUA FALCAO DE LACERDA,511,434.0,CIDADE,ABALROAMENTO TRANSVERSAL,1.0,1.0,1.0,1.0,1.0,1.0,1.0,1.0,1.0,0.0,1.0,Longo da via,Bom,Não existe,Perfeito estado,Seca,Perfeito estado,Outras,40 km/h,Dupla,"511, RUA FALCAO DE LACERDA, Recife, Pernambuco, Brasil",-8.5086986,-35.38427