,data_hora,natureza_acidente,bairro,endereco,numero,num_semaforo,sentido_via,tipo,auto,moto,ciclom,ciclista,pedestre,onibus,caminhao,viatura,outros,vitimas,vitimasfatais,acidente_verificado,tempo_clima,situacao_semaforo,sinalizacao,condicao_via,conservacao_via,situacao_placa,velocidade_max_via,mao_direcao,end,latitude,longitude
7195,2019-08-20 11:15:00,SEM VÍTIMA,TEJIPIÓ,AV DR JOSE RUFINO, ,434.0,CIDADE,COLISÃO TRASEIRA,1.0,1.0,1.0,1.0,1.0,1.0,1.0,1.0,1.0,0.0,1.0,Longo da via,Bom,Sem defeito,Perfeito estado,Seca,Perfeito estado,Outras,40 km/h,Única," , AV DR JOSE RUFINO, Recife, Pernambuco, Brasil",-8.5086986,-35.38427
1017,2019-02-07 11:31:00,SEM VÍTIMA,TEJIPIÓ,RUA FALCAO DE LACERDA,381,434.0,SUBURBIO,CHOQUE VEÍCULO PARADO,2.0,1.0,1.0,1.0,1.0,1.0,1.0,1.0,1.0,0.0,1.0,Longo da via,Bom,Não existe,Perfeito estado,Seca,Perfeito estado,Não há placas,40 km/h,Dupla,"381, RUA FALCAO DE LACERDA, Recife, Pernambuco, Brasil",-8.5086986,-35.38427
9448,2019-10-24 14:58:00,COM VÍTIMA,TEJIPIÓ,RUA FALCAO DE LACERDA,387,285.0,CIDADE,ABALROAMENTO TRANSVERSAL,1.0,1.0,1.0,1.0,1.0,1.0,1.0,1.0,1.0,1.0,1.0,Longo da via,Bom,Sem defeito,Perfeito estado,Seca,Perfeito estado,Outras,40 km/h,Dupla,"387, RUA FALCAO DE LACERDA, Recife, Pernambuco, Brasil",-8.5086986,-35.38427
450,2019-01-18 09:12:00,COM VÍTIMA,TEJIPIÓ,AV DR JOSE RUFINO, ,285.0,SUBURBIO,ABALROAMENTO TRANSVERSAL,2.0,1.0,1.0,1.0,1.0,1.0,1.0,1.0,1.0,1.0,1.0,Longo da via,Bom,Sem defeito,Perfeito estado,Seca,Perfeito estado,Não há placas,40 km/h,Dupla," , AV DR JOSE RUFINO, Recife, Pernambuco, Brasil",-8.5086986,-35.38427
7258,2019-08-22 08:52:00,SEM VÍTIMA,TEJIPIÓ,AV DR JOSE RUFINO,3190,285.0,SUBURBIO,ABALROAMENTO LONGITUDINAL,2.0,1.0,1.0,1.0,1.0,1.0,1.0,1.0,1.0,0.0,1.0,Longo da via,Bom,Não existe,Perfeito estado,Seca,Perfeito estado,R-6a,40 km/h,Dupla,"3190, AV DR JOSE RUFINO, Recife, Pernambuco, Brasil",-8.5086986,-35.38427
5491,2019-06-24 21:55:00,SEM VÍTIMA,TEJIPIÓ,RUA FALCAO DE LACERDA,5617,285.0,SUBURBIO,COLISÃO,2.0,1.0,1.0,1.0,1.0,1.0,1.0,1.0,1.0,0.0,1.0,Longo da via,Bom,Não existe,Perfeito estado,Seca,Perfeito estado,R-6a,40 km/h,Dupla,"5617, RUA FALCAO DE LACERDA, Recife, Pernambuco, Brasil",-8.5086986,-35.38427
9094,2019-10-14 20:09:00,COM VÍTIMA,TEJIPIÓ,RUA FALCAO DE LACERDA,233,285.0,SUBURBIO,ABALROAMENTO TRANSVERSAL,1.0,1.0,1.0,1.0,1.0,1.0,1.0,1.0,1.0,1.0,1.0,Longo da via,Chuvoso,Não existe,Perfeito estado,Molhada,Perfeito estado,Não há placas,40 km/h,Dupla,"233, RUA FALCAO DE LACERDA, Recife, Pernambuco, Brasil",-8.5086986,-35.38427
11757,2019-12-20 21:19:00,SEM VÍTIMA,TEJIPIÓ,AV DR JOSE RUFINO,3726,285.0,SUBURBIO,COLISÃO TRASEIRA,2.0,1.0,1.0,1.0,1.0,1.0,1.0,1.0,1.0,0.0,1.0,Longo da via,Bom,Não existe,Perfeito estado,Seca,Perfeito estado,Não há placas,40 km/h,Dupla,"3726, AV DR JOSE RUFINO, Recife, Pernambuco, Brasil",-8.5086986,-35.38427
11750,2019-12-20 18:18:00,SEM VÍTIMA,TEJIPIÓ,AV DR JOSE RUFINO, ,285.0,JABOATAO,COLISÃO,2.0,1.0,1.0,1.0,1.0,1.0,1.0,1.0,1.0,0.0,1.0,Longo da via,Bom,Não existe,Perfeito estado,Seca,Perfeito estado,Não há placas,40 km/h,Dupla," , AV DR JOSE RUFINO, Recife, Pernambuco, Brasil",-8.5086986,-35.38427
3735,2019-04-27 23:04:00,COM VÍTIMA,TEJIPIÓ,RUA FALCAO DE LACERDA,451,285.0,JABOATAO,COLISÃO FRONTAL,2.0,1.0,1.0,1.0,1.0,1.0,1.0,1.0,1.0,1.0,1.0,Longo da via,Bom,Sem defeito,Perfeito estado,Seca,Perfeito estado,Outras,40 km/h,Dupla,"451, RUA FALCAO DE LACERDA, Recife, Pernambuco, Brasil",-8.5086986,-35.38427
516,2019-01-21 11:06:00,SEM VÍTIMA,TEJIPIÓ,RUA GENERAL MANUEL RABELO,338,285.0,SUBURBIO,COLISÃO TRASEIRA,2.0,1.0,1.0,1.0,1.0,1.0,1.0,1.0,1.0,0.0,1.0,Longo da via,Bom,Não existe,Perfeito estado,Seca,Perfeito estado,Outras,40 km/h,Dupla,"338, RUA GENERAL MANUEL RABELO, Recife, Pernambuco, Brasil",-8.0942371,-34.9235147
1142,2019-02-11 08:11:00,COM VÍTIMA,TEJIPIÓ,RUA DO SANCHO,235,285.0,SUBURBIO,COLISÃO COM CICLISTA,1.0,1.0,1.0,1.0,1.0,1.0,1.0,1.0,1.0,1.0,1.0,Longo da via,Bom,Não existe,Perfeito estado,Seca,Perfeito estado,Outras,40 km/h,Dupla,"235, RUA DO SANCHO, Recife, Pernambuco, Brasil",-8.088705,-34.9580294
3254,2019-04-12 15:20:00,COM VÍTIMA,TEJIPIÓ,RUA FALCAO DE LACERDA,511,285.0,SUBURBIO,COLISÃO FRONTAL,2.0,1.0,1.0,1.0,1.0,1.0,1.0,1.0,1.0,1.0,1.0,Esquina,Bom,Não existe,Não existente,Seca,Perfeito estado,Não há placas,40 km/h,Dupla,"511, RUA FALCAO DE LACERDA, Recife, Pernambuco, Brasil",-8.5086986,-35.38427
11783,2019-12-21 15:33:00,COM VÍTIMA,TEJIPIÓ,AV DR JOSE RUFINO, ,285.0,SUBURBIO,ABALROAMENTO TRANSVERSAL,1.0,1.0,1.0,1.0,1.0,1.0,1.0,1.0,1.0,1.0,1.0,Longo da via,Bom,Não existe,Perfeito estado,Seca,Perfeito estado,Não há placas,40 km/h,Dupla," , AV DR JOSE RUFINO, Recife, Pernambuco, Brasil",-8.5086986,-35.38427
616,2019-01-24 11:15:00,SEM VÍTIMA,TEJIPIÓ,AV DR JOSE RUFINO,3131,208.0,CIDADE,ABALROAMENTO LONGITUDINAL,1.0,1.0,1.0,1.0,1.0,1.0,1.0,1.0,1.0,0.0,1.0,Longo da via,Bom,Sem defeito,Perfeito estado,Seca,Perfeito estado,Não há placas,40 km/h,Dupla,"3131, AV DR JOSE RUFINO, Recife, Pernambuco, Brasil",-8.5086986,-35.38427
7358,2019-08-25 13:18:00,SEM VÍTIMA,TEJIPIÓ,AV DR JOSE RUFINO, ,208.0,CIDADE,COLISÃO,2.0,1.0,1.0,1.0,1.0,1.0,1.0,1.0,1.0,0.0,1.0,Longo da via,Bom,Sem defeito,Perfeito estado,Seca,Perfeito estado,Não há placas,40 km/h,Dupla," , AV DR JOSE RUFINO, Recife, Pernambuco, Brasil",-8.5086986,-35.38427
1215,2019-02-12 17:17:00,SEM VÍTIMA,TEJIPIÓ,AV DR JOSE RUFINO,3843,208.0,CIDADE,COLISÃO TRASEIRA,1.0,1.0,1.0,1.0,1.0,1.0,1.0,1.0,1.0,0.0,1.0,Longo da via,Bom,Não existe,Perfeito estado,Seca,Perfeito estado,Outras,40 km/h,Dupla,"3843, AV DR JOSE RUFINO, Recife, Pernambuco, Brasil",-8.5086986,-35.38427
9786,2019-11-03 11:03:00,COM VÍTIMA,TEJIPIÓ,AV DR JOSE RUFINO,3131,208.0,CIDADE,COLISÃO FRONTAL,1.0,1.0,1.0,1.0,1.0,1.0,1.0,1.0,1.0,2.0,1.0,Longo da via,Bom,Sem defeito,Perfeito estado,Seca,Perfeito estado,Não há placas,40 km/h,Dupla,"3131, AV DR JOSE RUFINO, Recife, Pernambuco, Brasil",-8.5086986,-35.38427
5670,2019-06-30 14:55:00,SEM VÍTIMA,TEJIPIÓ,AV DR JOSE RUFINO,3030,156.0,CIDADE,COLISÃO TRASEIRA,2.0,1.0,1.0,1.0,1.0,1.0,1.0,1.0,1.0,0.0,1.0,Longo da via,Bom,Sem defeito,Perfeito estado,Seca,Perfeito estado,R-6a,40 km/h,Dupla,"3030, AV DR JOSE RUFINO, Recife, Pernambuco, Brasil",-8.5086986,-35.38427
929,2019-02-05 05:33:00,VÍTIMA FATAL,TEJIPIÓ,AV DR JOSE RUFINO,3579,156.0,CIDADE,COLISÃO COM CICLISTA,1.0,1.0,1.0,1.0,1.0,1.0,1.0,1.0,1.0,0.0,1.0,Longo da via,Chuvoso,Não existe,Perfeito estado,Molhada,Perfeito estado,Outras,40 km/h,Dupla,"3579, AV DR JOSE RUFINO, Recife, Pernambuco, Brasil",-8.5086986,-35.38427
6838,2019-08-09 10:55:00,SEM VÍTIMA,TEJIPIÓ,AV LIBERDADE, ,156.0,CIDADE,COLISÃO,1.0,1.0,1.0,1.0,1.0,1.0,1.0,1.0,1.0,0.0,1.0,Longo da via,Chuvoso,Não existe,Perfeito estado,Molhada,Perfeito estado,Outras,40 km/h,Dupla," , AV LIBERDADE, Recife, Pernambuco, Brasil",-8.0871651,-34.952667
8984,2019-10-11 17:40:00,SEM VÍTIMA,TEJIPIÓ,RUA QUINZE DE NOVEMBRO,501,156.0,SUBURBIO,ABALROAMENTO LONGITUDINAL,2.0,1.0,1.0,1.0,1.0,1.0,1.0,1.0,1.0,0.0,1.0,Longo da via,Bom,Não existe,Não existente,Seca,Perfeito estado,Não há placas,40 km/h,Dupla,"501, RUA QUINZE DE NOVEMBRO, Recife, Pernambuco, Brasil",-8.0912349,-34.9639571
4313,2019-05-17 07:17:00,SEM VÍTIMA,TEJIPIÓ,AV DR JOSE RUFINO, ,156.0,SUBURBIO,ABALROAMENTO TRANSVERSAL,2.0,1.0,1.0,1.0,1.0,1.0,1.0,1.0,1.0,0.0,1.0,Viaduto,Bom,Não existe,Incompleta,Seca,Perfeito estado,Não há placas,40 km/h,Dupla," , AV DR JOSE RUFINO, Recife, Pernambuco, Brasil",-8.0912349,-34.9639571
3214,2019-04-11 16:29:00,SEM VÍTIMA,TEJIPIÓ,AV DR JOSE RUFINO, ,434.0,CIDADE,COLISÃO,1.0,1.0,1.0,1.0,1.0,1.0,1.0,1.0,1.0,0.0,1.0,Viaduto,Bom,Não existe,Incompleta,Seca,Perfeito estado,Não há placas,40 km/h,Dupla," , AV DR JOSE RUFINO, Recife, Pernambuco, Brasil",-8.0912349,-34.9639571
5452,2019-06-22 12:09:00,SEM VÍTIMA,TEJIPIÓ,RUA GENERAL MANUEL RABELO,54,434.0,CIDADE,COLISÃO,1.0,1.0,1.0,1.0,1.0,1.0,1.0,1.0,1.0,0.0,1.0,Viaduto,Bom,Não existe,Incompleta,Seca,Perfeito estado,Não há placas,40 km/h,Dupla,"54, RUA GENERAL MANUEL RABELO, Recife, Pernambuco, Brasil",-8.0942371,-34.9235147
1151,2019-02-11 11:15:00,COM VÍTIMA,TEJIPIÓ,AV DR JOSE RUFINO,3152,434.0,CIDADE,COLISÃO TRASEIRA,1.0,1.0,1.0,1.0,1.0,1.0,1.0,1.0,1.0,1.0,1.0,Longo da via,Bom,Sem defeito,Perfeito estado,Seca,Perfeito estado,Não há placas,40 km/h,Dupla,"3152, AV DR JOSE RUFINO, Recife, Pernambuco, Brasil",-8.0942371,-34.9235147
3835,2019-04-30 17:45:00,SEM VÍTIMA,TEJIPIÓ,RUA PIRAMBOIA, ,434.0,CIDADE,COLISÃO,2.0,1.0,1.0,1.0,1.0,1.0,1.0,1.0,1.0,0.0,1.0,Longo da via,Bom,Sem defeito,Perfeito estado,Seca,Perfeito estado,Não há placas,40 km/h,Dupla," , RUA PIRAMBOIA, Recife, Pernambuco, Brasil",-8.0878585,-34.9628535
7583,2019-09-02 12:44:00,SEM VÍTIMA,TEJIPIÓ,RUA APRIGIO GUIMARAES,840,434.0,CIDADE,ABALROAMENTO LONGITUDINAL,1.0,1.0,1.0,1.0,1.0,1.0,1.0,1.0,1.0,0.0,1.0,Longo da via,Bom,Não existe,Incompleta,Seca,Perfeito estado,Outras,40 km/h,Dupla,"840, RUA APRIGIO GUIMARAES, Recife, Pernambuco, Brasil",-8.0869805,-34.9638978
397,2019-01-15 22:43:00,SEM VÍTIMA,TEJIPIÓ,AV PADRE IBIAPINA, ,434.0,CIDADE,COLISÃO FRONTAL,2.0,1.0,1.0,1.0,1.0,1.0,1.0,1.0,1.0,0.0,1.0,Longo da via,Bom,Não existe,Não existente,Seca,Mal iluminada,Não há placas,40 km/h,Dupla," , AV PADRE IBIAPINA, Recife, Pernambuco, Brasil",-8.0885618,-34.9563793
10281,2019-11-14 20:03:00,SEM VÍTIMA,TEJIPIÓ,AV DR JOSE RUFINO,3100,434.0,SUBURBIO,ABALROAMENTO LONGITUDINAL,2.0,1.0,1.0,1.0,1.0,1.0,1.0,1.0,1.0,0.0,1.0,Longo da via,Bom,Não existe,Perfeito estado,Seca,Perfeito estado,Não há placas,40 km/h,Única,"3100, AV DR JOSE RUFINO, Recife, Pernambuco, Brasil",-8.0885618,-34.9563793
9120,2019-10-15 12:58:00,SEM VÍTIMA,TEJIPIÓ,RUA FALCAO DE LACERDA,133,434.0,CIDADE,CHOQUE VEÍCULO PARADO,1.0,1.0,1.0,1.0,1.0,1.0,1.0,1.0,1.0,0.0,1.0,Longo da via,Bom,Não existe,Perfeito estado,Seca,Perfeito estado,R-19,40 km/h,Dupla,"133, RUA FALCAO DE LACERDA, Recife, Pernambuco, Brasil",-8.5086986,-35.38427
7915,2019-09-12 08:19:00,SEM VÍTIMA,TEJIPIÓ,AV DR JOSE RUFINO,2993,434.0,CIDADE,COLISÃO TRASEIRA,3.0,1.0,1.0,1.0,1.0,1.0,1.0,1.0,1.0,0.0,1.0,Longo da via,Bom,Não existe,Perfeito estado,Seca,Perfeito estado,R-6a,40 km/h,Dupla,"2993, AV DR JOSE RUFINO, Recife, Pernambuco, Brasil",-8.5086986,-35.38427
9594,2019-10-29 12:08:00,SEM VÍTIMA,TEJIPIÓ,RUA PIRAMBOIA,771,434.0,CIDADE,COLISÃO,1.0,1.0,1.0,1.0,1.0,1.0,1.0,1.0,1.0,0.0,1.0,Longo da via,Bom,Não existe,Perfeito estado,Seca,Perfeito estado,R-6a,40 km/h,Dupla,"771, RUA PIRAMBOIA, Recife, Pernambuco, Brasil",-8.0878585,-34.9628535
6574,2019-08-01 13:23:00,SEM VÍTIMA,TEJIPIÓ,AV PADRE IBIAPINA, ,434.0,CIDADE,CHOQUE VEÍCULO PARADO,2.0,1.0,1.0,1.0,1.0,1.0,1.0,1.0,1.0,0.0,1.0,Longo da via,Bom,Não existe,Incompleta,Seca,Perfeito estado,Não há placas,40 km/h,Dupla," , AV PADRE IBIAPINA, Recife, Pernambuco, Brasil",-8.0885618,-34.9563793
11095,2019-12-05 16:54:00,SEM VÍTIMA,TEJIPIÓ,AV DR JOSE RUFINO,360,91.0,CIDADE,COLISÃO,1.0,1.0,1.0,1.0,1.0,1.0,1.0,1.0,1.0,0.0,1.0,Longo da via,Bom,Não existe,Incompleta,Seca,Perfeito estado,Não há placas,40 km/h,Dupla,"360, AV DR JOSE RUFINO, Recife, Pernambuco, Brasil",-8.0885618,-34.9563793
10589,2019-11-23 14:48:00,SEM VÍTIMA,TEJIPIÓ,AV DR JOSE RUFINO,3579,91.0,CIDADE,CHOQUE OBJETO FIXO,1.0,1.0,1.0,1.0,1.0,1.0,1.0,1.0,1.0,0.0,1.0,Longo da via,Bom,Não existe,Incompleta,Seca,Perfeito estado,Não há placas,40 km/h,Dupla,"3579, AV DR JOSE RUFINO, Recife, Pernambuco, Brasil",-8.0885618,-34.9563793
4368,2019-05-18 16:06:00,SEM VÍTIMA,TEJIPIÓ,AV DR JOSE RUFINO, ,91.0,SUBURBIO,COLISÃO TRASEIRA,1.0,1.0,1.0,1.0,1.0,1.0,1.0,1.0,1.0,0.0,1.0,Longo da via,Bom,Não existe,Perfeito estado,Seca,Perfeito estado,R-19,50 km/h,Dupla," , AV DR JOSE RUFINO, Recife, Pernambuco, Brasil",-8.0885618,-34.9563793
10859,2019-12-01 01:00:00,SEM VÍTIMA,TEJIPIÓ,RUA SOLDADO JOAQUIM XAVIER,240,91.0,SUBURBIO,ABALROAMENTO LONGITUDINAL,2.0,1.0,1.0,1.0,1.0,1.0,1.0,1.0,1.0,0.0,1.0,Longo da via,Bom,Não existe,Não existente,Seca,Perfeito estado,Não há placas,50 km/h,Dupla,"240, RUA SOLDADO JOAQUIM XAVIER, Recife, Pernambuco, Brasil",-8.0905304,-34.9630554
2134,2019-03-12 14:37:00,SEM VÍTIMA,TEJIPIÓ,RUA TUTOIA, ,91.0,SUBURBIO,COLISÃO COM CICLISTA,1.0,1.0,1.0,1.0,1.0,1.0,1.0,1.0,1.0,0.0,1.0,Longo da via,Bom,Não existe,Não existente,Seca,Perfeito estado,Não há placas,50 km/h,Dupla," , RUA TUTOIA, Recife, Pernambuco, Brasil",-8.0928142,-34.9638443
5788,2019-07-04 10:43:00,SEM VÍTIMA,TEJIPIÓ,AV DR JOSE RUFINO,5735,91.0,SUBURBIO,COLISÃO,1.0,1.0,1.0,1.0,1.0,1.0,1.0,1.0,1.0,0.0,1.0,Longo da via,Bom,Não existe,Não existente,Seca,Perfeito estado,Não há placas,50 km/h,Dupla,"5735, AV DR JOSE RUFINO, Recife, Pernambuco, Brasil",-8.0928142,-34.9638443
2133,2019-03-12 14:34:00,COM VÍTIMA,TEJIPIÓ,AV DR JOSE RUFINO, ,156.0,CIDADE,ATROPELAMENTO,1.0,1.0,1.0,1.0,1.0,1.0,1.0,1.0,1.0,1.0,1.0,Longo da via,Chuvoso,Sem defeito,Perfeito estado,Seca,Perfeito estado,Outras,40 km/h,Dupla," , AV DR JOSE RUFINO, Recife, Pernambuco, Brasil",-8.0928142,-34.9638443
5787,2019-07-04 10:34:00,SEM VÍTIMA,TEJIPIÓ,RUA FALCAO DE LACERDA,457,285.0,SUBURBIO,ABALROAMENTO LONGITUDINAL,1.0,1.0,1.0,1.0,1.0,1.0,1.0,1.0,1.0,0.0,1.0,Longo da via,Bom,Sem defeito,Perfeito estado,Seca,Perfeito estado,Outras,40 km/h,Dupla,"457, RUA FALCAO DE LACERDA, Recife, Pernambuco, Brasil",-8.5086986,-35.38427
2237,2019-03-15 09:32:00,SEM VÍTIMA,TEJIPIÓ,AV DR JOSE RUFINO, ,285.0,CIDADE,ABALROAMENTO LONGITUDINAL,2.0,1.0,1.0,1.0,1.0,1.0,1.0,1.0,1.0,0.0,1.0,Longo da via,Bom,Sem defeito,Perfeito estado,Seca,Perfeito estado,Outras,40 km/h,Dupla," , AV DR JOSE RUFINO, Recife, Pernambuco, Brasil",-8.5086986,-35.38427
6330,2019-07-23 15:16:00,SEM VÍTIMA,TEJIPIÓ,RUA FALCAO DE LACERDA,381,285.0,SUBURBIO,CHOQUE VEÍCULO PARADO,2.0,1.0,1.0,1.0,1.0,1.0,1.0,1.0,1.0,0.0,1.0,Longo da via,Bom,Não existe,Perfeito estado,Seca,Perfeito estado,R-6a,40 km/h,Dupla,"381, RUA FALCAO DE LACERDA, Recife, Pernambuco, Brasil",-8.5086986,-35.38427
4360,2019-05-18 12:57:00,SEM VÍTIMA,TEJIPIÓ,AV LIBERDADE, ,434.0,CIDADE,COLISÃO TRASEIRA,2.0,1.0,1.0,1.0,1.0,1.0,1.0,1.0,1.0,0.0,1.0,Longo da via,Bom,Sem defeito,Perfeito estado,Seca,Perfeito estado,R-6a,40 km/h,Dupla," , AV LIBERDADE, Recife, Pernambuco, Brasil",-8.0871651,-34.952667
10713,2019-11-27 10:51:00,SEM VÍTIMA,TEJIPIÓ,AV DR JOSE RUFINO,3048,434.0,SUBURBIO,ABALROAMENTO TRANSVERSAL,2.0,1.0,1.0,1.0,1.0,1.0,1.0,1.0,1.0,0.0,1.0,Longo da via,Bom,Não existe,Perfeito estado,Seca,Perfeito estado,R-6a,40 km/h,Dupla,"3048, AV DR JOSE RUFINO, Recife, Pernambuco, Brasil",-8.0871651,-34.952667
2535,2019-03-22 15:12:00,COM VÍTIMA,TEJIPIÓ,RUA FALCAO DE LACERDA, ,91.0,CIDADE,ATROPELAMENTO,2.0,1.0,1.0,1.0,1.0,1.0,1.0,1.0,1.0,1.0,1.0,Longo da via,Bom,Sem defeito,Ilegível,Seca,Perfeito estado,Não há placas,40 km/h,Dupla," , RUA FALCAO DE LACERDA, Recife, Pernambuco, Brasil",-8.5086986,-35.38427
8465,2019-09-27 15:37:00,COM VÍTIMA,TEJIPIÓ,RUA DO SANCHO,90,91.0,SUBURBIO,COLISÃO COM CICLISTA,1.0,1.0,1.0,1.0,1.0,1.0,1.0,1.0,1.0,1.0,1.0,Longo da via,Bom,Não existe,Perfeito estado,Seca,Perfeito estado,Outras,40 km/h,Dupla,"90, RUA DO SANCHO, Recife, Pernambuco, Brasil",-8.088705,-34.9580294
6284,2019-07-22 07:45:00,COM VÍTIMA,TEJIPIÓ,RUA APRIGIO GUIMARAES,585,91.0,SUBURBIO,COLISÃO TRASEIRA,1.0,1.0,1.0,1.0,1.0,1.0,1.0,1.0,1.0,1.0,1.0,Longo da via,Chuvoso,Não existe,Não existente,Molhada,Perfeito estado,Não há placas,40 km/h,Dupla,"585, RUA APRIGIO GUIMARAES, Recife, Pernambuco, Brasil",-8.0874357,-34.9620155
6040,2019-07-12 22:36:00,SEM VÍTIMA,TEJIPIÓ,RUA FALCAO DE LACERDA, ,91.0,CIDADE,ABALROAMENTO LONGITUDINAL,1.0,1.0,1.0,1.0,1.0,1.0,1.0,1.0,1.0,0.0,1.0,Longo da via,Bom,Não existe,Ilegível,Seca,Mal iluminada,Não há placas,40 km/h,Dupla," , RUA FALCAO DE LACERDA, Recife, Pernambuco, Brasil",-8.5086986,-35.38427
4365,2019-05-18 15:01:00,SEM VÍTIMA,TEJIPIÓ,RUA GENERAL MANUEL RABELO,233,91.0,SUBURBIO,ABALROAMENTO TRANSVERSAL,2.0,1.0,1.0,1.0,1.0,1.0,1.0,1.0,1.0,0.0,1.0,Longo da via,Bom,Não existe,Perfeito estado,Seca,Perfeito estado,Não há placas,40 km/h,Dupla,"233, RUA GENERAL MANUEL RABELO, Recife, Pernambuco, Brasil",-8.0942371,-34.9235147
5849,2019-07-06 09:45:00,SEM VÍTIMA,TEJIPIÓ,AV DR JOSE RUFINO, ,434.0,SUBURBIO,ABALROAMENTO TRANSVERSAL,2.0,1.0,1.0,1.0,1.0,1.0,1.0,1.0,1.0,0.0,1.0,Outros,Bom,Sem defeito,Perfeito estado,Seca,Perfeito estado,Outras,40 km/h,Dupla," , AV DR JOSE RUFINO, Recife, Pernambuco, Brasil",-8.0942371,-34.9235147
6143,2019-07-17 10:09:00,SEM VÍTIMA,TEJIPIÓ,AV DR JOSE RUFINO,2835,434.0,SUBURBIO,COLISÃO TRASEIRA,2.0,1.0,1.0,1.0,1.0,1.0,1.0,1.0,1.0,0.0,1.0,Cruzamento,Bom,Não existe,Incompleta,Seca,Perfeito estado,Outras,40 km/h,Dupla,"2835, AV DR JOSE RUFINO, Recife, Pernambuco, Brasil",-8.0942371,-34.9235147
8248,2019-09-21 10:21:00,SEM VÍTIMA,TEJIPIÓ,AV DR JOSE RUFINO, ,156.0,CIDADE,COLISÃO,2.0,1.0,1.0,1.0,1.0,1.0,1.0,1.0,1.0,0.0,1.0,Cruzamento,Bom,Não existe,Incompleta,Seca,Perfeito estado,Outras,40 km/h,Dupla," , AV DR JOSE RUFINO, Recife, Pernambuco, Brasil",-8.0942371,-34.9235147
2570,2019-03-23 20:07:00,COM VÍTIMA,TEJIPIÓ,AV DR JOSE RUFINO, ,156.0,SUBURBIO,ATROPELAMENTO,2.0,1.0,1.0,1.0,1.0,1.0,1.0,1.0,1.0,1.0,1.0,Longo da via,Bom,Sem defeito,Perfeito estado,Seca,Perfeito estado,Não há placas,40 km/h,Dupla," , AV DR JOSE RUFINO, Recife, Pernambuco, Brasil",-8.0942371,-34.9235147
10638,2019-11-25 13:03:00,SEM VÍTIMA,TEJIPIÓ,AV LIBERDADE,53,156.0,SUBURBIO,ABALROAMENTO LONGITUDINAL,2.0,1.0,1.0,1.0,1.0,1.0,1.0,1.0,1.0,0.0,1.0,Longo da via,Bom,Não existe,Perfeito estado,Seca,Perfeito estado,Outras,40 km/h,Dupla,"53, AV LIBERDADE, Recife, Pernambuco, Brasil",-8.0165181,-34.8488931
4347,2019-05-18 00:20:00,COM VÍTIMA,TEJIPIÓ,AV DR JOSE RUFINO, ,156.0,SUBURBIO,ABALROAMENTO LONGITUDINAL,1.0,1.0,1.0,1.0,1.0,1.0,1.0,1.0,1.0,1.0,1.0,Longo da via,Bom,Não existe,Perfeito estado,Seca,Perfeito estado,Não há placas,60 km/h,Dupla," , AV DR JOSE RUFINO, Recife, Pernambuco, Brasil",-8.0165181,-34.8488931
2003,2019-03-08 13:15:00,COM VÍTIMA,TEJIPIÓ,AV DR JOSE RUFINO,3152,208.0,CIDADE,ABALROAMENTO LONGITUDINAL,1.0,1.0,1.0,1.0,1.0,1.0,1.0,1.0,1.0,1.0,1.0,Longo da via,Bom,Sem defeito,Perfeito estado,Seca,Perfeito estado,Não há placas,60 km/h,Dupla,"3152, AV DR JOSE RUFINO, Recife, Pernambuco, Brasil",-8.0165181,-34.8488931
6373,2019-07-25 11:42:00,SEM VÍTIMA,TEJIPIÓ,AV PADRE IBIAPINA,839,208.0,CIDADE,COLISÃO,2.0,1.0,1.0,1.0,1.0,1.0,1.0,1.0,1.0,0.0,1.0,Longo da via,Bom,Sem defeito,Perfeito estado,Seca,Perfeito estado,Não há placas,60 km/h,Dupla,"839, AV PADRE IBIAPINA, Recife, Pernambuco, Brasil",-8.0900114,-34.9569
1541,2019-02-22 05:17:00,VÍTIMA FATAL,TEJIPIÓ,AV LIBERDADE,533,208.0,SUBURBIO,CHOQUE OBJETO FIXO,1.0,1.0,1.0,1.0,1.0,1.0,1.0,1.0,1.0,1.0,1.0,Longo da via,Chuvoso,Não existe,Perfeito estado,Molhada,Perfeito estado,R-6a,60 km/h,Dupla,"533, AV LIBERDADE, Recife, Pernambuco, Brasil",-8.081547,-34.9650923
2582,2019-03-24 18:49:00,SEM VÍTIMA,TEJIPIÓ,RUA FALCAO DE LACERDA,447,285.0,CIDADE,CHOQUE VEÍCULO PARADO,1.0,1.0,1.0,1.0,1.0,1.0,1.0,1.0,1.0,0.0,1.0,Longo da via,Bom,Sem defeito,Incompleta,Seca,Mal iluminada,R-6a,50 km/h,Dupla,"447, RUA FALCAO DE LACERDA, Recife, Pernambuco, Brasil",-8.5086986,-35.38427
2343,2019-03-18 08:11:00,COM VÍTIMA,TEJIPIÓ,AV DR JOSE RUFINO,2984,156.0,CIDADE,ABALROAMENTO TRANSVERSAL,1.0,1.0,1.0,1.0,1.0,1.0,1.0,1.0,1.0,1.0,1.0,Longo da via,Chuvoso,Não existe,Perfeito estado,Molhada,Perfeito estado,R-6a,50 km/h,Dupla,"2984, AV DR JOSE RUFINO, Recife, Pernambuco, Brasil",-8.5086986,-35.38427
10782,2019-11-29 08:28:00,SEM VÍTIMA,TEJIPIÓ,AV DR JOSE RUFINO,3131,156.0,CIDADE,COLISÃO,2.0,1.0,1.0,1.0,1.0,1.0,1.0,1.0,1.0,0.0,1.0,Longo da via,Chuvoso,Não existe,Perfeito estado,Molhada,Perfeito estado,R-6a,50 km/h,Dupla,"3131, AV DR JOSE RUFINO, Recife, Pernambuco, Brasil",-8.5086986,-35.38427