,data_hora,natureza_acidente,bairro,endereco,numero,num_semaforo,sentido_via,tipo,auto,moto,ciclom,ciclista,pedestre,onibus,caminhao,viatura,outros,vitimas,vitimasfatais,acidente_verificado,tempo_clima,situacao_semaforo,sinalizacao,condicao_via,conservacao_via,situacao_placa,velocidade_max_via,mao_direcao,end,latitude,longitude
6505,2019-07-30 16:02:00,SEM VÍTIMA,TEJIPIÓ,AV DR JOSE RUFINO,3470,156.0,CIDADE,ABALROAMENTO TRANSVERSAL,2.0,1.0,1.0,1.0,1.0,1.0,1.0,1.0,1.0,0.0,1.0,Longo da via,Chuvoso,Não existe,Perfeito estado,Molhada,Perfeito estado,Não há placas,50 km/h,Dupla,"3470, AV DR JOSE RUFINO, Recife, Pernambuco, Brasil",-8.5086986,-35.38427
4573,2019-05-25 10:53:00,SEM VÍTIMA,TEJIPIÓ,RUA FALCAO DE LACERDA,672,156.0,JABOATÃO,COLISÃO,2.0,1.0,1.0,1.0,1.0,1.0,1.0,1.0,1.0,0.0,1.0,Longo da via,Chuvoso,Não existe,Perfeito estado,Molhada,Perfeito estado,Não há placas,50 km/h,Dupla,"672, RUA FALCAO DE LACERDA, Recife, Pernambuco, Brasil",-8.5086986,-35.38427
10937,2019-12-02 16:42:00,SEM VÍTIMA,TEJIPIÓ,AV DR JOSE RUFINO,299,156.0,JABOATÃO,COLISÃO,2.0,1.0,1.0,1.0,1.0,1.0,1.0,1.0,1.0,0.0,1.0,Longo da via,Chuvoso,Não existe,Perfeito estado,Molhada,Perfeito estado,Não há placas,50 km/h,Dupla,"299, AV DR JOSE RUFINO, Recife, Pernambuco, Brasil",-8.5086986,-35.38427
1761,2019-02-27 21:40:00,SEM VÍTIMA,TORRE,RUA JOSE BONIFACIO, ,156.0,JABOATÃO,COLISÃO,1.0,1.0,1.0,1.0,1.0,1.0,1.0,1.0,1.0,0.0,1.0,Longo da via,Chuvoso,Não existe,Perfeito estado,Molhada,Perfeito estado,Não há placas,50 km/h,Dupla," , RUA JOSE BONIFACIO, Recife, Pernambuco, Brasil",-8.0441236,-34.9076816
7815,2019-09-09 16:47:00,COM VÍTIMA,TORRE,RUA SOUZA BANDEIRA,11,156.0,JABOATÃO,ATROPELAMENTO,1.0,1.0,1.0,1.0,1.0,1.0,1.0,1.0,1.0,1.0,1.0,Longo da via,Bom,Não existe,Incompleta,Seca,Mal conservada,Outras,30 km/h,Dupla,"11, RUA SOUZA BANDEIRA, Recife, Pernambuco, Brasil",-8.0503561,-34.9184158
1760,2019-02-27 21:19:00,SEM VÍTIMA,TORRE,RUA JOSE BONIFACIO, ,156.0,SUBURBIO,ABALROAMENTO LONGITUDINAL,1.0,1.0,1.0,1.0,1.0,1.0,1.0,1.0,1.0,0.0,1.0,Longo da via,Bom,Não existe,Perfeito estado,Seca,Perfeito estado,Não há placas,30 km/h,Única," , RUA JOSE BONIFACIO, Recife, Pernambuco, Brasil",-8.0441236,-34.9076816
11462,2019-12-13 16:00:00,SEM VÍTIMA,TORRE,RUA DOM MANOEL DA COSTA, ,252.0,CIDADE,ABALROAMENTO LONGITUDINAL,1.0,1.0,1.0,1.0,1.0,1.0,1.0,1.0,1.0,0.0,1.0,Cruzamento,Bom,Sem defeito,Perfeito estado,Seca,Perfeito estado,R-6a,30 km/h,Única," , RUA DOM MANOEL DA COSTA, Recife, Pernambuco, Brasil",-8.0481442,-34.9141538
10709,2019-11-27 09:52:00,SEM VÍTIMA,TORRE,RUA MARCOS ANDRE, ,487.0,CIDADE,COLISÃO,1.0,1.0,1.0,1.0,1.0,1.0,1.0,1.0,1.0,0.0,1.0,Cruzamento,Bom,Sem defeito,Perfeito estado,Seca,Perfeito estado,R-6a,30 km/h,Única," , RUA MARCOS ANDRE, Recife, Pernambuco, Brasil",-8.0408655,-34.907843
1606,2019-02-23 14:01:00,SEM VÍTIMA,TORRE,RUA JOSE BONIFACIO, ,191.0,SUBURBIO,COLISÃO TRASEIRA,3.0,1.0,1.0,1.0,1.0,1.0,1.0,1.0,1.0,0.0,1.0,Cruzamento,Bom,Sem defeito,Perfeito estado,Seca,Perfeito estado,Não há placas,30 km/h,Única," , RUA JOSE BONIFACIO, Recife, Pernambuco, Brasil",-8.0441236,-34.9076816
3163,2019-04-10 10:35:00,SEM VÍTIMA,TORRE,RUA REAL DA TORRE,1645,191.0,SUBURBIO,COLISÃO,3.0,2.0,1.0,1.0,1.0,1.0,1.0,1.0,1.0,0.0,1.0,Cruzamento,Bom,Sem defeito,Perfeito estado,Seca,Perfeito estado,Não há placas,30 km/h,Única,"1645, RUA REAL DA TORRE, Recife, Pernambuco, Brasil",-8.0508853,-34.9082074
2303,2019-03-16 17:32:00,COM VÍTIMA,TORRE,RUA DOM MANOEL DA COSTA,468,191.0,CIDADE,CHOQUE VEÍCULO PARADO,1.0,1.0,1.0,1.0,1.0,1.0,1.0,1.0,1.0,2.0,1.0,Longo da via,Bom,Não existe,Perfeito estado,Seca,Perfeito estado,R-6a,30 km/h,Única,"468, RUA DOM MANOEL DA COSTA, Recife, Pernambuco, Brasil",-8.0481442,-34.9141538
9526,2019-10-27 10:07:00,SEM VÍTIMA,TORRE,RUA JOSE BONIFACIO, ,487.0,CIDADE,ABALROAMENTO LONGITUDINAL,2.0,1.0,1.0,1.0,1.0,1.0,1.0,1.0,1.0,0.0,1.0,Cruzamento,Bom,Sem defeito,Perfeito estado,Seca,Perfeito estado,R-6a,30 km/h,Única," , RUA JOSE BONIFACIO, Recife, Pernambuco, Brasil",-8.0441236,-34.9076816
6506,2019-07-30 16:11:00,SEM VÍTIMA,TORRE,RUA PIO NONO,435,487.0,SUBURBIO,COLISÃO TRASEIRA,1.0,1.0,1.0,1.0,1.0,1.0,1.0,1.0,1.0,0.0,1.0,Longo da via,Bom,Não existe,Perfeito estado,Seca,Perfeito estado,Outras,30 km/h,Dupla,"435, RUA PIO NONO, Recife, Pernambuco, Brasil",-8.0427544,-34.9114717
1607,2019-02-23 14:48:00,SEM VÍTIMA,TORRE,RUA JOSE BONIFACIO, ,487.0,191,ENGAVETAMENTO,3.0,1.0,1.0,1.0,1.0,1.0,1.0,1.0,1.0,0.0,1.0,Longo da via,Bom,Não existe,Perfeito estado,Seca,Perfeito estado,Outras,30 km/h,Dupla," , RUA JOSE BONIFACIO, Recife, Pernambuco, Brasil",-8.0441236,-34.9076816
11456,2019-12-13 14:53:00,SEM VÍTIMA,TORRE,RUA REAL DA TORRE, ,192.0,CIDADE,ABALROAMENTO TRANSVERSAL,2.0,1.0,1.0,1.0,1.0,1.0,1.0,1.0,1.0,0.0,1.0,Longo da via,Bom,Sem defeito,Perfeito estado,Seca,Perfeito estado,R-6a,30 km/h,Única," , RUA REAL DA TORRE, Recife, Pernambuco, Brasil",-8.0508853,-34.9082074
3170,2019-04-10 12:36:00,SEM VÍTIMA,TORRE,AV VISCONDE DE ALBUQUERQUE, ,192.0,CIDADE,COLISÃO,1.0,1.0,1.0,1.0,1.0,1.0,1.0,1.0,1.0,0.0,1.0,Longo da via,Bom,Sem defeito,Perfeito estado,Seca,Perfeito estado,R-6a,30 km/h,Única," , AV VISCONDE DE ALBUQUERQUE, Recife, Pernambuco, Brasil",-8.0581295,-34.9071394
6883,2019-08-10 10:05:00,SEM VÍTIMA,TORRE,RUA CATOLANDIA,271,192.0,SUBURBIO,ABALROAMENTO TRANSVERSAL,2.0,1.0,1.0,1.0,1.0,1.0,1.0,1.0,1.0,0.0,1.0,Longo da via,Bom,Não existe,Não existente,Seca,Perfeito estado,Não há placas,30 km/h,Dupla,"271, RUA CATOLANDIA, Recife, Pernambuco, Brasil",-8.0464554,-34.9176393
3697,2019-04-27 06:47:00,SEM VÍTIMA,TORRE,RUA DEMOCRITO DE SOUZA FILHO, ,192.0,CIDADE,CHOQUE OBJETO FIXO,1.0,1.0,1.0,1.0,1.0,1.0,1.0,1.0,1.0,0.0,1.0,Longo da via,Bom,Não existe,Incompleta,Seca,Mal conservada,R-6a,30 km/h,Única," , RUA DEMOCRITO DE SOUZA FILHO, Recife, Pernambuco, Brasil",-8.0539208,-34.9055912
6308,2019-07-22 21:04:00,COM VÍTIMA,TORRE,RUA JOSE BONIFACIO, ,192.0,SUBURBIO,COLISÃO TRASEIRA,1.0,1.0,1.0,1.0,1.0,1.0,1.0,1.0,1.0,2.0,1.0,Outros,Chuvoso,Não existe,Perfeito estado,Molhada,Perfeito estado,R-6a,40 km/h,Única," , RUA JOSE BONIFACIO, Recife, Pernambuco, Brasil",-8.0441236,-34.9076816
1605,2019-02-23 13:39:00,SEM VÍTIMA,TORRE,RUA JOSE BONIFACIO, ,301.0,SUBURBIO,ABALROAMENTO LONGITUDINAL,1.0,1.0,1.0,1.0,1.0,1.0,1.0,1.0,1.0,0.0,1.0,Longo da via,Bom,Sem defeito,Perfeito estado,Seca,Perfeito estado,Outras,40 km/h,Única," , RUA JOSE BONIFACIO, Recife, Pernambuco, Brasil",-8.0441236,-34.9076816
6875,2019-08-10 04:05:00,COM VÍTIMA,TORRE,RUA JOSE BONIFACIO, ,301.0,CIDADE,CHOQUE OBJETO FIXO,1.0,1.0,1.0,1.0,1.0,1.0,1.0,1.0,1.0,1.0,1.0,Viaduto,Bom,Não existe,Perfeito estado,Seca,Perfeito estado,Outras,40 km/h,Única," , RUA JOSE BONIFACIO, Recife, Pernambuco, Brasil",-8.0441236,-34.9076816
8870,2019-10-08 20:29:00,SEM VÍTIMA,TORRE,RUA FREI JABOATAO,65,301.0,CIDADE,CHOQUE VEÍCULO PARADO,1.0,1.0,1.0,1.0,1.0,1.0,1.0,1.0,1.0,0.0,1.0,Longo da via,Bom,Não existe,Ilegível,Seca,Mal iluminada,Não há placas,40 km/h,Única,"65, RUA FREI JABOATAO, Recife, Pernambuco, Brasil",-8.0394945,-34.9072485
2273,2019-03-15 17:45:00,SEM VÍTIMA,TORRE,RUA ANA NERY,3,301.0,SUBURBIO,ABALROAMENTO LONGITUDINAL,1.0,1.0,1.0,1.0,1.0,1.0,1.0,1.0,1.0,0.0,1.0,Longo da via,Bom,Não existe,Perfeito estado,Seca,Perfeito estado,Outras,60 km/h,Única,"3, RUA ANA NERY, Recife, Pernambuco, Brasil",-8.0416152,-34.9078734
4990,2019-06-07 11:27:00,SEM VÍTIMA,TORRE,AV BEIRA RIO,1219,77.0,SUBURBIO,ABALROAMENTO LONGITUDINAL,1.0,1.0,1.0,1.0,1.0,1.0,1.0,1.0,1.0,0.0,1.0,Longo da via,Bom,Sem defeito,Perfeito estado,Seca,Perfeito estado,R-6a,60 km/h,Dupla,"1219, AV BEIRA RIO, Recife, Pernambuco, Brasil",-8.0480102,-34.9044578
2588,2019-03-25 08:18:00,SEM VÍTIMA,TORRE,RUA REAL DA TORRE,1645,77.0,CIDADE,ABALROAMENTO LONGITUDINAL,2.0,1.0,1.0,1.0,1.0,1.0,1.0,1.0,1.0,0.0,1.0,Cruzamento,Bom,Não existe,Não existente,Seca,Perfeito estado,Não há placas,60 km/h,Única,"1645, RUA REAL DA TORRE, Recife, Pernambuco, Brasil",-8.0508853,-34.9082074
8073,2019-09-16 17:21:00,SEM VÍTIMA,TORRE,RUA MARQUES DE MARICA,208,77.0,SUBURBIO,ABALROAMENTO TRANSVERSAL,1.0,1.0,1.0,1.0,1.0,1.0,1.0,1.0,1.0,0.0,1.0,Longo da via,Bom,Não existe,Perfeito estado,Seca,Perfeito estado,R-6a,60 km/h,Dupla,"208, RUA MARQUES DE MARICA, Recife, Pernambuco, Brasil",-8.0475576,-34.9160515
6234,2019-07-19 16:58:00,SEM VÍTIMA,TORRE,RUA REAL DA TORRE,1166,77.0,SUBURBIO,COLISÃO TRASEIRA,3.0,1.0,1.0,1.0,1.0,1.0,1.0,1.0,1.0,0.0,1.0,Longo da via,Bom,Não existe,Perfeito estado,Seca,Perfeito estado,Não há placas,60 km/h,Única,"1166, RUA REAL DA TORRE, Recife, Pernambuco, Brasil",-8.0467807,-34.9092614
7777,2019-09-08 13:50:00,SEM VÍTIMA,TORRE,RUA JOSE BONIFACIO,1099,77.0,SUBURBIO,ABALROAMENTO LONGITUDINAL,1.0,1.0,1.0,1.0,1.0,1.0,1.0,1.0,1.0,0.0,1.0,Longo da via,Bom,Não existe,Incompleta,Seca,Perfeito estado,Outras,40 km/h,Única,"1099, RUA JOSE BONIFACIO, Recife, Pernambuco, Brasil",-8.1127711,-35.3044207
5546,2019-06-26 11:47:00,SEM VÍTIMA,TORRE,RUA JOSE BONIFACIO, ,191.0,SUBURBIO,ABALROAMENTO LONGITUDINAL,1.0,1.0,1.0,1.0,1.0,1.0,1.0,1.0,1.0,0.0,1.0,Cruzamento,Bom,Sem defeito,Perfeito estado,Seca,Perfeito estado,R-6a,40 km/h,Única," , RUA JOSE BONIFACIO, Recife, Pernambuco, Brasil",-8.0441236,-34.9076816
11145,2019-12-06 14:50:00,COM VÍTIMA,TORRE,RUA PROFESSOR TRAJANO DE MENDONCA, ,191.0,CIDADE,ABALROAMENTO TRANSVERSAL,1.0,2.0,1.0,1.0,1.0,1.0,1.0,1.0,1.0,1.0,1.0,Longo da via,Bom,Não existe,Incompleta,Seca,Perfeito estado,Não há placas,40 km/h,Única," , RUA PROFESSOR TRAJANO DE MENDONCA, Recife, Pernambuco, Brasil",-8.0436887,-34.9091662
10258,2019-11-14 14:28:00,SEM VÍTIMA,TORRE,RUA DR SAMUEL LINS,182,191.0,CIDADE,COLISÃO,2.0,2.0,1.0,1.0,1.0,1.0,1.0,1.0,1.0,0.0,1.0,Longo da via,Bom,Não existe,Incompleta,Seca,Perfeito estado,Não há placas,40 km/h,Única,"182, RUA DR SAMUEL LINS, Recife, Pernambuco, Brasil",-8.0436887,-34.9091662
5532,2019-06-26 05:29:00,COM VÍTIMA,TORRE,RUA JOSE BONIFACIO, ,193.0,CIDADE,ABALROAMENTO TRANSVERSAL,1.0,1.0,1.0,1.0,1.0,1.0,1.0,1.0,1.0,1.0,1.0,Longo da via,Chuvoso,Sem defeito,Perfeito estado,Molhada,Perfeito estado,Não há placas,40 km/h,Única," , RUA JOSE BONIFACIO, Recife, Pernambuco, Brasil",-8.0441236,-34.9076816
400,2019-01-16 08:25:00,SEM VÍTIMA,TORRE,RUA VITORIANO PALHARES,194,193.0,CIDADE,CHOQUE VEÍCULO PARADO,2.0,1.0,1.0,1.0,1.0,1.0,1.0,1.0,1.0,0.0,1.0,Longo da via,Bom,Não existe,Não existente,Seca,Perfeito estado,Não há placas,40 km/h,Dupla,"194, RUA VITORIANO PALHARES, Recife, Pernambuco, Brasil",-8.0436602,-34.9094994
1802,2019-02-28 22:58:00,COM VÍTIMA,TORRE,RUA PADRE LANDIM, ,193.0,CIDADE,COLISÃO,1.0,1.0,1.0,1.0,1.0,1.0,1.0,1.0,1.0,1.0,1.0,Longo da via,Bom,Não existe,Não existente,Seca,Perfeito estado,Não há placas,40 km/h,Dupla," , RUA PADRE LANDIM, Recife, Pernambuco, Brasil",-8.0490342,-34.9123044
402,2019-01-16 09:07:00,SEM VÍTIMA,TORRE,RUA JOSE BONIFACIO, ,193.0,SUBURBIO,ABALROAMENTO LONGITUDINAL,1.0,1.0,1.0,1.0,1.0,1.0,1.0,1.0,1.0,0.0,1.0,Longo da via,Bom,Sem defeito,Perfeito estado,Seca,Perfeito estado,R-5a,60 km/h,Dupla," , RUA JOSE BONIFACIO, Recife, Pernambuco, Brasil",-8.0441236,-34.9076816
6836,2019-08-09 09:43:00,SEM VÍTIMA,TORRE,RUA CONS THEODORO,1255,193.0,SUBURBIO,ABALROAMENTO LONGITUDINAL,2.0,1.0,1.0,1.0,1.0,1.0,1.0,1.0,1.0,0.0,1.0,Longo da via,Bom,Não existe,Perfeito estado,Seca,Perfeito estado,Outras,60 km/h,Única,"1255, RUA CONS THEODORO, Recife, Pernambuco, Brasil",-8.0441236,-34.9076816
3144,2019-04-09 17:21:00,SEM VÍTIMA,TORRE,RUA JOSE BONIFACIO, ,193.0,SUBURBIO,ABALROAMENTO LONGITUDINAL,1.0,1.0,1.0,1.0,1.0,1.0,1.0,1.0,1.0,0.0,1.0,Longo da via,Bom,Não existe,Perfeito estado,Seca,Perfeito estado,Não há placas,60 km/h,Única," , RUA JOSE BONIFACIO, Recife, Pernambuco, Brasil",-8.0441236,-34.9076816
403,2019-01-16 09:54:00,SEM VÍTIMA,TORRE,RUA DOM MANOEL DA COSTA, ,193.0,CIDADE,ABALROAMENTO TRANSVERSAL,1.0,1.0,1.0,1.0,1.0,1.0,1.0,1.0,1.0,0.0,1.0,Longo da via,Bom,Não existe,Perfeito estado,Seca,Perfeito estado,Outras,60 km/h,Única," , RUA DOM MANOEL DA COSTA, Recife, Pernambuco, Brasil",-8.0481442,-34.9141538
3102,2019-04-08 18:40:00,COM VÍTIMA,TORRE,RUA REAL DA TORRE, ,193.0,CIDADE,ABALROAMENTO LONGITUDINAL,1.0,1.0,1.0,1.0,1.0,1.0,1.0,1.0,1.0,1.0,1.0,Cruzamento,Bom,Não existe,Perfeito estado,Seca,Perfeito estado,Não há placas,60 km/h,Única," , RUA REAL DA TORRE, Recife, Pernambuco, Brasil",-8.0508853,-34.9082074
8374,2019-09-25 11:41:00,SEM VÍTIMA,TORRE,RUA REAL DA TORRE, ,193.0,CIDADE,COLISÃO,2.0,1.0,1.0,1.0,1.0,1.0,1.0,1.0,1.0,0.0,1.0,Cruzamento,Bom,Não existe,Perfeito estado,Seca,Perfeito estado,Não há placas,60 km/h,Única," , RUA REAL DA TORRE, Recife, Pernambuco, Brasil",-8.0508853,-34.9082074
6527,2019-07-31 10:42:00,SEM VÍTIMA,TORRE,RUA ANA NERY,23,193.0,SUBURBIO,ABALROAMENTO LONGITUDINAL,2.0,1.0,1.0,1.0,1.0,1.0,1.0,1.0,1.0,0.0,1.0,Longo da via,Bom,Não existe,Perfeito estado,Seca,Perfeito estado,Não há placas,60 km/h,Dupla,"23, RUA ANA NERY, Recife, Pernambuco, Brasil",-8.0416152,-34.9078734
5069,2019-06-10 10:25:00,SEM VÍTIMA,TORRE,RUA DOM MANOEL DA COSTA, ,252.0,SUBURBIO,ABALROAMENTO LONGITUDINAL,1.0,1.0,1.0,1.0,1.0,1.0,1.0,1.0,1.0,0.0,1.0,Cruzamento,Bom,Sem defeito,Perfeito estado,Seca,Perfeito estado,Não há placas,60 km/h,Única," , RUA DOM MANOEL DA COSTA, Recife, Pernambuco, Brasil",-8.0481442,-34.9141538
1054,2019-02-08 07:37:00,SEM VÍTIMA,TORRE,RUA REAL DA TORRE, ,192.0,CIDADE,ABALROAMENTO LONGITUDINAL,1.0,1.0,1.0,1.0,1.0,1.0,1.0,1.0,1.0,0.0,1.0,Cruzamento,Bom,Sem defeito,Perfeito estado,Seca,Perfeito estado,Não há placas,60 km/h,Única," , RUA REAL DA TORRE, Recife, Pernambuco, Brasil",-8.0508853,-34.9082074
1780,2019-02-28 13:21:00,SEM VÍTIMA,TORRE,AV BEIRA RIO,1278,192.0,CIDADE,COLISÃO,1.0,1.0,1.0,1.0,1.0,1.0,1.0,1.0,1.0,0.0,1.0,Cruzamento,Bom,Sem defeito,Perfeito estado,Seca,Perfeito estado,Não há placas,60 km/h,Única,"1278, AV BEIRA RIO, Recife, Pernambuco, Brasil",-8.0667355,-34.8967797
529,2019-01-21 16:50:00,VÍTIMA FATAL,TORRE,RUA COMPOSITOR JOAO SANTIAGO,6,192.0,CIDADE,ATROPELAMENTO,1.0,1.0,1.0,1.0,2.0,1.0,1.0,1.0,1.0,1.0,1.0,Longo da via,Bom,Não existe,Perfeito estado,Seca,Perfeito estado,Não há placas,60 km/h,Dupla,"6, RUA COMPOSITOR JOAO SANTIAGO, Recife, Pernambuco, Brasil",-8.0439098,-34.9194995
8053,2019-09-16 11:46:00,SEM VÍTIMA,TORRE,RUA JOSE BONIFACIO, ,301.0,CIDADE,ABALROAMENTO LONGITUDINAL,3.0,1.0,1.0,1.0,2.0,1.0,1.0,1.0,1.0,0.0,1.0,Longo da via,Bom,Sem defeito,Ilegível,Seca,Mal conservada,R-6a,60 km/h,Única," , RUA JOSE BONIFACIO, Recife, Pernambuco, Brasil",-8.0441236,-34.9076816
7257,2019-08-22 08:31:00,SEM VÍTIMA,TORRE,RUA REAL DA TORRE, ,301.0,CIDADE,ABALROAMENTO TRANSVERSAL,2.0,1.0,1.0,1.0,2.0,1.0,1.0,1.0,1.0,0.0,1.0,Outros,Bom,Não existe,Não existente,Seca,Perfeito estado,Não há placas,60 km/h,Dupla," , RUA REAL DA TORRE, Recife, Pernambuco, Brasil",-8.0508853,-34.9082074
4587,2019-05-25 19:07:00,SEM VÍTIMA,TORRE,RUA REAL DA TORRE,1309,301.0,SUBURBIO,ABALROAMENTO LONGITUDINAL,1.0,1.0,1.0,1.0,2.0,1.0,1.0,1.0,1.0,0.0,1.0,Longo da via,Bom,Não existe,Perfeito estado,Seca,Perfeito estado,Outras,60 km/h,Única,"1309, RUA REAL DA TORRE, Recife, Pernambuco, Brasil",-8.0508853,-34.9082074
1024,2019-02-07 13:36:00,SEM VÍTIMA,TORRE,RUA JOSE BONIFACIO, ,487.0,SUBURBIO,ABALROAMENTO LONGITUDINAL,2.0,1.0,1.0,1.0,2.0,1.0,1.0,1.0,1.0,0.0,1.0,Cruzamento,Bom,Sem defeito,Incompleta,Seca,Perfeito estado,Não há placas,60 km/h,Única," , RUA JOSE BONIFACIO, Recife, Pernambuco, Brasil",-8.0441236,-34.9076816
8259,2019-09-21 16:35:00,SEM VÍTIMA,TORRE,RUA JOSE DE HOLANDA,539,487.0,SUBURBIO,COLISÃO,2.0,1.0,1.0,1.0,2.0,1.0,1.0,1.0,1.0,0.0,1.0,Cruzamento,Bom,Sem defeito,Incompleta,Seca,Perfeito estado,Não há placas,60 km/h,Única,"539, RUA JOSE DE HOLANDA, Recife, Pernambuco, Brasil",-8.045029,-34.9091492
5868,2019-07-06 22:57:00,COM VÍTIMA,TORRE,RUA MARQUES DE MARICA,483,487.0,SUBURBIO,ABALROAMENTO LONGITUDINAL,1.0,1.0,1.0,1.0,2.0,1.0,1.0,1.0,1.0,1.0,1.0,Cruzamento,Bom,Sem defeito,Perfeito estado,Seca,Perfeito estado,Não há placas,60 km/h,Dupla,"483, RUA MARQUES DE MARICA, Recife, Pernambuco, Brasil",-8.0475576,-34.9160515
5022,2019-06-08 09:13:00,SEM VÍTIMA,TORRE,RUA DIANOPOLIS, ,317.0,CIDADE,ABALROAMENTO LONGITUDINAL,2.0,1.0,1.0,1.0,2.0,1.0,1.0,1.0,1.0,0.0,1.0,Longo da via,Bom,Sem defeito,Perfeito estado,Seca,Perfeito estado,R-6a,60 km/h,Dupla," , RUA DIANOPOLIS, Recife, Pernambuco, Brasil",-8.0475576,-34.9177795
1042,2019-02-07 18:28:00,SEM VÍTIMA,TORRE,RUA MARCOS ANDRE,459,317.0,CIDADE,COLISÃO,1.0,1.0,1.0,1.0,2.0,1.0,1.0,1.0,1.0,0.0,1.0,Longo da via,Bom,Sem defeito,Perfeito estado,Seca,Perfeito estado,R-6a,60 km/h,Dupla,"459, RUA MARCOS ANDRE, Recife, Pernambuco, Brasil",-8.0405555,-34.9061139
3246,2019-04-12 12:35:00,COM VÍTIMA,TORRE,RUA REAL DA TORRE,1645,317.0,CIDADE,ABALROAMENTO TRANSVERSAL,1.0,1.0,1.0,1.0,2.0,1.0,1.0,1.0,1.0,1.0,1.0,Cruzamento,Chuvoso,Não existe,Perfeito estado,Molhada,Perfeito estado,Placas Pare,60 km/h,Única,"1645, RUA REAL DA TORRE, Recife, Pernambuco, Brasil",-8.0508853,-34.9082074
3655,2019-04-26 07:46:00,COM VÍTIMA,TORRE,RUA JOSE BONIFACIO,1356,317.0,CID/SUB,CAPOTAMENTO,1.0,1.0,1.0,1.0,2.0,1.0,1.0,1.0,1.0,1.0,1.0,Ponte,Bom,Não existe,Não existente,Seca,Perfeito estado,Não há placas,60 km/h,Dupla,"1356, RUA JOSE BONIFACIO, Recife, Pernambuco, Brasil",-8.1127711,-35.3044207
6448,2019-07-28 12:41:00,SEM VÍTIMA,TORRE,RUA SOUZA BANDEIRA, ,317.0,SUBURBIO,COLISÃO FRONTAL,2.0,1.0,1.0,1.0,2.0,1.0,1.0,1.0,1.0,0.0,1.0,Cruzamento,Bom,Sem defeito,Incompleta,Seca,Perfeito estado,R-6a,40 km/h,Dupla," , RUA SOUZA BANDEIRA, Recife, Pernambuco, Brasil",-8.0469308,-34.9171592
7138,2019-08-18 22:13:00,SEM VÍTIMA,TORRE,RUA JOSE BONIFACIO, ,317.0,SUBURBIO,COLISÃO TRASEIRA,2.0,1.0,1.0,1.0,2.0,1.0,1.0,1.0,1.0,0.0,1.0,Longo da via,Chuvoso,Não existe,Perfeito estado,Molhada,Perfeito estado,Não há placas,40 km/h,Dupla," , RUA JOSE BONIFACIO, Recife, Pernambuco, Brasil",-8.0441236,-34.9076816
5963,2019-07-10 16:27:00,SEM VÍTIMA,TORRE,RUA REAL DA TORRE, ,106.0,SUBURBIO,ABALROAMENTO LONGITUDINAL,1.0,1.0,1.0,1.0,2.0,1.0,1.0,1.0,1.0,0.0,1.0,Longo da via,Bom,Sem defeito,Perfeito estado,Seca,Perfeito estado,R-6a,40 km/h,Única," , RUA REAL DA TORRE, Recife, Pernambuco, Brasil",-8.0508853,-34.9082074
826,2019-02-01 00:15:00,SEM VÍTIMA,TORRE,RUA JOSE BONIFACIO, ,193.0,SUBURBIO,ABALROAMENTO LONGITUDINAL,2.0,1.0,1.0,1.0,2.0,1.0,1.0,1.0,1.0,0.0,1.0,Cruzamento,Chuvoso,Sem defeito,Perfeito estado,Molhada,Mal conservada,R-6a,40 km/h,Única," , RUA JOSE BONIFACIO, Recife, Pernambuco, Brasil",-8.0441236,-34.9076816
1708,2019-02-26 17:20:00,COM VÍTIMA,TORRE,RUA JOSE BONIFACIO, ,487.0,CAXANGÁ,ABALROAMENTO TRANSVERSAL,3.0,1.0,1.0,1.0,2.0,1.0,1.0,1.0,1.0,1.0,1.0,Longo da via,Bom,Sem defeito,Perfeito estado,Seca,Perfeito estado,R-6a,30 km/h,Única," , RUA JOSE BONIFACIO, Recife, Pernambuco, Brasil",-8.0441236,-34.9076816
11532,2019-12-16 05:53:00,SEM VÍTIMA,TORRE,RUA JOSE BONIFACIO, ,409.0,SUBURBIO,ABALROAMENTO TRANSVERSAL,2.0,1.0,1.0,1.0,2.0,1.0,1.0,1.0,1.0,0.0,1.0,Longo da via,Chuvoso,Sem defeito,Perfeito estado,Molhada,Perfeito estado,Não há placas,30 km/h,Única," , nan, Recife, Pernambuco, Brasil",-8.0584933,-34.8848193
1707,2019-02-26 16:48:00,SEM VÍTIMA,TORRE,RUA ANTONIO VIEIRA,102,409.0,CIDADE,ABALROAMENTO TRANSVERSAL,1.0,1.0,1.0,1.0,2.0,1.0,1.0,1.0,1.0,0.0,1.0,Cruzamento,Bom,Não existe,Perfeito estado,Seca,Perfeito estado,Placas Pare,30 km/h,Dupla,"102, RUA ANTONIO VIEIRA, Recife, Pernambuco, Brasil",-8.0482371,-34.9098965
5264,2019-06-15 19:01:00,COM VÍTIMA,TORRE,RUA JOSE BONIFACIO, ,487.0,CIDADE,ATROPELAMENTO,1.0,1.0,1.0,1.0,1.0,1.0,1.0,1.0,1.0,1.0,1.0,Longo da via,Bom,Sem defeito,Perfeito estado,Seca,Perfeito estado,Não há placas,30 km/h,Única," , RUA JOSE BONIFACIO, Recife, Pernambuco, Brasil",-8.0441236,-34.9076816