,data_hora,natureza_acidente,bairro,endereco,numero,num_semaforo,sentido_via,tipo,auto,moto,ciclom,ciclista,pedestre,onibus,caminhao,viatura,outros,vitimas,vitimasfatais,acidente_verificado,tempo_clima,situacao_semaforo,sinalizacao,condicao_via,conservacao_via,situacao_placa,velocidade_max_via,mao_direcao,end,latitude,longitude
3336,2019-04-15 14:39:00,SEM VÍTIMA,TORRE,RUA CONDE DE IRAJA,176,487.0,CIDADE,COLISÃO,2.0,1.0,1.0,1.0,1.0,1.0,1.0,1.0,1.0,0.0,1.0,Longo da via,Bom,Sem defeito,Perfeito estado,Seca,Perfeito estado,Não há placas,30 km/h,Única,"176, RUA CONDE DE IRAJA, Recife, Pernambuco, Brasil",-8.0456345,-34.9053684
11539,2019-12-16 07:44:00,SEM VÍTIMA,TORRE,RUA REAL DA TORRE, ,487.0,CIDADE,ABALROAMENTO LONGITUDINAL,2.0,1.0,1.0,1.0,1.0,1.0,1.0,1.0,1.0,0.0,1.0,Cruzamento,Chuvoso,Não existe,Não existente,Molhada,Mal conservada,Não há placas,30 km/h,Única," , RUA REAL DA TORRE, Recife, Pernambuco, Brasil",-8.0508853,-34.9082074
8921,2019-10-09 22:19:00,SEM VÍTIMA,TORRE,RUA DOM MANOEL DA COSTA, ,252.0,CIDADE,ABALROAMENTO TRANSVERSAL,1.0,1.0,1.0,1.0,1.0,1.0,1.0,1.0,1.0,0.0,1.0,Cruzamento,Bom,Sem defeito,Perfeito estado,Seca,Perfeito estado,Não há placas,30 km/h,Única," , RUA DOM MANOEL DA COSTA, Recife, Pernambuco, Brasil",-8.0481442,-34.9141538
3348,2019-04-15 18:09:00,SEM VÍTIMA,TORRE,RUA ALBERTO PAIVA, ,252.0,SUBURBIO,ABALROAMENTO TRANSVERSAL,1.0,1.0,1.0,1.0,1.0,1.0,1.0,1.0,1.0,0.0,1.0,Longo da via,Bom,Não existe,Perfeito estado,Seca,Perfeito estado,Não há placas,30 km/h,Única," , RUA ALBERTO PAIVA, Recife, Pernambuco, Brasil",-8.0448885,-34.9030575
6423,2019-07-27 00:06:00,COM VÍTIMA,TORRE,RUA JOSE BONIFACIO,894,252.0,CIDADE,COLISÃO TRASEIRA,1.0,1.0,1.0,1.0,1.0,1.0,1.0,1.0,1.0,1.0,1.0,Longo da via,Bom,Não existe,Ilegível,Seca,Mal iluminada,Não há placas,30 km/h,Única,"894, RUA JOSE BONIFACIO, Recife, Pernambuco, Brasil",-8.1127711,-35.3044207
6366,2019-07-24 22:28:00,SEM VÍTIMA,TORRE,AV BEIRA RIO, ,252.0,SUBURBIO,COLISÃO TRASEIRA,2.0,1.0,1.0,1.0,1.0,1.0,1.0,1.0,1.0,0.0,1.0,Longo da via,Chuvoso,Não existe,Perfeito estado,Molhada,Mal iluminada,Não há placas,30 km/h,Dupla," , AV BEIRA RIO, Recife, Pernambuco, Brasil",-8.0428409,-34.9051443
7115,2019-08-17 12:27:00,COM VÍTIMA,TORRE,AV BEIRA RIO,1303,252.0,SUBURBIO,ABALROAMENTO LONGITUDINAL,1.0,1.0,1.0,1.0,1.0,1.0,1.0,1.0,1.0,1.0,1.0,Longo da via,Bom,Não existe,Perfeito estado,Seca,Perfeito estado,Outras,30 km/h,Dupla,"1303, AV BEIRA RIO, Recife, Pernambuco, Brasil",-8.0667355,-34.8967797
5274,2019-06-16 09:29:00,SEM VÍTIMA,TORRE,RUA MARCOS ANDRE,651,252.0,SUBURBIO,COLISÃO TRASEIRA,2.0,1.0,1.0,1.0,1.0,1.0,1.0,1.0,1.0,0.0,1.0,Longo da via,Chuvoso,Não existe,Incompleta,Molhada,Perfeito estado,Não há placas,30 km/h,Única,"651, RUA MARCOS ANDRE, Recife, Pernambuco, Brasil",-8.0405555,-34.9061139
10035,2019-11-09 09:56:00,SEM VÍTIMA,TORRE,RUA PROFESSOR TRAJANO DE MENDONCA,440,252.0,SUBURBIO,ABALROAMENTO TRANSVERSAL,1.0,1.0,1.0,1.0,1.0,1.0,1.0,1.0,1.0,0.0,1.0,Longo da via,Bom,Não existe,Perfeito estado,Seca,Mal conservada,Outras,40 km/h,Única,"440, RUA PROFESSOR TRAJANO DE MENDONCA, Recife, Pernambuco, Brasil",-8.044028,-34.9095199
3432,2019-04-17 18:34:00,SEM VÍTIMA,TORRE,RUA PROFESSOR TRAJANO DE MENDONCA, ,630.0,SUBURBIO,ABALROAMENTO LONGITUDINAL,2.0,1.0,1.0,1.0,1.0,1.0,1.0,1.0,1.0,0.0,1.0,Ponte,Bom,Sem defeito,Perfeito estado,Seca,Perfeito estado,R-6a,40 km/h,Dupla," , nan, Recife, Pernambuco, Brasil",-8.0584933,-34.8848193
5327,2019-06-18 11:42:00,COM VÍTIMA,TORRE,RUA JOSE BONIFACIO,944,630.0,SUBURBIO,COLISÃO TRASEIRA,1.0,1.0,1.0,1.0,1.0,1.0,1.0,1.0,1.0,1.0,1.0,Longo da via,Bom,Não existe,Perfeito estado,Seca,Perfeito estado,R-6a,40 km/h,Única,"944, RUA JOSE BONIFACIO, Recife, Pernambuco, Brasil",-8.1127711,-35.3044207
11061,2019-12-05 08:22:00,SEM VÍTIMA,TORRE,RUA JOSE BONIFACIO,664,630.0,SUBURBIO,COLISÃO,2.0,1.0,1.0,1.0,1.0,1.0,1.0,1.0,1.0,0.0,1.0,Longo da via,Bom,Não existe,Perfeito estado,Seca,Perfeito estado,R-6a,40 km/h,Única,"664, RUA JOSE BONIFACIO, Recife, Pernambuco, Brasil",-8.0453163,-34.9071649
10056,2019-11-09 19:05:00,SEM VÍTIMA,TORRE,RUA SOUZA BANDEIRA,13,630.0,SUBURBIO,COLISÃO,1.0,1.0,1.0,1.0,1.0,1.0,1.0,1.0,1.0,0.0,1.0,Longo da via,Bom,Não existe,Perfeito estado,Seca,Perfeito estado,R-6a,40 km/h,Única,"13, RUA SOUZA BANDEIRA, Recife, Pernambuco, Brasil",-8.0503561,-34.9184158
10085,2019-11-10 20:56:00,SEM VÍTIMA,TORRE,RUA SOUZA BANDEIRA, ,317.0,SUBURBIO,ABALROAMENTO LONGITUDINAL,2.0,1.0,1.0,1.0,1.0,1.0,1.0,1.0,1.0,0.0,1.0,Longo da via,Bom,Sem defeito,Perfeito estado,Seca,Perfeito estado,R-6a,40 km/h,Dupla," , RUA SOUZA BANDEIRA, Recife, Pernambuco, Brasil",-8.0469308,-34.9171592
5287,2019-06-16 19:48:00,SEM VÍTIMA,TORRE,RUA JOSE BONIFACIO,1210,317.0,SUBURBIO,ABALROAMENTO TRANSVERSAL,2.0,1.0,1.0,1.0,1.0,1.0,1.0,1.0,1.0,0.0,1.0,Longo da via,Chuvoso,Não existe,Perfeito estado,Molhada,Perfeito estado,R-6a,40 km/h,Dupla,"1210, RUA JOSE BONIFACIO, Recife, Pernambuco, Brasil",-8.1127711,-35.3044207
5256,2019-06-15 13:35:00,SEM VÍTIMA,TORRE,RUA FLORIANO FRANCISCO DE OLIVEIRA,120,317.0,SUBURBIO,COLISÃO,1.0,1.0,1.0,1.0,1.0,1.0,1.0,1.0,1.0,0.0,1.0,Longo da via,Chuvoso,Não existe,Perfeito estado,Molhada,Perfeito estado,R-6a,40 km/h,Dupla,"120, RUA FLORIANO FRANCISCO DE OLIVEIRA, Recife, Pernambuco, Brasil",-8.0434099,-34.909234
773,2019-01-30 17:18:00,SEM VÍTIMA,TORRE,RUA PROFESSOR TRAJANO DE MENDONCA, ,317.0,SUBURBIO,ABALROAMENTO TRANSVERSAL,2.0,1.0,1.0,1.0,1.0,1.0,1.0,1.0,1.0,0.0,1.0,Longo da via,Bom,Não existe,Não existente,Seca,Perfeito estado,R-6a,40 km/h,Única," , RUA PROFESSOR TRAJANO DE MENDONCA, Recife, Pernambuco, Brasil",-8.0436887,-34.9091662
6381,2019-07-25 13:48:00,SEM VÍTIMA,TORRE,RUA CONS THEODORO,116,317.0,SUBURBIO,COLISÃO FRONTAL,2.0,1.0,1.0,1.0,1.0,1.0,1.0,1.0,1.0,0.0,1.0,Longo da via,Bom,Sem defeito,Perfeito estado,Seca,Perfeito estado,Outras,40 km/h,Dupla,"116, RUA CONS THEODORO, Recife, Pernambuco, Brasil",-8.0436887,-34.9091662
7088,2019-08-16 15:19:00,COM VÍTIMA,TORRE,RUA CONDE DE IRAJA,974,317.0,SUBURBIO,ABALROAMENTO TRANSVERSAL,1.0,1.0,1.0,1.0,1.0,1.0,1.0,1.0,1.0,2.0,1.0,Cruzamento,Chuvoso,Não existe,Perfeito estado,Seca,Perfeito estado,R-6a,40 km/h,Dupla,"974, RUA CONDE DE IRAJA, Recife, Pernambuco, Brasil",-7.9380388,-34.8886393
3385,2019-04-16 16:10:00,SEM VÍTIMA,TORRE,RUA JOSE BONIFACIO, ,317.0,SUBURBIO,COLISÃO,2.0,1.0,1.0,1.0,1.0,1.0,1.0,1.0,1.0,0.0,1.0,Cruzamento,Chuvoso,Não existe,Perfeito estado,Seca,Perfeito estado,R-6a,40 km/h,Dupla," , RUA JOSE BONIFACIO, Recife, Pernambuco, Brasil",-8.0441236,-34.9076816
7926,2019-09-12 11:43:00,SEM VÍTIMA,TORRE,RUA VITORIANO PALHARES, ,317.0,CIDADE,ABALROAMENTO LONGITUDINAL,1.0,1.0,1.0,1.0,1.0,1.0,1.0,1.0,1.0,0.0,1.0,Longo da via,Bom,Sem defeito,Perfeito estado,Seca,Perfeito estado,Outras,40 km/h,Única," , RUA VITORIANO PALHARES, Recife, Pernambuco, Brasil",-8.0437823,-34.9097905
3379,2019-04-16 13:40:00,SEM VÍTIMA,TORRE,RUA JOSE BONIFACIO, ,317.0,CIDADE,COLISÃO,1.0,1.0,1.0,1.0,1.0,1.0,1.0,1.0,1.0,0.0,1.0,Longo da via,Bom,Sem defeito,Perfeito estado,Seca,Perfeito estado,Outras,40 km/h,Única," , RUA JOSE BONIFACIO, Recife, Pernambuco, Brasil",-8.0441236,-34.9076816
10102,2019-11-11 12:05:00,SEM VÍTIMA,TORRE,AV VISCONDE DE ALBUQUERQUE,506,317.0,SUBURBIO,ABALROAMENTO TRANSVERSAL,1.0,1.0,1.0,1.0,1.0,1.0,1.0,1.0,1.0,0.0,1.0,Longo da via,Bom,Sem defeito,Perfeito estado,Seca,Perfeito estado,Outras,40 km/h,Única,"506, AV VISCONDE DE ALBUQUERQUE, Recife, Pernambuco, Brasil",-8.0553538,-34.9069421
9403,2019-10-23 11:26:00,SEM VÍTIMA,TORRE,RUA JOSE BONIFACIO, ,301.0,SUBURBIO,ABALROAMENTO LONGITUDINAL,2.0,1.0,1.0,1.0,1.0,1.0,1.0,1.0,1.0,0.0,1.0,Longo da via,Bom,Sem defeito,Perfeito estado,Seca,Perfeito estado,Outras,40 km/h,Única," , RUA JOSE BONIFACIO, Recife, Pernambuco, Brasil",-8.0441236,-34.9076816
10012,2019-11-08 16:46:00,SEM VÍTIMA,TORRE,AV BEIRA RIO,1035,301.0,SUBURBIO,CHOQUE OBJETO FIXO,2.0,1.0,1.0,1.0,1.0,1.0,1.0,1.0,1.0,0.0,1.0,Longo da via,Bom,Sem defeito,Perfeito estado,Seca,Perfeito estado,Outras,40 km/h,Dupla,"1035, AV BEIRA RIO, Recife, Pernambuco, Brasil",-8.0494856,-34.9048996
5255,2019-06-15 13:23:00,SEM VÍTIMA,TORRE,RUA REAL DA TORRE, ,301.0,SUBURBIO,COLISÃO,2.0,1.0,1.0,1.0,1.0,1.0,1.0,1.0,1.0,0.0,1.0,Longo da via,Bom,Sem defeito,Perfeito estado,Seca,Perfeito estado,Outras,40 km/h,Dupla," , RUA REAL DA TORRE, Recife, Pernambuco, Brasil",-8.0508853,-34.9082074
8993,2019-10-11 19:43:00,SEM VÍTIMA,TORRE,PRC PROFESSOR BARRETO CAMPELLO, ,301.0,SUBURBIO,ABALROAMENTO TRANSVERSAL,2.0,1.0,1.0,1.0,1.0,1.0,1.0,1.0,1.0,0.0,1.0,Longo da via,Bom,Não existe,Perfeito estado,Seca,Perfeito estado,Não há placas,40 km/h,Única," , PRC PROFESSOR BARRETO CAMPELLO, Recife, Pernambuco, Brasil",-8.0508853,-34.9082074
3632,2019-04-25 14:26:00,SEM VÍTIMA,TORRE,RUA CONDE DE IRAJA,629,301.0,SUBURBIO,ABALROAMENTO LONGITUDINAL,2.0,1.0,1.0,1.0,1.0,1.0,1.0,1.0,1.0,0.0,1.0,Longo da via,Chuvoso,Não existe,Perfeito estado,Molhada,Perfeito estado,R-6a,40 km/h,Única,"629, RUA CONDE DE IRAJA, Recife, Pernambuco, Brasil",-7.9380388,-34.8886393
562,2019-01-22 14:09:00,SEM VÍTIMA,TORRE,RUA PADRE ANCHIETA, ,301.0,SUBURBIO,COLISÃO,3.0,1.0,1.0,1.0,1.0,1.0,1.0,1.0,1.0,0.0,1.0,Longo da via,Chuvoso,Não existe,Perfeito estado,Molhada,Perfeito estado,R-6a,40 km/h,Única," , RUA PADRE ANCHIETA, Recife, Pernambuco, Brasil",-8.0474188,-34.9086507
10169,2019-11-12 18:51:00,SEM VÍTIMA,TORRE,RUA MARCOS ANDRE,200,301.0,SUBURBIO,COLISÃO TRASEIRA,2.0,1.0,1.0,1.0,1.0,1.0,1.0,1.0,1.0,0.0,1.0,Longo da via,Bom,Não existe,Perfeito estado,Seca,Perfeito estado,Não há placas,30 km/h,Única,"200, RUA MARCOS ANDRE, Recife, Pernambuco, Brasil",-8.0405555,-34.9061139
11697,2019-12-19 15:20:00,SEM VÍTIMA,TORRE,RUA JOSE BONIFACIO,961,301.0,CIDADE,COLISÃO TRASEIRA,2.0,1.0,1.0,1.0,1.0,1.0,1.0,1.0,1.0,0.0,1.0,Longo da via,Bom,Não existe,Perfeito estado,Seca,Perfeito estado,R-6a,30 km/h,Única,"961, RUA JOSE BONIFACIO, Recife, Pernambuco, Brasil",-8.0432173,-34.908463138628264
10584,2019-11-23 13:01:00,COM VÍTIMA,TORRE,AV BEIRA RIO,1219,301.0,SUBURBIO,ABALROAMENTO LONGITUDINAL,1.0,1.0,1.0,1.0,1.0,1.0,1.0,1.0,1.0,1.0,1.0,Longo da via,Bom,Não existe,Perfeito estado,Seca,Perfeito estado,Outras,30 km/h,Dupla,"1219, AV BEIRA RIO, Recife, Pernambuco, Brasil",-8.0480102,-34.9044578
10583,2019-11-23 12:50:00,SEM VÍTIMA,TORRE,AV BEIRA RIO,1219,301.0,SUBURBIO,COLISÃO,1.0,1.0,1.0,1.0,1.0,1.0,1.0,1.0,1.0,0.0,1.0,Longo da via,Bom,Não existe,Perfeito estado,Seca,Perfeito estado,Outras,30 km/h,Dupla,"1219, AV BEIRA RIO, Recife, Pernambuco, Brasil",-8.0480102,-34.9044578
2524,2019-03-22 13:02:00,SEM VÍTIMA,TORRE,AV VISCONDE DE ALBUQUERQUE,796,301.0,SUBURBIO,COLISÃO,1.0,1.0,1.0,1.0,1.0,1.0,1.0,1.0,1.0,0.0,1.0,Longo da via,Bom,Não existe,Perfeito estado,Seca,Perfeito estado,Outras,30 km/h,Dupla,"796, AV VISCONDE DE ALBUQUERQUE, Recife, Pernambuco, Brasil",-8.0511591,-34.9064821
2347,2019-03-18 09:17:00,SEM VÍTIMA,TORRE,RUA CONDE DE IRAJA, ,301.0,SUBURBIO,ABALROAMENTO LONGITUDINAL,2.0,1.0,1.0,1.0,1.0,1.0,1.0,1.0,1.0,0.0,1.0,Longo da via,Chuvoso,Sem defeito,Perfeito estado,Molhada,Perfeito estado,R-6a,30 km/h,Única," , RUA CONDE DE IRAJA, Recife, Pernambuco, Brasil",-8.0459628,-34.9070714
10174,2019-11-12 22:34:00,SEM VÍTIMA,TORRE,RUA REAL DA TORRE,778,301.0,SUBURBIO,COLISÃO TRASEIRA,1.0,1.0,1.0,1.0,1.0,1.0,1.0,1.0,1.0,0.0,1.0,Longo da via,Bom,Não existe,Perfeito estado,Seca,Perfeito estado,R-6a,50 km/h,Única,"778, RUA REAL DA TORRE, Recife, Pernambuco, Brasil",-8.0501169,-34.9081147
9946,2019-11-07 13:04:00,COM VÍTIMA,TORRE,RUA JOSE BONIFACIO, ,487.0,SUBURBIO,ATROPELAMENTO,2.0,1.0,1.0,1.0,1.0,1.0,1.0,1.0,1.0,1.0,1.0,Longo da via,Bom,Sem defeito,Não existente,Seca,Perfeito estado,Outras,40 km/h,Dupla," , RUA JOSE BONIFACIO, Recife, Pernambuco, Brasil",-8.0441236,-34.9076816
10939,2019-12-02 17:10:00,SEM VÍTIMA,TORRE,RUA PROFESSORA ANGELA PINTO,97,487.0,SUBURBIO,ABALROAMENTO LONGITUDINAL,2.0,1.0,1.0,1.0,1.0,1.0,1.0,1.0,1.0,0.0,1.0,Longo da via,Bom,Não existe,Não existente,Seca,Perfeito estado,Não há placas,40 km/h,Dupla,"97, RUA PROFESSORA ANGELA PINTO, Recife, Pernambuco, Brasil",-8.0393232,-34.9094707
547,2019-01-22 09:13:00,SEM VÍTIMA,TORRE,RUA FLORIANO FRANCISCO DE OLIVEIRA,320,487.0,SUBURBIO,ABALROAMENTO TRANSVERSAL,2.0,1.0,1.0,1.0,1.0,1.0,1.0,1.0,1.0,0.0,1.0,Longo da via,Chuvoso,Não existe,Ilegível,Molhada,Perfeito estado,Não há placas,40 km/h,Dupla,"320, RUA FLORIANO FRANCISCO DE OLIVEIRA, Recife, Pernambuco, Brasil",-8.0434099,-34.909234
3233,2019-04-12 08:38:00,SEM VÍTIMA,TORRE,RUA MARQUES DE MARICA, ,487.0,SUBURBIO,ABALROAMENTO TRANSVERSAL,1.0,1.0,1.0,1.0,1.0,1.0,1.0,1.0,1.0,0.0,1.0,Longo da via,Chuvoso,Não existe,Não existente,Molhada,Perfeito estado,Não há placas,40 km/h,Dupla," , RUA MARQUES DE MARICA, Recife, Pernambuco, Brasil",-8.0475576,-34.9160515
3646,2019-04-25 18:33:00,SEM VÍTIMA,TORRE,RUA JOSE OSORIO, ,487.0,SUBURBIO,COLISÃO,2.0,1.0,1.0,1.0,1.0,1.0,1.0,1.0,1.0,0.0,1.0,Longo da via,Chuvoso,Não existe,Não existente,Molhada,Perfeito estado,Não há placas,40 km/h,Dupla," , RUA JOSE OSORIO, Recife, Pernambuco, Brasil",-8.0541365,-34.9140649
6503,2019-07-30 15:42:00,SEM VÍTIMA,TORRE,RUA MARQUES DE MARICA, ,487.0,SUBURBIO,ABALROAMENTO TRANSVERSAL,1.0,1.0,1.0,1.0,1.0,1.0,1.0,1.0,1.0,0.0,1.0,Cruzamento,Chuvoso,Não existe,Perfeito estado,Molhada,Perfeito estado,Placas Pare,40 km/h,Dupla," , RUA MARQUES DE MARICA, Recife, Pernambuco, Brasil",-8.0475576,-34.9160515
5172,2019-06-13 03:42:00,SEM VÍTIMA,TORRE,RUA REAL DA TORRE,246,237.0,SUBURBIO,CHOQUE OBJETO FIXO,1.0,1.0,1.0,1.0,1.0,1.0,1.0,1.0,1.0,0.0,1.0,Longo da via,Chuvoso,Intermitente,Perfeito estado,Molhada,Perfeito estado,R-6a,50 km/h,Única,"246, RUA REAL DA TORRE, Recife, Pernambuco, Brasil",-8.0549229,-34.9087715
576,2019-01-22 18:24:00,SEM VÍTIMA,TORRE,RUA JOSE BONIFACIO, ,237.0,SUBURBIO,ABALROAMENTO LONGITUDINAL,2.0,1.0,1.0,1.0,1.0,1.0,1.0,1.0,1.0,0.0,1.0,Longo da via,Bom,Não existe,Perfeito estado,Seca,Perfeito estado,Não há placas,50 km/h,Única," , RUA JOSE BONIFACIO, Recife, Pernambuco, Brasil",-8.0441236,-34.9076816
1640,2019-02-25 07:20:00,SEM VÍTIMA,TORRE,RUA URIEL PAES BARRETO, ,237.0,SUBURBIO,ABALROAMENTO TRANSVERSAL,2.0,1.0,1.0,1.0,1.0,1.0,1.0,1.0,1.0,0.0,1.0,Cruzamento,Bom,Não existe,Perfeito estado,Seca,Perfeito estado,Não há placas,50 km/h,Dupla," , RUA URIEL PAES BARRETO, Recife, Pernambuco, Brasil",-8.0487527,-34.9078752
7889,2019-09-11 14:38:00,SEM VÍTIMA,TORRE,RUA REAL DA TORRE,1069,237.0,CIDADE,ABALROAMENTO LONGITUDINAL,2.0,1.0,1.0,1.0,1.0,1.0,1.0,1.0,1.0,0.0,1.0,Longo da via,Bom,Sem defeito,Perfeito estado,Seca,Perfeito estado,Não há placas,50 km/h,Única,"1069, RUA REAL DA TORRE, Recife, Pernambuco, Brasil",-8.0508853,-34.9082074
5251,2019-06-15 09:32:00,SEM VÍTIMA,TORRE,RUA MARQUES DE MARICA,243,317.0,SUBURBIO,ABALROAMENTO TRANSVERSAL,1.0,1.0,1.0,1.0,1.0,1.0,1.0,1.0,1.0,0.0,1.0,Cruzamento,Bom,Sem defeito,Perfeito estado,Seca,Perfeito estado,R-6a,30 km/h,Dupla,"243, RUA MARQUES DE MARICA, Recife, Pernambuco, Brasil",-8.0475576,-34.9160515
8997,2019-10-11 20:17:00,SEM VÍTIMA,TORRE,RUA MARQUES DE MARICA, ,317.0,SUBURBIO,COLISÃO,2.0,1.0,1.0,1.0,1.0,1.0,1.0,1.0,1.0,0.0,1.0,Cruzamento,Bom,Sem defeito,Perfeito estado,Seca,Perfeito estado,R-6a,30 km/h,Dupla," , RUA MARQUES DE MARICA, Recife, Pernambuco, Brasil",-8.0475576,-34.9160515
9998,2019-11-08 14:24:00,COM VÍTIMA,TORRE,RUA REAL DA TORRE,292,317.0,AFOGADOS,ATROPELAMENTO,2.0,1.0,1.0,1.0,1.0,1.0,1.0,1.0,1.0,1.0,1.0,Longo da via,Bom,Não existe,Incompleta,Seca,Perfeito estado,R-19,50 km/h,Única,"292, RUA REAL DA TORRE, Recife, Pernambuco, Brasil",-8.0545608,-34.9087157
5239,2019-06-14 19:33:00,SEM VÍTIMA,TORRE,RUA CONDE DE IRAJA,1052,317.0,AFOGADOS,COLISÃO,1.0,1.0,1.0,1.0,1.0,1.0,1.0,1.0,1.0,0.0,1.0,Longo da via,Bom,Não existe,Incompleta,Seca,Perfeito estado,R-19,50 km/h,Única,"1052, RUA CONDE DE IRAJA, Recife, Pernambuco, Brasil",-7.9380388,-34.8886393
3276,2019-04-13 12:20:00,SEM VÍTIMA,TORRE,RUA JOSE BONIFACIO, ,317.0,AFOGADOS,COLISÃO,1.0,1.0,1.0,1.0,1.0,1.0,1.0,1.0,1.0,0.0,1.0,Longo da via,Bom,Não existe,Incompleta,Seca,Perfeito estado,R-19,50 km/h,Única," , RUA JOSE BONIFACIO, Recife, Pernambuco, Brasil",-8.0441236,-34.9076816
7992,2019-09-14 09:14:00,SEM VÍTIMA,TORRE,AV RUI BARBOSA, ,305.0,CIDADE,ABALROAMENTO LONGITUDINAL,1.0,1.0,1.0,1.0,1.0,1.0,1.0,1.0,1.0,0.0,1.0,Cruzamento,Bom,Sem defeito,Perfeito estado,Seca,Perfeito estado,Outras,50 km/h,Única," , AV RUI BARBOSA, Recife, Pernambuco, Brasil",-8.0460464,-34.9018773
11089,2019-12-05 15:31:00,SEM VÍTIMA,TORRE,PRC PROFESSOR BARRETO CAMPELLO, ,305.0,CIDADE,CHOQUE VEÍCULO PARADO,2.0,1.0,1.0,1.0,1.0,1.0,1.0,1.0,1.0,0.0,1.0,Cruzamento,Bom,Não existe,Não existente,Seca,Perfeito estado,Não há placas,50 km/h,Dupla," , PRC PROFESSOR BARRETO CAMPELLO, Recife, Pernambuco, Brasil",-8.0460464,-34.9018773
5891,2019-07-08 08:16:00,SEM VÍTIMA,TORRE,RUA REAL DA TORRE,1645,305.0,CIDADE,COLISÃO,2.0,1.0,1.0,1.0,1.0,1.0,1.0,1.0,1.0,0.0,1.0,Cruzamento,Bom,Não existe,Não existente,Seca,Perfeito estado,Não há placas,50 km/h,Dupla,"1645, RUA REAL DA TORRE, Recife, Pernambuco, Brasil",-8.0508853,-34.9082074
591,2019-01-23 11:46:00,SEM VÍTIMA,TORRE,RUA CANTORA CLARA NUNES,13,305.0,CIDADE,ABALROAMENTO TRANSVERSAL,2.0,1.0,1.0,1.0,1.0,1.0,1.0,1.0,1.0,0.0,1.0,Longo da via,Bom,Não existe,Ilegível,Seca,Perfeito estado,Outras,50 km/h,Dupla,"13, RUA CANTORA CLARA NUNES, Recife, Pernambuco, Brasil",-8.0445286,-34.9150229
5884,2019-07-07 22:34:00,SEM VÍTIMA,TORRE,RUA CONS THEODORO, ,513.0,SUBURBIO,CHOQUE VEÍCULO PARADO,1.0,1.0,1.0,1.0,1.0,1.0,1.0,1.0,1.0,0.0,1.0,Longo da via,Bom,Sem defeito,Perfeito estado,Seca,Perfeito estado,R-6a,50 km/h,Dupla," , RUA CONS THEODORO, Recife, Pernambuco, Brasil",-8.0445286,-34.9150229
9980,2019-11-08 08:43:00,SEM VÍTIMA,TORRE,RUA TOMAZ GONZAGA,291,513.0,CIDADE,COLISÃO TRASEIRA,3.0,1.0,1.0,1.0,1.0,1.0,1.0,1.0,1.0,0.0,1.0,Longo da via,Bom,Não existe,Não existente,Seca,Perfeito estado,Não há placas,50 km/h,Dupla,"291, RUA TOMAZ GONZAGA, Recife, Pernambuco, Brasil",-8.0489386,-34.9173886
11497,2019-12-14 14:09:00,SEM VÍTIMA,TORRE,RUA PROFESSOR TRAJANO DE MENDONCA, ,513.0,CIDADE,ABALROAMENTO LONGITUDINAL,1.0,1.0,1.0,1.0,1.0,1.0,1.0,1.0,1.0,0.0,1.0,Longo da via,Bom,Não existe,Não existente,Seca,Perfeito estado,Outras,50 km/h,Única," , RUA PROFESSOR TRAJANO DE MENDONCA, Recife, Pernambuco, Brasil",-8.0436887,-34.9091662
10595,2019-11-23 20:20:00,SEM VÍTIMA,TORRE,RUA CONDE DE IRAJA, ,513.0,CIDADE,ABALROAMENTO LONGITUDINAL,2.0,1.0,1.0,1.0,1.0,1.0,1.0,1.0,1.0,0.0,1.0,Longo da via,Bom,Sem defeito,Perfeito estado,Seca,Perfeito estado,R-6a,40 km/h,Única," , RUA CONDE DE IRAJA, Recife, Pernambuco, Brasil",-8.0459628,-34.9070714
610,2019-01-24 08:16:00,SEM VÍTIMA,TORRE,RUA REAL DA TORRE,1060,513.0,SUB/CID,COLISÃO TRASEIRA,2.0,1.0,1.0,1.0,1.0,1.0,1.0,1.0,1.0,0.0,1.0,Longo da via,Bom,Sem defeito,Perfeito estado,Seca,Perfeito estado,Outras,60 km/h,Única,"1060, RUA REAL DA TORRE, Recife, Pernambuco, Brasil",-8.0477154,-34.9089484
11816,2019-12-22 22:36:00,SEM VÍTIMA,TORRE,RUA CONDE DE IRAJA, ,191.0,SUBURBIO,ABALROAMENTO TRANSVERSAL,2.0,1.0,1.0,1.0,1.0,1.0,1.0,1.0,1.0,0.0,1.0,Cruzamento,Bom,Sem defeito,Perfeito estado,Seca,Perfeito estado,Não há placas,60 km/h,Única," , RUA CONDE DE IRAJA, Recife, Pernambuco, Brasil",-8.0459628,-34.9070714
2575,2019-03-24 13:22:00,COM VÍTIMA,TORRE,RUA JOSE BONIFACIO,1210,191.0,SUBURBIO,COLISÃO TRASEIRA,4.0,1.0,1.0,1.0,1.0,1.0,1.0,1.0,1.0,1.0,1.0,Longo da via,Bom,Não existe,Perfeito estado,Seca,Perfeito estado,Outras,30 km/h,Única,"1210, RUA JOSE BONIFACIO, Recife, Pernambuco, Brasil",-8.1127711,-35.3044207
6544,2019-07-31 16:30:00,SEM VÍTIMA,TORRE,RUA DOM MANOEL DA COSTA,270,191.0,SUBURBIO,COLISÃO,3.0,1.0,1.0,1.0,1.0,1.0,1.0,1.0,1.0,0.0,1.0,Longo da via,Bom,Não existe,Perfeito estado,Seca,Perfeito estado,Outras,30 km/h,Única,"270, RUA DOM MANOEL DA COSTA, Recife, Pernambuco, Brasil",-8.0476979,-34.9116802