,data_hora,natureza_acidente,bairro,endereco,numero,num_semaforo,sentido_via,tipo,auto,moto,ciclom,ciclista,pedestre,onibus,caminhao,viatura,outros,vitimas,vitimasfatais,acidente_verificado,tempo_clima,situacao_semaforo,sinalizacao,condicao_via,conservacao_via,situacao_placa,velocidade_max_via,mao_direcao,end,latitude,longitude
2116,2019-03-12 07:55:00,SEM VÍTIMA,TORRE,AV BEIRA RIO,630,630.0,SUBURBIO,ABALROAMENTO LONGITUDINAL,1.0,1.0,1.0,1.0,1.0,1.0,1.0,1.0,1.0,0.0,1.0,Longo da via,Bom,Sem defeito,Perfeito estado,Seca,Perfeito estado,Outras,40 km/h,Única,"630, AV BEIRA RIO, Recife, Pernambuco, Brasil",-8.0667355,-34.8967797
305,2019-01-12 09:25:00,SEM VÍTIMA,TORRE,RUA JOSE BONIFACIO, ,630.0,SUBURBIO,ABALROAMENTO LONGITUDINAL,1.0,1.0,1.0,1.0,1.0,1.0,1.0,1.0,1.0,0.0,1.0,Longo da via,Bom,Sem defeito,Perfeito estado,Seca,Perfeito estado,Outras,40 km/h,Única," , RUA JOSE BONIFACIO, Recife, Pernambuco, Brasil",-8.0441236,-34.9076816
10501,2019-11-21 14:56:00,SEM VÍTIMA,TORRE,PRC PROFESSOR BARRETO CAMPELLO, ,630.0,SUBURBIO,COLISÃO,2.0,1.0,1.0,1.0,1.0,1.0,1.0,1.0,1.0,0.0,1.0,Longo da via,Bom,Sem defeito,Perfeito estado,Seca,Perfeito estado,Outras,40 km/h,Única," , PRC PROFESSOR BARRETO CAMPELLO, Recife, Pernambuco, Brasil",-8.0441236,-34.9076816
1499,2019-02-21 07:18:00,SEM VÍTIMA,TORRE,RUA CONDE DE IRAJA, ,106.0,SUBURBIO,ABALROAMENTO LONGITUDINAL,1.0,1.0,1.0,1.0,1.0,1.0,1.0,1.0,1.0,0.0,1.0,Cruzamento,Bom,Sem defeito,Perfeito estado,Seca,Perfeito estado,R-6a,30 km/h,Única," , RUA CONDE DE IRAJA, Recife, Pernambuco, Brasil",-8.0459628,-34.9070714
9785,2019-11-03 10:14:00,SEM VÍTIMA,TORRE,RUA JOSE BONIFACIO, ,301.0,SUBURBIO,COLISÃO TRASEIRA,3.0,1.0,1.0,1.0,1.0,1.0,1.0,1.0,1.0,0.0,1.0,Longo da via,Bom,Sem defeito,Perfeito estado,Seca,Perfeito estado,Outras,50 km/h,Única," , RUA JOSE BONIFACIO, Recife, Pernambuco, Brasil",-8.0441236,-34.9076816
3915,2019-05-03 10:38:00,SEM VÍTIMA,TORRE,RUA MARCOS ANDRE, ,487.0,SUBURBIO,ABALROAMENTO LONGITUDINAL,2.0,1.0,1.0,1.0,1.0,1.0,1.0,1.0,1.0,0.0,1.0,Longo da via,Bom,Sem defeito,Perfeito estado,Seca,Perfeito estado,R-6a,50 km/h,Única," , RUA MARCOS ANDRE, Recife, Pernambuco, Brasil",-8.0408655,-34.907843
4413,2019-05-20 12:32:00,SEM VÍTIMA,TORRE,RUA REAL DA TORRE,1321,487.0,CIDADE,ABALROAMENTO LONGITUDINAL,1.0,1.0,1.0,1.0,1.0,1.0,1.0,1.0,1.0,0.0,1.0,Longo da via,Bom,Não existe,Perfeito estado,Seca,Perfeito estado,Não há placas,50 km/h,Única,"1321, RUA REAL DA TORRE, Recife, Pernambuco, Brasil",-8.0508853,-34.9082074
5624,2019-06-28 17:51:00,SEM VÍTIMA,TORRE,RUA REAL DA TORRE,XX,487.0,CIDADE,COLISÃO,1.0,1.0,1.0,1.0,1.0,1.0,1.0,1.0,1.0,0.0,1.0,Longo da via,Bom,Não existe,Perfeito estado,Seca,Perfeito estado,Não há placas,50 km/h,Única,"XX, RUA REAL DA TORRE, Recife, Pernambuco, Brasil",-8.0508853,-34.9082074
1160,2019-02-11 14:25:00,SEM VÍTIMA,TORRE,AV BEIRA RIO,1305,487.0,CIDADE,COLISÃO,1.0,1.0,1.0,1.0,1.0,1.0,1.0,1.0,1.0,0.0,1.0,Longo da via,Bom,Não existe,Perfeito estado,Seca,Perfeito estado,Não há placas,50 km/h,Única,"1305, AV BEIRA RIO, Recife, Pernambuco, Brasil",-8.0667355,-34.8967797
6555,2019-07-31 21:12:00,SEM VÍTIMA,TORRE,RUA JOSE BONIFACIO,1356,487.0,CIDADE,COLISÃO,1.0,2.0,1.0,1.0,1.0,1.0,1.0,1.0,1.0,0.0,1.0,Longo da via,Bom,Não existe,Perfeito estado,Seca,Perfeito estado,Não há placas,50 km/h,Única,"1356, RUA JOSE BONIFACIO, Recife, Pernambuco, Brasil",-8.1127711,-35.3044207
7377,2019-08-26 11:27:00,SEM VÍTIMA,TORRE,AV BEIRA RIO,651,387.0,CIDADE,ABALROAMENTO LONGITUDINAL,1.0,2.0,1.0,1.0,1.0,1.0,1.0,1.0,1.0,0.0,1.0,Cruzamento,Bom,Sem defeito,Perfeito estado,Seca,Perfeito estado,R-6c,50 km/h,Única,"651, AV BEIRA RIO, Recife, Pernambuco, Brasil",-8.0532585,-34.9049358
11178,2019-12-07 11:36:00,SEM VÍTIMA,TORRE,RUA DIOGO ALVARES, ,387.0,CIDADE,COLISÃO,2.0,2.0,1.0,1.0,1.0,1.0,1.0,1.0,1.0,0.0,1.0,Cruzamento,Bom,Sem defeito,Perfeito estado,Seca,Perfeito estado,R-6c,50 km/h,Única," , RUA DIOGO ALVARES, Recife, Pernambuco, Brasil",-8.0484021,-34.9167033
11177,2019-12-07 11:33:00,SEM VÍTIMA,TORRE,RUA DIOGO ALVARES,68,387.0,SUBURBIO,COLISÃO TRASEIRA,2.0,2.0,1.0,1.0,1.0,1.0,1.0,1.0,1.0,0.0,1.0,Longo da via,Bom,Não existe,Não existente,Seca,Perfeito estado,Placas Pare,50 km/h,Dupla,"68, RUA DIOGO ALVARES, Recife, Pernambuco, Brasil",-8.0484021,-34.9167033
9791,2019-11-03 14:49:00,SEM VÍTIMA,TORRE,RUA SOUZA BANDEIRA, ,317.0,SUBURBIO,ABALROAMENTO LONGITUDINAL,1.0,1.0,1.0,1.0,1.0,1.0,1.0,1.0,1.0,0.0,1.0,Cruzamento,Bom,Sem defeito,Perfeito estado,Seca,Perfeito estado,R-6a,50 km/h,Dupla," , RUA SOUZA BANDEIRA, Recife, Pernambuco, Brasil",-8.0469308,-34.9171592
7331,2019-08-24 11:39:00,SEM VÍTIMA,TORRE,RUA CONDE DE IRAJA, ,106.0,SUBURBIO,ABALROAMENTO TRANSVERSAL,1.0,1.0,1.0,1.0,1.0,1.0,1.0,1.0,1.0,0.0,1.0,Cruzamento,Bom,Sem defeito,Perfeito estado,Seca,Perfeito estado,R-6a,50 km/h,Única," , RUA CONDE DE IRAJA, Recife, Pernambuco, Brasil",-8.0459628,-34.9070714
5838,2019-07-05 18:55:00,SEM VÍTIMA,TORRE,RUA VITORIANO PALHARES, ,106.0,SUBURBIO,COLISÃO TRASEIRA,2.0,1.0,1.0,1.0,1.0,1.0,1.0,1.0,1.0,0.0,1.0,Longo da via,Bom,Sem defeito,Perfeito estado,Seca,Perfeito estado,R-6a,50 km/h,Única," , RUA VITORIANO PALHARES, Recife, Pernambuco, Brasil",-8.0437823,-34.9097905
4668,2019-05-28 17:05:00,COM VÍTIMA,TORRE,RUA PADRE LANDIM,104,252.0,SUBURBIO,ABALROAMENTO TRANSVERSAL,1.0,1.0,1.0,1.0,1.0,1.0,1.0,1.0,1.0,1.0,1.0,Cruzamento,Bom,Sem defeito,Incompleta,Seca,Perfeito estado,Não há placas,50 km/h,Única,"104, RUA PADRE LANDIM, Recife, Pernambuco, Brasil",-8.0474044,-34.9123746
2616,2019-03-25 18:58:00,SEM VÍTIMA,TORRE,RUA JOSE DE HOLANDA, ,252.0,SUBURBIO,CHOQUE VEÍCULO PARADO,2.0,1.0,1.0,1.0,1.0,1.0,1.0,1.0,1.0,0.0,1.0,Longo da via,Bom,Não existe,Perfeito estado,Seca,Perfeito estado,Não há placas,50 km/h,Única," , RUA JOSE DE HOLANDA, Recife, Pernambuco, Brasil",-8.045251,-34.9112369
5840,2019-07-05 19:30:00,SEM VÍTIMA,TORRE,RUA REAL DA TORRE, ,192.0,SUBURBIO,ABALROAMENTO LONGITUDINAL,2.0,1.0,1.0,1.0,1.0,1.0,1.0,1.0,1.0,0.0,1.0,Cruzamento,Bom,Sem defeito,Perfeito estado,Seca,Perfeito estado,Não há placas,50 km/h,Única," , RUA REAL DA TORRE, Recife, Pernambuco, Brasil",-8.0508853,-34.9082074
9149,2019-10-16 08:19:00,SEM VÍTIMA,TORRE,AV BEIRA RIO, ,192.0,CIDADE,ABALROAMENTO TRANSVERSAL,1.0,1.0,1.0,1.0,1.0,1.0,1.0,1.0,1.0,0.0,1.0,Longo da via,Bom,Não existe,Perfeito estado,Seca,Perfeito estado,Placas Pare,50 km/h,Dupla," , AV BEIRA RIO, Recife, Pernambuco, Brasil",-8.0428409,-34.9051443
9142,2019-10-15 21:21:00,COM VÍTIMA,TORRE,RUA JOSE BONIFACIO, ,301.0,SUBURBIO,ABALROAMENTO TRANSVERSAL,1.0,1.0,1.0,1.0,1.0,1.0,1.0,1.0,1.0,1.0,1.0,Esquina,Bom,Sem defeito,Incompleta,Seca,Mal iluminada,Não há placas,50 km/h,Única," , RUA JOSE BONIFACIO, Recife, Pernambuco, Brasil",-8.0441236,-34.9076816
3854,2019-05-02 06:25:00,COM VÍTIMA,TORRE,RUA REAL DA TORRE,62,192.0,CIDADE,COLISÃO COM CICLISTA,1.0,1.0,1.0,1.0,1.0,1.0,1.0,1.0,1.0,1.0,1.0,Cruzamento,Bom,Sem defeito,Perfeito estado,Seca,Perfeito estado,Não há placas,30 km/h,Única,"62, RUA REAL DA TORRE, Recife, Pernambuco, Brasil",-8.0508853,-34.9082074
372,2019-01-14 23:44:00,SEM VÍTIMA,TORRE,RUA ANAJANOPOLIS,1,192.0,CIDADE,COLISÃO,1.0,1.0,1.0,1.0,1.0,1.0,1.0,1.0,1.0,0.0,1.0,Cruzamento,Bom,Sem defeito,Perfeito estado,Seca,Perfeito estado,Não há placas,30 km/h,Única,"1, RUA ANAJANOPOLIS, Recife, Pernambuco, Brasil",-8.0454402,-34.9159375
11370,2019-12-11 17:17:00,SEM VÍTIMA,TORRE,RUA JOSE BONIFACIO,339,192.0,SUBURBIO,ABALROAMENTO LONGITUDINAL,1.0,1.0,1.0,1.0,1.0,1.0,1.0,1.0,1.0,0.0,1.0,Longo da via,Bom,Não existe,Perfeito estado,Seca,Perfeito estado,Outras,30 km/h,Única,"339, RUA JOSE BONIFACIO, Recife, Pernambuco, Brasil",-8.0481721,-34.9065706
11349,2019-12-11 12:26:00,COM VÍTIMA,TORRE,RUA ANA NERY,6,192.0,NORTE,ABALROAMENTO LONGITUDINAL,1.0,1.0,1.0,1.0,1.0,1.0,1.0,1.0,1.0,1.0,1.0,Longo da via,Bom,Não existe,Incompleta,Seca,Perfeito estado,Não há placas,30 km/h,Dupla,"6, RUA ANA NERY, Recife, Pernambuco, Brasil",-7.9964595,-34.9801422
5316,2019-06-18 09:36:00,SEM VÍTIMA,TORRE,RUA REAL DA TORRE,1275,192.0,SUBURBIO,COLISÃO TRASEIRA,2.0,1.0,1.0,1.0,1.0,1.0,1.0,1.0,1.0,0.0,1.0,Longo da via,Bom,Não existe,Perfeito estado,Seca,Perfeito estado,Não há placas,30 km/h,Única,"1275, RUA REAL DA TORRE, Recife, Pernambuco, Brasil",-8.0508853,-34.9082074
1201,2019-02-12 11:53:00,SEM VÍTIMA,TORRE,RUA CONDE DE IRAJA,214,192.0,SUBURBIO,COLISÃO TRASEIRA,2.0,1.0,1.0,1.0,1.0,1.0,1.0,1.0,1.0,0.0,1.0,Longo da via,Bom,Não existe,Não existente,Seca,Perfeito estado,Não há placas,40 km/h,Única,"214, RUA CONDE DE IRAJA, Recife, Pernambuco, Brasil",-8.0454784,-34.90564479629748
11874,2019-12-24 13:07:00,SEM VÍTIMA,TORRE,RUA REAL DA TORRE, ,192.0,SUBURBIO,COLISÃO,1.0,1.0,1.0,1.0,1.0,1.0,1.0,1.0,1.0,0.0,1.0,Longo da via,Bom,Não existe,Não existente,Seca,Perfeito estado,Não há placas,40 km/h,Única," , RUA REAL DA TORRE, Recife, Pernambuco, Brasil",-8.0508853,-34.9082074
2954,2019-04-04 09:43:00,SEM VÍTIMA,TORRE,RUA JOSE BONIFACIO,621,191.0,SUBURBIO,COLISÃO,1.0,1.0,1.0,1.0,1.0,1.0,1.0,1.0,1.0,0.0,1.0,Longo da via,Bom,Não existe,Não existente,Seca,Perfeito estado,Não há placas,40 km/h,Única,"621, RUA JOSE BONIFACIO, Recife, Pernambuco, Brasil",-8.0457364,-34.9072664
10334,2019-11-17 12:26:00,COM VÍTIMA,TORRE,RUA DOM MANOEL DA COSTA,321,191.0,CIDADE,COLISÃO TRASEIRA,1.0,1.0,1.0,1.0,1.0,1.0,1.0,1.0,1.0,1.0,1.0,Longo da via,Bom,Não existe,Perfeito estado,Seca,Perfeito estado,Não há placas,40 km/h,Única,"321, RUA DOM MANOEL DA COSTA, Recife, Pernambuco, Brasil",-8.04804515,-34.91206894098566
7383,2019-08-26 15:14:00,SEM VÍTIMA,TORRE,RUA JOSE BONIFACIO, ,191.0,SUBURBIO,COLISÃO TRASEIRA,1.0,1.0,1.0,1.0,1.0,1.0,1.0,1.0,1.0,0.0,1.0,Longo da via,Bom,Não existe,Incompleta,Seca,Perfeito estado,Não há placas,40 km/h,Única," , RUA JOSE BONIFACIO, Recife, Pernambuco, Brasil",-8.0441236,-34.9076816
2951,2019-04-04 08:48:00,SEM VÍTIMA,TORRE,RUA PADRE ANCHIETA, ,192.0,SUBURBIO,COLISÃO,2.0,1.0,1.0,1.0,1.0,1.0,1.0,1.0,1.0,0.0,1.0,Longo da via,Bom,Não existe,Incompleta,Seca,Perfeito estado,Não há placas,40 km/h,Única," , RUA PADRE ANCHIETA, Recife, Pernambuco, Brasil",-8.0474188,-34.9086507
2960,2019-04-04 12:02:00,SEM VÍTIMA,TORRE,RUA PADRE LANDIM, ,252.0,SUBURBIO,COLISÃO,1.0,1.0,1.0,1.0,1.0,1.0,1.0,1.0,1.0,0.0,1.0,Longo da via,Bom,Não existe,Incompleta,Seca,Perfeito estado,Não há placas,40 km/h,Única," , RUA PADRE LANDIM, Recife, Pernambuco, Brasil",-8.0490342,-34.9123044
2965,2019-04-04 13:50:00,SEM VÍTIMA,TORRE,AV BEIRA RIO,650,252.0,SUBURBIO,COLISÃO TRASEIRA,2.0,1.0,1.0,1.0,1.0,1.0,1.0,1.0,1.0,0.0,1.0,Longo da via,Bom,Não existe,Perfeito estado,Seca,Perfeito estado,Outras,40 km/h,Dupla,"650, AV BEIRA RIO, Recife, Pernambuco, Brasil",-8.0507552,-34.90516
1474,2019-02-20 14:41:00,SEM VÍTIMA,TORRE,RUA MARQUES DE MARICA,169,252.0,CIDADE,ABALROAMENTO TRANSVERSAL,1.0,1.0,1.0,1.0,1.0,1.0,1.0,1.0,1.0,0.0,1.0,Longo da via,Bom,Não existe,Perfeito estado,Seca,Perfeito estado,Outras,40 km/h,Dupla,"169, RUA MARQUES DE MARICA, Recife, Pernambuco, Brasil",-8.0475576,-34.9160515
11189,2019-12-07 14:30:00,SEM VÍTIMA,TORRE,RUA CONDE DE IRAJA,195,630.0,SUBURBIO,COLISÃO TRASEIRA,2.0,1.0,1.0,1.0,1.0,1.0,1.0,1.0,1.0,0.0,1.0,Cruzamento,Bom,Sem defeito,Perfeito estado,Seca,Perfeito estado,Placas Pare,40 km/h,Dupla,"195, RUA CONDE DE IRAJA, Recife, Pernambuco, Brasil",-7.9380388,-34.8886393
11348,2019-12-11 12:17:00,SEM VÍTIMA,TORRE,RUA VITORIANO PALHARES,148,630.0,SUBURBIO,ABALROAMENTO TRANSVERSAL,2.0,1.0,1.0,1.0,1.0,1.0,1.0,1.0,1.0,0.0,1.0,Cruzamento,Bom,Não existe,Perfeito estado,Seca,Perfeito estado,Outras,40 km/h,Dupla,"148, RUA VITORIANO PALHARES, Recife, Pernambuco, Brasil",-8.0436421,-34.9093106
7388,2019-08-26 18:41:00,COM VÍTIMA,TORRE,AV BEIRA RIO,1305,630.0,SUBURBIO,COLISÃO TRASEIRA,1.0,1.0,1.0,1.0,1.0,1.0,1.0,1.0,1.0,1.0,1.0,Esquina,Bom,Não existe,Perfeito estado,Seca,Perfeito estado,Outras,40 km/h,Dupla,"1305, AV BEIRA RIO, Recife, Pernambuco, Brasil",-8.0667355,-34.8967797
6204,2019-07-18 18:19:00,SEM VÍTIMA,TORRE,RUA JORNALISTA LUIZ TEIXEIRA,10,630.0,SUBURBIO,ABALROAMENTO LONGITUDINAL,2.0,1.0,1.0,1.0,1.0,1.0,1.0,1.0,1.0,0.0,1.0,Longo da via,Bom,Não existe,Não existente,Seca,Mal conservada,Não há placas,40 km/h,Dupla,"10, RUA JORNALISTA LUIZ TEIXEIRA, Recife, Pernambuco, Brasil",-8.0454621,-34.9162097
6747,2019-08-06 18:29:00,SEM VÍTIMA,TORRE,RUA JOSE BONIFACIO, ,630.0,CIDADE,COLISÃO TRASEIRA,2.0,1.0,1.0,1.0,1.0,1.0,1.0,1.0,1.0,0.0,1.0,Longo da via,Bom,Não existe,Perfeito estado,Seca,Perfeito estado,Não há placas,40 km/h,Dupla," , RUA JOSE BONIFACIO, Recife, Pernambuco, Brasil",-8.0441236,-34.9076816
7912,2019-09-12 08:01:00,SEM VÍTIMA,TORREÃO,RUA OTHON PARAISO,343,630.0,CIDADE,COLISÃO,2.0,1.0,1.0,1.0,1.0,1.0,1.0,1.0,1.0,0.0,1.0,Longo da via,Bom,Não existe,Perfeito estado,Seca,Perfeito estado,Não há placas,40 km/h,Dupla,"343, RUA OTHON PARAISO, Recife, Pernambuco, Brasil",-8.0389726,-34.8836102
12031,2019-12-30 07:12:00,SEM VÍTIMA,TORREÃO,AV NORTE, ,376.0,CIDADE,CHOQUE OBJETO FIXO,1.0,1.0,1.0,1.0,1.0,1.0,1.0,1.0,1.0,0.0,1.0,Cruzamento,Bom,Sem defeito,Perfeito estado,Seca,Perfeito estado,R-6c,60 km/h,Dupla," , AV NORTE, Recife, Pernambuco, Brasil",-8.027844,-34.903102
2126,2019-03-12 11:56:00,COM VÍTIMA,TORREÃO,AV NORTE,1716,376.0,SUBURBIO,TOMBAMENTO,1.0,1.0,1.0,1.0,1.0,1.0,1.0,1.0,1.0,1.0,1.0,Longo da via,Chuvoso,Não existe,Perfeito estado,Molhada,Perfeito estado,Não há placas,60 km/h,Dupla,"1716, AV NORTE, Recife, Pernambuco, Brasil",-8.027844,-34.903102
3486,2019-04-20 13:06:00,SEM VÍTIMA,TORREÃO,AV GOVERNADOR AGAMENON MAGALHAES, ,379.0,SUBURBIO,COLISÃO TRASEIRA,2.0,1.0,1.0,1.0,1.0,1.0,1.0,1.0,1.0,0.0,1.0,Longo da via,Chuvoso,Sem defeito,Perfeito estado,Molhada,Perfeito estado,R-19,60 km/h,Dupla," , AV GOVERNADOR AGAMENON MAGALHAES, Recife, Pernambuco, Brasil",-8.0615339,-34.8974443
4238,2019-05-14 15:55:00,SEM VÍTIMA,TORREÃO,AV NORTE,1633,379.0,SUBURBIO,COLISÃO TRASEIRA,2.0,1.0,1.0,1.0,1.0,1.0,1.0,1.0,1.0,0.0,1.0,Longo da via,Bom,Não existe,Incompleta,Seca,Perfeito estado,Outras,60 km/h,Dupla,"1633, AV NORTE, Recife, Pernambuco, Brasil",-8.027844,-34.903102
413,2019-01-16 17:52:00,SEM VÍTIMA,TORREÃO,AV GOVERNADOR AGAMENON MAGALHAES, ,378.0,SUBURBIO,ABALROAMENTO LONGITUDINAL,2.0,1.0,1.0,1.0,1.0,1.0,1.0,1.0,1.0,0.0,1.0,Longo da via,Bom,Sem defeito,Perfeito estado,Seca,Perfeito estado,Outras,60 km/h,Única," , AV GOVERNADOR AGAMENON MAGALHAES, Recife, Pernambuco, Brasil",-8.0615339,-34.8974443
1690,2019-02-26 08:01:00,COM VÍTIMA,TORREÃO,AV NORTE,1726,378.0,CIDADE,COLISÃO TRASEIRA,1.0,1.0,1.0,1.0,1.0,1.0,1.0,1.0,1.0,1.0,1.0,Longo da via,Bom,Sem defeito,Perfeito estado,Seca,Perfeito estado,Outras,60 km/h,Dupla,"1726, AV NORTE, Recife, Pernambuco, Brasil",-8.027844,-34.903102
8981,2019-10-11 17:18:00,COM VÍTIMA,TORREÃO,RUA OTHON PARAISO,161,378.0,SUBURBIO,ABALROAMENTO LONGITUDINAL,1.0,1.0,1.0,1.0,1.0,1.0,1.0,1.0,1.0,1.0,1.0,Longo da via,Bom,Não existe,Incompleta,Seca,Perfeito estado,Outras,60 km/h,Única,"161, RUA OTHON PARAISO, Recife, Pernambuco, Brasil",-8.0389726,-34.8836102
10763,2019-11-28 16:15:00,SEM VÍTIMA,TORREÃO,AV NORTE, ,56.0,SUBURBIO,COLISÃO TRASEIRA,2.0,1.0,1.0,1.0,1.0,1.0,1.0,1.0,1.0,0.0,1.0,Cruzamento,Bom,Sem defeito,Perfeito estado,Seca,Perfeito estado,R-6a,60 km/h,Dupla," , AV NORTE, Recife, Pernambuco, Brasil",-8.027844,-34.903102
6719,2019-08-06 08:07:00,SEM VÍTIMA,TORREÃO,AV ENGENHEIRO ABDIAS DE CARVALHO,400,56.0,CIDADE,COLISÃO TRASEIRA,2.0,1.0,1.0,1.0,1.0,1.0,1.0,1.0,1.0,0.0,1.0,Longo da via,Bom,Não existe,Perfeito estado,Seca,Perfeito estado,Não há placas,60 km/h,Dupla,"400, AV ENGENHEIRO ABDIAS DE CARVALHO, Recife, Pernambuco, Brasil",-8.0617202,-34.9304282
2408,2019-03-19 13:58:00,SEM VÍTIMA,TORREÃO,AV NORTE,1715,376.0,CIDADE,COLISÃO TRASEIRA,3.0,1.0,1.0,1.0,1.0,1.0,1.0,1.0,1.0,0.0,1.0,Longo da via,Bom,Sem defeito,Perfeito estado,Seca,Perfeito estado,R-6a,60 km/h,Dupla,"1715, AV NORTE, Recife, Pernambuco, Brasil",-8.027844,-34.903102
40,2019-01-02 15:40:00,SEM VÍTIMA,TORREÃO,RUA VICENTE PIZZON, ,376.0,SUBURBIO,COLISÃO TRASEIRA,2.0,1.0,1.0,1.0,1.0,1.0,1.0,1.0,1.0,0.0,1.0,Não informado,Bom,Não existe,Perfeito estado,Seca,Mal conservada,Placas Pare,60 km/h,Dupla," , RUA VICENTE PIZZON, Recife, Pernambuco, Brasil",-8.027844,-34.903102
3676,2019-04-26 14:55:00,SEM VÍTIMA,TORREÃO,AV NORTE,56,376.0,SUBURBIO,COLISÃO TRASEIRA,3.0,1.0,1.0,1.0,1.0,1.0,1.0,1.0,1.0,0.0,1.0,Longo da via,Bom,Sem defeito,Perfeito estado,Seca,Perfeito estado,Não há placas,60 km/h,Dupla,"56, AV NORTE, Recife, Pernambuco, Brasil",-8.027844,-34.903102
1979,2019-03-08 07:18:00,SEM VÍTIMA,TORREÃO,AV GOVERNADOR AGAMENON MAGALHAES,1500,376.0,CIDADE,ABALROAMENTO LONGITUDINAL,2.0,1.0,1.0,1.0,1.0,1.0,1.0,1.0,1.0,0.0,1.0,Longo da via,Bom,Não existe,Perfeito estado,Seca,Perfeito estado,Placas Pare,60 km/h,Única,"1500, AV GOVERNADOR AGAMENON MAGALHAES, Recife, Pernambuco, Brasil",-8.0412156,-34.8838915
1983,2019-03-08 09:01:00,SEM VÍTIMA,TORREÃO,RUA CRISTOVAO JAQUES,82,376.0,CIDADE,COLISÃO TRASEIRA,2.0,1.0,1.0,1.0,1.0,1.0,1.0,1.0,1.0,0.0,1.0,Longo da via,Bom,Não existe,Perfeito estado,Seca,Perfeito estado,Não há placas,40 km/h,Dupla,"82, RUA CRISTOVAO JAQUES, Recife, Pernambuco, Brasil",-8.0342753,-34.884809
7911,2019-09-12 07:51:00,SEM VÍTIMA,TORREÃO,RUA OTHON PARAISO,352,376.0,SUBURBIO,COLISÃO TRASEIRA,2.0,1.0,1.0,1.0,1.0,1.0,1.0,1.0,1.0,0.0,1.0,Longo da via,Bom,Não existe,Perfeito estado,Seca,Perfeito estado,Não há placas,30 km/h,Dupla,"352, RUA OTHON PARAISO, Recife, Pernambuco, Brasil",-8.0389726,-34.8836102
7975,2019-09-13 15:25:00,SEM VÍTIMA,TORREÃO,AV GOVERNADOR AGAMENON MAGALHAES, ,379.0,SUBURBIO,ABALROAMENTO LONGITUDINAL,2.0,1.0,1.0,1.0,1.0,1.0,1.0,1.0,1.0,0.0,1.0,Longo da via,Bom,Sem defeito,Perfeito estado,Seca,Perfeito estado,Não há placas,60 km/h,Dupla," , AV GOVERNADOR AGAMENON MAGALHAES, Recife, Pernambuco, Brasil",-8.0615339,-34.8974443
9343,2019-10-22 09:01:00,SEM VÍTIMA,TORREÃO,RUA OTHON PARAISO, ,379.0,SUBURBIO,COLISÃO,2.0,1.0,1.0,1.0,1.0,1.0,1.0,1.0,1.0,0.0,1.0,Longo da via,Bom,Sem defeito,Perfeito estado,Seca,Perfeito estado,Não há placas,60 km/h,Dupla," , RUA OTHON PARAISO, Recife, Pernambuco, Brasil",-8.0389726,-34.8836102
776,2019-01-30 18:14:00,SEM VÍTIMA,TORREÃO,RUA DJALMA FARIAS,161,379.0,SUBURBIO,ABALROAMENTO TRANSVERSAL,2.0,1.0,1.0,1.0,1.0,1.0,1.0,1.0,1.0,0.0,1.0,Cruzamento,Bom,Sem defeito,Perfeito estado,Seca,Perfeito estado,Não há placas,60 km/h,Dupla,"161, RUA DJALMA FARIAS, Recife, Pernambuco, Brasil",-8.0396697,-34.8837356
7492,2019-08-30 07:52:00,SEM VÍTIMA,TORREÃO,RUA MARECHAL DEODORO,159,379.0,SUBURBIO,COLISÃO TRASEIRA,2.0,1.0,1.0,1.0,1.0,1.0,1.0,1.0,1.0,0.0,1.0,Longo da via,Bom,Não existe,Perfeito estado,Seca,Perfeito estado,R-6a,60 km/h,Única,"159, RUA MARECHAL DEODORO, Recife, Pernambuco, Brasil",-8.038758,-34.8865821
4373,2019-05-18 17:45:00,SEM VÍTIMA,TORREÃO,AV GOVERNADOR AGAMENON MAGALHAES, ,379.0,CIDADE,COLISÃO TRASEIRA,2.0,1.0,1.0,1.0,1.0,1.0,1.0,1.0,1.0,0.0,1.0,Longo da via,Bom,Sem defeito,Perfeito estado,Seca,Perfeito estado,R-6a,60 km/h,Única," , AV GOVERNADOR AGAMENON MAGALHAES, Recife, Pernambuco, Brasil",-8.0615339,-34.8974443
2516,2019-03-22 11:05:00,COM VÍTIMA,TORREÃO,AV GOVERNADOR AGAMENON MAGALHAES, ,379.0,CIDADE,COLISÃO,1.0,1.0,1.0,1.0,1.0,1.0,1.0,1.0,1.0,1.0,1.0,Longo da via,Bom,Sem defeito,Perfeito estado,Seca,Perfeito estado,R-6a,60 km/h,Única," , AV GOVERNADOR AGAMENON MAGALHAES, Recife, Pernambuco, Brasil",-8.0615339,-34.8974443
4024,2019-05-07 20:39:00,SEM VÍTIMA,TORREÃO,AV GOVERNADOR AGAMENON MAGALHAES, ,379.0,SUBURBIO,ABALROAMENTO LONGITUDINAL,2.0,1.0,1.0,1.0,1.0,1.0,1.0,1.0,1.0,0.0,1.0,Cruzamento,Chuvoso,Não existe,Perfeito estado,Molhada,Perfeito estado,R-6a,60 km/h,Dupla," , AV GOVERNADOR AGAMENON MAGALHAES, Recife, Pernambuco, Brasil",-8.0615339,-34.8974443