,data_hora,natureza_acidente,bairro,endereco,numero,num_semaforo,sentido_via,tipo,auto,moto,ciclom,ciclista,pedestre,onibus,caminhao,viatura,outros,vitimas,vitimasfatais,acidente_verificado,tempo_clima,situacao_semaforo,sinalizacao,condicao_via,conservacao_via,situacao_placa,velocidade_max_via,mao_direcao,end,latitude,longitude
9680,2019-10-31 08:36:00,SEM VÍTIMA,VASCO DA GAMA,LGO DOM LUIZ,215,440.0,SUBURBIO,ABALROAMENTO LONGITUDINAL,1.0,1.0,1.0,1.0,1.0,1.0,1.0,1.0,1.0,0.0,1.0,Longo da via,Bom,Não existe,Perfeito estado,Seca,Perfeito estado,Não há placas,30 km/h,Dupla,"215, LGO DOM LUIZ, Recife, Pernambuco, Brasil",-8.027844,-34.903102
5450,2019-06-22 11:34:00,SEM VÍTIMA,VASCO DA GAMA,RUA VASCO DA GAMA,212,440.0,CIDADE,COLISÃO,1.0,1.0,1.0,1.0,1.0,1.0,1.0,1.0,1.0,0.0,1.0,Longo da via,Bom,Não existe,Perfeito estado,Seca,Perfeito estado,Não há placas,30 km/h,Dupla,"212, RUA VASCO DA GAMA, Recife, Pernambuco, Brasil",-8.0052505,-34.9217532
11947,2019-12-26 20:05:00,SEM VÍTIMA,VASCO DA GAMA,RUA FREDERICO OZANAN, ,440.0,SUBURBIO,ABALROAMENTO LONGITUDINAL,2.0,1.0,1.0,1.0,1.0,1.0,1.0,1.0,1.0,0.0,1.0,Longo da via,Bom,Não existe,Perfeito estado,Seca,Perfeito estado,Não há placas,30 km/h,Dupla," , RUA FREDERICO OZANAN, Recife, Pernambuco, Brasil",-8.013639,-34.9180618
7380,2019-08-26 13:08:00,SEM VÍTIMA,VASCO DA GAMA,AV VEREADOR OTACILIO AZEVEDO,7018,440.0,SUBURBIO,COLISÃO TRASEIRA,2.0,1.0,1.0,1.0,1.0,1.0,1.0,1.0,1.0,0.0,1.0,Longo da via,Bom,Não existe,Não existente,Seca,Perfeito estado,Não há placas,30 km/h,Dupla,"7018, AV VEREADOR OTACILIO AZEVEDO, Recife, Pernambuco, Brasil",-8.0049828,-34.9158141
10563,2019-11-22 18:40:00,COM VÍTIMA,VASCO DA GAMA,RUA VASCO DA GAMA,208,440.0,SUBURBIO,ABALROAMENTO LONGITUDINAL,1.0,1.0,1.0,1.0,1.0,1.0,1.0,1.0,1.0,1.0,1.0,Cruzamento,Bom,Não existe,Não existente,Seca,Perfeito estado,Outras,30 km/h,Dupla,"208, RUA VASCO DA GAMA, Recife, Pernambuco, Brasil",-8.0151282,-34.9200619
3962,2019-05-04 20:44:00,COM VÍTIMA,VASCO DA GAMA,RUA DOIS DE FEVEREIRO,5,440.0,SUBURBIO,ABALROAMENTO LONGITUDINAL,1.0,1.0,1.0,1.0,1.0,1.0,1.0,1.0,1.0,1.0,1.0,Cruzamento,Bom,Não existe,Não existente,Seca,Perfeito estado,Outras,30 km/h,Dupla,"5, RUA DOIS DE FEVEREIRO, Recife, Pernambuco, Brasil",-8.0164331,-34.9191602
2645,2019-03-26 13:13:00,SEM VÍTIMA,VASCO DA GAMA,RUA VASCO DA GAMA,1108,440.0,CIDADE,ABALROAMENTO LONGITUDINAL,1.0,1.0,1.0,1.0,1.0,1.0,1.0,1.0,1.0,0.0,1.0,Longo da via,Chuvoso,Não existe,Perfeito estado,Molhada,Perfeito estado,Outras,30 km/h,Dupla,"1108, RUA VASCO DA GAMA, Recife, Pernambuco, Brasil",-8.0052505,-34.9217532
2899,2019-04-02 15:14:00,SEM VÍTIMA,VASCO DA GAMA,RUA VASCO DA GAMA, ,66.0,SUBURBIO,ABALROAMENTO LONGITUDINAL,1.0,1.0,1.0,1.0,1.0,1.0,1.0,1.0,1.0,0.0,1.0,Cruzamento,Bom,Sem defeito,Perfeito estado,Seca,Perfeito estado,Outras,60 km/h,Única," , RUA VASCO DA GAMA, Recife, Pernambuco, Brasil",-8.004228,-34.92281
9725,2019-11-01 10:08:00,SEM VÍTIMA,VASCO DA GAMA,RUA VASCO DA GAMA,503,66.0,SUBURBIO,ABALROAMENTO LONGITUDINAL,1.0,1.0,1.0,1.0,1.0,1.0,1.0,1.0,1.0,0.0,1.0,Longo da via,Bom,Não existe,Perfeito estado,Seca,Perfeito estado,Outras,60 km/h,Dupla,"503, RUA VASCO DA GAMA, Recife, Pernambuco, Brasil",-8.0052505,-34.9217532
5572,2019-06-27 07:24:00,SEM VÍTIMA,VASCO DA GAMA,RUA PLANALTO,38,66.0,SUBURBIO,CHOQUE OBJETO FIXO,1.0,1.0,1.0,1.0,1.0,1.0,1.0,1.0,1.0,0.0,1.0,Longo da via,Chuvoso,Não existe,Não existente,Molhada,Perfeito estado,Não há placas,60 km/h,Dupla,"38, RUA PLANALTO, Recife, Pernambuco, Brasil",-8.015546,-34.9183756
9431,2019-10-24 08:16:00,COM VÍTIMA,VASCO DA GAMA,RUA VASCO DA GAMA,503,66.0,SUBURBIO,COLISÃO TRASEIRA,1.0,1.0,1.0,1.0,1.0,1.0,1.0,1.0,1.0,1.0,1.0,Longo da via,Bom,Não existe,Perfeito estado,Seca,Perfeito estado,Outras,30 km/h,Dupla,"503, RUA VASCO DA GAMA, Recife, Pernambuco, Brasil",-8.0052505,-34.9217532
3050,2019-04-07 01:34:00,COM VÍTIMA,VASCO DA GAMA,RUA ALTO DO EUCALIPTO, ,66.0,SUBURBIO,COLISÃO,1.0,1.0,1.0,1.0,1.0,1.0,1.0,1.0,1.0,1.0,1.0,Longo da via,Bom,Não existe,Perfeito estado,Seca,Perfeito estado,Outras,30 km/h,Dupla," , RUA ALTO DO EUCALIPTO, Recife, Pernambuco, Brasil",-8.0035327,-34.9204651
1128,2019-02-10 15:52:00,SEM VÍTIMA,VASCO DA GAMA,AV NORTE,6318,66.0,SUBURBIO,COLISÃO TRASEIRA,1.0,1.0,1.0,1.0,1.0,1.0,1.0,1.0,1.0,0.0,1.0,Longo da via,Bom,Sem defeito,Perfeito estado,Seca,Perfeito estado,Outras,30 km/h,Dupla,"6318, AV NORTE, Recife, Pernambuco, Brasil",-8.027844,-34.903102
10969,2019-12-03 12:42:00,SEM VÍTIMA,VASCO DA GAMA,RUA SANTA MARIA GORETTI,309,66.0,SUBURBIO,CHOQUE OBJETO FIXO,1.0,1.0,1.0,1.0,1.0,1.0,1.0,1.0,1.0,0.0,1.0,Longo da via,Bom,Sem defeito,Perfeito estado,Seca,Perfeito estado,Outras,30 km/h,Dupla,"309, RUA SANTA MARIA GORETTI, Recife, Pernambuco, Brasil",-8.0124436,-34.9185993
11920,2019-12-26 10:11:00,SEM VÍTIMA,VASCO DA GAMA,AV NORTE, ,256.0,CIDADE,COLISÃO TRASEIRA,2.0,1.0,1.0,1.0,1.0,1.0,1.0,1.0,1.0,0.0,1.0,Longo da via,Bom,Sem defeito,Perfeito estado,Seca,Perfeito estado,R-6a,60 km/h,Dupla," , AV NORTE, Recife, Pernambuco, Brasil",-8.027844,-34.903102
9390,2019-10-22 19:08:00,SEM VÍTIMA,VASCO DA GAMA,RUA RESPLENDOR,134,256.0,SUBURBIO,ABALROAMENTO LONGITUDINAL,1.0,1.0,1.0,1.0,1.0,1.0,1.0,1.0,1.0,0.0,1.0,Longo da via,Bom,Não existe,Não existente,Seca,Mal conservada,Não há placas,60 km/h,Dupla,"134, RUA RESPLENDOR, Recife, Pernambuco, Brasil",-8.0162884,-34.9223252
3822,2019-04-30 12:57:00,COM VÍTIMA,VASCO DA GAMA,RUA ALTO DO EUCALIPTO,102,256.0,SUBURBIO,ABALROAMENTO LONGITUDINAL,1.0,1.0,1.0,1.0,1.0,1.0,1.0,1.0,1.0,1.0,1.0,Longo da via,Bom,Não existe,Não existente,Seca,Perfeito estado,R-6a,30 km/h,Dupla,"102, RUA ALTO DO EUCALIPTO, Recife, Pernambuco, Brasil",-8.0035327,-34.9204651
6060,2019-07-13 20:01:00,COM VÍTIMA,VASCO DA GAMA,AV NORTE, ,66.0,CIDADE,ATROPELAMENTO,1.0,1.0,1.0,1.0,1.0,1.0,1.0,1.0,1.0,1.0,1.0,Cruzamento,Chuvoso,Sem defeito,Perfeito estado,Molhada,Perfeito estado,R-6a,60 km/h,Dupla," , AV NORTE, Recife, Pernambuco, Brasil",-8.027844,-34.903102
6264,2019-07-21 06:27:00,SEM VÍTIMA,VASCO DA GAMA,RUA ALTO DO EUCALIPTO,816,66.0,SUBURBIO,CHOQUE VEÍCULO PARADO,2.0,1.0,1.0,1.0,1.0,1.0,1.0,1.0,1.0,0.0,1.0,Longo da via,Chuvoso,Não existe,Incompleta,Molhada,Perfeito estado,Não há placas,30 km/h,Dupla,"816, RUA ALTO DO EUCALIPTO, Recife, Pernambuco, Brasil",-8.0035327,-34.9204651
4833,2019-06-03 16:13:00,COM VÍTIMA,VASCO DA GAMA,RUA VASCO DA GAMA, ,66.0,SUBURBIO,COLISÃO FRONTAL,1.0,1.0,1.0,1.0,1.0,1.0,1.0,1.0,1.0,1.0,1.0,Longo da via,Bom,Não existe,Perfeito estado,Seca,Perfeito estado,R-6a,30 km/h,Dupla," , RUA VASCO DA GAMA, Recife, Pernambuco, Brasil",-8.004228,-34.92281
438,2019-01-17 16:48:00,SEM VÍTIMA,VASCO DA GAMA,RUA ROSALIA CISNEIROS,37,66.0,SUBURBIO,CHOQUE VEÍCULO PARADO,1.0,1.0,1.0,1.0,1.0,1.0,1.0,1.0,1.0,0.0,1.0,Longo da via,Bom,Não existe,Não existente,Seca,Perfeito estado,Não há placas,30 km/h,Dupla,"37, RUA ROSALIA CISNEIROS, Recife, Pernambuco, Brasil",-8.0203467,-34.922488
1783,2019-02-28 13:52:00,SEM VÍTIMA,VASCO DA GAMA,RUA VASCO DA GAMA, ,66.0,CIDADE,ABALROAMENTO LONGITUDINAL,1.0,1.0,1.0,1.0,1.0,1.0,1.0,1.0,1.0,0.0,1.0,Longo da via,Bom,Não existe,Perfeito estado,Seca,Perfeito estado,Não há placas,30 km/h,Dupla," , RUA VASCO DA GAMA, Recife, Pernambuco, Brasil",-8.004228,-34.92281
9783,2019-11-03 09:45:00,SEM VÍTIMA,VASCO DA GAMA,AV NORTE, ,66.0,SUBURBIO,ABALROAMENTO TRANSVERSAL,1.0,1.0,1.0,1.0,1.0,1.0,1.0,1.0,1.0,0.0,1.0,Cruzamento,Bom,Sem defeito,Perfeito estado,Seca,Perfeito estado,Não há placas,60 km/h,Dupla," , AV NORTE, Recife, Pernambuco, Brasil",-8.027844,-34.903102
4000,2019-05-06 21:18:00,SEM VÍTIMA,VASCO DA GAMA,RUA VASCO DA GAMA, ,66.0,SUBURBIO,COLISÃO,2.0,1.0,1.0,1.0,1.0,1.0,1.0,1.0,1.0,0.0,1.0,Cruzamento,Bom,Sem defeito,Perfeito estado,Seca,Perfeito estado,Não há placas,60 km/h,Dupla," , RUA VASCO DA GAMA, Recife, Pernambuco, Brasil",-8.004228,-34.92281
9324,2019-10-21 13:56:00,SEM VÍTIMA,VASCO DA GAMA,RUA DOIS DE FEVEREIRO, ,66.0,SUBURBIO,COLISÃO TRASEIRA,1.0,1.0,1.0,1.0,1.0,1.0,1.0,1.0,1.0,0.0,1.0,Cruzamento,Bom,Não existe,Perfeito estado,Seca,Perfeito estado,R-6a,60 km/h,Dupla," , RUA DOIS DE FEVEREIRO, Recife, Pernambuco, Brasil",-8.0184323,-34.917596
1682,2019-02-25 19:38:00,SEM VÍTIMA,VASCO DA GAMA,RUA ALTO DO EUCALIPTO,393,66.0,SUBURBIO,COLISÃO,1.0,1.0,1.0,1.0,1.0,1.0,1.0,1.0,1.0,0.0,1.0,Cruzamento,Bom,Não existe,Perfeito estado,Seca,Perfeito estado,R-6a,60 km/h,Dupla,"393, RUA ALTO DO EUCALIPTO, Recife, Pernambuco, Brasil",-8.0035327,-34.9204651
10147,2019-11-12 11:04:00,SEM VÍTIMA,VASCO DA GAMA,RUA DOIS DE FEVEREIRO, ,66.0,SUBURBIO,ABALROAMENTO TRANSVERSAL,1.0,1.0,1.0,1.0,1.0,1.0,1.0,1.0,1.0,0.0,1.0,Longo da via,Bom,Não existe,Perfeito estado,Seca,Perfeito estado,R-6a,60 km/h,Dupla," , RUA DOIS DE FEVEREIRO, Recife, Pernambuco, Brasil",-8.0184323,-34.917596
7177,2019-08-19 21:35:00,COM VÍTIMA,VASCO DA GAMA,RUA VASCO DA GAMA,1052,66.0,SUBURBIO,COLISÃO FRONTAL,1.0,1.0,1.0,1.0,1.0,1.0,1.0,1.0,1.0,2.0,1.0,Longo da via,Bom,Não existe,Perfeito estado,Seca,Perfeito estado,Outras,30 km/h,Dupla,"1052, RUA VASCO DA GAMA, Recife, Pernambuco, Brasil",-8.0052505,-34.9217532
1687,2019-02-25 22:21:00,SEM VÍTIMA,VASCO DA GAMA,RUA ALTO NOVO MUNDO,168,66.0,SUBURBIO,COLISÃO,1.0,1.0,1.0,1.0,1.0,1.0,1.0,1.0,1.0,0.0,1.0,Longo da via,Bom,Não existe,Perfeito estado,Seca,Perfeito estado,Outras,30 km/h,Dupla,"168, RUA ALTO NOVO MUNDO, Recife, Pernambuco, Brasil",-8.0147333,-34.9218343
7166,2019-08-19 15:43:00,SEM VÍTIMA,VASCO DA GAMA,AV NORTE, ,66.0,SUBURBIO,COLISÃO,1.0,1.0,1.0,1.0,1.0,1.0,1.0,1.0,1.0,0.0,1.0,Longo da via,Bom,Não existe,Perfeito estado,Seca,Perfeito estado,Outras,30 km/h,Dupla," , AV NORTE, Recife, Pernambuco, Brasil",-8.027844,-34.903102
2478,2019-03-21 12:23:00,SEM VÍTIMA,VASCO DA GAMA,AV VEREADOR OTACILIO AZEVEDO,1170,66.0,CIDADE,COLISÃO TRASEIRA,2.0,1.0,1.0,1.0,1.0,1.0,1.0,1.0,1.0,0.0,1.0,Longo da via,Bom,Não existe,Perfeito estado,Seca,Perfeito estado,Não há placas,30 km/h,Dupla,"1170, AV VEREADOR OTACILIO AZEVEDO, Recife, Pernambuco, Brasil",-8.0049828,-34.9158141
688,2019-01-27 15:39:00,SEM VÍTIMA,VASCO DA GAMA,RUA VASCO DA GAMA, ,66.0,SUBURBIO,ABALROAMENTO LONGITUDINAL,1.0,1.0,1.0,1.0,1.0,1.0,1.0,1.0,1.0,0.0,1.0,Longo da via,Bom,Não existe,Perfeito estado,Seca,Perfeito estado,R-6a,30 km/h,Dupla," , RUA VASCO DA GAMA, Recife, Pernambuco, Brasil",-8.004228,-34.92281
11018,2019-12-04 12:04:00,SEM VÍTIMA,VASCO DA GAMA,RUA ITABORA,885,66.0,SUBURBIO,COLISÃO,1.0,1.0,1.0,1.0,1.0,1.0,1.0,1.0,1.0,0.0,1.0,Longo da via,Bom,Não existe,Perfeito estado,Seca,Perfeito estado,R-6a,30 km/h,Dupla,"885, RUA ITABORA, Recife, Pernambuco, Brasil",-8.0134584,-34.9210243
4385,2019-05-19 12:03:00,SEM VÍTIMA,VASCO DA GAMA,AV NORTE,6139,66.0,CIDADE,COLISÃO TRASEIRA,1.0,1.0,1.0,1.0,1.0,1.0,1.0,1.0,1.0,0.0,1.0,Longo da via,Bom,Não existe,Perfeito estado,Seca,Perfeito estado,R-6a,30 km/h,Dupla,"6139, AV NORTE, Recife, Pernambuco, Brasil",-8.027844,-34.903102
10816,2019-11-29 17:47:00,SEM VÍTIMA,VÁRZEA,AV CAXANGA, ,66.0,CIDADE,COLISÃO,1.0,1.0,1.0,1.0,1.0,1.0,1.0,1.0,1.0,0.0,1.0,Longo da via,Bom,Não existe,Perfeito estado,Seca,Perfeito estado,R-6a,30 km/h,Dupla," , AV CAXANGA, Recife, Pernambuco, Brasil",-8.0311907,-34.956089
4361,2019-05-18 13:20:00,SEM VÍTIMA,VÁRZEA,AV CAXANGA, ,66.0,CIDADE,COLISÃO TRASEIRA,2.0,1.0,1.0,1.0,1.0,1.0,1.0,1.0,1.0,0.0,1.0,Longo da via,Bom,Sem defeito,Perfeito estado,Seca,Perfeito estado,Outras,30 km/h,Dupla," , AV CAXANGA, Recife, Pernambuco, Brasil",-8.0311907,-34.956089
4402,2019-05-20 09:00:00,SEM VÍTIMA,VÁRZEA,RUA PROFESSOR CHAVES BATISTA,85,66.0,CIDADE,ABALROAMENTO LONGITUDINAL,2.0,1.0,1.0,1.0,1.0,1.0,1.0,1.0,1.0,0.0,1.0,Longo da via,Bom,Não existe,Ilegível,Seca,Perfeito estado,Outras,30 km/h,Única,"85, RUA PROFESSOR CHAVES BATISTA, Recife, Pernambuco, Brasil",-8.0382449,-34.9446753
8596,2019-10-01 18:18:00,COM VÍTIMA,VÁRZEA,RUA BARAO DE MURIBECA,115,66.0,CIDADE,ATROPELAMENTO,2.0,1.0,1.0,1.0,1.0,1.0,1.0,1.0,1.0,1.0,1.0,Longo da via,Bom,Não existe,Perfeito estado,Seca,Perfeito estado,Não há placas,30 km/h,Dupla,"115, RUA BARAO DE MURIBECA, Recife, Pernambuco, Brasil",-8.050795,-34.9637465
2913,2019-04-02 22:49:00,SEM VÍTIMA,VÁRZEA,RUA GENERAL POLIDORO, ,66.0,SUBURBIO,ABALROAMENTO LONGITUDINAL,2.0,1.0,1.0,1.0,1.0,1.0,1.0,1.0,1.0,0.0,1.0,Longo da via,Bom,Não existe,Perfeito estado,Seca,Perfeito estado,Não há placas,30 km/h,Única," , RUA GENERAL POLIDORO, Recife, Pernambuco, Brasil",-8.0424707,-34.9469863
3507,2019-04-21 14:49:00,SEM VÍTIMA,VÁRZEA,AV CAXANGA, ,568.0,CIDADE,COLISÃO TRASEIRA,2.0,1.0,1.0,1.0,1.0,1.0,1.0,1.0,1.0,0.0,1.0,Cruzamento,Bom,Sem defeito,Perfeito estado,Seca,Perfeito estado,Outras,30 km/h,Dupla," , AV CAXANGA, Recife, Pernambuco, Brasil",-8.0311907,-34.956089
8755,2019-10-05 12:06:00,COM VÍTIMA,VÁRZEA,AV AFONSO OLINDENSE,1355,568.0,CIDADE,COLISÃO,1.0,1.0,1.0,1.0,1.0,1.0,1.0,1.0,1.0,1.0,1.0,Cruzamento,Bom,Sem defeito,Perfeito estado,Seca,Perfeito estado,Outras,30 km/h,Dupla,"1355, AV AFONSO OLINDENSE, Recife, Pernambuco, Brasil",-8.0426731,-34.9585038
11192,2019-12-07 16:01:00,SEM VÍTIMA,VÁRZEA,AV PROFESSOR ARTUR DE SA,1953,568.0,SUBURBIO,ABALROAMENTO LONGITUDINAL,3.0,1.0,1.0,1.0,1.0,1.0,1.0,1.0,1.0,0.0,1.0,Longo da via,Bom,Não existe,Não existente,Seca,Perfeito estado,Não há placas,30 km/h,Dupla,"1953, AV PROFESSOR ARTUR DE SA, Recife, Pernambuco, Brasil",-8.0463985,-34.9467503
2098,2019-03-11 15:22:00,SEM VÍTIMA,VÁRZEA,RUA PROFESSOR CHAVES BATISTA,56,568.0,SUBURBIO,ABALROAMENTO LONGITUDINAL,1.0,1.0,1.0,1.0,1.0,1.0,1.0,1.0,1.0,0.0,1.0,Longo da via,Bom,Sem defeito,Perfeito estado,Seca,Perfeito estado,Outras,30 km/h,Única,"56, RUA PROFESSOR CHAVES BATISTA, Recife, Pernambuco, Brasil",-8.0378818,-34.9448444
1909,2019-03-05 14:50:00,COM VÍTIMA,VÁRZEA,AV AFONSO OLINDENSE,232,638.0,SUBURBIO,ABALROAMENTO LONGITUDINAL,2.0,1.0,1.0,1.0,1.0,1.0,1.0,1.0,1.0,1.0,1.0,Longo da via,Bom,Sem defeito,Perfeito estado,Seca,Perfeito estado,R-6a,30 km/h,Dupla,"232, AV AFONSO OLINDENSE, Recife, Pernambuco, Brasil",-8.0322732,-34.955779
3929,2019-05-03 14:27:00,SEM VÍTIMA,VÁRZEA,RUA PROFESSOR ANTONIO COELHO, ,638.0,CIDADE,ABALROAMENTO LONGITUDINAL,1.0,1.0,1.0,1.0,1.0,1.0,1.0,1.0,1.0,0.0,1.0,Longo da via,Bom,Sem defeito,Perfeito estado,Seca,Perfeito estado,R-6a,30 km/h,Única," , RUA PROFESSOR ANTONIO COELHO, Recife, Pernambuco, Brasil",-8.044678,-34.94606
5684,2019-07-01 08:02:00,SEM VÍTIMA,VÁRZEA,AV CAXANGA,4617,608.0,CIDADE,ABALROAMENTO LONGITUDINAL,2.0,1.0,1.0,1.0,1.0,1.0,1.0,1.0,1.0,0.0,1.0,Longo da via,Chuvoso,Sem defeito,Perfeito estado,Molhada,Perfeito estado,R-6a,30 km/h,Dupla,"4617, AV CAXANGA, Recife, Pernambuco, Brasil",-8.03709805,-34.94609977556751
3383,2019-04-16 15:55:00,SEM VÍTIMA,VÁRZEA,AV PROFESSOR MORAES REGO,150,608.0,CIDADE,ABALROAMENTO LONGITUDINAL,1.0,1.0,1.0,1.0,1.0,1.0,1.0,1.0,1.0,0.0,1.0,Longo da via,Bom,Não existe,Incompleta,Seca,Perfeito estado,Outras,30 km/h,Única,"150, AV PROFESSOR MORAES REGO, Recife, Pernambuco, Brasil",-8.0400985,-34.9426821
874,2019-02-02 11:27:00,SEM VÍTIMA,VÁRZEA,RUA VALE DO SIRIJI, ,608.0,CIDADE,COLISÃO,2.0,1.0,1.0,1.0,1.0,1.0,1.0,1.0,1.0,0.0,1.0,Longo da via,Bom,Não existe,Incompleta,Seca,Perfeito estado,Outras,30 km/h,Única," , RUA VALE DO SIRIJI, Recife, Pernambuco, Brasil",-8.0363493,-34.9767237
11328,2019-12-11 01:43:00,COM VÍTIMA,VÁRZEA,RUA RODRIGO DELAMARE,202,608.0,CIDADE,CHOQUE OBJETO FIXO,2.0,1.0,1.0,1.0,1.0,1.0,1.0,1.0,1.0,1.0,1.0,Longo da via,Bom,Não existe,Incompleta,Seca,Perfeito estado,Outras,30 km/h,Dupla,"202, RUA RODRIGO DELAMARE, Recife, Pernambuco, Brasil",-8.0339391,-34.9817784
11207,2019-12-08 08:53:00,SEM VÍTIMA,VÁRZEA,RUA MATA GRANDE,102,608.0,SUBURBIO,ABALROAMENTO LONGITUDINAL,2.0,1.0,1.0,1.0,1.0,1.0,1.0,1.0,1.0,0.0,1.0,Longo da via,Bom,Não existe,Não existente,Seca,Mal conservada,Não há placas,30 km/h,Dupla,"102, RUA MATA GRANDE, Recife, Pernambuco, Brasil",-8.0258618,-34.9663885
7463,2019-08-29 12:33:00,SEM VÍTIMA,VÁRZEA,RUA GENERAL POLIDORO,352,577.0,SUBURBIO,ABALROAMENTO LONGITUDINAL,1.0,1.0,1.0,1.0,1.0,1.0,1.0,1.0,1.0,0.0,1.0,Longo da via,Bom,Sem defeito,Perfeito estado,Seca,Perfeito estado,Outras,30 km/h,Dupla,"352, RUA GENERAL POLIDORO, Recife, Pernambuco, Brasil",-8.0421732,-34.9466684
5692,2019-07-01 12:24:00,SEM VÍTIMA,VÁRZEA,AV CAXANGA, ,577.0,SUBURBIO,COLISÃO TRASEIRA,2.0,1.0,1.0,1.0,1.0,1.0,1.0,1.0,1.0,0.0,1.0,Ponte,Bom,Sem defeito,Perfeito estado,Seca,Perfeito estado,Outras,30 km/h,Dupla," , AV CAXANGA, Recife, Pernambuco, Brasil",-8.0311907,-34.956089
1274,2019-02-14 11:30:00,SEM VÍTIMA,VÁRZEA,AV CAXANGA,100,577.0,CIDADE,COLISÃO TRASEIRA,1.0,1.0,1.0,1.0,1.0,1.0,1.0,1.0,1.0,0.0,1.0,Longo da via,Bom,Não existe,Perfeito estado,Seca,Perfeito estado,Não há placas,60 km/h,Dupla,"100, AV CAXANGA, Recife, Pernambuco, Brasil",-8.0311337,-34.9558536
4512,2019-05-23 14:57:00,SEM VÍTIMA,VÁRZEA,AV AFONSO OLINDENSE,2088,577.0,SUBURBIO,COLISÃO TRASEIRA,2.0,1.0,1.0,1.0,1.0,1.0,1.0,1.0,1.0,0.0,1.0,Longo da via,Bom,Não existe,Não existente,Seca,Perfeito estado,Não há placas,60 km/h,Única,"2088, AV AFONSO OLINDENSE, Recife, Pernambuco, Brasil",-8.0492617,-34.9598474
4679,2019-05-29 07:40:00,SEM VÍTIMA,VÁRZEA,RUA PROFESSOR CHAVES BATISTA,112,577.0,CIDADE,ABALROAMENTO LONGITUDINAL,1.0,1.0,1.0,1.0,1.0,1.0,1.0,1.0,1.0,0.0,1.0,Cruzamento,Chuvoso,Não existe,Não existente,Molhada,Perfeito estado,Não há placas,60 km/h,Única,"112, RUA PROFESSOR CHAVES BATISTA, Recife, Pernambuco, Brasil",-8.0384117,-34.9449425
2690,2019-03-27 15:51:00,SEM VÍTIMA,VÁRZEA,RUA BARAO DE MURIBECA, ,577.0,CIDADE,COLISÃO,1.0,1.0,1.0,1.0,1.0,1.0,1.0,1.0,1.0,0.0,1.0,Cruzamento,Chuvoso,Não existe,Não existente,Molhada,Perfeito estado,Não há placas,60 km/h,Única," , RUA BARAO DE MURIBECA, Recife, Pernambuco, Brasil",-8.050795,-34.9637465
6368,2019-07-25 05:05:00,SEM VÍTIMA,VÁRZEA,RUA MARIO CAMPELO,169,577.0,CIDADE,ABALROAMENTO LONGITUDINAL,1.0,1.0,1.0,1.0,1.0,1.0,1.0,1.0,1.0,0.0,1.0,Cruzamento,Bom,Não existe,Incompleta,Molhada,Perfeito estado,Placas Pare,60 km/h,Dupla,"169, RUA MARIO CAMPELO, Recife, Pernambuco, Brasil",-8.0526188,-34.9597822
11300,2019-12-10 13:11:00,SEM VÍTIMA,VÁRZEA,AV CAXANGA,5775,568.0,CIDADE,COLISÃO TRASEIRA,4.0,1.0,1.0,1.0,1.0,1.0,1.0,1.0,1.0,0.0,1.0,Cruzamento,Bom,Sem defeito,Perfeito estado,Seca,Perfeito estado,Outras,60 km/h,Única,"5775, AV CAXANGA, Recife, Pernambuco, Brasil",-8.031769,-34.95552376481331
6592,2019-08-01 19:23:00,SEM VÍTIMA,VÁRZEA,AV CAXANGA, ,232.0,SUBURBIO,ABALROAMENTO LONGITUDINAL,1.0,1.0,1.0,1.0,1.0,1.0,1.0,1.0,1.0,0.0,1.0,Longo da via,Chuvoso,Sem defeito,Perfeito estado,Molhada,Perfeito estado,R-6a,60 km/h,Única," , AV CAXANGA, Recife, Pernambuco, Brasil",-8.0311907,-34.956089
4011,2019-05-07 12:19:00,SEM VÍTIMA,VÁRZEA,AV AFONSO OLINDENSE,1513,232.0,SUBURBIO,ABALROAMENTO TRANSVERSAL,1.0,1.0,1.0,1.0,1.0,1.0,1.0,1.0,1.0,0.0,1.0,Longo da via,Bom,Não existe,Perfeito estado,Seca,Perfeito estado,Não há placas,60 km/h,Dupla,"1513, AV AFONSO OLINDENSE, Recife, Pernambuco, Brasil",-8.0439973,-34.9588083
2874,2019-04-01 17:23:00,SEM VÍTIMA,VÁRZEA,AV INACIO DE BARROS BARRETO,384,232.0,SUBURBIO,COLISÃO,1.0,1.0,1.0,1.0,1.0,1.0,1.0,1.0,1.0,0.0,1.0,Longo da via,Bom,Não existe,Perfeito estado,Seca,Perfeito estado,Não há placas,60 km/h,Dupla,"384, AV INACIO DE BARROS BARRETO, Recife, Pernambuco, Brasil",-8.0540191,-34.9575828
2448,2019-03-20 16:46:00,SEM VÍTIMA,VÁRZEA,RUA PROFESSOR ANTONIO COELHO,139,232.0,SUBURBIO,COLISÃO TRASEIRA,2.0,1.0,1.0,1.0,1.0,1.0,1.0,1.0,1.0,0.0,1.0,Longo da via,Bom,Não existe,Perfeito estado,Seca,Perfeito estado,Não há placas,60 km/h,Dupla,"139, RUA PROFESSOR ANTONIO COELHO, Recife, Pernambuco, Brasil",-8.0424849,-34.9452592
2422,2019-03-20 07:35:00,SEM VÍTIMA,VÁRZEA,RUA EMILIANO BRAGA,635,232.0,CIDADE,ABALROAMENTO LONGITUDINAL,1.0,1.0,1.0,1.0,1.0,1.0,1.0,1.0,1.0,0.0,1.0,Longo da via,Bom,Não existe,Não existente,Seca,Perfeito estado,Não há placas,60 km/h,Única,"635, RUA EMILIANO BRAGA, Recife, Pernambuco, Brasil",-8.03858155,-34.945680909954234