,data_hora,natureza_acidente,bairro,endereco,numero,num_semaforo,sentido_via,tipo,auto,moto,ciclom,ciclista,pedestre,onibus,caminhao,viatura,outros,vitimas,vitimasfatais,acidente_verificado,tempo_clima,situacao_semaforo,sinalizacao,condicao_via,conservacao_via,situacao_placa,velocidade_max_via,mao_direcao,end,latitude,longitude
4858,2019-06-04 10:21:00,SEM VÍTIMA,VÁRZEA,AV AFONSO OLINDENSE,202,232.0,SUBURBIO,ABALROAMENTO TRANSVERSAL,2.0,1.0,1.0,1.0,1.0,1.0,1.0,1.0,1.0,0.0,1.0,Longo da via,Bom,Não existe,Perfeito estado,Seca,Perfeito estado,R-6a,60 km/h,Dupla,"202, AV AFONSO OLINDENSE, Recife, Pernambuco, Brasil",-8.0330569,-34.9557783
8750,2019-10-05 10:33:00,SEM VÍTIMA,VÁRZEA,RUA MANOEL JOAQUIM DE ALMEIDA, ,232.0,SUBURBIO,ABALROAMENTO LONGITUDINAL,2.0,1.0,1.0,1.0,1.0,1.0,1.0,1.0,1.0,0.0,1.0,Cruzamento,Bom,Não existe,Perfeito estado,Seca,Perfeito estado,Não há placas,60 km/h,Única," , RUA MANOEL JOAQUIM DE ALMEIDA, Recife, Pernambuco, Brasil",-8.0393699,-34.941201
690,2019-01-27 16:44:00,COM VÍTIMA,VÁRZEA,RUA VALE DO SIRIJI, ,324.0,SUBURBIO,COLISÃO FRONTAL,1.0,1.0,1.0,1.0,1.0,1.0,1.0,1.0,1.0,1.0,1.0,Longo da via,Bom,Não existe,Incompleta,Seca,Perfeito estado,R-6a,60 km/h,Dupla," , RUA VALE DO SIRIJI, Recife, Pernambuco, Brasil",-8.0363493,-34.9767237
2933,2019-04-03 19:06:00,SEM VÍTIMA,VÁRZEA,AV AFONSO OLINDENSE,45,324.0,SUBURBIO,COLISÃO,1.0,1.0,1.0,1.0,1.0,1.0,1.0,1.0,1.0,0.0,1.0,Longo da via,Bom,Não existe,Incompleta,Seca,Perfeito estado,R-6a,60 km/h,Dupla,"45, AV AFONSO OLINDENSE, Recife, Pernambuco, Brasil",-8.0322732,-34.955779
8123,2019-09-17 18:45:00,SEM VÍTIMA,VÁRZEA,RUA BELEM DE SAO FRANCISCO, ,324.0,SUBURBIO,COLISÃO COM CICLISTA,1.0,1.0,1.0,1.0,1.0,1.0,1.0,1.0,1.0,0.0,1.0,Longo da via,Bom,Não existe,Incompleta,Seca,Perfeito estado,R-6a,60 km/h,Dupla," , RUA BELEM DE SAO FRANCISCO, Recife, Pernambuco, Brasil",-8.0575318,-34.9585166
2440,2019-03-20 14:04:00,SEM VÍTIMA,VÁRZEA,AV PREFEITO ANTONIO PEREIRA, ,324.0,SUBURBIO,ABALROAMENTO TRANSVERSAL,2.0,1.0,1.0,1.0,1.0,1.0,1.0,1.0,1.0,0.0,1.0,Cruzamento,Bom,Não existe,Não existente,Seca,Perfeito estado,Não há placas,60 km/h,Dupla," , AV PREFEITO ANTONIO PEREIRA, Recife, Pernambuco, Brasil",-8.0683254,-34.9848649
3891,2019-05-02 19:01:00,COM VÍTIMA,VÁRZEA,RUA JOAO SALES MENEZES,70,324.0,SUBURBIO,COLISÃO,2.0,2.0,1.0,1.0,1.0,1.0,1.0,1.0,1.0,1.0,1.0,Cruzamento,Bom,Não existe,Não existente,Seca,Perfeito estado,Não há placas,60 km/h,Dupla,"70, RUA JOAO SALES MENEZES, Recife, Pernambuco, Brasil",-8.0368258,-34.9503054
1850,2019-03-01 22:23:00,COM VÍTIMA,VÁRZEA,RUA ARAPONGAS, ,324.0,SUBURBIO,CHOQUE VEÍCULO PARADO,2.0,2.0,1.0,1.0,1.0,1.0,1.0,1.0,1.0,1.0,1.0,Longo da via,Bom,Não existe,Perfeito estado,Seca,Perfeito estado,Não há placas,60 km/h,Dupla," , RUA ARAPONGAS, Recife, Pernambuco, Brasil",-8.0690461,-34.8900122
336,2019-01-13 18:53:00,SEM VÍTIMA,VÁRZEA,AV PROFESSOR LUIZ FREIRE, ,324.0,SUBURBIO,COLISÃO TRASEIRA,2.0,2.0,1.0,1.0,1.0,1.0,1.0,1.0,1.0,0.0,1.0,Longo da via,Bom,Não existe,Incompleta,Seca,Mal iluminada,Outras,60 km/h,Dupla," , AV PROFESSOR LUIZ FREIRE, Recife, Pernambuco, Brasil",-8.0583168,-34.9501511
6102,2019-07-15 14:17:00,SEM VÍTIMA,VÁRZEA,AV CAXANGA,4617,608.0,CIDADE,COLISÃO TRASEIRA,4.0,2.0,1.0,1.0,1.0,1.0,1.0,1.0,1.0,0.0,1.0,Longo da via,Bom,Sem defeito,Perfeito estado,Seca,Perfeito estado,R-6a,60 km/h,Dupla,"4617, AV CAXANGA, Recife, Pernambuco, Brasil",-8.03709805,-34.94609977556751
9383,2019-10-22 16:32:00,SEM VÍTIMA,VÁRZEA,RUA ACADEMICO HELIO RAMOS, ,608.0,CIDADE,COLISÃO,2.0,2.0,1.0,1.0,1.0,1.0,1.0,1.0,1.0,0.0,1.0,Longo da via,Bom,Sem defeito,Perfeito estado,Seca,Perfeito estado,R-6a,60 km/h,Dupla," , RUA ACADEMICO HELIO RAMOS, Recife, Pernambuco, Brasil",-8.0544277,-34.9560119
2622,2019-03-25 21:45:00,SEM VÍTIMA,VÁRZEA,RUA CONEGO JOSE FERNANDES MACHADO,222,608.0,CIDADE,COLISÃO,2.0,2.0,1.0,1.0,1.0,1.0,1.0,1.0,1.0,0.0,1.0,Longo da via,Bom,Sem defeito,Perfeito estado,Seca,Perfeito estado,R-6a,60 km/h,Dupla,"222, RUA CONEGO JOSE FERNANDES MACHADO, Recife, Pernambuco, Brasil",-8.0359857,-34.9739503
3048,2019-04-07 00:27:00,SEM VÍTIMA,VÁRZEA,RUA GASTAO VIDIGAL,125,608.0,CIDADE,COLISÃO,2.0,2.0,1.0,1.0,1.0,1.0,1.0,1.0,1.0,0.0,1.0,Longo da via,Bom,Sem defeito,Perfeito estado,Seca,Perfeito estado,R-6a,60 km/h,Dupla,"125, RUA GASTAO VIDIGAL, Recife, Pernambuco, Brasil",-8.03192,-34.9587235
9366,2019-10-22 13:25:00,VÍTIMA FATAL,VÁRZEA,RUA GASTAO VIDIGAL,699,608.0,CIDADE,COLISÃO COM CICLISTA,2.0,2.0,1.0,1.0,1.0,1.0,1.0,1.0,1.0,0.0,1.0,Longo da via,Bom,Não existe,Perfeito estado,Seca,Perfeito estado,Outras,60 km/h,Dupla,"699, RUA GASTAO VIDIGAL, Recife, Pernambuco, Brasil",-8.0364143,-34.9622783
3882,2019-05-02 15:43:00,SEM VÍTIMA,VÁRZEA,RUA FRANCISCO LACERDA,218,608.0,CIDADE,CHOQUE VEÍCULO PARADO,1.0,2.0,1.0,1.0,1.0,1.0,1.0,1.0,1.0,0.0,1.0,Longo da via,Bom,Não existe,Incompleta,Seca,Perfeito estado,Placas Pare,60 km/h,Dupla,"218, RUA FRANCISCO LACERDA, Recife, Pernambuco, Brasil",-8.0489097,-34.9579773
6100,2019-07-15 13:01:00,SEM VÍTIMA,VÁRZEA,RUA RIBEIRO PESSOA, ,608.0,CIDADE,COLISÃO,1.0,2.0,1.0,1.0,1.0,1.0,1.0,1.0,1.0,0.0,1.0,Longo da via,Bom,Não existe,Incompleta,Seca,Perfeito estado,Placas Pare,60 km/h,Dupla," , RUA RIBEIRO PESSOA, Recife, Pernambuco, Brasil",-8.0264714,-34.9568824
8303,2019-09-23 12:40:00,SEM VÍTIMA,VÁRZEA,RUA ACADEMICO HELIO RAMOS, ,608.0,CIDADE,COLISÃO,1.0,2.0,1.0,1.0,1.0,1.0,1.0,1.0,1.0,0.0,1.0,Longo da via,Bom,Não existe,Incompleta,Seca,Perfeito estado,Placas Pare,60 km/h,Dupla," , RUA ACADEMICO HELIO RAMOS, Recife, Pernambuco, Brasil",-8.0544277,-34.9560119
3870,2019-05-02 11:28:00,SEM VÍTIMA,VÁRZEA,RUA PROFESSOR ANTONIO COELHO, ,608.0,CIDADE,ABALROAMENTO TRANSVERSAL,2.0,2.0,1.0,1.0,1.0,1.0,1.0,1.0,1.0,0.0,1.0,Cruzamento,Bom,Não existe,Perfeito estado,Seca,Perfeito estado,Placas Pare,60 km/h,Dupla," , RUA PROFESSOR ANTONIO COELHO, Recife, Pernambuco, Brasil",-8.044678,-34.94606
11831,2019-12-23 11:12:00,SEM VÍTIMA,VÁRZEA,RUA ABATIA,255,608.0,CIDADE,COLISÃO TRASEIRA,1.0,2.0,1.0,1.0,1.0,1.0,1.0,1.0,1.0,0.0,1.0,Longo da via,Bom,Não existe,Perfeito estado,Seca,Perfeito estado,Não há placas,60 km/h,Dupla,"255, RUA ABATIA, Recife, Pernambuco, Brasil",-8.0419563,-34.9495289
6081,2019-07-14 16:53:00,SEM VÍTIMA,VÁRZEA,RUA MARQUES DE MARIALVA,222,608.0,SUBURBIO,ABALROAMENTO LONGITUDINAL,1.0,2.0,1.0,1.0,1.0,1.0,1.0,1.0,1.0,0.0,1.0,Longo da via,Chuvoso,Não existe,Perfeito estado,Molhada,Perfeito estado,Outras,30 km/h,Dupla,"222, RUA MARQUES DE MARIALVA, Recife, Pernambuco, Brasil",-8.0376818,-34.9848112
8484,2019-09-28 13:12:00,SEM VÍTIMA,VÁRZEA,RUA EMILIANO BRAGA, ,608.0,SUBURBIO,ABALROAMENTO TRANSVERSAL,2.0,2.0,1.0,1.0,1.0,1.0,1.0,1.0,1.0,0.0,1.0,Cruzamento,Bom,Não existe,Perfeito estado,Seca,Perfeito estado,R-1,30 km/h,Única," , RUA EMILIANO BRAGA, Recife, Pernambuco, Brasil",-8.0384222,-34.945364
5832,2019-07-05 14:45:00,COM VÍTIMA,VÁRZEA,RUA PROFESSOR ANTONIO COELHO,50,608.0,SUBURBIO,ABALROAMENTO TRANSVERSAL,2.0,2.0,1.0,1.0,1.0,1.0,1.0,1.0,1.0,1.0,1.0,Cruzamento,Bom,Não existe,Perfeito estado,Seca,Perfeito estado,Placas Pare,30 km/h,Dupla,"50, RUA PROFESSOR ANTONIO COELHO, Recife, Pernambuco, Brasil",-8.0384135,-34.9441072
3894,2019-05-02 19:30:00,COM VÍTIMA,VÁRZEA,RUA GASTAO VIDIGAL, ,608.0,SUBURBIO,ABALROAMENTO TRANSVERSAL,1.0,2.0,1.0,1.0,1.0,1.0,1.0,1.0,1.0,1.0,1.0,Cruzamento,Bom,Não existe,Incompleta,Seca,Perfeito estado,Não há placas,30 km/h,Dupla," , RUA GASTAO VIDIGAL, Recife, Pernambuco, Brasil",-8.0301401,-34.9580471
11622,2019-12-17 19:40:00,SEM VÍTIMA,VÁRZEA,RUA EMILIANO BRAGA, ,608.0,SUBURBIO,ABALROAMENTO LONGITUDINAL,2.0,2.0,1.0,1.0,1.0,1.0,1.0,1.0,1.0,0.0,1.0,Cruzamento,Bom,Sem defeito,Perfeito estado,Seca,Perfeito estado,Não há placas,30 km/h,Única," , RUA EMILIANO BRAGA, Recife, Pernambuco, Brasil",-8.0384222,-34.945364
5633,2019-06-28 20:59:00,SEM VÍTIMA,VÁRZEA,RUA GASTAO VIDIGAL,788,608.0,SUBURBIO,ATROPELAMENTO ANIMAL,1.0,2.0,1.0,1.0,1.0,1.0,1.0,1.0,1.0,0.0,1.0,Longo da via,Bom,Não existe,Incompleta,Molhada,Mal iluminada,Não há placas,30 km/h,Dupla,"788, RUA GASTAO VIDIGAL, Recife, Pernambuco, Brasil",-8.0299858,-34.9579715
7114,2019-08-17 12:04:00,SEM VÍTIMA,VÁRZEA,RUA MARECHAL MANOEL LUIS OSORIO, ,608.0,SUBURBIO,ABALROAMENTO TRANSVERSAL,1.0,2.0,1.0,1.0,1.0,1.0,1.0,1.0,1.0,0.0,1.0,Cruzamento,Bom,Não existe,Perfeito estado,Seca,Perfeito estado,Não há placas,30 km/h,Dupla," , RUA MARECHAL MANOEL LUIS OSORIO, Recife, Pernambuco, Brasil",-8.041505,-34.9446807
7717,2019-09-06 09:14:00,SEM VÍTIMA,VÁRZEA,AV CAXANGA, ,568.0,SUBURBIO,ABALROAMENTO TRANSVERSAL,1.0,2.0,1.0,1.0,1.0,1.0,1.0,1.0,1.0,0.0,1.0,Cruzamento,Chuvoso,Sem defeito,Perfeito estado,Seca,Perfeito estado,R-6a,60 km/h,Única," , AV CAXANGA, Recife, Pernambuco, Brasil",-8.0311907,-34.956089
8117,2019-09-17 17:52:00,SEM VÍTIMA,VÁRZEA,AV AFONSO OLINDENSE,620,568.0,SUBURBIO,COLISÃO TRASEIRA,2.0,2.0,1.0,1.0,1.0,1.0,1.0,1.0,1.0,0.0,1.0,Longo da via,Chuvoso,Não existe,Perfeito estado,Molhada,Perfeito estado,R-6a,60 km/h,Dupla,"620, AV AFONSO OLINDENSE, Recife, Pernambuco, Brasil",-8.0322732,-34.955779
282,2019-01-11 13:01:00,SEM VÍTIMA,VÁRZEA,AV PROFESSOR ARTUR DE SA,956,568.0,CIDADE,COLISÃO FRONTAL,1.0,1.0,1.0,1.0,1.0,1.0,1.0,1.0,1.0,0.0,1.0,Longo da via,Bom,Não existe,Perfeito estado,Seca,Perfeito estado,Não há placas,40 km/h,Dupla,"956, AV PROFESSOR ARTUR DE SA, Recife, Pernambuco, Brasil",-8.0463985,-34.9467503
10331,2019-11-17 11:39:00,SEM VÍTIMA,VÁRZEA,AV CAXANGA, ,588.0,CIDADE,COLISÃO TRASEIRA,2.0,1.0,1.0,1.0,1.0,1.0,1.0,1.0,1.0,0.0,1.0,Ponte,Bom,Sem defeito,Perfeito estado,Seca,Perfeito estado,Não há placas,40 km/h,Dupla," , AV CAXANGA, Recife, Pernambuco, Brasil",-8.0311907,-34.956089
5819,2019-07-05 09:35:00,SEM VÍTIMA,VÁRZEA,RUA PROFESSOR ANTONIO COELHO,171,588.0,CIDADE,ABALROAMENTO TRANSVERSAL,1.0,1.0,1.0,1.0,1.0,1.0,1.0,1.0,1.0,0.0,1.0,Cruzamento,Bom,Não existe,Não existente,Seca,Perfeito estado,Não há placas,40 km/h,Única,"171, RUA PROFESSOR ANTONIO COELHO, Recife, Pernambuco, Brasil",-8.038074,-34.943632
3910,2019-05-03 09:34:00,SEM VÍTIMA,VÁRZEA,AV AFONSO OLINDENSE, ,638.0,SUBURBIO,ABALROAMENTO LONGITUDINAL,1.0,1.0,1.0,1.0,1.0,1.0,1.0,1.0,1.0,0.0,1.0,Cruzamento,Bom,Sem defeito,Perfeito estado,Seca,Perfeito estado,Não há placas,40 km/h,Dupla," , AV AFONSO OLINDENSE, Recife, Pernambuco, Brasil",-8.0344144,-34.9551758
10804,2019-11-29 14:50:00,SEM VÍTIMA,VÁRZEA,RUA PROFESSOR CHAVES BATISTA,112,638.0,SUBURBIO,ABALROAMENTO LONGITUDINAL,1.0,1.0,1.0,1.0,1.0,1.0,1.0,1.0,1.0,0.0,1.0,Cruzamento,Bom,Não existe,Perfeito estado,Seca,Perfeito estado,R-6a,40 km/h,Única,"112, RUA PROFESSOR CHAVES BATISTA, Recife, Pernambuco, Brasil",-8.0384117,-34.9449425
8779,2019-10-06 02:29:00,SEM VÍTIMA,VÁRZEA,RUA PROFESSOR ANTONIO COELHO, ,638.0,CIDADE,ABALROAMENTO TRANSVERSAL,2.0,1.0,1.0,1.0,1.0,1.0,1.0,1.0,1.0,0.0,1.0,Cruzamento,Bom,Não existe,Perfeito estado,Seca,Perfeito estado,Placas Pare,40 km/h,Única," , RUA PROFESSOR ANTONIO COELHO, Recife, Pernambuco, Brasil",-8.044678,-34.94606
2981,2019-04-04 19:45:00,SEM VÍTIMA,VÁRZEA,RUA ABATIA,182,638.0,SUBURBIO,COLISÃO TRASEIRA,2.0,1.0,1.0,1.0,1.0,1.0,1.0,1.0,1.0,0.0,1.0,Longo da via,Bom,Não existe,Perfeito estado,Seca,Perfeito estado,Não há placas,40 km/h,Dupla,"182, RUA ABATIA, Recife, Pernambuco, Brasil",-8.042029,-34.9486556
311,2019-01-12 11:45:00,SEM VÍTIMA,VÁRZEA,AV PROFESSOR MORAES REGO,447,638.0,SUBURBIO,COLISÃO,2.0,1.0,1.0,1.0,1.0,1.0,1.0,1.0,1.0,0.0,1.0,Longo da via,Bom,Não existe,Perfeito estado,Seca,Perfeito estado,Não há placas,40 km/h,Dupla,"447, AV PROFESSOR MORAES REGO, Recife, Pernambuco, Brasil",-8.0493033,-34.9456828
312,2019-01-12 13:08:00,SEM VÍTIMA,VÁRZEA,RUA MARECHAL MANOEL LUIS OSORIO,495,638.0,SUBURBIO,ABALROAMENTO TRANSVERSAL,2.0,1.0,1.0,1.0,1.0,1.0,1.0,1.0,1.0,0.0,1.0,Cruzamento,Chuvoso,Não existe,Não existente,Molhada,Perfeito estado,Não há placas,40 km/h,Dupla,"495, RUA MARECHAL MANOEL LUIS OSORIO, Recife, Pernambuco, Brasil",-8.0414984,-34.9454343
5895,2019-07-08 11:23:00,COM VÍTIMA,VÁRZEA,RUA MARECHAL MANOEL LUIS OSORIO, ,638.0,SUBURBIO,ABALROAMENTO TRANSVERSAL,1.0,1.0,1.0,1.0,1.0,1.0,1.0,1.0,1.0,1.0,1.0,Cruzamento,Bom,Não existe,Não existente,Seca,Perfeito estado,Não há placas,40 km/h,Dupla," , RUA MARECHAL MANOEL LUIS OSORIO, Recife, Pernambuco, Brasil",-8.041505,-34.9446807
8788,2019-10-06 09:43:00,SEM VÍTIMA,VÁRZEA,AV AFONSO OLINDENSE, ,638.0,SUBURBIO,ABALROAMENTO LONGITUDINAL,1.0,1.0,1.0,1.0,1.0,1.0,1.0,1.0,1.0,0.0,1.0,Longo da via,Bom,Não existe,Perfeito estado,Seca,Perfeito estado,Outras,30 km/h,Dupla," , AV AFONSO OLINDENSE, Recife, Pernambuco, Brasil",-8.0344144,-34.9551758
5825,2019-07-05 12:07:00,SEM VÍTIMA,VÁRZEA,RUA ACADEMICO HELIO RAMOS,134,638.0,CIDADE,ABALROAMENTO LONGITUDINAL,1.0,1.0,1.0,1.0,1.0,1.0,1.0,1.0,1.0,0.0,1.0,Longo da via,Bom,Não existe,Perfeito estado,Seca,Perfeito estado,Não há placas,30 km/h,Dupla,"134, RUA ACADEMICO HELIO RAMOS, Recife, Pernambuco, Brasil",-8.0544277,-34.9560119
323,2019-01-12 16:00:00,SEM VÍTIMA,VÁRZEA,AV BARAO DE BONITO,88,638.0,CIDADE,COLISÃO,1.0,1.0,1.0,1.0,1.0,1.0,1.0,1.0,1.0,0.0,1.0,Longo da via,Bom,Não existe,Perfeito estado,Seca,Perfeito estado,Não há placas,30 km/h,Dupla,"88, AV BARAO DE BONITO, Recife, Pernambuco, Brasil",-8.0368258,-34.9503054
2977,2019-04-04 19:08:00,COM VÍTIMA,VÁRZEA,RUA ACADEMICO HELIO RAMOS, ,638.0,SUBURBIO,ABALROAMENTO TRANSVERSAL,1.0,1.0,1.0,1.0,1.0,1.0,1.0,1.0,1.0,1.0,1.0,Longo da via,Bom,Não existe,Incompleta,Seca,Perfeito estado,Placas Dê a preferência,30 km/h,Dupla," , RUA ACADEMICO HELIO RAMOS, Recife, Pernambuco, Brasil",-8.0544277,-34.9560119
700,2019-01-28 07:40:00,SEM VÍTIMA,VÁRZEA,AV JOAQUIM RIBEIRO, ,368.0,SUBURBIO,COLISÃO TRASEIRA,3.0,1.0,1.0,1.0,1.0,1.0,1.0,1.0,1.0,0.0,1.0,Longo da via,Chuvoso,Sem defeito,Perfeito estado,Molhada,Perfeito estado,Não há placas,30 km/h,Dupla," , AV JOAQUIM RIBEIRO, Recife, Pernambuco, Brasil",-8.0311907,-34.956089
1451,2019-02-20 07:48:00,SEM VÍTIMA,VÁRZEA,RUA SAO FRANCISCO DE PAULA,23,568.0,SUBURBIO,COLISÃO TRASEIRA,2.0,1.0,1.0,1.0,1.0,1.0,1.0,1.0,1.0,0.0,1.0,Longo da via,Bom,Sem defeito,Perfeito estado,Seca,Perfeito estado,Não há placas,30 km/h,Dupla,"23, RUA SAO FRANCISCO DE PAULA, Recife, Pernambuco, Brasil",-8.0308642,-34.9556731
173,2019-01-08 06:59:00,SEM VÍTIMA,VÁRZEA,RUA PROFESSOR CHAVES BATISTA,187,568.0,CIDADE,COLISÃO TRASEIRA,1.0,1.0,1.0,1.0,1.0,1.0,1.0,1.0,1.0,0.0,1.0,Longo da via,Bom,Sem defeito,Perfeito estado,Seca,Perfeito estado,Outras,30 km/h,Única,"187, RUA PROFESSOR CHAVES BATISTA, Recife, Pernambuco, Brasil",-8.0382449,-34.9446753
9281,2019-10-19 18:58:00,SEM VÍTIMA,VÁRZEA,AV PROFESSOR ARTUR DE SA,1308,568.0,SUBURBIO,CHOQUE OBJETO FIXO,1.0,1.0,1.0,1.0,1.0,1.0,1.0,1.0,1.0,0.0,1.0,Longo da via,Bom,Não existe,Não existente,Seca,Perfeito estado,Não há placas,30 km/h,Única,"1308, AV PROFESSOR ARTUR DE SA, Recife, Pernambuco, Brasil",-8.0463985,-34.9467503
12027,2019-12-29 19:44:00,SEM VÍTIMA,VÁRZEA,AV AFONSO OLINDENSE,1147,568.0,SUBURBIO,ABALROAMENTO TRANSVERSAL,2.0,1.0,1.0,1.0,1.0,1.0,1.0,1.0,1.0,0.0,1.0,Longo da via,Bom,Não existe,Perfeito estado,Seca,Perfeito estado,Outras,30 km/h,Dupla,"1147, AV AFONSO OLINDENSE, Recife, Pernambuco, Brasil",-8.040939,-34.9579715
10633,2019-11-25 11:15:00,SEM VÍTIMA,VÁRZEA,RUA EMILIANO BRAGA, ,568.0,CIDADE,ABALROAMENTO LONGITUDINAL,2.0,1.0,1.0,1.0,1.0,1.0,1.0,1.0,1.0,0.0,1.0,Longo da via,Bom,Não existe,Perfeito estado,Seca,Perfeito estado,Outras,30 km/h,Única," , RUA EMILIANO BRAGA, Recife, Pernambuco, Brasil",-8.0384222,-34.945364
4404,2019-05-20 10:02:00,SEM VÍTIMA,VÁRZEA,RUA PROFESSOR CHAVES BATISTA,85,568.0,CIDADE,ABALROAMENTO LONGITUDINAL,1.0,1.0,1.0,1.0,1.0,1.0,1.0,1.0,1.0,0.0,1.0,Longo da via,Bom,Não existe,Ilegível,Seca,Perfeito estado,Outras,30 km/h,Única,"85, RUA PROFESSOR CHAVES BATISTA, Recife, Pernambuco, Brasil",-8.0382449,-34.9446753
8437,2019-09-26 23:13:00,SEM VÍTIMA,VÁRZEA,RUA VALE DO SIRIJI,2050,568.0,SUBURBIO,CHOQUE VEÍCULO PARADO,2.0,1.0,1.0,1.0,1.0,1.0,1.0,1.0,1.0,0.0,1.0,Longo da via,Bom,Não existe,Não existente,Seca,Mal iluminada,Outras,30 km/h,Dupla,"2050, RUA VALE DO SIRIJI, Recife, Pernambuco, Brasil",-8.0363493,-34.9767237
7551,2019-09-01 13:54:00,SEM VÍTIMA,VÁRZEA,AV CAXANGA, ,262.0,CIDADE,COLISÃO TRASEIRA,3.0,1.0,1.0,1.0,1.0,1.0,1.0,1.0,1.0,0.0,1.0,Longo da via,Bom,Sem defeito,Perfeito estado,Seca,Perfeito estado,R-6a,30 km/h,Dupla," , AV CAXANGA, Recife, Pernambuco, Brasil",-8.0311907,-34.956089
9625,2019-10-29 21:50:00,SEM VÍTIMA,VÁRZEA,AV CAXANGA, ,262.0,SUBURBIO,COLISÃO TRASEIRA,3.0,1.0,1.0,1.0,1.0,1.0,1.0,1.0,1.0,0.0,1.0,Longo da via,Bom,Sem defeito,Perfeito estado,Seca,Perfeito estado,R-6a,30 km/h,Dupla," , AV CAXANGA, Recife, Pernambuco, Brasil",-8.0311907,-34.956089
10427,2019-11-19 20:03:00,SEM VÍTIMA,VÁRZEA,AV AFONSO OLINDENSE,5671,262.0,SUBURBIO,COLISÃO,2.0,1.0,1.0,1.0,1.0,1.0,1.0,1.0,1.0,0.0,1.0,Longo da via,Bom,Sem defeito,Perfeito estado,Seca,Perfeito estado,R-6a,30 km/h,Dupla,"5671, AV AFONSO OLINDENSE, Recife, Pernambuco, Brasil",-8.0322732,-34.955779
8187,2019-09-19 18:21:00,SEM VÍTIMA,VÁRZEA,AV AFONSO OLINDENSE,1099,262.0,CIDADE,CHOQUE VEÍCULO PARADO,2.0,1.0,1.0,1.0,1.0,1.0,1.0,1.0,1.0,0.0,1.0,Longo da via,Bom,Não existe,Perfeito estado,Seca,Perfeito estado,Não há placas,30 km/h,Dupla,"1099, AV AFONSO OLINDENSE, Recife, Pernambuco, Brasil",-8.0404285,-34.9578173
2792,2019-03-29 17:57:00,SEM VÍTIMA,VÁRZEA,RUA MARECHAL MANOEL LUIS OSORIO, ,262.0,SUBURBIO,ABALROAMENTO TRANSVERSAL,1.0,1.0,1.0,1.0,1.0,1.0,1.0,1.0,1.0,0.0,1.0,Cruzamento,Bom,Não existe,Não existente,Seca,Perfeito estado,Não há placas,30 km/h,Dupla," , RUA MARECHAL MANOEL LUIS OSORIO, Recife, Pernambuco, Brasil",-8.041505,-34.9446807
7537,2019-08-31 16:04:00,SEM VÍTIMA,VÁRZEA,AV PROFESSOR LUIZ FREIRE, ,262.0,SUBURBIO,ABALROAMENTO LONGITUDINAL,1.0,1.0,1.0,1.0,1.0,1.0,1.0,1.0,1.0,0.0,1.0,Longo da via,Bom,Não existe,Perfeito estado,Seca,Perfeito estado,Não há placas,30 km/h,Dupla," , AV PROFESSOR LUIZ FREIRE, Recife, Pernambuco, Brasil",-8.0583168,-34.9501511
10865,2019-12-01 12:44:00,COM VÍTIMA,VÁRZEA,AV PROFESSOR MORAES REGO, ,262.0,SUBURBIO,COLISÃO,1.0,1.0,1.0,1.0,1.0,1.0,1.0,1.0,1.0,2.0,1.0,Longo da via,Bom,Não existe,Perfeito estado,Seca,Perfeito estado,Não há placas,30 km/h,Dupla," , AV PROFESSOR MORAES REGO, Recife, Pernambuco, Brasil",-8.0389556,-34.9420466
6386,2019-07-25 15:46:00,SEM VÍTIMA,VÁRZEA,RUA CORONEL PACHECO,1969,262.0,SUBURBIO,CHOQUE VEÍCULO PARADO,1.0,1.0,1.0,1.0,1.0,1.0,1.0,1.0,1.0,0.0,1.0,Longo da via,Bom,Não existe,Não existente,Seca,Perfeito estado,Outras,30 km/h,Única,"1969, RUA CORONEL PACHECO, Recife, Pernambuco, Brasil",-8.0482404,-34.9589961
1686,2019-02-25 21:18:00,SEM VÍTIMA,VÁRZEA,AV CAXANGA, ,262.0,SUBURBIO,COLISÃO,2.0,1.0,1.0,1.0,1.0,1.0,1.0,1.0,1.0,0.0,1.0,Longo da via,Bom,Não existe,Não existente,Seca,Perfeito estado,Outras,30 km/h,Única," , AV CAXANGA, Recife, Pernambuco, Brasil",-8.0311907,-34.956089
4142,2019-05-11 11:21:00,SEM VÍTIMA,VÁRZEA,RUA PROFESSOR CHAVES BATISTA, ,262.0,SUBURBIO,ABALROAMENTO TRANSVERSAL,2.0,1.0,1.0,1.0,1.0,1.0,1.0,1.0,1.0,0.0,1.0,Cruzamento,Bom,Não existe,Não existente,Seca,Perfeito estado,Não há placas,30 km/h,Dupla," , RUA PROFESSOR CHAVES BATISTA, Recife, Pernambuco, Brasil",-8.0382449,-34.9446753
4194,2019-05-13 16:55:00,SEM VÍTIMA,VÁRZEA,AV JOAQUIM RIBEIRO, ,262.0,SUBURBIO,COLISÃO,4.0,1.0,1.0,1.0,1.0,1.0,1.0,1.0,1.0,0.0,1.0,Cruzamento,Bom,Não existe,Não existente,Seca,Perfeito estado,Não há placas,30 km/h,Dupla," , AV JOAQUIM RIBEIRO, Recife, Pernambuco, Brasil",-8.0311907,-34.956089
4140,2019-05-11 10:34:00,SEM VÍTIMA,VÁRZEA,AV CAXANGA,132,262.0,CIDADE,COLISÃO TRASEIRA,2.0,1.0,1.0,1.0,1.0,1.0,1.0,1.0,1.0,0.0,1.0,Longo da via,Bom,Sem defeito,Perfeito estado,Seca,Perfeito estado,Outras,60 km/h,Dupla,"132, AV CAXANGA, Recife, Pernambuco, Brasil",-8.0311337,-34.9558536