,data_hora,natureza_acidente,bairro,endereco,numero,num_semaforo,sentido_via,tipo,auto,moto,ciclom,ciclista,pedestre,onibus,caminhao,viatura,outros,vitimas,vitimasfatais,acidente_verificado,tempo_clima,situacao_semaforo,sinalizacao,condicao_via,conservacao_via,situacao_placa,velocidade_max_via,mao_direcao,end,latitude,longitude
10772,2019-11-28 19:46:00,SEM VÍTIMA,VÁRZEA,RUA CONEGO JOSE FERNANDES MACHADO,54,281.0,SUBURBIO,COLISÃO,1.0,1.0,1.0,1.0,1.0,1.0,1.0,1.0,1.0,0.0,1.0,Longo da via,Bom,Não existe,Ilegível,Seca,Perfeito estado,Não há placas,60 km/h,Dupla,"54, RUA CONEGO JOSE FERNANDES MACHADO, Recife, Pernambuco, Brasil",-8.0359857,-34.9739503
7192,2019-08-20 10:40:00,SEM VÍTIMA,VÁRZEA,PRC PINTO DAMASO,2017,281.0,SUBURBIO,ABALROAMENTO LONGITUDINAL,1.0,1.0,1.0,1.0,1.0,1.0,1.0,1.0,1.0,0.0,1.0,Longo da via,Bom,Não existe,Perfeito estado,Seca,Perfeito estado,Outras,60 km/h,Única,"2017, PRC PINTO DAMASO, Recife, Pernambuco, Brasil",-8.0359857,-34.9739503
1081,2019-02-08 16:44:00,SEM VÍTIMA,VÁRZEA,RUA PROFESSOR ANTONIO COELHO, ,281.0,CIDADE,ABALROAMENTO TRANSVERSAL,1.0,1.0,1.0,1.0,1.0,1.0,1.0,1.0,1.0,0.0,1.0,Cruzamento,Bom,Não existe,Perfeito estado,Seca,Perfeito estado,Placas Pare,60 km/h,Dupla," , RUA PROFESSOR ANTONIO COELHO, Recife, Pernambuco, Brasil",-8.044678,-34.94606
903,2019-02-04 08:36:00,SEM VÍTIMA,VÁRZEA,AV CAXANGA, ,281.0,SUBURBIO,ABALROAMENTO LONGITUDINAL,2.0,1.0,1.0,1.0,1.0,1.0,1.0,1.0,1.0,0.0,1.0,Cruzamento,Chuvoso,Sem defeito,Perfeito estado,Molhada,Perfeito estado,Não há placas,60 km/h,Dupla," , AV CAXANGA, Recife, Pernambuco, Brasil",-8.0311907,-34.956089
6970,2019-08-13 15:17:00,SEM VÍTIMA,VÁRZEA,AV PROFESSOR ARTUR DE SA, ,281.0,SUBURBIO,COLISÃO TRASEIRA,1.0,2.0,1.0,1.0,1.0,1.0,1.0,1.0,1.0,0.0,1.0,Longo da via,Bom,Não existe,Perfeito estado,Seca,Perfeito estado,Outras,60 km/h,Dupla," , AV PROFESSOR ARTUR DE SA, Recife, Pernambuco, Brasil",-8.0463465,-34.9546299
2367,2019-03-18 15:30:00,SEM VÍTIMA,VÁRZEA,RUA RODRIGUES FERREIRA, ,638.0,SUBURBIO,COLISÃO,1.0,2.0,1.0,1.0,1.0,1.0,1.0,1.0,1.0,0.0,1.0,Longo da via,Bom,Não existe,Perfeito estado,Seca,Perfeito estado,Outras,60 km/h,Dupla," , RUA RODRIGUES FERREIRA, Recife, Pernambuco, Brasil",-8.0320708,-34.9542498
8556,2019-09-30 18:56:00,SEM VÍTIMA,VÁRZEA,RUA GASTAO VIDIGAL, ,638.0,SUBURBIO,ABALROAMENTO LONGITUDINAL,1.0,2.0,1.0,1.0,1.0,1.0,1.0,1.0,1.0,0.0,1.0,Longo da via,Bom,Não existe,Não existente,Seca,Perfeito estado,Não há placas,60 km/h,Dupla," , RUA GASTAO VIDIGAL, Recife, Pernambuco, Brasil",-8.0301401,-34.9580471
9830,2019-11-04 14:29:00,SEM VÍTIMA,VÁRZEA,RUA TORRES HOMEM,853,638.0,SUBURBIO,ABALROAMENTO LONGITUDINAL,1.0,2.0,1.0,1.0,1.0,1.0,1.0,1.0,1.0,0.0,1.0,Longo da via,Bom,Não existe,Não existente,Seca,Perfeito estado,Não há placas,60 km/h,Dupla,"853, RUA TORRES HOMEM, Recife, Pernambuco, Brasil",-8.0336644,-34.9529354
9012,2019-10-12 11:45:00,SEM VÍTIMA,VÁRZEA,AV CAXANGA,5602,232.0,CIDADE,ABALROAMENTO TRANSVERSAL,1.0,2.0,1.0,1.0,1.0,1.0,1.0,1.0,1.0,0.0,1.0,Longo da via,Bom,Sem defeito,Perfeito estado,Seca,Perfeito estado,Outras,60 km/h,Dupla,"5602, AV CAXANGA, Recife, Pernambuco, Brasil",-8.0320305,-34.9537088
1820,2019-03-01 11:34:00,SEM VÍTIMA,VÁRZEA,RUA EMILIANO BRAGA,615,232.0,CIDADE,ABALROAMENTO LONGITUDINAL,1.0,2.0,1.0,1.0,1.0,1.0,2.0,1.0,1.0,0.0,1.0,Longo da via,Bom,Não existe,Perfeito estado,Seca,Perfeito estado,Não há placas,60 km/h,Única,"615, RUA EMILIANO BRAGA, Recife, Pernambuco, Brasil",-8.0386408,-34.9455034
2184,2019-03-13 17:42:00,SEM VÍTIMA,VÁRZEA,AV PROFESSOR LUIZ FREIRE,198,232.0,CIDADE,COLISÃO,1.0,1.0,1.0,1.0,1.0,1.0,2.0,1.0,1.0,0.0,1.0,Longo da via,Bom,Não existe,Perfeito estado,Seca,Perfeito estado,Não há placas,60 km/h,Única,"198, AV PROFESSOR LUIZ FREIRE, Recife, Pernambuco, Brasil",-8.0583168,-34.9501511
7866,2019-09-11 06:24:00,SEM VÍTIMA,VÁRZEA,RUA AMARO GOMES POROCA, ,232.0,CIDADE,ABALROAMENTO LONGITUDINAL,1.0,1.0,1.0,1.0,1.0,1.0,2.0,1.0,1.0,0.0,1.0,Cruzamento,Bom,Não existe,Perfeito estado,Seca,Perfeito estado,Não há placas,60 km/h,Dupla," , RUA AMARO GOMES POROCA, Recife, Pernambuco, Brasil",-8.0489928,-34.9569783
1563,2019-02-22 15:31:00,SEM VÍTIMA,VÁRZEA,RUA PROFESSOR CHAVES BATISTA,510,232.0,CIDADE,ABALROAMENTO LONGITUDINAL,1.0,1.0,1.0,1.0,1.0,1.0,1.0,1.0,1.0,0.0,1.0,Cruzamento,Bom,Não existe,Não existente,Seca,Perfeito estado,Não há placas,60 km/h,Única,"510, RUA PROFESSOR CHAVES BATISTA, Recife, Pernambuco, Brasil",-8.0382449,-34.9446753
1819,2019-03-01 11:14:00,SEM VÍTIMA,VÁRZEA,AV AFONSO OLINDENSE,344,638.0,SUBURBIO,ABALROAMENTO LONGITUDINAL,2.0,1.0,1.0,1.0,1.0,1.0,1.0,1.0,1.0,0.0,1.0,Longo da via,Bom,Sem defeito,Perfeito estado,Seca,Perfeito estado,R-6a,60 km/h,Dupla,"344, AV AFONSO OLINDENSE, Recife, Pernambuco, Brasil",-8.0337677,-34.9554156
8843,2019-10-08 09:17:00,COM VÍTIMA,VÁRZEA,RUA EMILIANO BRAGA,425,638.0,SUBURBIO,ABALROAMENTO TRANSVERSAL,1.0,1.0,1.0,1.0,1.0,1.0,1.0,1.0,1.0,1.0,1.0,Cruzamento,Bom,Não existe,Perfeito estado,Seca,Perfeito estado,Placas Pare,60 km/h,Única,"425, RUA EMILIANO BRAGA, Recife, Pernambuco, Brasil",-8.0393898,-34.9440249
4517,2019-05-23 17:26:00,SEM VÍTIMA,VÁRZEA,AV CAXANGA, ,638.0,CIDADE,COLISÃO,1.0,1.0,1.0,1.0,1.0,1.0,1.0,1.0,1.0,0.0,1.0,Cruzamento,Bom,Não existe,Perfeito estado,Seca,Perfeito estado,Placas Pare,60 km/h,Única," , AV CAXANGA, Recife, Pernambuco, Brasil",-8.0311907,-34.956089
897,2019-02-04 07:02:00,SEM VÍTIMA,VÁRZEA,AV BARAO DE BONITO, ,638.0,CIDADE,ABALROAMENTO LONGITUDINAL,1.0,1.0,1.0,1.0,1.0,1.0,1.0,1.0,1.0,0.0,1.0,Cruzamento,Chuvoso,Não existe,Perfeito estado,Molhada,Perfeito estado,Não há placas,60 km/h,Dupla," , AV BARAO DE BONITO, Recife, Pernambuco, Brasil",-8.0368258,-34.9503054
4381,2019-05-19 07:12:00,SEM VÍTIMA,VÁRZEA,AV AFONSO OLINDENSE,730,638.0,CIDADE,CHOQUE VEÍCULO PARADO,1.0,1.0,1.0,1.0,1.0,1.0,1.0,1.0,1.0,0.0,1.0,Longo da via,Chuvoso,Não existe,Perfeito estado,Molhada,Perfeito estado,Não há placas,60 km/h,Dupla,"730, AV AFONSO OLINDENSE, Recife, Pernambuco, Brasil",-8.0322732,-34.955779
7857,2019-09-10 15:29:00,SEM VÍTIMA,VÁRZEA,AV CAXANGA, ,638.0,SUBURBIO,ABALROAMENTO LONGITUDINAL,1.0,1.0,1.0,1.0,1.0,1.0,1.0,1.0,1.0,0.0,1.0,Longo da via,Bom,Não existe,Perfeito estado,Seca,Perfeito estado,Não há placas,60 km/h,Dupla," , AV CAXANGA, Recife, Pernambuco, Brasil",-8.0311907,-34.956089
11009,2019-12-04 08:46:00,SEM VÍTIMA,VÁRZEA,RUA ABATIA,116,638.0,SUBURBIO,ABALROAMENTO LONGITUDINAL,1.0,2.0,1.0,1.0,1.0,1.0,1.0,1.0,1.0,0.0,1.0,Longo da via,Bom,Não existe,Não existente,Seca,Mal conservada,Não há placas,60 km/h,Dupla,"116, RUA ABATIA, Recife, Pernambuco, Brasil",-8.0421513,-34.9479762
5565,2019-06-26 20:07:00,SEM VÍTIMA,VÁRZEA,AV CAXANGA,5775,638.0,SUBURBIO,COLISÃO,2.0,2.0,1.0,1.0,1.0,1.0,1.0,1.0,1.0,0.0,1.0,Longo da via,Bom,Não existe,Não existente,Seca,Mal conservada,Não há placas,60 km/h,Dupla,"5775, AV CAXANGA, Recife, Pernambuco, Brasil",-8.031769,-34.95552376481331
9815,2019-11-04 08:57:00,SEM VÍTIMA,VÁRZEA,RUA GASTAO VIDIGAL, ,638.0,CIDADE,ABALROAMENTO LONGITUDINAL,1.0,2.0,1.0,1.0,1.0,1.0,1.0,1.0,1.0,0.0,1.0,Longo da via,Bom,Não existe,Perfeito estado,Seca,Perfeito estado,Não há placas,60 km/h,Dupla," , RUA GASTAO VIDIGAL, Recife, Pernambuco, Brasil",-8.0301401,-34.9580471
11098,2019-12-05 17:49:00,SEM VÍTIMA,VÁRZEA,AV RECIFE, ,638.0,CIDADE,COLISÃO,3.0,2.0,1.0,1.0,1.0,1.0,1.0,1.0,1.0,0.0,1.0,Longo da via,Bom,Não existe,Perfeito estado,Seca,Perfeito estado,Não há placas,60 km/h,Dupla," , AV RECIFE, Recife, Pernambuco, Brasil",-8.1160254,-34.923929
583,2019-01-23 08:33:00,SEM VÍTIMA,VÁRZEA,RUA GASTAO VIDIGAL, ,281.0,CIDADE,COLISÃO TRASEIRA,2.0,2.0,1.0,1.0,1.0,1.0,1.0,1.0,1.0,0.0,1.0,Longo da via,Bom,Sem defeito,Perfeito estado,Seca,Mal conservada,Não há placas,60 km/h,Dupla," , RUA GASTAO VIDIGAL, Recife, Pernambuco, Brasil",-8.0301401,-34.9580471
10619,2019-11-25 06:30:00,SEM VÍTIMA,VÁRZEA,AV CAXANGA, ,281.0,CIDADE,ABALROAMENTO LONGITUDINAL,1.0,2.0,1.0,1.0,1.0,1.0,1.0,1.0,1.0,0.0,1.0,Longo da via,Bom,Não existe,Perfeito estado,Seca,Perfeito estado,R-6a,60 km/h,Dupla," , AV CAXANGA, Recife, Pernambuco, Brasil",-8.0311907,-34.956089
5026,2019-06-08 12:03:00,SEM VÍTIMA,VÁRZEA,AV PROFESSOR ARTUR DE SA, ,281.0,SUBURBIO,ABALROAMENTO LONGITUDINAL,1.0,1.0,1.0,1.0,1.0,1.0,1.0,1.0,1.0,0.0,1.0,Cruzamento,Bom,Não existe,Ilegível,Seca,Perfeito estado,Placas Pare,60 km/h,Dupla," , AV PROFESSOR ARTUR DE SA, Recife, Pernambuco, Brasil",-8.0463465,-34.9546299
6531,2019-07-31 11:41:00,SEM VÍTIMA,VÁRZEA,RUA PROFESSOR ANTONIO COELHO, ,281.0,SUBURBIO,ABALROAMENTO TRANSVERSAL,2.0,1.0,1.0,1.0,1.0,1.0,1.0,1.0,1.0,0.0,1.0,Cruzamento,Bom,Não existe,Perfeito estado,Seca,Perfeito estado,Placas Pare,60 km/h,Dupla," , RUA PROFESSOR ANTONIO COELHO, Recife, Pernambuco, Brasil",-8.044678,-34.94606
3810,2019-04-30 09:57:00,SEM VÍTIMA,VÁRZEA,AV PROFESSOR ARTUR DE SA,1570,281.0,SUBURBIO,ABALROAMENTO LONGITUDINAL,2.0,1.0,1.0,1.0,1.0,1.0,1.0,1.0,1.0,0.0,1.0,Longo da via,Bom,Não existe,Perfeito estado,Seca,Perfeito estado,Outras,60 km/h,Dupla,"1570, AV PROFESSOR ARTUR DE SA, Recife, Pernambuco, Brasil",-8.0463985,-34.9467503
6249,2019-07-20 11:44:00,SEM VÍTIMA,VÁRZEA,AV CAXANGA, ,281.0,CIDADE,COLISÃO TRASEIRA,3.0,1.0,1.0,1.0,1.0,1.0,1.0,1.0,1.0,0.0,1.0,Longo da via,Chuvoso,Não existe,Perfeito estado,Molhada,Perfeito estado,Outras,60 km/h,Dupla," , AV CAXANGA, Recife, Pernambuco, Brasil",-8.0311907,-34.956089
1829,2019-03-01 15:42:00,SEM VÍTIMA,VÁRZEA,RUA PROFESSOR CHAVES BATISTA, ,281.0,CIDADE,COLISÃO,2.0,1.0,1.0,1.0,1.0,1.0,1.0,1.0,1.0,0.0,1.0,Longo da via,Chuvoso,Não existe,Perfeito estado,Molhada,Perfeito estado,Outras,60 km/h,Dupla," , RUA PROFESSOR CHAVES BATISTA, Recife, Pernambuco, Brasil",-8.0382449,-34.9446753
7788,2019-09-09 07:36:00,SEM VÍTIMA,VÁRZEA,RUA PROFESSOR CHAVES BATISTA,197,281.0,CIDADE,ABALROAMENTO LONGITUDINAL,1.0,1.0,1.0,1.0,1.0,1.0,1.0,1.0,1.0,0.0,1.0,Cruzamento,Bom,Não existe,Perfeito estado,Seca,Perfeito estado,Não há placas,60 km/h,Dupla,"197, RUA PROFESSOR CHAVES BATISTA, Recife, Pernambuco, Brasil",-8.0395427,-34.9450294
8953,2019-10-10 18:37:00,VÍTIMA FATAL,VÁRZEA,RUA SAGRADA FAMILIA,2032,281.0,CIDADE,CHOQUE OBJETO FIXO,1.0,1.0,1.0,1.0,1.0,1.0,1.0,1.0,1.0,0.0,1.0,Longo da via,Bom,Não existe,Perfeito estado,Seca,Perfeito estado,Não há placas,60 km/h,Única,"2032, RUA SAGRADA FAMILIA, Recife, Pernambuco, Brasil",-8.0395427,-34.9450294
5215,2019-06-14 12:57:00,SEM VÍTIMA,VÁRZEA,RUA AMARO GOMES POROCA,255,281.0,CIDADE,COLISÃO,1.0,1.0,1.0,1.0,1.0,1.0,1.0,1.0,1.0,0.0,1.0,Longo da via,Bom,Não existe,Perfeito estado,Seca,Perfeito estado,Não há placas,60 km/h,Única,"255, RUA AMARO GOMES POROCA, Recife, Pernambuco, Brasil",-8.0489928,-34.9569783
4084,2019-05-09 11:37:00,SEM VÍTIMA,ZUMBI,RUA GOMES TABORDA,1349,67.0,CIDADE,COLISÃO FRONTAL,1.0,1.0,1.0,1.0,1.0,1.0,1.0,1.0,1.0,0.0,1.0,Longo da via,Bom,Sem defeito,Perfeito estado,Seca,Perfeito estado,R-6a,60 km/h,Dupla,"1349, RUA GOMES TABORDA, Recife, Pernambuco, Brasil",-8.0556637,-34.9236757
10130,2019-11-11 18:41:00,SEM VÍTIMA,ZUMBI,RUA FIDELIS MOLITERNO,215,67.0,CIDADE,COLISÃO,2.0,1.0,1.0,1.0,1.0,1.0,1.0,1.0,1.0,0.0,1.0,Longo da via,Bom,Sem defeito,Perfeito estado,Seca,Perfeito estado,R-6a,60 km/h,Dupla,"215, RUA FIDELIS MOLITERNO, Recife, Pernambuco, Brasil",-8.0545284,-34.9176004
11520,2019-12-15 13:22:00,SEM VÍTIMA,ZUMBI,RUA PARAGUASSU, ,67.0,CIDADE,ENGAVETAMENTO,3.0,1.0,1.0,1.0,1.0,1.0,1.0,1.0,1.0,0.0,1.0,Longo da via,Bom,Sem defeito,Perfeito estado,Seca,Perfeito estado,R-6a,60 km/h,Dupla," , RUA PARAGUASSU, Recife, Pernambuco, Brasil",-8.0497645,-34.9169701
4756,2019-05-31 13:14:00,SEM VÍTIMA,ZUMBI,RUA CONS THEODORO,170,513.0,CIDADE,COLISÃO TRASEIRA,2.0,1.0,1.0,1.0,1.0,1.0,1.0,1.0,1.0,0.0,1.0,Longo da via,Bom,Sem defeito,Incompleta,Seca,Perfeito estado,Não há placas,60 km/h,Dupla,"170, RUA CONS THEODORO, Recife, Pernambuco, Brasil",-8.0497645,-34.9169701
9862,2019-11-05 10:46:00,COM VÍTIMA,ZUMBI,AV CAXANGA,1049,513.0,CIDADE,ABALROAMENTO LONGITUDINAL,1.0,1.0,1.0,1.0,1.0,1.0,1.0,1.0,1.0,1.0,1.0,Longo da via,Bom,Não existe,Perfeito estado,Seca,Perfeito estado,Não há placas,60 km/h,Dupla,"1049, AV CAXANGA, Recife, Pernambuco, Brasil",-8.0524976,-34.9178059
995,2019-02-06 17:05:00,SEM VÍTIMA,ZUMBI,RUA GOMES TABORDA,890,513.0,SUBURBIO,COLISÃO TRASEIRA,2.0,1.0,1.0,1.0,1.0,1.0,1.0,1.0,1.0,0.0,1.0,Longo da via,Bom,Não existe,Perfeito estado,Seca,Perfeito estado,Outras,60 km/h,Dupla,"890, RUA GOMES TABORDA, Recife, Pernambuco, Brasil",-8.0565181,-34.9195867
2045,2019-03-09 13:12:00,SEM VÍTIMA,ZUMBI,RUA GREGORIO JUNIOR,224,513.0,SUBURBIO,ABALROAMENTO LONGITUDINAL,2.0,1.0,1.0,1.0,1.0,1.0,1.0,1.0,1.0,0.0,1.0,Longo da via,Bom,Não existe,Perfeito estado,Seca,Perfeito estado,R-6a,60 km/h,Única,"224, RUA GREGORIO JUNIOR, Recife, Pernambuco, Brasil",-8.0533043,-34.9200257
8432,2019-09-26 19:10:00,SEM VÍTIMA,ZUMBI,RUA TOMAZ GONZAGA, ,513.0,SUBURBIO,COLISÃO TRASEIRA,1.0,1.0,1.0,1.0,1.0,1.0,1.0,1.0,1.0,0.0,1.0,Cruzamento,Bom,Sem defeito,Perfeito estado,Seca,Perfeito estado,Outras,60 km/h,Dupla," , RUA TOMAZ GONZAGA, Recife, Pernambuco, Brasil",-8.0489386,-34.9173886
1713,2019-02-26 19:43:00,SEM VÍTIMA,ZUMBI,AV CAXANGA, ,274.0,CIDADE,ABALROAMENTO LONGITUDINAL,1.0,1.0,1.0,1.0,1.0,1.0,1.0,1.0,1.0,0.0,1.0,Longo da via,Bom,Sem defeito,Perfeito estado,Seca,Perfeito estado,Outras,60 km/h,Dupla," , AV CAXANGA, Recife, Pernambuco, Brasil",-8.0311907,-34.956089
9331,2019-10-21 16:00:00,COM VÍTIMA,ZUMBI,AV CAXANGA,1214,236.0,SUBURBIO,ABALROAMENTO TRANSVERSAL,1.0,1.0,1.0,1.0,1.0,1.0,1.0,1.0,1.0,1.0,1.0,Cruzamento,Bom,Sem defeito,Perfeito estado,Seca,Perfeito estado,Outras,60 km/h,Dupla,"1214, AV CAXANGA, Recife, Pernambuco, Brasil",-8.0513896,-34.9189368
9248,2019-10-18 14:41:00,SEM VÍTIMA,ÁGUA FRIA,AV BEBERIBE,2041,236.0,CIDADE,ABALROAMENTO LONGITUDINAL,1.0,1.0,1.0,1.0,1.0,1.0,1.0,1.0,1.0,0.0,1.0,Longo da via,Bom,Não existe,Perfeito estado,Seca,Perfeito estado,Outras,60 km/h,Dupla,"2041, AV BEBERIBE, Recife, Pernambuco, Brasil",-8.0371481,-34.8909711
5756,2019-07-03 12:05:00,COM VÍTIMA,ÁGUA FRIA,EST VELHA DE AGUA FRIA,671,236.0,SUBURBIO,ABALROAMENTO TRANSVERSAL,1.0,1.0,1.0,1.0,1.0,1.0,1.0,1.0,1.0,1.0,1.0,Cruzamento,Chuvoso,Não existe,Perfeito estado,Molhada,Perfeito estado,Outras,60 km/h,Dupla,"671, EST VELHA DE AGUA FRIA, Recife, Pernambuco, Brasil",-8.0371481,-34.8909711
2694,2019-03-27 16:47:00,SEM VÍTIMA,ÁGUA FRIA,AV BEBERIBE, ,236.0,SUBURBIO,COLISÃO TRASEIRA,3.0,1.0,1.0,1.0,1.0,1.0,1.0,1.0,1.0,0.0,1.0,Longo da via,Bom,Não existe,Perfeito estado,Seca,Perfeito estado,R-6a,60 km/h,Dupla," , AV BEBERIBE, Recife, Pernambuco, Brasil",-8.013146,-34.8893491
10063,2019-11-09 21:52:00,SEM VÍTIMA,ÁGUA FRIA,EST VELHA DE AGUA FRIA, ,236.0,SUBURBIO,ABALROAMENTO LONGITUDINAL,1.0,1.0,1.0,1.0,1.0,1.0,1.0,1.0,1.0,0.0,1.0,Longo da via,Bom,Não existe,Incompleta,Seca,Perfeito estado,R-6a,60 km/h,Dupla," , EST VELHA DE AGUA FRIA, Recife, Pernambuco, Brasil",-8.013146,-34.8893491
11503,2019-12-14 17:12:00,SEM VÍTIMA,ÁGUA FRIA,AV BEBERIBE,2224,236.0,SUBURBIO,ABALROAMENTO LONGITUDINAL,1.0,1.0,1.0,1.0,1.0,1.0,1.0,1.0,1.0,0.0,1.0,Longo da via,Bom,Não existe,Perfeito estado,Seca,Perfeito estado,R-6a,60 km/h,Dupla,"2224, AV BEBERIBE, Recife, Pernambuco, Brasil",-8.0223817,-34.8940353
10448,2019-11-20 12:19:00,SEM VÍTIMA,ÁGUA FRIA,AV BEBERIBE,2037,405.0,SUBURBIO,COLISÃO,2.0,1.0,1.0,1.0,1.0,1.0,1.0,1.0,1.0,0.0,1.0,Longo da via,Bom,Não existe,Perfeito estado,Seca,Perfeito estado,R-6a,60 km/h,Dupla,"2037, AV BEBERIBE, Recife, Pernambuco, Brasil",-8.0223817,-34.8940353
3572,2019-04-23 16:36:00,SEM VÍTIMA,ÁGUA FRIA,AV BEBERIBE, ,187.0,CIDADE,COLISÃO TRASEIRA,2.0,1.0,1.0,1.0,1.0,1.0,1.0,1.0,1.0,0.0,1.0,Longo da via,Bom,Sem defeito,Perfeito estado,Seca,Perfeito estado,Outras,60 km/h,Dupla," , AV BEBERIBE, Recife, Pernambuco, Brasil",-8.013146,-34.8893491
3569,2019-04-23 16:18:00,SEM VÍTIMA,ÁGUA FRIA,RUA MOEMA,2306,187.0,CIDADE,COLISÃO,2.0,1.0,1.0,1.0,1.0,1.0,1.0,1.0,1.0,0.0,1.0,Longo da via,Bom,Sem defeito,Perfeito estado,Seca,Perfeito estado,Outras,60 km/h,Dupla,"2306, RUA MOEMA, Recife, Pernambuco, Brasil",-8.0180915,-34.8918723
10997,2019-12-04 05:50:00,COM VÍTIMA,ÁGUA FRIA,RUA ALEGRE,355,187.0,SUBURBIO,CHOQUE OBJETO FIXO,1.0,1.0,1.0,1.0,1.0,1.0,1.0,1.0,1.0,1.0,1.0,Longo da via,Bom,Sem defeito,Perfeito estado,Seca,Perfeito estado,Outras,60 km/h,Única,"355, RUA ALEGRE, Recife, Pernambuco, Brasil",-8.0192616,-34.8924734
5342,2019-06-18 20:09:00,SEM VÍTIMA,ÁGUA FRIA,EST VELHA DE AGUA FRIA, ,187.0,SUBURBIO,ABALROAMENTO LONGITUDINAL,1.0,1.0,1.0,1.0,1.0,1.0,1.0,1.0,1.0,0.0,1.0,Longo da via,Bom,Não existe,Incompleta,Seca,Perfeito estado,Não há placas,60 km/h,Dupla," , EST VELHA DE AGUA FRIA, Recife, Pernambuco, Brasil",-8.0192616,-34.8924734
7187,2019-08-20 09:03:00,COM VÍTIMA,ÁGUA FRIA,AV BEBERIBE,1772,187.0,SUBURBIO,ABALROAMENTO LONGITUDINAL,1.0,2.0,1.0,1.0,1.0,1.0,1.0,1.0,1.0,2.0,1.0,Esquina,Bom,Não existe,Perfeito estado,Seca,Perfeito estado,R-6a,60 km/h,Dupla,"1772, AV BEBERIBE, Recife, Pernambuco, Brasil",-8.0223817,-34.8940353
11008,2019-12-04 08:43:00,COM VÍTIMA,ÁGUA FRIA,AV BEBERIBE, ,64.0,CIDADE,ABALROAMENTO TRANSVERSAL,1.0,1.0,1.0,1.0,1.0,1.0,1.0,1.0,1.0,1.0,1.0,Cruzamento,Bom,Sem defeito,Perfeito estado,Seca,Perfeito estado,R-6a,60 km/h,Dupla," , AV BEBERIBE, Recife, Pernambuco, Brasil",-8.013146,-34.8893491
6167,2019-07-17 19:17:00,SEM VÍTIMA,ÁGUA FRIA,RUA DR EUDES COSTA, ,64.0,CIDADE,ABALROAMENTO TRANSVERSAL,1.0,1.0,1.0,1.0,1.0,1.0,1.0,1.0,1.0,0.0,1.0,Cruzamento,Bom,Não existe,Perfeito estado,Seca,Perfeito estado,Placas Pare,60 km/h,Dupla," , RUA DR EUDES COSTA, Recife, Pernambuco, Brasil",-8.013146,-34.8893491
11585,2019-12-17 09:53:00,SEM VÍTIMA,ÁGUA FRIA,RUA SAO BENTO,195,64.0,CIDADE,COLISÃO,1.0,1.0,1.0,1.0,1.0,1.0,1.0,1.0,1.0,0.0,1.0,Cruzamento,Bom,Não existe,Perfeito estado,Seca,Perfeito estado,Placas Pare,60 km/h,Dupla,"195, RUA SAO BENTO, Recife, Pernambuco, Brasil",-8.0235299,-34.8957163
6674,2019-08-04 12:48:00,SEM VÍTIMA,ÁGUA FRIA,RUA SAO BENTO, ,64.0,CIDADE,ABALROAMENTO LONGITUDINAL,1.0,1.0,1.0,1.0,1.0,1.0,1.0,1.0,1.0,0.0,1.0,Cruzamento,Bom,Sem defeito,Perfeito estado,Seca,Perfeito estado,Outras,60 km/h,Dupla," , RUA SAO BENTO, Recife, Pernambuco, Brasil",-8.0237758,-34.8969261
7559,2019-09-01 23:19:00,SEM VÍTIMA,ÁGUA FRIA,RUA ALEGRE, ,431.0,SUBURBIO,ABALROAMENTO TRANSVERSAL,2.0,1.0,1.0,1.0,1.0,1.0,1.0,1.0,1.0,0.0,1.0,Cruzamento,Chuvoso,Sem defeito,Perfeito estado,Molhada,Perfeito estado,Não há placas,60 km/h,Única," , RUA ALEGRE, Recife, Pernambuco, Brasil",-8.0192616,-34.8924734
5308,2019-06-17 19:59:00,SEM VÍTIMA,ÁGUA FRIA,AV BEBERIBE,2584,431.0,SUBURBIO,COLISÃO TRASEIRA,1.0,1.0,1.0,1.0,1.0,1.0,1.0,1.0,1.0,0.0,1.0,Longo da via,Chuvoso,Não existe,Perfeito estado,Molhada,Perfeito estado,Outras,60 km/h,Dupla,"2584, AV BEBERIBE, Recife, Pernambuco, Brasil",-8.0223817,-34.8940353
9282,2019-10-19 19:18:00,SEM VÍTIMA,ÁGUA FRIA,AV BEBERIBE, ,431.0,SUBURBIO,ABALROAMENTO LONGITUDINAL,1.0,1.0,1.0,1.0,1.0,1.0,1.0,1.0,1.0,0.0,1.0,Longo da via,Bom,Não existe,Perfeito estado,Seca,Perfeito estado,Outras,60 km/h,Dupla," , AV BEBERIBE, Recife, Pernambuco, Brasil",-8.013146,-34.8893491
6174,2019-07-17 21:56:00,COM VÍTIMA,ÁGUA FRIA,EST VELHA DE AGUA FRIA,1311,431.0,SUBURBIO,COLISÃO TRASEIRA,1.0,1.0,1.0,1.0,1.0,1.0,1.0,1.0,1.0,1.0,1.0,Longo da via,Chuvoso,Não existe,Incompleta,Molhada,Mal conservada,Não há placas,60 km/h,Única,"1311, EST VELHA DE AGUA FRIA, Recife, Pernambuco, Brasil",-8.013146,-34.8893491
8551,2019-09-30 17:32:00,SEM VÍTIMA,ÁGUA FRIA,RUA SAO BENTO,238,431.0,SUBURBIO,ABALROAMENTO LONGITUDINAL,1.0,1.0,1.0,1.0,1.0,1.0,1.0,1.0,1.0,0.0,1.0,Longo da via,Bom,Não existe,Perfeito estado,Seca,Perfeito estado,Outras,60 km/h,Única,"238, RUA SAO BENTO, Recife, Pernambuco, Brasil",-8.0235299,-34.8957163