,data_hora,natureza_acidente,bairro,endereco,numero,num_semaforo,sentido_via,tipo,auto,moto,ciclom,ciclista,pedestre,onibus,caminhao,viatura,outros,vitimas,vitimasfatais,acidente_verificado,tempo_clima,situacao_semaforo,sinalizacao,condicao_via,conservacao_via,situacao_placa,velocidade_max_via,mao_direcao,end,latitude,longitude
6387,2019-07-25 16:18:00,SEM VÍTIMA,ÁGUA FRIA,AV BEBERIBE,1979,405.0,CIDADE,ABALROAMENTO LONGITUDINAL,1.0,1.0,1.0,1.0,1.0,1.0,1.0,1.0,1.0,0.0,1.0,Longo da via,Chuvoso,Sem defeito,Perfeito estado,Molhada,Perfeito estado,R-19,40 km/h,Única,"1979, AV BEBERIBE, Recife, Pernambuco, Brasil",-8.0223817,-34.8940353
12014,2019-12-29 06:45:00,COM VÍTIMA,ÁGUA FRIA,RUA DO MACHADO,862,405.0,CIDADE,ABALROAMENTO TRANSVERSAL,1.0,1.0,1.0,1.0,1.0,1.0,1.0,1.0,1.0,1.0,1.0,Cruzamento,Bom,Não existe,Perfeito estado,Seca,Perfeito estado,Placas Pare,40 km/h,Dupla,"862, RUA DO MACHADO, Recife, Pernambuco, Brasil",-8.0205164,-34.8888133
4192,2019-05-13 15:59:00,SEM VÍTIMA,ÁGUA FRIA,EST VELHA DE AGUA FRIA,980,306.0,CIDADE,ABALROAMENTO LONGITUDINAL,1.0,1.0,1.0,1.0,1.0,1.0,1.0,1.0,1.0,0.0,1.0,Cruzamento,Bom,Sem defeito,Perfeito estado,Seca,Perfeito estado,Outras,40 km/h,Única,"980, EST VELHA DE AGUA FRIA, Recife, Pernambuco, Brasil",-8.0205164,-34.8888133
9277,2019-10-19 16:13:00,SEM VÍTIMA,ÁGUA FRIA,AV BEBERIBE,1995,405.0,CIDADE,ABALROAMENTO LONGITUDINAL,2.0,1.0,1.0,1.0,1.0,1.0,1.0,1.0,1.0,0.0,1.0,Longo da via,Bom,Sem defeito,Perfeito estado,Seca,Perfeito estado,R-6a,40 km/h,Única,"1995, AV BEBERIBE, Recife, Pernambuco, Brasil",-8.0223817,-34.8940353
4169,2019-05-12 17:48:00,COM VÍTIMA,ÁGUA FRIA,RUA LADEIRA DE PEDRA,303,405.0,CIDADE,ATROPELAMENTO,2.0,2.0,1.0,1.0,1.0,1.0,1.0,1.0,1.0,1.0,1.0,Longo da via,Bom,Não existe,Não existente,Seca,Perfeito estado,Não há placas,40 km/h,Dupla,"303, RUA LADEIRA DE PEDRA, Recife, Pernambuco, Brasil",-8.019386,-34.8955807
12035,2019-12-30 10:07:00,SEM VÍTIMA,ÁGUA FRIA,EST VELHA DE AGUA FRIA,1569,405.0,CIDADE,COLISÃO,2.0,2.0,1.0,1.0,1.0,1.0,1.0,1.0,1.0,0.0,1.0,Longo da via,Bom,Não existe,Não existente,Seca,Perfeito estado,Não há placas,40 km/h,Dupla,"1569, EST VELHA DE AGUA FRIA, Recife, Pernambuco, Brasil",-8.019386,-34.8955807
7994,2019-09-14 09:53:00,SEM VÍTIMA,ÁGUA FRIA,AV BEBERIBE, ,405.0,CIDADE,COLISÃO TRASEIRA,1.0,1.0,1.0,1.0,1.0,1.0,1.0,1.0,1.0,0.0,1.0,Longo da via,Bom,Sem defeito,Perfeito estado,Seca,Perfeito estado,Outras,40 km/h,Dupla," , AV BEBERIBE, Recife, Pernambuco, Brasil",-8.013146,-34.8893491
7539,2019-08-31 17:05:00,SEM VÍTIMA,ÁGUA FRIA,EST VELHA DE AGUA FRIA,1029,306.0,CIDADE,COLISÃO TRASEIRA,3.0,1.0,1.0,1.0,1.0,1.0,1.0,1.0,1.0,0.0,1.0,Longo da via,Bom,Não existe,Perfeito estado,Seca,Perfeito estado,Outras,40 km/h,Dupla,"1029, EST VELHA DE AGUA FRIA, Recife, Pernambuco, Brasil",-8.013146,-34.8893491
9968,2019-11-07 19:02:00,SEM VÍTIMA,ÁGUA FRIA,RUA RAUL POMPEIA,433,306.0,CIDADE,COLISÃO,2.0,1.0,1.0,1.0,1.0,1.0,1.0,1.0,1.0,0.0,1.0,Longo da via,Bom,Não existe,Perfeito estado,Seca,Perfeito estado,Outras,40 km/h,Dupla,"433, RUA RAUL POMPEIA, Recife, Pernambuco, Brasil",-8.0225496,-34.8953525
9615,2019-10-29 18:21:00,SEM VÍTIMA,ÁGUA FRIA,RUA ZEFERINO AGRA,430,306.0,CIDADE,COLISÃO,2.0,1.0,1.0,1.0,1.0,1.0,1.0,1.0,1.0,0.0,1.0,Longo da via,Bom,Não existe,Perfeito estado,Seca,Perfeito estado,Outras,40 km/h,Dupla,"430, RUA ZEFERINO AGRA, Recife, Pernambuco, Brasil",-8.0238268,-34.886089
4143,2019-05-11 11:37:00,SEM VÍTIMA,ÁGUA FRIA,AV BEBERIBE,2143,187.0,CIDADE,COLISÃO TRASEIRA,2.0,1.0,1.0,1.0,1.0,1.0,1.0,1.0,1.0,0.0,1.0,Longo da via,Bom,Sem defeito,Perfeito estado,Seca,Perfeito estado,Outras,30 km/h,Dupla,"2143, AV BEBERIBE, Recife, Pernambuco, Brasil",-8.0223817,-34.8940353
8537,2019-09-30 12:57:00,SEM VÍTIMA,ÁGUA FRIA,AV BEBERIBE,2315,187.0,CIDADE,COLISÃO,1.0,1.0,1.0,1.0,1.0,1.0,1.0,1.0,1.0,0.0,1.0,Longo da via,Bom,Sem defeito,Perfeito estado,Seca,Perfeito estado,Outras,30 km/h,Dupla,"2315, AV BEBERIBE, Recife, Pernambuco, Brasil",-8.0223817,-34.8940353
7602,2019-09-02 21:00:00,COM VÍTIMA,ÁGUA FRIA,EST VELHA DE AGUA FRIA,1029,187.0,CIDADE,ABALROAMENTO LONGITUDINAL,1.0,1.0,1.0,1.0,1.0,1.0,1.0,1.0,1.0,2.0,1.0,Longo da via,Bom,Não existe,Ilegível,Seca,Mal iluminada,Não há placas,30 km/h,Dupla,"1029, EST VELHA DE AGUA FRIA, Recife, Pernambuco, Brasil",-8.0223817,-34.8940353
5164,2019-06-12 19:17:00,SEM VÍTIMA,ÁGUA FRIA,RUA DAS MOCAS,1498,187.0,CIDADE,COLISÃO COM CICLISTA,1.0,1.0,1.0,1.0,1.0,1.0,1.0,1.0,1.0,0.0,1.0,Longo da via,Bom,Não existe,Ilegível,Seca,Mal iluminada,Não há placas,30 km/h,Dupla,"1498, RUA DAS MOCAS, Recife, Pernambuco, Brasil",-8.018428,-34.8847129
533,2019-01-21 17:47:00,COM VÍTIMA,ÁGUA FRIA,AV BEBERIBE,2491,187.0,CIDADE,ABALROAMENTO LONGITUDINAL,1.0,1.0,1.0,1.0,1.0,1.0,1.0,1.0,1.0,1.0,1.0,Longo da via,Bom,Não existe,Perfeito estado,Seca,Perfeito estado,Outras,30 km/h,Dupla,"2491, AV BEBERIBE, Recife, Pernambuco, Brasil",-8.0223817,-34.8940353
2698,2019-03-27 18:18:00,COM VÍTIMA,ÁGUA FRIA,RUA DR EUDES COSTA,451,187.0,CIDADE,COLISÃO,1.0,1.0,1.0,1.0,1.0,1.0,1.0,1.0,1.0,1.0,1.0,Longo da via,Bom,Não existe,Perfeito estado,Seca,Perfeito estado,Outras,30 km/h,Dupla,"451, RUA DR EUDES COSTA, Recife, Pernambuco, Brasil",-8.0223817,-34.8940353
4235,2019-05-14 14:51:00,VÍTIMA FATAL,ÁGUA FRIA,AV BEBERIBE, ,405.0,CIDADE,ATROPELAMENTO,1.0,1.0,1.0,1.0,1.0,1.0,1.0,1.0,1.0,1.0,1.0,Longo da via,Bom,Sem defeito,Perfeito estado,Seca,Perfeito estado,R-6a,30 km/h,Única," , AV BEBERIBE, Recife, Pernambuco, Brasil",-8.013146,-34.8893491
4727,2019-05-30 15:44:00,SEM VÍTIMA,ÁGUA FRIA,AV BEBERIBE,2047,405.0,CIDADE,ABALROAMENTO LONGITUDINAL,1.0,1.0,1.0,1.0,1.0,1.0,1.0,1.0,1.0,0.0,1.0,Longo da via,Bom,Não existe,Incompleta,Seca,Mal conservada,Outras,30 km/h,Dupla,"2047, AV BEBERIBE, Recife, Pernambuco, Brasil",-8.0223817,-34.8940353
3734,2019-04-27 22:43:00,SEM VÍTIMA,ÁGUA FRIA,RUA DR EUDES COSTA,102,405.0,CIDADE,ABALROAMENTO TRANSVERSAL,2.0,1.0,1.0,1.0,1.0,1.0,1.0,1.0,1.0,0.0,1.0,Cruzamento,Bom,Não existe,Não existente,Seca,Perfeito estado,Não há placas,30 km/h,Dupla,"102, RUA DR EUDES COSTA, Recife, Pernambuco, Brasil",-8.0223817,-34.8940353
2068,2019-03-10 19:01:00,SEM VÍTIMA,ÁGUA FRIA,RUA AQUINOPOLIS,763,405.0,CIDADE,COLISÃO,2.0,1.0,1.0,1.0,1.0,1.0,1.0,1.0,1.0,0.0,1.0,Cruzamento,Bom,Não existe,Não existente,Seca,Perfeito estado,Não há placas,30 km/h,Dupla,"763, RUA AQUINOPOLIS, Recife, Pernambuco, Brasil",-8.0223817,-34.8940353
5657,2019-06-29 19:51:00,SEM VÍTIMA,ÁGUA FRIA,AV BEBERIBE, ,405.0,CIDADE,ABALROAMENTO LONGITUDINAL,2.0,1.0,1.0,1.0,1.0,1.0,1.0,1.0,1.0,0.0,1.0,Longo da via,Bom,Não existe,Perfeito estado,Seca,Perfeito estado,R-6c,30 km/h,Única," , AV BEBERIBE, Recife, Pernambuco, Brasil",-8.013146,-34.8893491
9169,2019-10-16 12:17:00,SEM VÍTIMA,ÁGUA FRIA,EST VELHA DE AGUA FRIA, ,405.0,CIDADE,ABALROAMENTO LONGITUDINAL,1.0,1.0,1.0,1.0,1.0,1.0,1.0,1.0,1.0,0.0,1.0,Longo da via,Bom,Não existe,Perfeito estado,Seca,Perfeito estado,R-6c,30 km/h,Dupla," , EST VELHA DE AGUA FRIA, Recife, Pernambuco, Brasil",-8.013146,-34.8893491
11351,2019-12-11 13:00:00,SEM VÍTIMA,ÁGUA FRIA,AV BEBERIBE, ,405.0,CIDADE,COLISÃO,1.0,1.0,1.0,1.0,1.0,1.0,1.0,1.0,1.0,0.0,1.0,Longo da via,Bom,Não existe,Perfeito estado,Seca,Perfeito estado,R-6c,30 km/h,Dupla," , AV BEBERIBE, Recife, Pernambuco, Brasil",-8.013146,-34.8893491
2419,2019-03-19 20:16:00,SEM VÍTIMA,ÁGUA FRIA,RUA DR EUDES COSTA,138,405.0,SUBURBIO,ABALROAMENTO LONGITUDINAL,2.0,1.0,1.0,1.0,1.0,1.0,1.0,1.0,1.0,0.0,1.0,Cruzamento,Bom,Não existe,Perfeito estado,Seca,Perfeito estado,Não há placas,30 km/h,Dupla,"138, RUA DR EUDES COSTA, Recife, Pernambuco, Brasil",-8.013146,-34.8893491
10323,2019-11-17 03:57:00,SEM VÍTIMA,ÁGUA FRIA,RUA DAS MOCAS, ,405.0,CIDADE,ABALROAMENTO TRANSVERSAL,2.0,1.0,1.0,1.0,1.0,1.0,1.0,1.0,1.0,0.0,1.0,Longo da via,Bom,Não existe,Perfeito estado,Seca,Perfeito estado,Outras,30 km/h,Dupla," , RUA DAS MOCAS, Recife, Pernambuco, Brasil",-8.0193122,-34.8852912
10328,2019-11-17 10:44:00,SEM VÍTIMA,ÁGUA FRIA,RUA JAPARANDUBA,77,405.0,CIDADE,ABALROAMENTO LONGITUDINAL,2.0,1.0,1.0,1.0,1.0,1.0,1.0,1.0,1.0,0.0,1.0,Longo da via,Bom,Não existe,Perfeito estado,Seca,Perfeito estado,Não há placas,40 km/h,Única,"77, RUA JAPARANDUBA, Recife, Pernambuco, Brasil",-8.0197146,-34.8934056
10614,2019-11-24 20:20:00,COM VÍTIMA,ÁGUA FRIA,AV BEBERIBE,2446,405.0,SUBURBIO,ABALROAMENTO TRANSVERSAL,1.0,1.0,1.0,1.0,1.0,1.0,1.0,1.0,1.0,1.0,1.0,Longo da via,Bom,Não existe,Perfeito estado,Seca,Perfeito estado,Não há placas,40 km/h,Dupla,"2446, AV BEBERIBE, Recife, Pernambuco, Brasil",-8.0223817,-34.8940353
2980,2019-04-04 19:41:00,COM VÍTIMA,ÁGUA FRIA,AV BEBERIBE, ,405.0,CIDADE,COLISÃO COM CICLISTA,1.0,1.0,1.0,1.0,1.0,1.0,1.0,1.0,1.0,1.0,1.0,Cruzamento,Bom,Sem defeito,Perfeito estado,Seca,Perfeito estado,Não há placas,40 km/h,Dupla," , AV BEBERIBE, Recife, Pernambuco, Brasil",-8.013146,-34.8893491
11883,2019-12-24 14:56:00,SEM VÍTIMA,ÁGUA FRIA,AV BEBERIBE, ,405.0,CIDADE,COLISÃO,1.0,1.0,1.0,1.0,1.0,1.0,1.0,1.0,1.0,0.0,1.0,Cruzamento,Bom,Sem defeito,Perfeito estado,Seca,Perfeito estado,Não há placas,40 km/h,Dupla," , AV BEBERIBE, Recife, Pernambuco, Brasil",-8.013146,-34.8893491
11885,2019-12-24 15:28:00,SEM VÍTIMA,ÁGUA FRIA,AV BEBERIBE, ,405.0,CIDADE,COLISÃO,1.0,1.0,1.0,1.0,1.0,1.0,1.0,1.0,1.0,0.0,1.0,Cruzamento,Bom,Sem defeito,Perfeito estado,Seca,Perfeito estado,Não há placas,40 km/h,Dupla," , AV BEBERIBE, Recife, Pernambuco, Brasil",-8.013146,-34.8893491
5035,2019-06-08 14:53:00,SEM VÍTIMA,ÁGUA FRIA,AV BEBERIBE,2064,405.0,CIDADE,ABALROAMENTO LONGITUDINAL,1.0,1.0,1.0,1.0,1.0,1.0,1.0,1.0,1.0,0.0,1.0,Longo da via,Bom,Não existe,Perfeito estado,Seca,Perfeito estado,Outras,40 km/h,Dupla,"2064, AV BEBERIBE, Recife, Pernambuco, Brasil",-8.0223817,-34.8940353
3921,2019-05-03 12:48:00,COM VÍTIMA,ÁGUA FRIA,EST VELHA DE AGUA FRIA, ,405.0,CIDADE,COLISÃO,1.0,1.0,1.0,1.0,1.0,1.0,1.0,1.0,1.0,1.0,1.0,Longo da via,Bom,Não existe,Perfeito estado,Seca,Perfeito estado,Outras,40 km/h,Dupla," , EST VELHA DE AGUA FRIA, Recife, Pernambuco, Brasil",-8.0223817,-34.8940353
10613,2019-11-24 19:26:00,COM VÍTIMA,ÁGUA FRIA,EST VELHA DE AGUA FRIA,739,405.0,SUBURBIO,ATROPELAMENTO,1.0,1.0,1.0,1.0,1.0,1.0,1.0,1.0,1.0,1.0,1.0,Longo da via,Bom,Não existe,Perfeito estado,Seca,Perfeito estado,R-6a,40 km/h,Dupla,"739, EST VELHA DE AGUA FRIA, Recife, Pernambuco, Brasil",-8.0223817,-34.8940353
4886,2019-06-04 17:39:00,COM VÍTIMA,ÁGUA FRIA,RUA SAO SEBASTIAO,270,405.0,SUBURBIO,ABALROAMENTO LONGITUDINAL,1.0,1.0,1.0,1.0,1.0,1.0,1.0,1.0,1.0,1.0,1.0,Longo da via,Bom,Não existe,Perfeito estado,Seca,Perfeito estado,Não há placas,40 km/h,Dupla,"270, RUA SAO SEBASTIAO, Recife, Pernambuco, Brasil",-7.9900324,-34.9073811
4607,2019-05-26 23:24:00,SEM VÍTIMA,ÁGUA FRIA,RUA DR EUDES COSTA, ,405.0,CIDADE,ABALROAMENTO TRANSVERSAL,2.0,1.0,1.0,1.0,1.0,1.0,1.0,1.0,1.0,0.0,1.0,Cruzamento,Bom,Não existe,Incompleta,Seca,Perfeito estado,Outras,40 km/h,Dupla," , RUA DR EUDES COSTA, Recife, Pernambuco, Brasil",-7.9900324,-34.9073811
6733,2019-08-06 12:37:00,SEM VÍTIMA,ÁGUA FRIA,EST VELHA DE AGUA FRIA,1253,405.0,CIDADE,COLISÃO,1.0,1.0,1.0,1.0,1.0,1.0,1.0,1.0,1.0,0.0,1.0,Cruzamento,Bom,Não existe,Incompleta,Seca,Perfeito estado,Outras,40 km/h,Dupla,"1253, EST VELHA DE AGUA FRIA, Recife, Pernambuco, Brasil",-7.9900324,-34.9073811
9539,2019-10-28 08:40:00,SEM VÍTIMA,ÁGUA FRIA,RUA DR EUDES COSTA,21,405.0,CIDADE,ABALROAMENTO LONGITUDINAL,2.0,1.0,1.0,1.0,1.0,1.0,1.0,1.0,1.0,0.0,1.0,Longo da via,Bom,Não existe,Perfeito estado,Seca,Perfeito estado,Outras,40 km/h,Dupla,"21, RUA DR EUDES COSTA, Recife, Pernambuco, Brasil",-7.9900324,-34.9073811
3823,2019-04-30 13:20:00,SEM VÍTIMA,ÁGUA FRIA,EST VELHA DE AGUA FRIA, ,405.0,SUBURBIO,ABALROAMENTO LONGITUDINAL,1.0,1.0,1.0,1.0,1.0,1.0,1.0,1.0,1.0,0.0,1.0,Longo da via,Bom,Não existe,Perfeito estado,Seca,Perfeito estado,Outras,40 km/h,Dupla," , EST VELHA DE AGUA FRIA, Recife, Pernambuco, Brasil",-7.9900324,-34.9073811
5890,2019-07-08 08:12:00,COM VÍTIMA,ÁGUA FRIA,RUA DA REGENERACAO,345,405.0,SUBURBIO,COLISÃO FRONTAL,1.0,1.0,1.0,1.0,1.0,1.0,1.0,1.0,1.0,2.0,1.0,Longo da via,Bom,Não existe,Perfeito estado,Seca,Perfeito estado,Outras,40 km/h,Dupla,"345, RUA DA REGENERACAO, Recife, Pernambuco, Brasil",-8.1601954,-34.9289462
5000,2019-06-07 14:02:00,SEM VÍTIMA,ÁGUA FRIA,AV BEBERIBE,1745,405.0,CIDADE,ABALROAMENTO LONGITUDINAL,1.0,1.0,1.0,1.0,1.0,1.0,1.0,1.0,1.0,0.0,1.0,Longo da via,Bom,Não existe,Perfeito estado,Seca,Perfeito estado,Não há placas,40 km/h,Dupla,"1745, AV BEBERIBE, Recife, Pernambuco, Brasil",-8.0218872,-34.8943016
9146,2019-10-16 07:20:00,SEM VÍTIMA,ÁGUA FRIA,AV BEBERIBE,2228,187.0,CIDADE,ABALROAMENTO LONGITUDINAL,1.0,1.0,1.0,1.0,1.0,1.0,1.0,1.0,1.0,0.0,1.0,Longo da via,Bom,Sem defeito,Perfeito estado,Seca,Perfeito estado,Não há placas,40 km/h,Dupla,"2228, AV BEBERIBE, Recife, Pernambuco, Brasil",-8.0223817,-34.8940353
9438,2019-10-24 11:06:00,SEM VÍTIMA,ÁGUA FRIA,RUA DR EUDES COSTA,75,187.0,CIDADE,COLISÃO,1.0,1.0,1.0,1.0,1.0,1.0,1.0,1.0,1.0,0.0,1.0,Longo da via,Bom,Sem defeito,Perfeito estado,Seca,Perfeito estado,Não há placas,40 km/h,Dupla,"75, RUA DR EUDES COSTA, Recife, Pernambuco, Brasil",-8.0223817,-34.8940353
3841,2019-05-01 08:06:00,SEM VÍTIMA,ÁGUA FRIA,AV PROFESSOR JOSE DOS ANJOS, ,187.0,SUBURBIO,ABALROAMENTO LONGITUDINAL,1.0,1.0,1.0,1.0,1.0,1.0,1.0,1.0,1.0,0.0,1.0,Longo da via,Bom,Não existe,Perfeito estado,Seca,Perfeito estado,Não há placas,60 km/h,Única," , AV PROFESSOR JOSE DOS ANJOS, Recife, Pernambuco, Brasil",-8.0274596,-34.8891438
5383,2019-06-19 21:31:00,SEM VÍTIMA,ÁGUA FRIA,RUA JULIO RAMOS, ,405.0,SUBURBIO,ABALROAMENTO LONGITUDINAL,1.0,1.0,1.0,1.0,1.0,1.0,1.0,1.0,1.0,0.0,1.0,Longo da via,Chuvoso,Sem defeito,Perfeito estado,Molhada,Perfeito estado,R-6a,60 km/h,Única," , RUA JULIO RAMOS, Recife, Pernambuco, Brasil",-8.0212554,-34.8932324
8643,2019-10-03 08:17:00,SEM VÍTIMA,ÁGUA FRIA,EST VELHA DE AGUA FRIA, ,405.0,CIDADE,ABALROAMENTO LONGITUDINAL,1.0,1.0,1.0,1.0,1.0,1.0,1.0,1.0,1.0,0.0,1.0,Longo da via,Bom,Não existe,Não existente,Seca,Perfeito estado,Não há placas,60 km/h,Dupla," , EST VELHA DE AGUA FRIA, Recife, Pernambuco, Brasil",-8.0212554,-34.8932324
6814,2019-08-08 18:12:00,SEM VÍTIMA,ÁGUA FRIA,RUA JULIO RAMOS, ,405.0,SUBURBIO,ABALROAMENTO LONGITUDINAL,1.0,1.0,1.0,1.0,1.0,1.0,1.0,1.0,1.0,0.0,1.0,Longo da via,Bom,Sem defeito,Perfeito estado,Seca,Perfeito estado,Outras,60 km/h,Dupla," , RUA JULIO RAMOS, Recife, Pernambuco, Brasil",-8.0212554,-34.8932324
1120,2019-02-10 10:51:00,COM VÍTIMA,ÁGUA FRIA,AV BEBERIBE,2171,405.0,SUBURBIO,COLISÃO,1.0,1.0,1.0,1.0,1.0,1.0,1.0,1.0,1.0,1.0,1.0,Longo da via,Bom,Sem defeito,Perfeito estado,Seca,Perfeito estado,Outras,60 km/h,Dupla,"2171, AV BEBERIBE, Recife, Pernambuco, Brasil",-8.0223817,-34.8940353
4946,2019-06-06 09:16:00,COM VÍTIMA,ÁGUA FRIA,AV BEBERIBE,1692,405.0,CIDADE,ABALROAMENTO LONGITUDINAL,1.0,1.0,1.0,1.0,1.0,1.0,1.0,1.0,1.0,1.0,1.0,Longo da via,Bom,Não existe,Perfeito estado,Seca,Perfeito estado,R-6a,60 km/h,Dupla,"1692, AV BEBERIBE, Recife, Pernambuco, Brasil",-8.0223817,-34.8940353
9137,2019-10-15 18:58:00,SEM VÍTIMA,ÁGUA FRIA,RUA ZEFERINO AGRA,26,405.0,SUBURBIO,ABALROAMENTO LONGITUDINAL,1.0,1.0,1.0,1.0,1.0,1.0,1.0,1.0,1.0,0.0,1.0,Longo da via,Bom,Não existe,Não existente,Seca,Perfeito estado,Não há placas,60 km/h,Dupla,"26, RUA ZEFERINO AGRA, Recife, Pernambuco, Brasil",-8.0238268,-34.886089
3520,2019-04-22 08:05:00,SEM VÍTIMA,ÁGUA FRIA,EST VELHA DE AGUA FRIA, ,405.0,CIDADE,ABALROAMENTO LONGITUDINAL,1.0,1.0,1.0,1.0,1.0,1.0,1.0,1.0,1.0,0.0,1.0,Longo da via,Bom,Não existe,Perfeito estado,Seca,Perfeito estado,Não há placas,60 km/h,Única," , EST VELHA DE AGUA FRIA, Recife, Pernambuco, Brasil",-8.0238268,-34.886089
7741,2019-09-06 21:12:00,SEM VÍTIMA,ÁGUA FRIA,AV BEBERIBE, ,405.0,CIDADE,CHOQUE OBJETO FIXO,1.0,1.0,1.0,1.0,1.0,1.0,1.0,1.0,1.0,0.0,1.0,Longo da via,Bom,Não existe,Perfeito estado,Seca,Perfeito estado,Não há placas,60 km/h,Única," , AV BEBERIBE, Recife, Pernambuco, Brasil",-8.013146,-34.8893491
11808,2019-12-22 18:16:00,SEM VÍTIMA,ÁGUA FRIA,RUA LADEIRA DE PEDRA,185,405.0,SUBURBIO,ABALROAMENTO LONGITUDINAL,2.0,1.0,1.0,1.0,1.0,1.0,1.0,1.0,1.0,0.0,1.0,Longo da via,Bom,Não existe,Não existente,Seca,Perfeito estado,Não há placas,60 km/h,Única,"185, RUA LADEIRA DE PEDRA, Recife, Pernambuco, Brasil",-8.019386,-34.8955807
664,2019-01-26 07:08:00,SEM VÍTIMA,ÁGUA FRIA,AV BEBERIBE,2018,405.0,SUBURBIO,COLISÃO,1.0,1.0,1.0,1.0,1.0,1.0,1.0,1.0,1.0,0.0,1.0,Longo da via,Bom,Não existe,Não existente,Seca,Perfeito estado,Não há placas,60 km/h,Única,"2018, AV BEBERIBE, Recife, Pernambuco, Brasil",-8.0223817,-34.8940353
4593,2019-05-26 05:49:00,SEM VÍTIMA,ÁGUA FRIA,RUA SAO SEBASTIAO, ,405.0,SUBURBIO,ABALROAMENTO TRANSVERSAL,2.0,1.0,1.0,1.0,1.0,1.0,1.0,1.0,1.0,0.0,1.0,Cruzamento,Bom,Não existe,Perfeito estado,Seca,Perfeito estado,Placas Pare,30 km/h,Dupla," , RUA SAO SEBASTIAO, Recife, Pernambuco, Brasil",-8.0202046,-34.8965706
1567,2019-02-22 16:19:00,SEM VÍTIMA,ÁGUA FRIA,RUA SAO SEBASTIAO,526,405.0,SUBURBIO,COLISÃO,2.0,1.0,1.0,1.0,1.0,1.0,1.0,1.0,1.0,0.0,1.0,Cruzamento,Bom,Não existe,Perfeito estado,Seca,Perfeito estado,Placas Pare,30 km/h,Dupla,"526, RUA SAO SEBASTIAO, Recife, Pernambuco, Brasil",-7.9900324,-34.9073811
3092,2019-04-08 13:55:00,SEM VÍTIMA,ÁGUA FRIA,EST VELHA DE AGUA FRIA, ,405.0,SUBURBIO,ABALROAMENTO LONGITUDINAL,2.0,1.0,1.0,1.0,1.0,1.0,1.0,1.0,1.0,0.0,1.0,Longo da via,Bom,Não existe,Perfeito estado,Seca,Perfeito estado,Placas Dê a preferência,30 km/h,Dupla," , EST VELHA DE AGUA FRIA, Recife, Pernambuco, Brasil",-7.9900324,-34.9073811
10303,2019-11-15 21:42:00,SEM VÍTIMA,ÁGUA FRIA,AV BEBERIBE, ,405.0,SUBURBIO,ABALROAMENTO LONGITUDINAL,2.0,1.0,1.0,1.0,1.0,1.0,1.0,1.0,1.0,0.0,1.0,Longo da via,Bom,Não existe,Perfeito estado,Seca,Perfeito estado,R-6a,50 km/h,Dupla," , AV BEBERIBE, Recife, Pernambuco, Brasil",-8.013146,-34.8893491
9741,2019-11-01 16:08:00,SEM VÍTIMA,ÁGUA FRIA,AV BEBERIBE,1478,405.0,SUBURBIO,COLISÃO,1.0,1.0,1.0,1.0,1.0,1.0,1.0,1.0,1.0,0.0,1.0,Longo da via,Bom,Não existe,Perfeito estado,Seca,Perfeito estado,R-6a,50 km/h,Dupla,"1478, AV BEBERIBE, Recife, Pernambuco, Brasil",-8.0223817,-34.8940353
6182,2019-07-18 09:43:00,COM VÍTIMA,ÁGUA FRIA,AV BEBERIBE, ,64.0,CIDADE,ABALROAMENTO TRANSVERSAL,1.0,1.0,1.0,1.0,1.0,1.0,1.0,1.0,1.0,2.0,1.0,Cruzamento,Bom,Sem defeito,Perfeito estado,Seca,Perfeito estado,R-6a,50 km/h,Dupla," , AV BEBERIBE, Recife, Pernambuco, Brasil",-8.013146,-34.8893491
3103,2019-04-08 18:53:00,SEM VÍTIMA,ÁGUA FRIA,AV BEBERIBE,2054,64.0,CIDADE,ABALROAMENTO LONGITUDINAL,1.0,1.0,1.0,1.0,1.0,1.0,1.0,1.0,1.0,0.0,1.0,Longo da via,Bom,Sem defeito,Perfeito estado,Seca,Perfeito estado,Não há placas,40 km/h,Dupla,"2054, AV BEBERIBE, Recife, Pernambuco, Brasil",-8.0223817,-34.8940353
10490,2019-11-21 10:29:00,SEM VÍTIMA,ÁGUA FRIA,RUA ALEGRE, ,64.0,CIDADE,ABALROAMENTO TRANSVERSAL,1.0,2.0,1.0,1.0,1.0,1.0,1.0,1.0,1.0,0.0,1.0,Longo da via,Bom,Não existe,Incompleta,Seca,Perfeito estado,Outras,30 km/h,Única," , RUA ALEGRE, Recife, Pernambuco, Brasil",-8.0192616,-34.8924734
2439,2019-03-20 13:43:00,SEM VÍTIMA,ÁGUA FRIA,AV BEBERIBE, ,64.0,SUBURBIO,COLISÃO TRASEIRA,2.0,2.0,1.0,1.0,1.0,1.0,1.0,1.0,1.0,0.0,1.0,Longo da via,Bom,Não existe,Perfeito estado,Seca,Perfeito estado,Outras,50 km/h,Dupla," , AV BEBERIBE, Recife, Pernambuco, Brasil",-8.013146,-34.8893491
5092,2019-06-11 08:15:00,COM VÍTIMA,ÁGUA FRIA,AV BEBERIBE, ,64.0,CIDADE,ABALROAMENTO LONGITUDINAL,1.0,1.0,1.0,1.0,1.0,1.0,1.0,1.0,1.0,1.0,1.0,Longo da via,Bom,Não existe,Perfeito estado,Seca,Perfeito estado,R-6a,50 km/h,Dupla," , AV BEBERIBE, Recife, Pernambuco, Brasil",-8.013146,-34.8893491
1012,2019-02-07 10:26:00,SEM VÍTIMA,ÁGUA FRIA,AV BEBERIBE, ,622.0,SUBURBIO,ABALROAMENTO LONGITUDINAL,1.0,1.0,1.0,1.0,1.0,1.0,1.0,1.0,1.0,0.0,1.0,Longo da via,Bom,Sem defeito,Perfeito estado,Seca,Perfeito estado,Outras,50 km/h,Única," , AV BEBERIBE, Recife, Pernambuco, Brasil",-8.013146,-34.8893491