,data_hora,natureza_acidente,bairro,endereco,numero,num_semaforo,sentido_via,tipo,auto,moto,ciclom,ciclista,pedestre,onibus,caminhao,viatura,outros,vitimas,vitimasfatais,acidente_verificado,tempo_clima,situacao_semaforo,sinalizacao,condicao_via,conservacao_via,situacao_placa,velocidade_max_via,mao_direcao,end,latitude,longitude
8045,2019-09-16 07:59:00,SEM VÍTIMA,ÁGUA FRIA,RUA PROFESSOR AUGUSTO LINS E SILVA,488,648.0,SUBURBIO,ABALROAMENTO TRANSVERSAL,2.0,1.0,1.0,1.0,1.0,1.0,1.0,1.0,1.0,0.0,1.0,Longo da via,Bom,Não existe,Perfeito estado,Seca,Perfeito estado,Não há placas,30 km/h,Dupla,"488, RUA PROFESSOR AUGUSTO LINS E SILVA, Recife, Pernambuco, Brasil",-8.1401626,-34.9061429
8067,2019-09-16 16:02:00,SEM VÍTIMA,ÁGUA FRIA,RUA JOSE HIPOLITO CARDOSO, ,648.0,CIDADE,ABALROAMENTO LONGITUDINAL,2.0,1.0,1.0,1.0,1.0,1.0,1.0,1.0,1.0,0.0,1.0,Cruzamento,Bom,Não existe,Não existente,Seca,Perfeito estado,Não há placas,30 km/h,Dupla," , RUA JOSE HIPOLITO CARDOSO, Recife, Pernambuco, Brasil",-8.1393128,-34.9084461
8107,2019-09-17 12:08:00,SEM VÍTIMA,ÁGUA FRIA,RUA MANUEL DE MEDEIROS, ,648.0,CIDADE,COLISÃO TRASEIRA,2.0,1.0,1.0,1.0,1.0,1.0,1.0,1.0,1.0,0.0,1.0,Longo da via,Bom,Não existe,Perfeito estado,Seca,Perfeito estado,Não há placas,30 km/h,Dupla," , RUA MANUEL DE MEDEIROS, Recife, Pernambuco, Brasil",-8.0159786,-34.9441539
8211,2019-09-20 11:36:00,SEM VÍTIMA,ÁGUA FRIA,RUA SIQUEIRA CAMPOS,240,648.0,SUBURBIO,ABALROAMENTO LONGITUDINAL,1.0,1.0,1.0,1.0,1.0,1.0,1.0,1.0,1.0,0.0,1.0,Longo da via,Bom,Sem defeito,Perfeito estado,Seca,Perfeito estado,Não há placas,30 km/h,Única,"240, RUA SIQUEIRA CAMPOS, Recife, Pernambuco, Brasil",-8.06249985,-34.87856759653924
8525,2019-09-30 07:27:00,SEM VÍTIMA,ÁGUA FRIA,RUA JOAO FERNANDES VIEIRA, ,648.0,CIDADE,ABALROAMENTO LONGITUDINAL,2.0,1.0,1.0,1.0,1.0,1.0,1.0,1.0,1.0,0.0,1.0,Longo da via,Bom,Não existe,Perfeito estado,Seca,Perfeito estado,Não há placas,30 km/h,Única," , RUA JOAO FERNANDES VIEIRA, Recife, Pernambuco, Brasil",-8.0520569,-34.8946539
8553,2019-09-30 18:27:00,SEM VÍTIMA,ÁGUA FRIA,RUA SA E SOUZA,1122,648.0,SUBURBIO,ABALROAMENTO LONGITUDINAL,1.0,1.0,1.0,1.0,1.0,1.0,1.0,1.0,1.0,0.0,1.0,Longo da via,Bom,Não existe,Perfeito estado,Seca,Perfeito estado,Não há placas,30 km/h,Dupla,"1122, RUA SA E SOUZA, Recife, Pernambuco, Brasil",-8.1414443,-34.908447
8730,2019-10-04 19:17:00,SEM VÍTIMA,ÁGUA FRIA,RUA BENFICA, ,648.0,CIDADE,ABALROAMENTO LONGITUDINAL,2.0,1.0,1.0,1.0,1.0,1.0,1.0,1.0,1.0,0.0,1.0,Longo da via,Bom,Não existe,Perfeito estado,Seca,Perfeito estado,Não há placas,40 km/h,Única," , RUA BENFICA, Recife, Pernambuco, Brasil",-8.0576866,-34.9086687
8866,2019-10-08 18:50:00,SEM VÍTIMA,ÁGUA FRIA,RUA BENFICA, ,648.0,SUBURBIO,ABALROAMENTO LONGITUDINAL,1.0,1.0,1.0,1.0,1.0,1.0,1.0,1.0,1.0,0.0,1.0,Longo da via,Bom,Não existe,Perfeito estado,Seca,Perfeito estado,Outras,40 km/h,Única," , RUA BENFICA, Recife, Pernambuco, Brasil",-8.0576866,-34.9086687
8888,2019-10-09 08:37:00,SEM VÍTIMA,ÁGUA FRIA,AV MARECHAL MASCARENHAS DE MORAES, ,386.0,CIDADE,COLISÃO TRASEIRA,2.0,1.0,1.0,1.0,1.0,1.0,1.0,1.0,1.0,0.0,1.0,Longo da via,Bom,Sem defeito,Perfeito estado,Seca,Perfeito estado,R-6a,40 km/h,Dupla," , AV MARECHAL MASCARENHAS DE MORAES, Recife, Pernambuco, Brasil",-8.0856899,-34.9073777
8890,2019-10-09 08:58:00,SEM VÍTIMA,ÁGUA FRIA,RUA BENFICA, ,51.0,SUBURBIO,ABALROAMENTO LONGITUDINAL,1.0,1.0,1.0,1.0,1.0,1.0,1.0,1.0,1.0,0.0,1.0,Cruzamento,Bom,Com defeito,Perfeito estado,Seca,Perfeito estado,R-6a,40 km/h,Dupla," , RUA BENFICA, Recife, Pernambuco, Brasil",-8.0576866,-34.9086687
8943,2019-10-10 14:49:00,SEM VÍTIMA,ÁGUA FRIA,EST VELHA DE AGUA FRIA,1293,51.0,SUBURBIO,ABALROAMENTO LONGITUDINAL,1.0,1.0,1.0,1.0,1.0,1.0,1.0,1.0,1.0,0.0,1.0,Longo da via,Nublado,Não existe,Perfeito estado,Seca,Perfeito estado,Outras,40 km/h,Dupla,"1293, EST VELHA DE AGUA FRIA, Recife, Pernambuco, Brasil",-8.0576866,-34.9086687
9004,2019-10-12 01:22:00,SEM VÍTIMA,ÁGUA FRIA,AV GOVERNADOR AGAMENON MAGALHAES, ,173.0,SUBURBIO,ABALROAMENTO LONGITUDINAL,2.0,1.0,1.0,1.0,1.0,1.0,1.0,1.0,1.0,0.0,1.0,Longo da via,Bom,Sem defeito,Perfeito estado,Seca,Perfeito estado,Outras,40 km/h,Dupla," , AV GOVERNADOR AGAMENON MAGALHAES, Recife, Pernambuco, Brasil",-8.0615339,-34.8974443
9020,2019-10-12 17:57:00,SEM VÍTIMA,ÁGUA FRIA,AV CAXANGA, ,173.0,SUBURBIO,COLISÃO FRONTAL,2.0,1.0,1.0,1.0,1.0,1.0,1.0,1.0,1.0,0.0,1.0,Longo da via,Nublado,Não existe,Perfeito estado,Seca,Perfeito estado,Outras,60 km/h,Dupla," , AV CAXANGA, Recife, Pernambuco, Brasil",-8.0311907,-34.956089
9041,2019-10-13 19:25:00,SEM VÍTIMA,ÁGUA FRIA,RUA SA E SOUZA, ,173.0,SUBURBIO,ABALROAMENTO TRANSVERSAL,2.0,1.0,1.0,1.0,1.0,1.0,1.0,1.0,1.0,0.0,1.0,Cruzamento,Chuvoso,Não existe,Perfeito estado,Molhada,Perfeito estado,Não há placas,60 km/h,Dupla," , RUA SA E SOUZA, Recife, Pernambuco, Brasil",-8.134056,-34.9063787
9066,2019-10-14 10:55:00,SEM VÍTIMA,ÁGUA FRIA,PTE RAIMUNDO FARIAS, ,37.0,SUBURBIO,ABALROAMENTO LONGITUDINAL,1.0,1.0,1.0,1.0,1.0,1.0,1.0,1.0,1.0,0.0,1.0,Cruzamento,Bom,Sem defeito,Perfeito estado,Seca,Perfeito estado,Não há placas,60 km/h,Dupla," , PTE RAIMUNDO FARIAS, Recife, Pernambuco, Brasil",-8.134056,-34.9063787
9096,2019-10-14 20:51:00,SEM VÍTIMA,ÁGUA FRIA,AV SUL,545,37.0,CIDADE,ABALROAMENTO LONGITUDINAL,2.0,1.0,1.0,1.0,1.0,1.0,1.0,1.0,1.0,0.0,1.0,Longo da via,Chuvoso,Sem defeito,Perfeito estado,Molhada,Perfeito estado,Outras,60 km/h,Dupla,"545, AV SUL, Recife, Pernambuco, Brasil",-8.081145,-34.905034
9175,2019-10-16 14:34:00,SEM VÍTIMA,ÁGUA FRIA,RUA GENERAL SALGADO,380,37.0,CIDADE,ABALROAMENTO TRANSVERSAL,2.0,1.0,1.0,1.0,1.0,1.0,1.0,1.0,1.0,0.0,1.0,Cruzamento,Bom,Não existe,Perfeito estado,Seca,Perfeito estado,Placas Pare,40 km/h,Única,"380, RUA GENERAL SALGADO, Recife, Pernambuco, Brasil",-8.1399129,-34.9116795
9183,2019-10-16 20:54:00,SEM VÍTIMA,ÁGUA FRIA,RUA PROFESSOR MARIO CASTRO,222,37.0,SUBURBIO,CHOQUE VEÍCULO PARADO,2.0,1.0,1.0,1.0,1.0,1.0,1.0,1.0,1.0,0.0,1.0,Longo da via,Bom,Não existe,Ilegível,Seca,Mal conservada,R-6a,40 km/h,Dupla,"222, RUA PROFESSOR MARIO CASTRO, Recife, Pernambuco, Brasil",-8.1360642,-34.9042409
9185,2019-10-16 21:31:00,SEM VÍTIMA,ÁGUA FRIA,RUA COPACABANA, ,37.0,SUBURBIO,CHOQUE VEÍCULO PARADO,2.0,1.0,1.0,1.0,1.0,1.0,1.0,1.0,1.0,0.0,1.0,Longo da via,Bom,Não existe,Perfeito estado,Seca,Perfeito estado,Não há placas,40 km/h,Dupla," , RUA COPACABANA, Recife, Pernambuco, Brasil",-8.1364038,-34.9129984
9202,2019-10-17 15:12:00,SEM VÍTIMA,ÁGUA FRIA,RUA COPACABANA, ,19.0,SUBURBIO,ABALROAMENTO TRANSVERSAL,2.0,1.0,1.0,1.0,1.0,1.0,1.0,1.0,1.0,0.0,1.0,Ponte,Bom,Sem defeito,Perfeito estado,Seca,Perfeito estado,Não há placas,40 km/h,Única," , nan, Recife, Pernambuco, Brasil",-8.0584933,-34.8848193
9370,2019-10-22 14:19:00,SEM VÍTIMA,ÁGUA FRIA,RUA DIVISOPOLIS,1051,19.0,SUBURBIO,ABALROAMENTO LONGITUDINAL,1.0,1.0,1.0,1.0,1.0,1.0,1.0,1.0,1.0,0.0,1.0,Ponte,Bom,Não existe,Perfeito estado,Seca,Perfeito estado,Outras,40 km/h,Dupla,"1051, RUA DIVISOPOLIS, Recife, Pernambuco, Brasil",-7.9989151,-34.9139459
9440,2019-10-24 12:07:00,SEM VÍTIMA,ÁGUA FRIA,AV GOVERNADOR AGAMENON MAGALHAES,1114,19.0,SUBURBIO,COLISÃO TRASEIRA,2.0,1.0,1.0,1.0,1.0,1.0,1.0,1.0,1.0,0.0,1.0,Longo da via,Bom,Não existe,Perfeito estado,Seca,Perfeito estado,Não há placas,60 km/h,Dupla,"1114, AV GOVERNADOR AGAMENON MAGALHAES, Recife, Pernambuco, Brasil",-8.0603778,-34.8980782
9500,2019-10-26 12:14:00,SEM VÍTIMA,ÁGUA FRIA,RUA BALTAZAR PASSOS, ,19.0,SUBURBIO,ABALROAMENTO TRANSVERSAL,2.0,1.0,1.0,1.0,1.0,1.0,1.0,1.0,1.0,0.0,1.0,Cruzamento,Bom,Não existe,Perfeito estado,Seca,Perfeito estado,Placas Pare,60 km/h,Única," , RUA BALTAZAR PASSOS, Recife, Pernambuco, Brasil",-8.1417639,-34.9120463
9581,2019-10-29 09:30:00,SEM VÍTIMA,ÁGUA FRIA,PTE ESTACIO COIMBRA, ,19.0,CIDADE,COLISÃO TRASEIRA,3.0,1.0,1.0,1.0,1.0,1.0,1.0,1.0,1.0,0.0,1.0,Ponte,Bom,Não existe,Perfeito estado,Seca,Perfeito estado,Não há placas,60 km/h,Dupla," , PTE ESTACIO COIMBRA, Recife, Pernambuco, Brasil",-8.1417639,-34.9120463
9705,2019-10-31 18:46:00,SEM VÍTIMA,ÁGUA FRIA,RUA BENFICA, ,51.0,CIDADE,ABALROAMENTO TRANSVERSAL,2.0,1.0,1.0,1.0,1.0,1.0,1.0,1.0,1.0,0.0,1.0,Cruzamento,Bom,Sem defeito,Incompleta,Seca,Perfeito estado,R-4a,60 km/h,Dupla," , RUA BENFICA, Recife, Pernambuco, Brasil",-8.0576866,-34.9086687
9782,2019-11-03 08:11:00,SEM VÍTIMA,ÁGUA FRIA,AV RUI BARBOSA, ,37.0,CIDADE,ABALROAMENTO LONGITUDINAL,2.0,1.0,1.0,1.0,1.0,1.0,1.0,1.0,1.0,0.0,1.0,Cruzamento,Bom,Sem defeito,Perfeito estado,Seca,Perfeito estado,Outras,60 km/h,Única," , AV RUI BARBOSA, Recife, Pernambuco, Brasil",-8.0460464,-34.9018773
9809,2019-11-04 08:27:00,SEM VÍTIMA,ÁGUA FRIA,AV RUI BARBOSA, ,173.0,SUBURBIO,COLISÃO TRASEIRA,2.0,1.0,1.0,1.0,1.0,1.0,1.0,1.0,1.0,0.0,1.0,Ponte,Bom,Sem defeito,Perfeito estado,Seca,Perfeito estado,Outras,60 km/h,Dupla," , nan, Recife, Pernambuco, Brasil",-8.0584933,-34.8848193
9916,2019-11-06 17:26:00,SEM VÍTIMA,ÁGUA FRIA,RUA SA E SOUZA,624,173.0,CIDADE,ABALROAMENTO TRANSVERSAL,1.0,1.0,1.0,1.0,1.0,1.0,1.0,1.0,1.0,0.0,1.0,Ponte,Bom,Não existe,Perfeito estado,Seca,Perfeito estado,Placas Pare,30 km/h,Dupla,"624, RUA SA E SOUZA, Recife, Pernambuco, Brasil",-8.1376767,-34.9068558
9931,2019-11-07 07:54:00,SEM VÍTIMA,ÁGUA FRIA,RUA ALTINHO, ,173.0,CIDADE,ABALROAMENTO LONGITUDINAL,2.0,1.0,1.0,1.0,1.0,1.0,1.0,1.0,1.0,0.0,1.0,Longo da via,Bom,Não existe,Perfeito estado,Seca,Perfeito estado,R-6a,30 km/h,Única," , RUA ALTINHO, Recife, Pernambuco, Brasil",-8.0557513,-34.9057193
9964,2019-11-07 18:40:00,SEM VÍTIMA,ÁGUA FRIA,RUA VALE DO SIRIJI,45,173.0,CIDADE,COLISÃO TRASEIRA,2.0,1.0,1.0,1.0,1.0,1.0,1.0,1.0,1.0,0.0,1.0,Longo da via,Bom,Não existe,Perfeito estado,Seca,Perfeito estado,Não há placas,40 km/h,Dupla,"45, RUA VALE DO SIRIJI, Recife, Pernambuco, Brasil",-8.0363493,-34.9767237
9972,2019-11-08 00:24:00,SEM VÍTIMA,ÁGUA FRIA,RUA JOAO CARDOSO AIRES, ,478.0,SUBURBIO,COLISÃO TRASEIRA,2.0,1.0,1.0,1.0,1.0,1.0,1.0,1.0,1.0,0.0,1.0,Cruzamento,Bom,Sem defeito,Perfeito estado,Seca,Perfeito estado,Outras,40 km/h,Dupla," , RUA JOAO CARDOSO AIRES, Recife, Pernambuco, Brasil",-8.1398987,-34.9138228
9977,2019-11-08 07:56:00,SEM VÍTIMA,ÁGUA FRIA,AV CRUZ CABUGA,68,478.0,CIDADE,ABALROAMENTO LONGITUDINAL,1.0,1.0,1.0,1.0,1.0,1.0,1.0,1.0,1.0,0.0,1.0,Longo da via,Bom,Sem defeito,Perfeito estado,Seca,Perfeito estado,Não há placas,40 km/h,Dupla,"68, AV CRUZ CABUGA, Recife, Pernambuco, Brasil",-8.043858,-34.8743486
10060,2019-11-09 20:56:00,SEM VÍTIMA,ÁGUA FRIA,RUA JOAO CARDOSO AIRES,501,478.0,CIDADE,ABALROAMENTO TRANSVERSAL,2.0,1.0,1.0,1.0,1.0,1.0,1.0,1.0,1.0,0.0,1.0,Cruzamento,Bom,Não existe,Perfeito estado,Seca,Perfeito estado,Placas Pare,40 km/h,Única,"501, RUA JOAO CARDOSO AIRES, Recife, Pernambuco, Brasil",-8.1421995,-34.9094188
10090,2019-11-11 08:02:00,SEM VÍTIMA,ÁGUA FRIA,AV PROFESSOR JOSE DOS ANJOS,506,478.0,SUBURBIO,COLISÃO FRONTAL,2.0,1.0,1.0,1.0,1.0,1.0,1.0,1.0,1.0,0.0,1.0,Longo da via,Bom,Não existe,Não existente,Seca,Perfeito estado,Não há placas,40 km/h,Dupla,"506, AV PROFESSOR JOSE DOS ANJOS, Recife, Pernambuco, Brasil",-8.0282609,-34.8950543
10108,2019-11-11 13:52:00,SEM VÍTIMA,ÁGUA FRIA,RUA COSMORAMA, ,478.0,SUBURBIO,ABALROAMENTO TRANSVERSAL,1.0,1.0,1.0,1.0,1.0,1.0,1.0,1.0,1.0,0.0,1.0,Cruzamento,Bom,Não existe,Perfeito estado,Seca,Perfeito estado,Não há placas,40 km/h,Dupla," , RUA COSMORAMA, Recife, Pernambuco, Brasil",-8.138079,-34.9099092
10313,2019-11-16 08:44:00,SEM VÍTIMA,ÁGUA FRIA,RUA DA AURORA,829,22.0,SUBURBIO,ABALROAMENTO LONGITUDINAL,1.0,1.0,1.0,1.0,1.0,1.0,1.0,1.0,1.0,0.0,1.0,Longo da via,Bom,Sem defeito,Perfeito estado,Seca,Perfeito estado,Não há placas,40 km/h,Única,"829, RUA DA AURORA, Recife, Pernambuco, Brasil",-8.056229,-34.8779712
10321,2019-11-16 17:28:00,SEM VÍTIMA,ÁGUA FRIA,RUA RIO BRIGIDA,166,22.0,CIDADE,CHOQUE VEÍCULO PARADO,1.0,1.0,1.0,1.0,1.0,1.0,1.0,1.0,1.0,0.0,1.0,Longo da via,Bom,Não existe,Perfeito estado,Seca,Perfeito estado,Não há placas,40 km/h,Dupla,"166, RUA RIO BRIGIDA, Recife, Pernambuco, Brasil",-8.1119884,-34.9405786
10364,2019-11-18 10:44:00,SEM VÍTIMA,ÁGUA FRIA,AV BOA VIAGEM,5152,22.0,CIDADE,ABALROAMENTO LONGITUDINAL,1.0,1.0,1.0,1.0,1.0,1.0,1.0,1.0,1.0,0.0,1.0,Longo da via,Bom,Não existe,Perfeito estado,Seca,Perfeito estado,Não há placas,60 km/h,Única,"5152, AV BOA VIAGEM, Recife, Pernambuco, Brasil",-8.1341906,-34.9011364
10394,2019-11-18 18:43:00,SEM VÍTIMA,ÁGUA FRIA,RUA JOAO CARDOSO AIRES, ,22.0,SUBURBIO,ABALROAMENTO TRANSVERSAL,1.0,1.0,1.0,1.0,1.0,1.0,1.0,1.0,1.0,0.0,1.0,Cruzamento,Bom,Não existe,Perfeito estado,Seca,Perfeito estado,Placas Pare,60 km/h,Dupla," , RUA JOAO CARDOSO AIRES, Recife, Pernambuco, Brasil",-8.1398987,-34.9138228
10430,2019-11-20 07:06:00,SEM VÍTIMA,ÁGUA FRIA,RUA BENFICA, ,515.0,SUBURBIO,ABALROAMENTO TRANSVERSAL,2.0,1.0,1.0,1.0,1.0,1.0,1.0,1.0,1.0,0.0,1.0,Cruzamento,Bom,Sem defeito,Perfeito estado,Seca,Perfeito estado,Outras,60 km/h,Única," , RUA BENFICA, Recife, Pernambuco, Brasil",-8.0576866,-34.9086687
10460,2019-11-20 15:39:00,SEM VÍTIMA,ÁGUA FRIA,RUA WALDEMAR NERY CARNEIRO MONTEIRO,415,515.0,SUBURBIO,ABALROAMENTO TRANSVERSAL,1.0,1.0,1.0,1.0,1.0,1.0,1.0,1.0,1.0,0.0,1.0,Cruzamento,Bom,Não existe,Perfeito estado,Seca,Perfeito estado,Placas Dê a preferência,60 km/h,Dupla,"415, RUA WALDEMAR NERY CARNEIRO MONTEIRO, Recife, Pernambuco, Brasil",-8.1356903,-34.9119572
10507,2019-11-21 18:12:00,SEM VÍTIMA,ÁGUA FRIA,RUA DOM BOSCO, ,174.0,SUBURBIO,ABALROAMENTO LONGITUDINAL,2.0,1.0,1.0,1.0,1.0,1.0,1.0,1.0,1.0,0.0,1.0,Cruzamento,Bom,Sem defeito,Perfeito estado,Seca,Perfeito estado,Não há placas,60 km/h,Única," , RUA DOM BOSCO, Recife, Pernambuco, Brasil",-8.0551501,-34.8956937
10562,2019-11-22 18:33:00,SEM VÍTIMA,ÁGUA FRIA,AV ARMINDO MOURA,3594,174.0,SUBURBIO,ABALROAMENTO LONGITUDINAL,1.0,1.0,1.0,1.0,1.0,1.0,1.0,1.0,1.0,0.0,1.0,Longo da via,Bom,Não existe,Incompleta,Seca,Perfeito estado,R-6a,60 km/h,Dupla,"3594, AV ARMINDO MOURA, Recife, Pernambuco, Brasil",-8.1500885,-34.9105132
10581,2019-11-23 11:28:00,SEM VÍTIMA,ÁGUA FRIA,AV LIBERDADE,772,174.0,SUBURBIO,COLISÃO TRASEIRA,3.0,1.0,1.0,1.0,1.0,1.0,1.0,1.0,1.0,0.0,1.0,Longo da via,Bom,Não existe,Perfeito estado,Seca,Perfeito estado,Não há placas,60 km/h,Dupla,"772, AV LIBERDADE, Recife, Pernambuco, Brasil",-8.0844518,-34.9558586
10605,2019-11-24 12:24:00,SEM VÍTIMA,ÁGUA FRIA,AV RECIFE, ,212.0,SUBURBIO,COLISÃO TRASEIRA,2.0,1.0,1.0,1.0,1.0,1.0,1.0,1.0,1.0,0.0,1.0,Longo da via,Bom,Sem defeito,Perfeito estado,Seca,Perfeito estado,Não há placas,60 km/h,Dupla," , AV RECIFE, Recife, Pernambuco, Brasil",-8.1160254,-34.923929
10649,2019-11-25 18:43:00,SEM VÍTIMA,ÁGUA FRIA,RUA VINTE E QUATRO DE MAIO, ,644.0,SUBURBIO,ABALROAMENTO LONGITUDINAL,1.0,1.0,1.0,1.0,1.0,1.0,1.0,1.0,1.0,0.0,1.0,Longo da via,Bom,Sem defeito,Perfeito estado,Seca,Perfeito estado,Outras,60 km/h,Única," , RUA VINTE E QUATRO DE MAIO, Recife, Pernambuco, Brasil",-8.0681616,-34.8809222
10717,2019-11-27 12:19:00,SEM VÍTIMA,ÁGUA FRIA,AV SUL, ,644.0,CIDADE,CHOQUE VEÍCULO PARADO,1.0,1.0,1.0,1.0,1.0,1.0,2.0,1.0,1.0,0.0,1.0,Longo da via,Bom,Não existe,Perfeito estado,Seca,Perfeito estado,Não há placas,60 km/h,Única," , AV SUL, Recife, Pernambuco, Brasil",-8.081145,-34.905034
10860,2019-12-01 03:56:00,SEM VÍTIMA,ÁGUA FRIA,RUA BENFICA, ,644.0,CIDADE,ABALROAMENTO LONGITUDINAL,2.0,1.0,1.0,1.0,1.0,1.0,2.0,1.0,1.0,0.0,1.0,Longo da via,Bom,Não existe,Perfeito estado,Seca,Perfeito estado,Não há placas,60 km/h,Dupla," , RUA BENFICA, Recife, Pernambuco, Brasil",-8.0576866,-34.9086687
10980,2019-12-03 16:25:00,SEM VÍTIMA,ÁGUA FRIA,RUA BALTAZAR PASSOS,680,154.0,CIDADE,COLISÃO TRASEIRA,2.0,1.0,1.0,1.0,1.0,1.0,2.0,1.0,1.0,0.0,1.0,Longo da via,Bom,Sem defeito,Perfeito estado,Seca,Perfeito estado,R-6a,60 km/h,Única,"680, RUA BALTAZAR PASSOS, Recife, Pernambuco, Brasil",-8.1440288,-34.9068444
11158,2019-12-06 19:35:00,SEM VÍTIMA,ÁGUA FRIA,RUA MAJOR ARMANDO DE SOUZA MELLO,207,154.0,CIDADE,ABALROAMENTO TRANSVERSAL,2.0,1.0,1.0,1.0,1.0,1.0,2.0,1.0,1.0,0.0,1.0,Longo da via,Bom,Não existe,Incompleta,Seca,Perfeito estado,Não há placas,60 km/h,Dupla,"207, RUA MAJOR ARMANDO DE SOUZA MELLO, Recife, Pernambuco, Brasil",-8.1414455,-34.907012
11182,2019-12-07 11:52:00,SEM VÍTIMA,ÁGUA FRIA,EST DOS REMEDIOS, ,51.0,CIDADE,COLISÃO TRASEIRA,2.0,1.0,1.0,1.0,1.0,1.0,2.0,1.0,1.0,0.0,1.0,Longo da via,Bom,Sem defeito,Perfeito estado,Seca,Perfeito estado,Não há placas,60 km/h,Única," , EST DOS REMEDIOS, Recife, Pernambuco, Brasil",-8.1414455,-34.907012
11284,2019-12-09 23:26:00,SEM VÍTIMA,ÁGUA FRIA,RUA DA CAROLINA,712 A,51.0,CIDADE,COLISÃO FRONTAL,2.0,1.0,1.0,1.0,1.0,1.0,2.0,1.0,1.0,0.0,1.0,Longo da via,Bom,Não existe,Não existente,Seca,Mal conservada,Não há placas,60 km/h,Dupla,"712 A, RUA DA CAROLINA, Recife, Pernambuco, Brasil",-7.9970259,-34.9029905
11501,2019-12-14 16:40:00,SEM VÍTIMA,ÁGUA FRIA,AV RECIFE,5436,51.0,SUBURBIO,COLISÃO TRASEIRA,2.0,1.0,1.0,1.0,1.0,1.0,2.0,1.0,1.0,0.0,1.0,Longo da via,Bom,Não existe,Perfeito estado,Seca,Perfeito estado,Não há placas,60 km/h,Dupla,"5436, AV RECIFE, Recife, Pernambuco, Brasil",-8.0846575,-34.9321359
11599,2019-12-17 11:50:00,SEM VÍTIMA,ÁGUA FRIA,AV PROFESSOR JOSE DOS ANJOS, ,51.0,CIDADE,COLISÃO TRASEIRA,2.0,1.0,1.0,1.0,1.0,1.0,2.0,1.0,1.0,0.0,1.0,Longo da via,Bom,Não existe,Perfeito estado,Seca,Perfeito estado,Outras,60 km/h,Dupla," , AV PROFESSOR JOSE DOS ANJOS, Recife, Pernambuco, Brasil",-8.0274596,-34.8891438
11641,2019-12-18 12:46:00,SEM VÍTIMA,ÁGUA FRIA,AV ENGENHEIRO ABDIAS DE CARVALHO,807,51.0,CIDADE,COLISÃO TRASEIRA,1.0,1.0,1.0,1.0,1.0,1.0,2.0,1.0,1.0,0.0,1.0,Longo da via,Bom,Sem defeito,Incompleta,Seca,Perfeito estado,R-6a,60 km/h,Dupla,"807, AV ENGENHEIRO ABDIAS DE CARVALHO, Recife, Pernambuco, Brasil",-8.0617202,-34.9304282
11797,2019-12-22 07:18:00,SEM VÍTIMA,ÁGUA FRIA,AV ARMINDO MOURA, ,258.0,SUBURBIO,ABALROAMENTO TRANSVERSAL,1.0,1.0,1.0,1.0,1.0,1.0,2.0,1.0,1.0,0.0,1.0,Cruzamento,Bom,Sem defeito,Perfeito estado,Seca,Perfeito estado,Não há placas,60 km/h,Única," , AV ARMINDO MOURA, Recife, Pernambuco, Brasil",-8.1505541,-34.9092858
11832,2019-12-23 11:31:00,SEM VÍTIMA,ÁGUA FRIA,AV CONSELHEIRO AGUIAR, ,146.0,CIDADE,COLISÃO TRASEIRA,2.0,1.0,1.0,1.0,1.0,1.0,2.0,1.0,1.0,0.0,1.0,Longo da via,Bom,Sem defeito,Perfeito estado,Seca,Perfeito estado,R-6a,60 km/h,Única," , AV CONSELHEIRO AGUIAR, Recife, Pernambuco, Brasil",-8.1017679,-34.8870824
11878,2019-12-24 13:45:00,SEM VÍTIMA,ÁGUA FRIA,RUA CARLOS MARIGHELLA,566,146.0,CIDADE,COLISÃO TRASEIRA,2.0,1.0,1.0,1.0,1.0,1.0,2.0,1.0,1.0,0.0,1.0,Longo da via,Bom,Não existe,Não existente,Seca,Perfeito estado,Não há placas,30 km/h,Dupla,"566, RUA CARLOS MARIGHELLA, Recife, Pernambuco, Brasil",-8.0075401,-34.9301679
11935,2019-12-26 15:21:00,SEM VÍTIMA,ÁGUA FRIA,AV CAXANGA, ,228.0,CIDADE,ABALROAMENTO LONGITUDINAL,1.0,1.0,1.0,1.0,1.0,1.0,1.0,1.0,1.0,0.0,1.0,Longo da via,Bom,Sem defeito,Perfeito estado,Seca,Perfeito estado,R-6a,60 km/h,Dupla," , AV CAXANGA, Recife, Pernambuco, Brasil",-8.0311907,-34.956089
11954,2019-12-27 08:19:00,SEM VÍTIMA,ÁGUA FRIA,RUA MANOEL BUFFONE PIRES,102,228.0,CIDADE,ABALROAMENTO LONGITUDINAL,2.0,1.0,1.0,1.0,1.0,1.0,1.0,1.0,1.0,0.0,1.0,Longo da via,Bom,Não existe,Não existente,Seca,Perfeito estado,Não há placas,60 km/h,Dupla,"102, RUA MANOEL BUFFONE PIRES, Recife, Pernambuco, Brasil",-8.1311159,-34.950916
12022,2019-12-29 15:04:00,SEM VÍTIMA,ÁGUA FRIA,RUA IMPERIAL,1198,228.0,SUBURBIO,ABALROAMENTO TRANSVERSAL,2.0,1.0,1.0,1.0,1.0,1.0,1.0,1.0,1.0,0.0,1.0,Cruzamento,Bom,Não existe,Perfeito estado,Seca,Perfeito estado,Placas Pare,60 km/h,Única,"1198, RUA IMPERIAL, Recife, Pernambuco, Brasil",-8.075087400000001,-34.89221694208263
12037,2019-12-30 10:56:00,SEM VÍTIMA,ÁGUA FRIA,RUA DEZ DE JULHO,520,228.0,SUBURBIO,ABALROAMENTO TRANSVERSAL,1.0,1.0,1.0,1.0,1.0,1.0,1.0,1.0,1.0,0.0,1.0,Cruzamento,Bom,Sem defeito,Perfeito estado,Seca,Perfeito estado,Não há placas,40 km/h,Única,"520, RUA DEZ DE JULHO, Recife, Pernambuco, Brasil",-8.1346851,-34.9132687